# converted from jet_google_dukcCKsLDrS.glb by gltf2obj.py (node transforms baked, V flipped)
mtllib jet_generic_google_poly.mtl
o Node
g Node
usemtl Cube
v 6.679 53.648 163.215
v 8.093 57.061 163.215
v 3.267 57.061 164.175
v 6.679 53.648 163.215
v 9.572 50.756 160.482
v 12.184 57.061 160.482
v 8.093 57.061 163.215
v 9.572 50.756 160.482
v 11.505 48.823 156.391
v 14.917 57.061 156.391
v 12.184 57.061 160.482
v 11.505 48.823 156.391
v 12.184 48.144 151.565
v 15.877 57.061 151.565
v 14.917 57.061 156.391
v 12.184 48.144 151.565
v 12.184 48.144 130.006
v 15.877 57.061 130.006
v 15.877 57.061 151.565
v 12.184 48.144 130.006
v 12.184 48.144 108.448
v 15.877 57.061 108.448
v 15.877 57.061 130.006
v 12.184 48.144 108.448
v 12.184 48.144 86.889
v 15.877 57.061 86.889
v 15.877 57.061 108.448
v 12.184 48.144 86.889
v 12.184 48.144 65.33
v 15.877 57.061 65.33
v 15.877 57.061 86.889
v 12.184 48.144 65.33
v 11.505 48.823 60.505
v 14.917 57.061 60.505
v 15.877 57.061 65.33
v 11.505 48.823 60.505
v 9.572 50.756 56.413
v 12.184 57.061 56.413
v 14.917 57.061 60.505
v 9.572 50.756 56.413
v 6.679 53.648 53.68
v 8.093 57.061 53.68
v 12.184 57.061 56.413
v 6.679 53.648 53.68
v 3.267 57.061 52.72
v 8.093 57.061 53.68
v 3.267 52.235 163.215
v 6.679 53.648 163.215
v 3.267 57.061 164.175
v 3.267 52.235 163.215
v 3.267 48.144 160.482
v 9.572 50.756 160.482
v 6.679 53.648 163.215
v 3.267 48.144 160.482
v 3.267 45.41 156.391
v 11.505 48.823 156.391
v 9.572 50.756 160.482
v 3.267 45.41 156.391
v 3.267 44.45 151.565
v 12.184 48.144 151.565
v 11.505 48.823 156.391
v 3.267 44.45 151.565
v 3.267 44.45 130.006
v 12.184 48.144 130.006
v 12.184 48.144 151.565
v 3.267 44.45 130.006
v 3.267 44.45 108.448
v 12.184 48.144 108.448
v 12.184 48.144 130.006
v 3.267 44.45 108.448
v 3.267 44.45 86.889
v 12.184 48.144 86.889
v 12.184 48.144 108.448
v 3.267 44.45 86.889
v 3.267 44.45 65.33
v 12.184 48.144 65.33
v 12.184 48.144 86.889
v 3.267 44.45 65.33
v 3.267 45.41 60.505
v 11.505 48.823 60.505
v 12.184 48.144 65.33
v 3.267 45.41 60.505
v 3.267 48.144 56.413
v 9.572 50.756 56.413
v 11.505 48.823 60.505
v 3.267 48.144 56.413
v 3.267 52.235 53.68
v 6.679 53.648 53.68
v 9.572 50.756 56.413
v 3.267 52.235 53.68
v 3.267 57.061 52.72
v 6.679 53.648 53.68
v -0.145 53.648 163.215
v 3.267 52.235 163.215
v 3.267 57.061 164.175
v -0.145 53.648 163.215
v -3.038 50.756 160.482
v 3.267 48.144 160.482
v 3.267 52.235 163.215
v -3.038 50.756 160.482
v -4.971 48.823 156.391
v 3.267 45.41 156.391
v 3.267 48.144 160.482
v -4.971 48.823 156.391
v -5.65 48.144 151.565
v 3.267 44.45 151.565
v 3.267 45.41 156.391
v -5.65 48.144 151.565
v -5.65 48.144 130.006
v 3.267 44.45 130.006
v 3.267 44.45 151.565
v -5.65 48.144 130.006
v -5.65 48.144 108.448
v 3.267 44.45 108.448
v 3.267 44.45 130.006
v -5.65 48.144 108.448
v -5.65 48.144 86.889
v 3.267 44.45 86.889
v 3.267 44.45 108.448
v -5.65 48.144 86.889
v -5.65 48.144 65.33
v 3.267 44.45 65.33
v 3.267 44.45 86.889
v -5.65 48.144 65.33
v -4.971 48.823 60.505
v 3.267 45.41 60.505
v 3.267 44.45 65.33
v -4.971 48.823 60.505
v -3.038 50.756 56.413
v 3.267 48.144 56.413
v 3.267 45.41 60.505
v -3.038 50.756 56.413
v -0.145 53.648 53.68
v 3.267 52.235 53.68
v 3.267 48.144 56.413
v -0.145 53.648 53.68
v 3.267 57.061 52.72
v 3.267 52.235 53.68
v -1.559 57.061 163.215
v -0.145 53.648 163.215
v 3.267 57.061 164.175
v -1.559 57.061 163.215
v -5.65 57.061 160.482
v -3.038 50.756 160.482
v -0.145 53.648 163.215
v -5.65 57.061 160.482
v -8.383 57.061 156.391
v -4.971 48.823 156.391
v -3.038 50.756 160.482
v -8.383 57.061 156.391
v -9.343 57.061 151.565
v -5.65 48.144 151.565
v -4.971 48.823 156.391
v -9.343 57.061 151.565
v -9.343 57.061 130.006
v -5.65 48.144 130.006
v -5.65 48.144 151.565
v -9.343 57.061 130.006
v -9.343 57.061 108.448
v -5.65 48.144 108.448
v -5.65 48.144 130.006
v -9.343 57.061 108.448
v -9.343 57.061 86.889
v -5.65 48.144 86.889
v -5.65 48.144 108.448
v -9.343 57.061 86.889
v -9.343 57.061 65.33
v -5.65 48.144 65.33
v -5.65 48.144 86.889
v -9.343 57.061 65.33
v -8.383 57.061 60.505
v -4.971 48.823 60.505
v -5.65 48.144 65.33
v -8.383 57.061 60.505
v -5.65 57.061 56.413
v -3.038 50.756 56.413
v -4.971 48.823 60.505
v -5.65 57.061 56.413
v -1.559 57.061 53.68
v -0.145 53.648 53.68
v -3.038 50.756 56.413
v -1.559 57.061 53.68
v 3.267 57.061 52.72
v -0.145 53.648 53.68
v -0.145 60.473 163.215
v -1.559 57.061 163.215
v 3.267 57.061 164.175
v -0.145 60.473 163.215
v -3.038 63.366 160.482
v -5.65 57.061 160.482
v -1.559 57.061 163.215
v -3.038 63.366 160.482
v -4.971 65.299 156.391
v -8.383 57.061 156.391
v -5.65 57.061 160.482
v -4.971 65.299 156.391
v -5.65 65.977 151.565
v -9.343 57.061 151.565
v -8.383 57.061 156.391
v -5.65 65.977 151.565
v -5.65 65.977 130.006
v -9.343 57.061 130.006
v -9.343 57.061 151.565
v -5.65 65.977 130.006
v -5.65 65.977 108.448
v -9.343 57.061 108.448
v -9.343 57.061 130.006
v -5.65 65.977 108.448
v -5.65 65.977 86.889
v -9.343 57.061 86.889
v -9.343 57.061 108.448
v -5.65 65.977 86.889
v -5.65 65.977 65.33
v -9.343 57.061 65.33
v -9.343 57.061 86.889
v -5.65 65.977 65.33
v -4.971 65.299 60.505
v -8.383 57.061 60.505
v -9.343 57.061 65.33
v -4.971 65.299 60.505
v -3.038 63.366 56.413
v -5.65 57.061 56.413
v -8.383 57.061 60.505
v -3.038 63.366 56.413
v -0.145 60.473 53.68
v -1.559 57.061 53.68
v -5.65 57.061 56.413
v -0.145 60.473 53.68
v 3.267 57.061 52.72
v -1.559 57.061 53.68
v 3.267 61.886 163.215
v -0.145 60.473 163.215
v 3.267 57.061 164.175
v 3.267 61.886 163.215
v 3.267 65.977 160.482
v -3.038 63.366 160.482
v -0.145 60.473 163.215
v 3.267 65.977 160.482
v 3.267 68.711 156.391
v -4.971 65.299 156.391
v -3.038 63.366 160.482
v 3.267 68.711 156.391
v 3.267 69.671 151.565
v -5.65 65.977 151.565
v -4.971 65.299 156.391
v 3.267 69.671 151.565
v 3.267 69.671 130.006
v -5.65 65.977 130.006
v -5.65 65.977 151.565
v 3.267 69.671 130.006
v 3.267 69.671 108.448
v -5.65 65.977 108.448
v -5.65 65.977 130.006
v 3.267 69.671 108.448
v 3.267 69.671 86.889
v -5.65 65.977 86.889
v -5.65 65.977 108.448
v 3.267 69.671 86.889
v 3.267 69.671 65.33
v -5.65 65.977 65.33
v -5.65 65.977 86.889
v 3.267 69.671 65.33
v 3.267 68.711 60.505
v -4.971 65.299 60.505
v -5.65 65.977 65.33
v 3.267 68.711 60.505
v 3.267 65.977 56.413
v -3.038 63.366 56.413
v -4.971 65.299 60.505
v 3.267 65.977 56.413
v 3.267 61.886 53.68
v -0.145 60.473 53.68
v -3.038 63.366 56.413
v 3.267 61.886 53.68
v 3.267 57.061 52.72
v -0.145 60.473 53.68
v 6.679 60.473 163.215
v 3.267 61.886 163.215
v 3.267 57.061 164.175
v 6.679 60.473 163.215
v 9.572 63.366 160.482
v 3.267 65.977 160.482
v 3.267 61.886 163.215
v 9.572 63.366 160.482
v 11.505 65.299 156.391
v 3.267 68.711 156.391
v 3.267 65.977 160.482
v 11.505 65.299 156.391
v 12.184 65.977 151.565
v 3.267 69.671 151.565
v 3.267 68.711 156.391
v 12.184 65.977 151.565
v 12.184 65.977 130.006
v 3.267 69.671 130.006
v 3.267 69.671 151.565
v 12.184 65.977 130.006
v 12.184 65.977 108.448
v 3.267 69.671 108.448
v 3.267 69.671 130.006
v 12.184 65.977 108.448
v 12.184 65.977 86.889
v 3.267 69.671 86.889
v 3.267 69.671 108.448
v 12.184 65.977 86.889
v 12.184 65.977 65.33
v 3.267 69.671 65.33
v 3.267 69.671 86.889
v 12.184 65.977 65.33
v 11.505 65.299 60.505
v 3.267 68.711 60.505
v 3.267 69.671 65.33
v 11.505 65.299 60.505
v 9.572 63.366 56.413
v 3.267 65.977 56.413
v 3.267 68.711 60.505
v 9.572 63.366 56.413
v 6.679 60.473 53.68
v 3.267 61.886 53.68
v 3.267 65.977 56.413
v 6.679 60.473 53.68
v 3.267 57.061 52.72
v 3.267 61.886 53.68
v 8.093 57.061 163.215
v 6.679 60.473 163.215
v 3.267 57.061 164.175
v 8.093 57.061 163.215
v 12.184 57.061 160.482
v 9.572 63.366 160.482
v 6.679 60.473 163.215
v 12.184 57.061 160.482
v 14.917 57.061 156.391
v 11.505 65.299 156.391
v 9.572 63.366 160.482
v 14.917 57.061 156.391
v 15.877 57.061 151.565
v 12.184 65.977 151.565
v 11.505 65.299 156.391
v 15.877 57.061 151.565
v 15.877 57.061 130.006
v 12.184 65.977 130.006
v 12.184 65.977 151.565
v 15.877 57.061 130.006
v 15.877 57.061 108.448
v 12.184 65.977 108.448
v 12.184 65.977 130.006
v 15.877 57.061 108.448
v 15.877 57.061 86.889
v 12.184 65.977 86.889
v 12.184 65.977 108.448
v 15.877 57.061 86.889
v 15.877 57.061 65.33
v 12.184 65.977 65.33
v 12.184 65.977 86.889
v 15.877 57.061 65.33
v 14.917 57.061 60.505
v 11.505 65.299 60.505
v 12.184 65.977 65.33
v 14.917 57.061 60.505
v 12.184 57.061 56.413
v 9.572 63.366 56.413
v 11.505 65.299 60.505
v 12.184 57.061 56.413
v 8.093 57.061 53.68
v 6.679 60.473 53.68
v 9.572 63.366 56.413
v 8.093 57.061 53.68
v 3.267 57.061 52.72
v 6.679 60.473 53.68
v -395.296 9.198 -109.689
v -393.883 12.61 -109.689
v -398.709 12.61 -108.729
v -395.296 9.198 -109.689
v -392.403 6.305 -112.423
v -389.792 12.61 -112.423
v -393.883 12.61 -109.689
v -392.403 6.305 -112.423
v -390.471 4.372 -116.514
v -387.058 12.61 -116.514
v -389.792 12.61 -112.423
v -390.471 4.372 -116.514
v -389.792 3.693 -121.34
v -386.098 12.61 -121.34
v -387.058 12.61 -116.514
v -389.792 3.693 -121.34
v -389.792 3.693 -142.898
v -386.098 12.61 -142.898
v -386.098 12.61 -121.34
v -389.792 3.693 -142.898
v -389.792 3.693 -164.457
v -386.098 12.61 -164.457
v -386.098 12.61 -142.898
v -389.792 3.693 -164.457
v -389.792 3.693 -186.016
v -386.098 12.61 -186.016
v -386.098 12.61 -164.457
v -389.792 3.693 -186.016
v -389.792 3.693 -207.574
v -386.098 12.61 -207.574
v -386.098 12.61 -186.016
v -389.792 3.693 -207.574
v -390.471 4.372 -212.4
v -387.058 12.61 -212.4
v -386.098 12.61 -207.574
v -390.471 4.372 -212.4
v -392.403 6.305 -216.491
v -389.792 12.61 -216.491
v -387.058 12.61 -212.4
v -392.403 6.305 -216.491
v -395.296 9.198 -219.225
v -393.883 12.61 -219.225
v -389.792 12.61 -216.491
v -395.296 9.198 -219.225
v -398.709 12.61 -220.184
v -393.883 12.61 -219.225
v -398.709 7.785 -109.689
v -395.296 9.198 -109.689
v -398.709 12.61 -108.729
v -398.709 7.785 -109.689
v -398.709 3.693 -112.423
v -392.403 6.305 -112.423
v -395.296 9.198 -109.689
v -398.709 3.693 -112.423
v -398.709 0.96 -116.514
v -390.471 4.372 -116.514
v -392.403 6.305 -112.423
v -398.709 0.96 -116.514
v -398.709 0 -121.34
v -389.792 3.693 -121.34
v -390.471 4.372 -116.514
v -398.709 0 -121.34
v -398.709 0 -142.898
v -389.792 3.693 -142.898
v -389.792 3.693 -121.34
v -398.709 0 -142.898
v -398.709 0 -164.457
v -389.792 3.693 -164.457
v -389.792 3.693 -142.898
v -398.709 0 -164.457
v -398.709 0 -186.016
v -389.792 3.693 -186.016
v -389.792 3.693 -164.457
v -398.709 0 -186.016
v -398.709 0 -207.574
v -389.792 3.693 -207.574
v -389.792 3.693 -186.016
v -398.709 0 -207.574
v -398.709 0.96 -212.4
v -390.471 4.372 -212.4
v -389.792 3.693 -207.574
v -398.709 0.96 -212.4
v -398.709 3.693 -216.491
v -392.403 6.305 -216.491
v -390.471 4.372 -212.4
v -398.709 3.693 -216.491
v -398.709 7.785 -219.225
v -395.296 9.198 -219.225
v -392.403 6.305 -216.491
v -398.709 7.785 -219.225
v -398.709 12.61 -220.184
v -395.296 9.198 -219.225
v -402.121 9.198 -109.689
v -398.709 7.785 -109.689
v -398.709 12.61 -108.729
v -402.121 9.198 -109.689
v -405.014 6.305 -112.423
v -398.709 3.693 -112.423
v -398.709 7.785 -109.689
v -405.014 6.305 -112.423
v -406.947 4.372 -116.514
v -398.709 0.96 -116.514
v -398.709 3.693 -112.423
v -406.947 4.372 -116.514
v -407.625 3.693 -121.34
v -398.709 0 -121.34
v -398.709 0.96 -116.514
v -407.625 3.693 -121.34
v -407.625 3.693 -142.898
v -398.709 0 -142.898
v -398.709 0 -121.34
v -407.625 3.693 -142.898
v -407.625 3.693 -164.457
v -398.709 0 -164.457
v -398.709 0 -142.898
v -407.625 3.693 -164.457
v -407.625 3.693 -186.016
v -398.709 0 -186.016
v -398.709 0 -164.457
v -407.625 3.693 -186.016
v -407.625 3.693 -207.574
v -398.709 0 -207.574
v -398.709 0 -186.016
v -407.625 3.693 -207.574
v -406.947 4.372 -212.4
v -398.709 0.96 -212.4
v -398.709 0 -207.574
v -406.947 4.372 -212.4
v -405.014 6.305 -216.491
v -398.709 3.693 -216.491
v -398.709 0.96 -212.4
v -405.014 6.305 -216.491
v -402.121 9.198 -219.225
v -398.709 7.785 -219.225
v -398.709 3.693 -216.491
v -402.121 9.198 -219.225
v -398.709 12.61 -220.184
v -398.709 7.785 -219.225
v -403.534 12.61 -109.689
v -402.121 9.198 -109.689
v -398.709 12.61 -108.729
v -403.534 12.61 -109.689
v -407.625 12.61 -112.423
v -405.014 6.305 -112.423
v -402.121 9.198 -109.689
v -407.625 12.61 -112.423
v -410.359 12.61 -116.514
v -406.947 4.372 -116.514
v -405.014 6.305 -112.423
v -410.359 12.61 -116.514
v -411.319 12.61 -121.34
v -407.625 3.693 -121.34
v -406.947 4.372 -116.514
v -411.319 12.61 -121.34
v -411.319 12.61 -142.898
v -407.625 3.693 -142.898
v -407.625 3.693 -121.34
v -411.319 12.61 -142.898
v -411.319 12.61 -164.457
v -407.625 3.693 -164.457
v -407.625 3.693 -142.898
v -411.319 12.61 -164.457
v -411.319 12.61 -186.016
v -407.625 3.693 -186.016
v -407.625 3.693 -164.457
v -411.319 12.61 -186.016
v -411.319 12.61 -207.574
v -407.625 3.693 -207.574
v -407.625 3.693 -186.016
v -411.319 12.61 -207.574
v -410.359 12.61 -212.4
v -406.947 4.372 -212.4
v -407.625 3.693 -207.574
v -410.359 12.61 -212.4
v -407.625 12.61 -216.491
v -405.014 6.305 -216.491
v -406.947 4.372 -212.4
v -407.625 12.61 -216.491
v -403.534 12.61 -219.225
v -402.121 9.198 -219.225
v -405.014 6.305 -216.491
v -403.534 12.61 -219.225
v -398.709 12.61 -220.184
v -402.121 9.198 -219.225
v -402.121 16.022 -109.689
v -403.534 12.61 -109.689
v -398.709 12.61 -108.729
v -402.121 16.022 -109.689
v -405.014 18.915 -112.423
v -407.625 12.61 -112.423
v -403.534 12.61 -109.689
v -405.014 18.915 -112.423
v -406.947 20.848 -116.514
v -410.359 12.61 -116.514
v -407.625 12.61 -112.423
v -406.947 20.848 -116.514
v -407.625 21.527 -121.34
v -411.319 12.61 -121.34
v -410.359 12.61 -116.514
v -407.625 21.527 -121.34
v -407.625 21.527 -142.898
v -411.319 12.61 -142.898
v -411.319 12.61 -121.34
v -407.625 21.527 -142.898
v -407.625 21.527 -164.457
v -411.319 12.61 -164.457
v -411.319 12.61 -142.898
v -407.625 21.527 -164.457
v -407.625 21.527 -186.016
v -411.319 12.61 -186.016
v -411.319 12.61 -164.457
v -407.625 21.527 -186.016
v -407.625 21.527 -207.574
v -411.319 12.61 -207.574
v -411.319 12.61 -186.016
v -407.625 21.527 -207.574
v -406.947 20.848 -212.4
v -410.359 12.61 -212.4
v -411.319 12.61 -207.574
v -406.947 20.848 -212.4
v -405.014 18.915 -216.491
v -407.625 12.61 -216.491
v -410.359 12.61 -212.4
v -405.014 18.915 -216.491
v -402.121 16.022 -219.225
v -403.534 12.61 -219.225
v -407.625 12.61 -216.491
v -402.121 16.022 -219.225
v -398.709 12.61 -220.184
v -403.534 12.61 -219.225
v -398.709 17.436 -109.689
v -402.121 16.022 -109.689
v -398.709 12.61 -108.729
v -398.709 17.436 -109.689
v -398.709 21.527 -112.423
v -405.014 18.915 -112.423
v -402.121 16.022 -109.689
v -398.709 21.527 -112.423
v -398.709 24.261 -116.514
v -406.947 20.848 -116.514
v -405.014 18.915 -112.423
v -398.709 24.261 -116.514
v -398.709 25.22 -121.34
v -407.625 21.527 -121.34
v -406.947 20.848 -116.514
v -398.709 25.22 -121.34
v -398.709 25.22 -142.898
v -407.625 21.527 -142.898
v -407.625 21.527 -121.34
v -398.709 25.22 -142.898
v -398.709 25.22 -164.457
v -407.625 21.527 -164.457
v -407.625 21.527 -142.898
v -398.709 25.22 -164.457
v -398.709 25.22 -186.016
v -407.625 21.527 -186.016
v -407.625 21.527 -164.457
v -398.709 25.22 -186.016
v -398.709 25.22 -207.574
v -407.625 21.527 -207.574
v -407.625 21.527 -186.016
v -398.709 25.22 -207.574
v -398.709 24.261 -212.4
v -406.947 20.848 -212.4
v -407.625 21.527 -207.574
v -398.709 24.261 -212.4
v -398.709 21.527 -216.491
v -405.014 18.915 -216.491
v -406.947 20.848 -212.4
v -398.709 21.527 -216.491
v -398.709 17.436 -219.225
v -402.121 16.022 -219.225
v -405.014 18.915 -216.491
v -398.709 17.436 -219.225
v -398.709 12.61 -220.184
v -402.121 16.022 -219.225
v -395.296 16.022 -109.689
v -398.709 17.436 -109.689
v -398.709 12.61 -108.729
v -395.296 16.022 -109.689
v -392.403 18.915 -112.423
v -398.709 21.527 -112.423
v -398.709 17.436 -109.689
v -392.403 18.915 -112.423
v -390.471 20.848 -116.514
v -398.709 24.261 -116.514
v -398.709 21.527 -112.423
v -390.471 20.848 -116.514
v -389.792 21.527 -121.34
v -398.709 25.22 -121.34
v -398.709 24.261 -116.514
v -389.792 21.527 -121.34
v -389.792 21.527 -142.898
v -398.709 25.22 -142.898
v -398.709 25.22 -121.34
v -389.792 21.527 -142.898
v -389.792 21.527 -164.457
v -398.709 25.22 -164.457
v -398.709 25.22 -142.898
v -389.792 21.527 -164.457
v -389.792 21.527 -186.016
v -398.709 25.22 -186.016
v -398.709 25.22 -164.457
v -389.792 21.527 -186.016
v -389.792 21.527 -207.574
v -398.709 25.22 -207.574
v -398.709 25.22 -186.016
v -389.792 21.527 -207.574
v -390.471 20.848 -212.4
v -398.709 24.261 -212.4
v -398.709 25.22 -207.574
v -390.471 20.848 -212.4
v -392.403 18.915 -216.491
v -398.709 21.527 -216.491
v -398.709 24.261 -212.4
v -392.403 18.915 -216.491
v -395.296 16.022 -219.225
v -398.709 17.436 -219.225
v -398.709 21.527 -216.491
v -395.296 16.022 -219.225
v -398.709 12.61 -220.184
v -398.709 17.436 -219.225
v -393.883 12.61 -109.689
v -395.296 16.022 -109.689
v -398.709 12.61 -108.729
v -393.883 12.61 -109.689
v -389.792 12.61 -112.423
v -392.403 18.915 -112.423
v -395.296 16.022 -109.689
v -389.792 12.61 -112.423
v -387.058 12.61 -116.514
v -390.471 20.848 -116.514
v -392.403 18.915 -112.423
v -387.058 12.61 -116.514
v -386.098 12.61 -121.34
v -389.792 21.527 -121.34
v -390.471 20.848 -116.514
v -386.098 12.61 -121.34
v -386.098 12.61 -142.898
v -389.792 21.527 -142.898
v -389.792 21.527 -121.34
v -386.098 12.61 -142.898
v -386.098 12.61 -164.457
v -389.792 21.527 -164.457
v -389.792 21.527 -142.898
v -386.098 12.61 -164.457
v -386.098 12.61 -186.016
v -389.792 21.527 -186.016
v -389.792 21.527 -164.457
v -386.098 12.61 -186.016
v -386.098 12.61 -207.574
v -389.792 21.527 -207.574
v -389.792 21.527 -186.016
v -386.098 12.61 -207.574
v -387.058 12.61 -212.4
v -390.471 20.848 -212.4
v -389.792 21.527 -207.574
v -387.058 12.61 -212.4
v -389.792 12.61 -216.491
v -392.403 18.915 -216.491
v -390.471 20.848 -212.4
v -389.792 12.61 -216.491
v -393.883 12.61 -219.225
v -395.296 16.022 -219.225
v -392.403 18.915 -216.491
v -393.883 12.61 -219.225
v -398.709 12.61 -220.184
v -395.296 16.022 -219.225
v 399.018 12.856 -109.689
v 400.431 16.268 -109.689
v 395.605 16.268 -108.729
v 399.018 12.856 -109.689
v 401.911 9.963 -112.423
v 404.522 16.268 -112.423
v 400.431 16.268 -109.689
v 401.911 9.963 -112.423
v 403.843 8.03 -116.514
v 407.256 16.268 -116.514
v 404.522 16.268 -112.423
v 403.843 8.03 -116.514
v 404.522 7.351 -121.34
v 408.216 16.268 -121.34
v 407.256 16.268 -116.514
v 404.522 7.351 -121.34
v 404.522 7.351 -142.898
v 408.216 16.268 -142.898
v 408.216 16.268 -121.34
v 404.522 7.351 -142.898
v 404.522 7.351 -164.457
v 408.216 16.268 -164.457
v 408.216 16.268 -142.898
v 404.522 7.351 -164.457
v 404.522 7.351 -186.016
v 408.216 16.268 -186.016
v 408.216 16.268 -164.457
v 404.522 7.351 -186.016
v 404.522 7.351 -207.574
v 408.216 16.268 -207.574
v 408.216 16.268 -186.016
v 404.522 7.351 -207.574
v 403.843 8.03 -212.4
v 407.256 16.268 -212.4
v 408.216 16.268 -207.574
v 403.843 8.03 -212.4
v 401.911 9.963 -216.491
v 404.522 16.268 -216.491
v 407.256 16.268 -212.4
v 401.911 9.963 -216.491
v 399.018 12.856 -219.225
v 400.431 16.268 -219.225
v 404.522 16.268 -216.491
v 399.018 12.856 -219.225
v 395.605 16.268 -220.184
v 400.431 16.268 -219.225
v 395.605 11.442 -109.689
v 399.018 12.856 -109.689
v 395.605 16.268 -108.729
v 395.605 11.442 -109.689
v 395.605 7.351 -112.423
v 401.911 9.963 -112.423
v 399.018 12.856 -109.689
v 395.605 7.351 -112.423
v 395.605 4.618 -116.514
v 403.843 8.03 -116.514
v 401.911 9.963 -112.423
v 395.605 4.618 -116.514
v 395.605 3.658 -121.34
v 404.522 7.351 -121.34
v 403.843 8.03 -116.514
v 395.605 3.658 -121.34
v 395.605 3.658 -142.898
v 404.522 7.351 -142.898
v 404.522 7.351 -121.34
v 395.605 3.658 -142.898
v 395.605 3.658 -164.457
v 404.522 7.351 -164.457
v 404.522 7.351 -142.898
v 395.605 3.658 -164.457
v 395.605 3.658 -186.016
v 404.522 7.351 -186.016
v 404.522 7.351 -164.457
v 395.605 3.658 -186.016
v 395.605 3.658 -207.574
v 404.522 7.351 -207.574
v 404.522 7.351 -186.016
v 395.605 3.658 -207.574
v 395.605 4.618 -212.4
v 403.843 8.03 -212.4
v 404.522 7.351 -207.574
v 395.605 4.618 -212.4
v 395.605 7.351 -216.491
v 401.911 9.963 -216.491
v 403.843 8.03 -212.4
v 395.605 7.351 -216.491
v 395.605 11.442 -219.225
v 399.018 12.856 -219.225
v 401.911 9.963 -216.491
v 395.605 11.442 -219.225
v 395.605 16.268 -220.184
v 399.018 12.856 -219.225
v 392.193 12.856 -109.689
v 395.605 11.442 -109.689
v 395.605 16.268 -108.729
v 392.193 12.856 -109.689
v 389.3 9.963 -112.423
v 395.605 7.351 -112.423
v 395.605 11.442 -109.689
v 389.3 9.963 -112.423
v 387.367 8.03 -116.514
v 395.605 4.618 -116.514
v 395.605 7.351 -112.423
v 387.367 8.03 -116.514
v 386.689 7.351 -121.34
v 395.605 3.658 -121.34
v 395.605 4.618 -116.514
v 386.689 7.351 -121.34
v 386.689 7.351 -142.898
v 395.605 3.658 -142.898
v 395.605 3.658 -121.34
v 386.689 7.351 -142.898
v 386.689 7.351 -164.457
v 395.605 3.658 -164.457
v 395.605 3.658 -142.898
v 386.689 7.351 -164.457
v 386.689 7.351 -186.016
v 395.605 3.658 -186.016
v 395.605 3.658 -164.457
v 386.689 7.351 -186.016
v 386.689 7.351 -207.574
v 395.605 3.658 -207.574
v 395.605 3.658 -186.016
v 386.689 7.351 -207.574
v 387.367 8.03 -212.4
v 395.605 4.618 -212.4
v 395.605 3.658 -207.574
v 387.367 8.03 -212.4
v 389.3 9.963 -216.491
v 395.605 7.351 -216.491
v 395.605 4.618 -212.4
v 389.3 9.963 -216.491
v 392.193 12.856 -219.225
v 395.605 11.442 -219.225
v 395.605 7.351 -216.491
v 392.193 12.856 -219.225
v 395.605 16.268 -220.184
v 395.605 11.442 -219.225
v 390.78 16.268 -109.689
v 392.193 12.856 -109.689
v 395.605 16.268 -108.729
v 390.78 16.268 -109.689
v 386.689 16.268 -112.423
v 389.3 9.963 -112.423
v 392.193 12.856 -109.689
v 386.689 16.268 -112.423
v 383.955 16.268 -116.514
v 387.367 8.03 -116.514
v 389.3 9.963 -112.423
v 383.955 16.268 -116.514
v 382.995 16.268 -121.34
v 386.689 7.351 -121.34
v 387.367 8.03 -116.514
v 382.995 16.268 -121.34
v 382.995 16.268 -142.898
v 386.689 7.351 -142.898
v 386.689 7.351 -121.34
v 382.995 16.268 -142.898
v 382.995 16.268 -164.457
v 386.689 7.351 -164.457
v 386.689 7.351 -142.898
v 382.995 16.268 -164.457
v 382.995 16.268 -186.016
v 386.689 7.351 -186.016
v 386.689 7.351 -164.457
v 382.995 16.268 -186.016
v 382.995 16.268 -207.574
v 386.689 7.351 -207.574
v 386.689 7.351 -186.016
v 382.995 16.268 -207.574
v 383.955 16.268 -212.4
v 387.367 8.03 -212.4
v 386.689 7.351 -207.574
v 383.955 16.268 -212.4
v 386.689 16.268 -216.491
v 389.3 9.963 -216.491
v 387.367 8.03 -212.4
v 386.689 16.268 -216.491
v 390.78 16.268 -219.225
v 392.193 12.856 -219.225
v 389.3 9.963 -216.491
v 390.78 16.268 -219.225
v 395.605 16.268 -220.184
v 392.193 12.856 -219.225
v 392.193 19.681 -109.689
v 390.78 16.268 -109.689
v 395.605 16.268 -108.729
v 392.193 19.681 -109.689
v 389.3 22.573 -112.423
v 386.689 16.268 -112.423
v 390.78 16.268 -109.689
v 389.3 22.573 -112.423
v 387.367 24.506 -116.514
v 383.955 16.268 -116.514
v 386.689 16.268 -112.423
v 387.367 24.506 -116.514
v 386.689 25.185 -121.34
v 382.995 16.268 -121.34
v 383.955 16.268 -116.514
v 386.689 25.185 -121.34
v 386.689 25.185 -142.898
v 382.995 16.268 -142.898
v 382.995 16.268 -121.34
v 386.689 25.185 -142.898
v 386.689 25.185 -164.457
v 382.995 16.268 -164.457
v 382.995 16.268 -142.898
v 386.689 25.185 -164.457
v 386.689 25.185 -186.016
v 382.995 16.268 -186.016
v 382.995 16.268 -164.457
v 386.689 25.185 -186.016
v 386.689 25.185 -207.574
v 382.995 16.268 -207.574
v 382.995 16.268 -186.016
v 386.689 25.185 -207.574
v 387.367 24.506 -212.4
v 383.955 16.268 -212.4
v 382.995 16.268 -207.574
v 387.367 24.506 -212.4
v 389.3 22.573 -216.491
v 386.689 16.268 -216.491
v 383.955 16.268 -212.4
v 389.3 22.573 -216.491
v 392.193 19.681 -219.225
v 390.78 16.268 -219.225
v 386.689 16.268 -216.491
v 392.193 19.681 -219.225
v 395.605 16.268 -220.184
v 390.78 16.268 -219.225
v 395.605 21.094 -109.689
v 392.193 19.681 -109.689
v 395.605 16.268 -108.729
v 395.605 21.094 -109.689
v 395.605 25.185 -112.423
v 389.3 22.573 -112.423
v 392.193 19.681 -109.689
v 395.605 25.185 -112.423
v 395.605 27.919 -116.514
v 387.367 24.506 -116.514
v 389.3 22.573 -112.423
v 395.605 27.919 -116.514
v 395.605 28.878 -121.34
v 386.689 25.185 -121.34
v 387.367 24.506 -116.514
v 395.605 28.878 -121.34
v 395.605 28.878 -142.898
v 386.689 25.185 -142.898
v 386.689 25.185 -121.34
v 395.605 28.878 -142.898
v 395.605 28.878 -164.457
v 386.689 25.185 -164.457
v 386.689 25.185 -142.898
v 395.605 28.878 -164.457
v 395.605 28.878 -186.016
v 386.689 25.185 -186.016
v 386.689 25.185 -164.457
v 395.605 28.878 -186.016
v 395.605 28.878 -207.574
v 386.689 25.185 -207.574
v 386.689 25.185 -186.016
v 395.605 28.878 -207.574
v 395.605 27.919 -212.4
v 387.367 24.506 -212.4
v 386.689 25.185 -207.574
v 395.605 27.919 -212.4
v 395.605 25.185 -216.491
v 389.3 22.573 -216.491
v 387.367 24.506 -212.4
v 395.605 25.185 -216.491
v 395.605 21.094 -219.225
v 392.193 19.681 -219.225
v 389.3 22.573 -216.491
v 395.605 21.094 -219.225
v 395.605 16.268 -220.184
v 392.193 19.681 -219.225
v 399.018 19.681 -109.689
v 395.605 21.094 -109.689
v 395.605 16.268 -108.729
v 399.018 19.681 -109.689
v 401.911 22.573 -112.423
v 395.605 25.185 -112.423
v 395.605 21.094 -109.689
v 401.911 22.573 -112.423
v 403.843 24.506 -116.514
v 395.605 27.919 -116.514
v 395.605 25.185 -112.423
v 403.843 24.506 -116.514
v 404.522 25.185 -121.34
v 395.605 28.878 -121.34
v 395.605 27.919 -116.514
v 404.522 25.185 -121.34
v 404.522 25.185 -142.898
v 395.605 28.878 -142.898
v 395.605 28.878 -121.34
v 404.522 25.185 -142.898
v 404.522 25.185 -164.457
v 395.605 28.878 -164.457
v 395.605 28.878 -142.898
v 404.522 25.185 -164.457
v 404.522 25.185 -186.016
v 395.605 28.878 -186.016
v 395.605 28.878 -164.457
v 404.522 25.185 -186.016
v 404.522 25.185 -207.574
v 395.605 28.878 -207.574
v 395.605 28.878 -186.016
v 404.522 25.185 -207.574
v 403.843 24.506 -212.4
v 395.605 27.919 -212.4
v 395.605 28.878 -207.574
v 403.843 24.506 -212.4
v 401.911 22.573 -216.491
v 395.605 25.185 -216.491
v 395.605 27.919 -212.4
v 401.911 22.573 -216.491
v 399.018 19.681 -219.225
v 395.605 21.094 -219.225
v 395.605 25.185 -216.491
v 399.018 19.681 -219.225
v 395.605 16.268 -220.184
v 395.605 21.094 -219.225
v 400.431 16.268 -109.689
v 399.018 19.681 -109.689
v 395.605 16.268 -108.729
v 400.431 16.268 -109.689
v 404.522 16.268 -112.423
v 401.911 22.573 -112.423
v 399.018 19.681 -109.689
v 404.522 16.268 -112.423
v 407.256 16.268 -116.514
v 403.843 24.506 -116.514
v 401.911 22.573 -112.423
v 407.256 16.268 -116.514
v 408.216 16.268 -121.34
v 404.522 25.185 -121.34
v 403.843 24.506 -116.514
v 408.216 16.268 -121.34
v 408.216 16.268 -142.898
v 404.522 25.185 -142.898
v 404.522 25.185 -121.34
v 408.216 16.268 -142.898
v 408.216 16.268 -164.457
v 404.522 25.185 -164.457
v 404.522 25.185 -142.898
v 408.216 16.268 -164.457
v 408.216 16.268 -186.016
v 404.522 25.185 -186.016
v 404.522 25.185 -164.457
v 408.216 16.268 -186.016
v 408.216 16.268 -207.574
v 404.522 25.185 -207.574
v 404.522 25.185 -186.016
v 408.216 16.268 -207.574
v 407.256 16.268 -212.4
v 403.843 24.506 -212.4
v 404.522 25.185 -207.574
v 407.256 16.268 -212.4
v 404.522 16.268 -216.491
v 401.911 22.573 -216.491
v 403.843 24.506 -212.4
v 404.522 16.268 -216.491
v 400.431 16.268 -219.225
v 399.018 19.681 -219.225
v 401.911 22.573 -216.491
v 400.431 16.268 -219.225
v 395.605 16.268 -220.184
v 399.018 19.681 -219.225
v 459.203 34.438 -158.82
v 459.22 39.217 -158.784
v 70.02 38.929 64.018
v 70.003 34.151 63.982
v 456.592 34.482 -163.38
v 456.609 39.261 -163.345
v 459.22 39.217 -158.784
v 459.203 34.438 -158.82
v 67.392 34.194 59.421
v 67.409 38.973 59.457
v 456.609 39.261 -163.345
v 456.592 34.482 -163.38
v 70.003 34.151 63.982
v 70.02 38.929 64.018
v 67.409 38.973 59.457
v 67.392 34.194 59.421
v 459.22 39.217 -158.784
v 456.609 39.261 -163.345
v 67.409 38.973 59.457
v 70.02 38.929 64.018
v 456.592 34.482 -163.38
v 459.203 34.438 -158.82
v 70.003 34.151 63.982
v 67.392 34.194 59.421
v -65.512 39.096 62.403
v -65.636 43.874 62.377
v -455.324 32.561 -165.28
v -455.2 27.784 -165.254
v -62.862 39.14 57.865
v -62.986 43.917 57.839
v -65.636 43.874 62.377
v -65.512 39.096 62.403
v -452.55 27.828 -169.792
v -452.673 32.605 -169.818
v -62.986 43.917 57.839
v -62.862 39.14 57.865
v -455.2 27.784 -165.254
v -455.324 32.561 -165.28
v -452.673 32.605 -169.818
v -452.55 27.828 -169.792
v -65.636 43.874 62.377
v -62.986 43.917 57.839
v -452.673 32.605 -169.818
v -455.324 32.561 -165.28
v -62.862 39.14 57.865
v -65.512 39.096 62.403
v -455.2 27.784 -165.254
v -452.55 27.828 -169.792
v 3.355 16.882 232.513
v 3.355 3.763 219.457
v 7.976 3.763 219.457
v 7.976 16.882 232.513
v 1.425 23.057 -389.282
v 1.425 9.938 -394.182
v 3.355 3.763 219.457
v 3.355 16.882 232.513
v 6.047 23.057 -389.282
v 6.047 9.938 -394.182
v 1.425 9.938 -394.182
v 1.425 23.057 -389.282
v 7.976 16.882 232.513
v 7.976 3.763 219.457
v 6.047 9.938 -394.182
v 6.047 23.057 -389.282
v 3.355 3.763 219.457
v 1.425 9.938 -394.182
v 6.047 9.938 -394.182
v 7.976 3.763 219.457
v 1.425 23.057 -389.282
v 3.355 16.882 232.513
v 7.976 16.882 232.513
v 6.047 23.057 -389.282
v 4.222 116.415 -367.445
v 4.222 129.534 -380.5
v -0.4 129.534 -380.5
v -0.4 116.415 -367.445
v 4.222 116.415 -389.282
v 4.222 129.534 -394.182
v 4.222 129.534 -380.5
v 4.222 116.415 -367.445
v -0.4 116.415 -389.282
v -0.4 129.534 -394.182
v 4.222 129.534 -394.182
v 4.222 116.415 -389.282
v -0.4 116.415 -367.445
v -0.4 129.534 -380.5
v -0.4 129.534 -394.182
v -0.4 116.415 -389.282
v 4.222 129.534 -380.5
v 4.222 129.534 -394.182
v -0.4 129.534 -394.182
v -0.4 129.534 -380.5
v 4.222 116.415 -389.282
v 4.222 116.415 -367.445
v -0.4 116.415 -367.445
v -0.4 116.415 -389.282
v 26.557 45.043 -416.378
v 26.662 47.642 -416.341
v 26.718 47.679 -411.162
v 26.879 44.929 -411.203
v 22.158 45.049 -416.331
v 22.162 47.758 -416.292
v 26.662 47.642 -416.341
v 26.557 45.043 -416.378
v -23.538 45.035 -410.664
v -23.534 47.745 -410.624
v -23.589 47.82 -415.802
v -23.593 45.111 -415.842
v 26.879 44.929 -411.203
v 26.718 47.679 -411.162
v 22.217 47.683 -411.113
v 22.213 44.974 -411.153
v 26.662 47.642 -416.341
v 22.162 47.758 -416.292
v 22.217 47.683 -411.113
v 26.718 47.679 -411.162
v 22.158 45.049 -416.331
v 26.557 45.043 -416.378
v 26.879 44.929 -411.203
v 22.213 44.974 -411.153
v 22.213 44.974 -411.153
v -21.699 45.033 -410.683
v -21.754 45.109 -415.861
v 22.158 45.049 -416.331
v 22.217 47.683 -411.113
v -21.695 47.742 -410.644
v -21.699 45.033 -410.683
v 22.213 44.974 -411.153
v 22.162 47.758 -416.292
v -21.75 47.818 -415.822
v -21.695 47.742 -410.644
v 22.217 47.683 -411.113
v 22.158 45.049 -416.331
v -21.754 45.109 -415.861
v -21.75 47.818 -415.822
v 22.162 47.758 -416.292
v -24.19 31.369 -410.856
v -25.999 31.695 -410.832
v -26.055 31.771 -416.01
v -24.245 31.445 -416.034
v -21.695 47.742 -410.644
v -23.534 47.745 -410.624
v -23.538 45.035 -410.664
v -21.699 45.033 -410.683
v -21.75 47.818 -415.822
v -23.589 47.82 -415.802
v -23.534 47.745 -410.624
v -21.695 47.742 -410.644
v -21.754 45.109 -415.861
v -23.593 45.111 -415.842
v -23.589 47.82 -415.802
v -21.75 47.818 -415.822
v -21.699 45.033 -410.683
v -23.826 33.388 -410.831
v -23.881 33.464 -416.009
v -21.754 45.109 -415.861
v -23.538 45.035 -410.664
v -25.635 33.714 -410.807
v -23.826 33.388 -410.831
v -21.699 45.033 -410.683
v -23.593 45.111 -415.842
v -25.691 33.79 -415.985
v -25.635 33.714 -410.807
v -23.538 45.035 -410.664
v -21.754 45.109 -415.861
v -23.881 33.464 -416.009
v -25.691 33.79 -415.985
v -23.593 45.111 -415.842
v 30.953 32.727 -411.425
v 31.375 30.719 -411.459
v 31.32 30.795 -416.637
v 30.897 32.803 -416.603
v -25.635 33.714 -410.807
v -25.999 31.695 -410.832
v -24.19 31.369 -410.856
v -23.826 33.388 -410.831
v -25.691 33.79 -415.985
v -26.055 31.771 -416.01
v -25.999 31.695 -410.832
v -25.635 33.714 -410.807
v -23.881 33.464 -416.009
v -24.245 31.445 -416.034
v -26.055 31.771 -416.01
v -25.691 33.79 -415.985
v -23.826 33.388 -410.831
v 3.857 25.035 -411.248
v 3.802 25.111 -416.426
v -23.881 33.464 -416.009
v -24.19 31.369 -410.856
v 3.493 23.016 -411.274
v 3.857 25.035 -411.248
v -23.826 33.388 -410.831
v -24.245 31.445 -416.034
v 3.438 23.092 -416.452
v 3.493 23.016 -411.274
v -24.19 31.369 -410.856
v -23.881 33.464 -416.009
v 3.802 25.111 -416.426
v 3.438 23.092 -416.452
v -24.245 31.445 -416.034
v 3.857 25.035 -411.248
v 28.994 32.166 -411.412
v 28.939 32.241 -416.591
v 3.802 25.111 -416.426
v 3.493 23.016 -411.274
v 29.417 30.158 -411.446
v 28.994 32.166 -411.412
v 3.857 25.035 -411.248
v 3.438 23.092 -416.452
v 29.361 30.234 -416.624
v 29.417 30.158 -411.446
v 3.493 23.016 -411.274
v 3.802 25.111 -416.426
v 28.939 32.241 -416.591
v 29.361 30.234 -416.624
v 3.438 23.092 -416.452
v 26.718 47.679 -411.162
v 28.798 47.942 -411.18
v 28.742 48.018 -416.358
v 26.662 47.642 -416.341
v 29.417 30.158 -411.446
v 31.375 30.719 -411.459
v 30.953 32.727 -411.425
v 28.994 32.166 -411.412
v 29.361 30.234 -416.624
v 31.32 30.795 -416.637
v 31.375 30.719 -411.459
v 29.417 30.158 -411.446
v 28.939 32.241 -416.591
v 30.897 32.803 -416.603
v 31.32 30.795 -416.637
v 29.361 30.234 -416.624
v 28.994 32.166 -411.412
v 26.879 44.929 -411.203
v 26.557 45.043 -416.378
v 28.939 32.241 -416.591
v 30.953 32.727 -411.425
v 29.104 45.452 -411.22
v 26.879 44.929 -411.203
v 28.994 32.166 -411.412
v 30.897 32.803 -416.603
v 29.049 45.527 -416.398
v 29.104 45.452 -411.22
v 30.953 32.727 -411.425
v 28.939 32.241 -416.591
v 26.557 45.043 -416.378
v 29.049 45.527 -416.398
v 30.897 32.803 -416.603
v 26.879 44.929 -411.203
v 26.718 47.679 -411.162
v 26.662 47.642 -416.341
v 26.557 45.043 -416.378
v 29.104 45.452 -411.22
v 28.798 47.942 -411.18
v 26.718 47.679 -411.162
v 26.879 44.929 -411.203
v 29.049 45.527 -416.398
v 28.742 48.018 -416.358
v 28.798 47.942 -411.18
v 29.104 45.452 -411.22
v 26.557 45.043 -416.378
v 26.662 47.642 -416.341
v 28.742 48.018 -416.358
v 29.049 45.527 -416.398
v 129.697 34.634 -372.274
v 129.653 37.343 -372.275
v 118.315 37.159 -372.184
v 118.359 34.45 -372.184
v 129.509 34.63 -395.857
v 129.465 37.34 -395.857
v 129.653 37.343 -372.275
v 129.697 34.634 -372.274
v 118.171 34.446 -395.767
v 118.127 37.155 -395.767
v 129.465 37.34 -395.857
v 129.509 34.63 -395.857
v 118.359 34.45 -372.184
v 118.315 37.159 -372.184
v 118.127 37.155 -395.767
v 118.171 34.446 -395.767
v 129.653 37.343 -372.275
v 129.465 37.34 -395.857
v 118.127 37.155 -395.767
v 118.315 37.159 -372.184
v 129.509 34.63 -395.857
v 129.697 34.634 -372.274
v 118.359 34.45 -372.184
v 118.171 34.446 -395.767
v -110.113 34.748 -379.468
v -110.157 37.457 -379.468
v -121.495 37.273 -379.605
v -121.451 34.564 -379.605
v -109.828 34.752 -403.049
v -109.872 37.461 -403.049
v -110.157 37.457 -379.468
v -110.113 34.748 -379.468
v -121.166 34.568 -403.186
v -121.21 37.277 -403.186
v -109.872 37.461 -403.049
v -109.828 34.752 -403.049
v -121.451 34.564 -379.605
v -121.495 37.273 -379.605
v -121.21 37.277 -403.186
v -121.166 34.568 -403.186
v -110.157 37.457 -379.468
v -109.872 37.461 -403.049
v -121.21 37.277 -403.186
v -121.495 37.273 -379.605
v -109.828 34.752 -403.049
v -110.113 34.748 -379.468
v -121.451 34.564 -379.605
v -121.166 34.568 -403.186
v -65.108 40.282 -213.051
v -65.186 45.06 -213.051
v -464.38 38.578 -213.542
v -464.302 33.8 -213.541
v -65.102 40.282 -218.306
v -65.179 45.06 -218.306
v -65.186 45.06 -213.051
v -65.108 40.282 -213.051
v -464.296 33.8 -218.797
v -464.373 38.578 -218.797
v -65.179 45.06 -218.306
v -65.102 40.282 -218.306
v -464.302 33.8 -213.541
v -464.38 38.578 -213.542
v -464.373 38.578 -218.797
v -464.296 33.8 -218.797
v -65.186 45.06 -213.051
v -65.179 45.06 -218.306
v -464.373 38.578 -218.797
v -464.38 38.578 -213.542
v -65.102 40.282 -218.306
v -65.108 40.282 -213.051
v -464.302 33.8 -213.541
v -464.296 33.8 -218.797
v 465.731 33.747 -208.127
v 465.731 38.526 -208.127
v 66.507 38.526 -212.373
v 66.507 33.747 -212.373
v 465.787 33.747 -213.383
v 465.787 38.526 -213.383
v 465.731 38.526 -208.127
v 465.731 33.747 -208.127
v 66.563 33.747 -217.628
v 66.563 38.526 -217.628
v 465.787 38.526 -213.383
v 465.787 33.747 -213.383
v 66.507 33.747 -212.373
v 66.507 38.526 -212.373
v 66.563 38.526 -217.628
v 66.563 33.747 -217.628
v 465.731 38.526 -208.127
v 465.787 38.526 -213.383
v 66.563 38.526 -217.628
v 66.507 38.526 -212.373
v 465.787 33.747 -213.383
v 465.731 33.747 -208.127
v 66.507 33.747 -212.373
v 66.563 33.747 -217.628
v 4.222 128.303 -361.957
v 4.222 141.422 -375.013
v -0.4 141.422 -375.013
v -0.4 128.303 -361.957
v 4.222 128.303 -383.795
v 4.222 141.422 -388.695
v 4.222 141.422 -375.013
v 4.222 128.303 -361.957
v -0.4 128.303 -383.795
v -0.4 141.422 -388.695
v 4.222 141.422 -388.695
v 4.222 128.303 -383.795
v -0.4 128.303 -361.957
v -0.4 141.422 -375.013
v -0.4 141.422 -388.695
v -0.4 128.303 -383.795
v 4.222 141.422 -375.013
v 4.222 141.422 -388.695
v -0.4 141.422 -388.695
v -0.4 141.422 -375.013
v 4.222 128.303 -383.795
v 4.222 128.303 -361.957
v -0.4 128.303 -361.957
v -0.4 128.303 -383.795
v 3.259 61.83 -289.924
v 3.705 60.755 -289.924
v 2.183 60.755 -290.227
v 3.259 61.83 -289.924
v 4.171 62.742 -289.062
v 4.994 60.755 -289.062
v 3.705 60.755 -289.924
v 4.171 62.742 -289.062
v 4.78 63.352 -287.773
v 5.856 60.755 -287.773
v 4.994 60.755 -289.062
v 4.78 63.352 -287.773
v 4.994 63.565 -286.251
v 6.158 60.755 -286.251
v 5.856 60.755 -287.773
v 4.994 63.565 -286.251
v 4.994 63.565 -211.312
v 6.158 60.755 -211.312
v 6.158 60.755 -286.251
v 4.994 63.565 -211.312
v 4.994 63.565 -136.373
v 6.158 60.755 -136.373
v 6.158 60.755 -211.312
v 4.994 63.565 -136.373
v 4.994 63.565 -61.434
v 6.158 60.755 -61.434
v 6.158 60.755 -136.373
v 4.994 63.565 -61.434
v 4.994 63.565 13.506
v 6.158 60.755 13.506
v 6.158 60.755 -61.434
v 4.994 63.565 13.506
v 4.78 63.352 15.027
v 5.856 60.755 15.027
v 6.158 60.755 13.506
v 4.78 63.352 15.027
v 4.171 62.742 16.317
v 4.994 60.755 16.317
v 5.856 60.755 15.027
v 4.171 62.742 16.317
v 3.259 61.83 17.178
v 3.705 60.755 17.178
v 4.994 60.755 16.317
v 3.259 61.83 17.178
v 2.183 60.755 17.481
v 3.705 60.755 17.178
v 2.183 62.276 -289.924
v 3.259 61.83 -289.924
v 2.183 60.755 -290.227
v 2.183 62.276 -289.924
v 2.183 63.565 -289.062
v 4.171 62.742 -289.062
v 3.259 61.83 -289.924
v 2.183 63.565 -289.062
v 2.183 64.427 -287.773
v 4.78 63.352 -287.773
v 4.171 62.742 -289.062
v 2.183 64.427 -287.773
v 2.183 64.73 -286.251
v 4.994 63.565 -286.251
v 4.78 63.352 -287.773
v 2.183 64.73 -286.251
v 2.183 64.73 -211.312
v 4.994 63.565 -211.312
v 4.994 63.565 -286.251
v 2.183 64.73 -211.312
v 2.183 64.73 -136.373
v 4.994 63.565 -136.373
v 4.994 63.565 -211.312
v 2.183 64.73 -136.373
v 2.183 64.73 -61.434
v 4.994 63.565 -61.434
v 4.994 63.565 -136.373
v 2.183 64.73 -61.434
v 2.183 64.73 13.506
v 4.994 63.565 13.506
v 4.994 63.565 -61.434
v 2.183 64.73 13.506
v 2.183 64.427 15.027
v 4.78 63.352 15.027
v 4.994 63.565 13.506
v 2.183 64.427 15.027
v 2.183 63.565 16.317
v 4.171 62.742 16.317
v 4.78 63.352 15.027
v 2.183 63.565 16.317
v 2.183 62.276 17.178
v 3.259 61.83 17.178
v 4.171 62.742 16.317
v 2.183 62.276 17.178
v 2.183 60.755 17.481
v 3.259 61.83 17.178
v 1.108 61.83 -289.924
v 2.183 62.276 -289.924
v 2.183 60.755 -290.227
v 1.108 61.83 -289.924
v 0.196 62.742 -289.062
v 2.183 63.565 -289.062
v 2.183 62.276 -289.924
v 0.196 62.742 -289.062
v -0.414 63.352 -287.773
v 2.183 64.427 -287.773
v 2.183 63.565 -289.062
v -0.414 63.352 -287.773
v -0.628 63.565 -286.251
v 2.183 64.73 -286.251
v 2.183 64.427 -287.773
v -0.628 63.565 -286.251
v -0.628 63.565 -211.312
v 2.183 64.73 -211.312
v 2.183 64.73 -286.251
v -0.628 63.565 -211.312
v -0.628 63.565 -136.373
v 2.183 64.73 -136.373
v 2.183 64.73 -211.312
v -0.628 63.565 -136.373
v -0.628 63.565 -61.434
v 2.183 64.73 -61.434
v 2.183 64.73 -136.373
v -0.628 63.565 -61.434
v -0.628 63.565 13.506
v 2.183 64.73 13.506
v 2.183 64.73 -61.434
v -0.628 63.565 13.506
v -0.414 63.352 15.027
v 2.183 64.427 15.027
v 2.183 64.73 13.506
v -0.414 63.352 15.027
v 0.196 62.742 16.317
v 2.183 63.565 16.317
v 2.183 64.427 15.027
v 0.196 62.742 16.317
v 1.108 61.83 17.178
v 2.183 62.276 17.178
v 2.183 63.565 16.317
v 1.108 61.83 17.178
v 2.183 60.755 17.481
v 2.183 62.276 17.178
v 0.662 60.755 -289.924
v 1.108 61.83 -289.924
v 2.183 60.755 -290.227
v 0.662 60.755 -289.924
v -0.628 60.755 -289.062
v 0.196 62.742 -289.062
v 1.108 61.83 -289.924
v -0.628 60.755 -289.062
v -1.489 60.755 -287.773
v -0.414 63.352 -287.773
v 0.196 62.742 -289.062
v -1.489 60.755 -287.773
v -1.792 60.755 -286.251
v -0.628 63.565 -286.251
v -0.414 63.352 -287.773
v -1.792 60.755 -286.251
v -1.792 60.755 -211.312
v -0.628 63.565 -211.312
v -0.628 63.565 -286.251
v -1.792 60.755 -211.312
v -1.792 60.755 -136.373
v -0.628 63.565 -136.373
v -0.628 63.565 -211.312
v -1.792 60.755 -136.373
v -1.792 60.755 -61.434
v -0.628 63.565 -61.434
v -0.628 63.565 -136.373
v -1.792 60.755 -61.434
v -1.792 60.755 13.506
v -0.628 63.565 13.506
v -0.628 63.565 -61.434
v -1.792 60.755 13.506
v -1.489 60.755 15.027
v -0.414 63.352 15.027
v -0.628 63.565 13.506
v -1.489 60.755 15.027
v -0.628 60.755 16.317
v 0.196 62.742 16.317
v -0.414 63.352 15.027
v -0.628 60.755 16.317
v 0.662 60.755 17.178
v 1.108 61.83 17.178
v 0.196 62.742 16.317
v 0.662 60.755 17.178
v 2.183 60.755 17.481
v 1.108 61.83 17.178
v 1.108 59.679 -289.924
v 0.662 60.755 -289.924
v 2.183 60.755 -290.227
v 1.108 59.679 -289.924
v 0.196 58.767 -289.062
v -0.628 60.755 -289.062
v 0.662 60.755 -289.924
v 0.196 58.767 -289.062
v -0.414 58.158 -287.773
v -1.489 60.755 -287.773
v -0.628 60.755 -289.062
v -0.414 58.158 -287.773
v -0.628 57.944 -286.251
v -1.792 60.755 -286.251
v -1.489 60.755 -287.773
v -0.628 57.944 -286.251
v -0.628 57.944 -211.312
v -1.792 60.755 -211.312
v -1.792 60.755 -286.251
v -0.628 57.944 -211.312
v -0.628 57.944 -136.373
v -1.792 60.755 -136.373
v -1.792 60.755 -211.312
v -0.628 57.944 -136.373
v -0.628 57.944 -61.434
v -1.792 60.755 -61.434
v -1.792 60.755 -136.373
v -0.628 57.944 -61.434
v -0.628 57.944 13.506
v -1.792 60.755 13.506
v -1.792 60.755 -61.434
v -0.628 57.944 13.506
v -0.414 58.158 15.027
v -1.489 60.755 15.027
v -1.792 60.755 13.506
v -0.414 58.158 15.027
v 0.196 58.767 16.317
v -0.628 60.755 16.317
v -1.489 60.755 15.027
v 0.196 58.767 16.317
v 1.108 59.679 17.178
v 0.662 60.755 17.178
v -0.628 60.755 16.317
v 1.108 59.679 17.178
v 2.183 60.755 17.481
v 0.662 60.755 17.178
v 2.183 59.233 -289.924
v 1.108 59.679 -289.924
v 2.183 60.755 -290.227
v 2.183 59.233 -289.924
v 2.183 57.944 -289.062
v 0.196 58.767 -289.062
v 1.108 59.679 -289.924
v 2.183 57.944 -289.062
v 2.183 57.082 -287.773
v -0.414 58.158 -287.773
v 0.196 58.767 -289.062
v 2.183 57.082 -287.773
v 2.183 56.779 -286.251
v -0.628 57.944 -286.251
v -0.414 58.158 -287.773
v 2.183 56.779 -286.251
v 2.183 56.779 -211.312
v -0.628 57.944 -211.312
v -0.628 57.944 -286.251
v 2.183 56.779 -211.312
v 2.183 56.779 -136.373
v -0.628 57.944 -136.373
v -0.628 57.944 -211.312
v 2.183 56.779 -136.373
v 2.183 56.779 -61.434
v -0.628 57.944 -61.434
v -0.628 57.944 -136.373
v 2.183 56.779 -61.434
v 2.183 56.779 13.506
v -0.628 57.944 13.506
v -0.628 57.944 -61.434
v 2.183 56.779 13.506
v 2.183 57.082 15.027
v -0.414 58.158 15.027
v -0.628 57.944 13.506
v 2.183 57.082 15.027
v 2.183 57.944 16.317
v 0.196 58.767 16.317
v -0.414 58.158 15.027
v 2.183 57.944 16.317
v 2.183 59.233 17.178
v 1.108 59.679 17.178
v 0.196 58.767 16.317
v 2.183 59.233 17.178
v 2.183 60.755 17.481
v 1.108 59.679 17.178
v 3.259 59.679 -289.924
v 2.183 59.233 -289.924
v 2.183 60.755 -290.227
v 3.259 59.679 -289.924
v 4.171 58.767 -289.062
v 2.183 57.944 -289.062
v 2.183 59.233 -289.924
v 4.171 58.767 -289.062
v 4.78 58.158 -287.773
v 2.183 57.082 -287.773
v 2.183 57.944 -289.062
v 4.78 58.158 -287.773
v 4.994 57.944 -286.251
v 2.183 56.779 -286.251
v 2.183 57.082 -287.773
v 4.994 57.944 -286.251
v 4.994 57.944 -211.312
v 2.183 56.779 -211.312
v 2.183 56.779 -286.251
v 4.994 57.944 -211.312
v 4.994 57.944 -136.373
v 2.183 56.779 -136.373
v 2.183 56.779 -211.312
v 4.994 57.944 -136.373
v 4.994 57.944 -61.434
v 2.183 56.779 -61.434
v 2.183 56.779 -136.373
v 4.994 57.944 -61.434
v 4.994 57.944 13.506
v 2.183 56.779 13.506
v 2.183 56.779 -61.434
v 4.994 57.944 13.506
v 4.78 58.158 15.027
v 2.183 57.082 15.027
v 2.183 56.779 13.506
v 4.78 58.158 15.027
v 4.171 58.767 16.317
v 2.183 57.944 16.317
v 2.183 57.082 15.027
v 4.171 58.767 16.317
v 3.259 59.679 17.178
v 2.183 59.233 17.178
v 2.183 57.944 16.317
v 3.259 59.679 17.178
v 2.183 60.755 17.481
v 2.183 59.233 17.178
v 3.705 60.755 -289.924
v 3.259 59.679 -289.924
v 2.183 60.755 -290.227
v 3.705 60.755 -289.924
v 4.994 60.755 -289.062
v 4.171 58.767 -289.062
v 3.259 59.679 -289.924
v 4.994 60.755 -289.062
v 5.856 60.755 -287.773
v 4.78 58.158 -287.773
v 4.171 58.767 -289.062
v 5.856 60.755 -287.773
v 6.158 60.755 -286.251
v 4.994 57.944 -286.251
v 4.78 58.158 -287.773
v 6.158 60.755 -286.251
v 6.158 60.755 -211.312
v 4.994 57.944 -211.312
v 4.994 57.944 -286.251
v 6.158 60.755 -211.312
v 6.158 60.755 -136.373
v 4.994 57.944 -136.373
v 4.994 57.944 -211.312
v 6.158 60.755 -136.373
v 6.158 60.755 -61.434
v 4.994 57.944 -61.434
v 4.994 57.944 -136.373
v 6.158 60.755 -61.434
v 6.158 60.755 13.506
v 4.994 57.944 13.506
v 4.994 57.944 -61.434
v 6.158 60.755 13.506
v 5.856 60.755 15.027
v 4.78 58.158 15.027
v 4.994 57.944 13.506
v 5.856 60.755 15.027
v 4.994 60.755 16.317
v 4.171 58.767 16.317
v 4.78 58.158 15.027
v 4.994 60.755 16.317
v 3.705 60.755 17.178
v 3.259 59.679 17.178
v 4.171 58.767 16.317
v 3.705 60.755 17.178
v 2.183 60.755 17.481
v 3.259 59.679 17.178
v 11.095 65.337 279.663
v 14.001 58.303 278.61
v 3.963 58.388 278.381
v 11.095 65.337 279.663
v 17.141 71.162 281.196
v 22.509 58.165 279.249
v 14.001 58.303 278.61
v 17.141 71.162 281.196
v 21.182 75.411 282.812
v 28.196 58.43 280.268
v 22.509 58.165 279.249
v 21.182 75.411 282.812
v 22.604 77.624 284.292
v 30.196 59.245 281.538
v 28.196 58.43 280.268
v 22.604 77.624 284.292
v 22.599 76.901 286.134
v 30.191 58.521 283.381
v 30.196 59.245 281.538
v 22.599 76.901 286.134
v 22.592 75.621 287.892
v 30.183 57.242 285.139
v 30.191 58.521 283.381
v 22.592 75.621 287.892
v 22.577 72.919 289.437
v 30.169 54.539 286.684
v 30.183 57.242 285.139
v 22.577 72.919 289.437
v 22.561 69.927 290.938
v 30.153 51.547 288.185
v 30.169 54.539 286.684
v 22.561 69.927 290.938
v 21.133 66.664 291.591
v 28.146 49.683 289.047
v 30.153 51.547 288.185
v 21.133 66.664 291.591
v 17.102 64.785 292.274
v 22.47 51.788 290.327
v 28.146 49.683 289.047
v 17.102 64.785 292.274
v 11.061 59.971 292.19
v 13.966 52.938 291.137
v 22.47 51.788 290.327
v 11.061 59.971 292.19
v 3.93 53.441 291.427
v 13.966 52.938 291.137
v 4.012 68.28 280.096
v 11.095 65.337 279.663
v 3.963 58.388 278.381
v 4.012 68.28 280.096
v 4.053 76.6 281.996
v 17.141 71.162 281.196
v 11.095 65.337 279.663
v 4.053 76.6 281.996
v 4.082 82.516 283.857
v 21.182 75.411 282.812
v 17.141 71.162 281.196
v 4.082 82.516 283.857
v 4.095 85.315 285.423
v 22.604 77.624 284.292
v 21.182 75.411 282.812
v 4.095 85.315 285.423
v 4.09 84.591 287.265
v 22.599 76.901 286.134
v 22.604 77.624 284.292
v 4.09 84.591 287.265
v 4.083 83.312 289.023
v 22.592 75.621 287.892
v 22.599 76.901 286.134
v 4.083 83.312 289.023
v 4.068 80.609 290.568
v 22.577 72.919 289.437
v 22.592 75.621 287.892
v 4.068 80.609 290.568
v 4.052 77.617 292.069
v 22.561 69.927 290.938
v 22.577 72.919 289.437
v 4.052 77.617 292.069
v 4.032 73.769 292.636
v 21.133 66.664 291.591
v 22.561 69.927 290.938
v 4.032 73.769 292.636
v 4.014 70.223 293.073
v 17.102 64.785 292.274
v 21.133 66.664 291.591
v 4.014 70.223 293.073
v 3.977 62.914 292.623
v 11.061 59.971 292.19
v 17.102 64.785 292.274
v 3.977 62.914 292.623
v 3.93 53.441 291.427
v 11.061 59.971 292.19
v -3.1 65.409 279.655
v 4.012 68.28 280.096
v 3.963 58.388 278.381
v -3.1 65.409 279.655
v -9.088 71.294 281.18
v 4.053 76.6 281.996
v 4.012 68.28 280.096
v -9.088 71.294 281.18
v -13.088 75.584 282.791
v 4.082 82.516 283.857
v 4.053 76.6 281.996
v -13.088 75.584 282.791
v -14.49 77.811 284.269
v 4.095 85.315 285.423
v 4.082 82.516 283.857
v -14.49 77.811 284.269
v -14.495 77.088 286.111
v 4.09 84.591 287.265
v 4.095 85.315 285.423
v -14.495 77.088 286.111
v -14.502 75.808 287.87
v 4.083 83.312 289.023
v 4.09 84.591 287.265
v -14.502 75.808 287.87
v -14.517 73.106 289.414
v 4.068 80.609 290.568
v 4.083 83.312 289.023
v -14.517 73.106 289.414
v -14.533 70.114 290.916
v 4.052 77.617 292.069
v 4.068 80.609 290.568
v -14.533 70.114 290.916
v -13.138 66.837 291.57
v 4.032 73.769 292.636
v 4.052 77.617 292.069
v -13.138 66.837 291.57
v -9.127 64.917 292.258
v 4.014 70.223 293.073
v 4.032 73.769 292.636
v -9.127 64.917 292.258
v -3.135 60.043 292.182
v 3.977 62.914 292.623
v 4.014 70.223 293.073
v -3.135 60.043 292.182
v 3.93 53.441 291.427
v 3.977 62.914 292.623
v -6.075 58.405 278.598
v -3.1 65.409 279.655
v 3.963 58.388 278.381
v -6.075 58.405 278.598
v -14.585 58.352 279.227
v -9.088 71.294 281.18
v -3.1 65.409 279.655
v -14.585 58.352 279.227
v -20.27 58.675 280.239
v -13.088 75.584 282.791
v -9.088 71.294 281.18
v -20.27 58.675 280.239
v -22.263 59.509 281.507
v -14.49 77.811 284.269
v -13.088 75.584 282.791
v -22.263 59.509 281.507
v -22.268 58.786 283.349
v -14.495 77.088 286.111
v -14.49 77.811 284.269
v -22.268 58.786 283.349
v -22.275 57.506 285.107
v -14.502 75.808 287.87
v -14.495 77.088 286.111
v -22.275 57.506 285.107
v -22.29 54.804 286.652
v -14.517 73.106 289.414
v -14.502 75.808 287.87
v -22.29 54.804 286.652
v -22.306 51.812 288.153
v -14.533 70.114 290.916
v -14.517 73.106 289.414
v -22.306 51.812 288.153
v -20.305 52.847 289.457
v -13.138 66.837 291.57
v -14.533 70.114 290.916
v -20.305 52.847 289.457
v -14.624 51.975 290.304
v -9.127 64.917 292.258
v -13.138 66.837 291.57
v -14.624 51.975 290.304
v -6.109 53.039 291.125
v -3.135 60.043 292.182
v -9.127 64.917 292.258
v -6.109 53.039 291.125
v 3.93 53.441 291.427
v -3.135 60.043 292.182
v -3.169 51.371 277.544
v -6.075 58.405 278.598
v 3.963 58.388 278.381
v -3.169 51.371 277.544
v -9.217 45.356 277.28
v -14.585 58.352 279.227
v -6.075 58.405 278.598
v -9.217 45.356 277.28
v -13.256 41.694 277.695
v -20.27 58.675 280.239
v -14.585 58.352 279.227
v -13.256 41.694 277.695
v -14.672 41.13 278.753
v -22.263 59.509 281.507
v -20.27 58.675 280.239
v -14.672 41.13 278.753
v -14.676 40.406 280.596
v -22.268 58.786 283.349
v -22.263 59.509 281.507
v -14.676 40.406 280.596
v -14.684 39.127 282.354
v -22.275 57.506 285.107
v -22.268 58.786 283.349
v -14.684 39.127 282.354
v -14.698 36.424 283.899
v -22.29 54.804 286.652
v -22.275 57.506 285.107
v -14.698 36.424 283.899
v -14.714 33.432 285.4
v -22.306 51.812 288.153
v -22.29 54.804 286.652
v -14.714 33.432 285.4
v -13.291 35.867 286.913
v -20.305 52.847 289.457
v -22.306 51.812 288.153
v -13.291 35.867 286.913
v -9.241 41.899 288.797
v -14.624 51.975 290.304
v -20.305 52.847 289.457
v -9.241 41.899 288.797
v -3.204 46.005 290.071
v -6.109 53.039 291.125
v -14.624 51.975 290.304
v -3.204 46.005 290.071
v 3.93 53.441 291.427
v -6.109 53.039 291.125
v 3.914 48.428 277.111
v -3.169 51.371 277.544
v 3.963 58.388 278.381
v 3.914 48.428 277.111
v 3.871 39.918 276.48
v -9.217 45.356 277.28
v -3.169 51.371 277.544
v 3.871 39.918 276.48
v 3.844 34.589 276.65
v -13.256 41.694 277.695
v -9.217 45.356 277.28
v 3.844 34.589 276.65
v 3.838 33.439 277.622
v -14.672 41.13 278.753
v -13.256 41.694 277.695
v 3.838 33.439 277.622
v 3.833 32.715 279.465
v -14.676 40.406 280.596
v -14.672 41.13 278.753
v 3.833 32.715 279.465
v 3.826 31.436 281.223
v -14.684 39.127 282.354
v -14.676 40.406 280.596
v 3.826 31.436 281.223
v 3.811 28.733 282.768
v -14.698 36.424 283.899
v -14.684 39.127 282.354
v 3.811 28.733 282.768
v 3.795 25.742 284.269
v -14.714 33.432 285.4
v -14.698 36.424 283.899
v 3.795 25.742 284.269
v 3.809 28.762 285.868
v -13.291 35.867 286.913
v -14.714 33.432 285.4
v 3.809 28.762 285.868
v 3.847 36.461 287.997
v -9.241 41.899 288.797
v -13.291 35.867 286.913
v 3.847 36.461 287.997
v 3.879 43.062 289.638
v -3.204 46.005 290.071
v -9.241 41.899 288.797
v 3.879 43.062 289.638
v 3.93 53.441 291.427
v -3.204 46.005 290.071
v 11.026 51.3 277.553
v 3.914 48.428 277.111
v 3.963 58.388 278.381
v 11.026 51.3 277.553
v 17.013 45.224 277.296
v 3.871 39.918 276.48
v 3.914 48.428 277.111
v 17.013 45.224 277.296
v 21.014 41.521 277.716
v 3.844 34.589 276.65
v 3.871 39.918 276.48
v 21.014 41.521 277.716
v 22.423 40.942 278.776
v 3.838 33.439 277.622
v 3.844 34.589 276.65
v 22.423 40.942 278.776
v 22.418 40.219 280.618
v 3.833 32.715 279.465
v 3.838 33.439 277.622
v 22.418 40.219 280.618
v 22.41 38.939 282.377
v 3.826 31.436 281.223
v 3.833 32.715 279.465
v 22.41 38.939 282.377
v 22.396 36.237 283.921
v 3.811 28.733 282.768
v 3.826 31.436 281.223
v 22.396 36.237 283.921
v 22.38 33.245 285.423
v 3.795 25.742 284.269
v 3.811 28.733 282.768
v 22.38 33.245 285.423
v 20.979 35.694 286.934
v 3.809 28.762 285.868
v 3.795 25.742 284.269
v 20.979 35.694 286.934
v 16.988 41.766 288.813
v 3.847 36.461 287.997
v 3.809 28.762 285.868
v 16.988 41.766 288.813
v 10.991 45.934 290.08
v 3.879 43.062 289.638
v 3.847 36.461 287.997
v 10.991 45.934 290.08
v 3.93 53.441 291.427
v 3.879 43.062 289.638
v 14.001 58.303 278.61
v 11.026 51.3 277.553
v 3.963 58.388 278.381
v 14.001 58.303 278.61
v 22.509 58.165 279.249
v 17.013 45.224 277.296
v 11.026 51.3 277.553
v 22.509 58.165 279.249
v 28.196 58.43 280.268
v 21.014 41.521 277.716
v 17.013 45.224 277.296
v 28.196 58.43 280.268
v 30.196 59.245 281.538
v 22.423 40.942 278.776
v 21.014 41.521 277.716
v 30.196 59.245 281.538
v 30.191 58.521 283.381
v 22.418 40.219 280.618
v 22.423 40.942 278.776
v 30.191 58.521 283.381
v 30.183 57.242 285.139
v 22.41 38.939 282.377
v 22.418 40.219 280.618
v 30.183 57.242 285.139
v 30.169 54.539 286.684
v 22.396 36.237 283.921
v 22.41 38.939 282.377
v 30.169 54.539 286.684
v 30.153 51.547 288.185
v 22.38 33.245 285.423
v 22.396 36.237 283.921
v 30.153 51.547 288.185
v 28.146 49.683 289.047
v 20.979 35.694 286.934
v 22.38 33.245 285.423
v 28.146 49.683 289.047
v 22.47 51.788 290.327
v 16.988 41.766 288.813
v 20.979 35.694 286.934
v 22.47 51.788 290.327
v 13.966 52.938 291.137
v 10.991 45.934 290.08
v 16.988 41.766 288.813
v 13.966 52.938 291.137
v 3.93 53.441 291.427
v 10.991 45.934 290.08
v -25.977 43.9 -305.247
v -118.951 39.234 -375.931
v -118.951 31.654 -375.931
v -25.977 26.989 -305.247
v -39.999 41.597 -376.052
v -104.769 38.347 -389.06
v -104.769 38.347 -382.938
v -39.999 41.597 -333.695
v -25.977 26.989 -387.62
v -118.951 31.654 -406.292
v -118.951 39.234 -406.292
v -25.977 43.9 -387.62
v -25.977 26.989 -305.247
v -118.951 31.654 -375.931
v -118.951 31.654 -406.292
v -25.977 26.989 -387.62
v -118.951 39.234 -375.931
v -118.951 39.234 -406.292
v -118.951 31.654 -406.292
v -118.951 31.654 -375.931
v -25.977 43.9 -387.62
v -25.977 43.9 -305.247
v -25.977 26.989 -305.247
v -25.977 26.989 -387.62
v -25.977 43.9 -387.62
v -40.079 43.192 -376.052
v -40.079 43.192 -333.695
v -25.977 43.9 -305.247
v -118.951 39.234 -406.292
v -104.849 39.942 -389.06
v -40.079 43.192 -376.052
v -25.977 43.9 -387.62
v -118.951 39.234 -375.931
v -104.849 39.942 -382.938
v -104.849 39.942 -389.06
v -118.951 39.234 -406.292
v -25.977 43.9 -305.247
v -40.079 43.192 -333.695
v -104.849 39.942 -382.938
v -118.951 39.234 -375.931
v -40.079 43.192 -376.052
v -39.999 41.597 -376.052
v -39.999 41.597 -333.695
v -40.079 43.192 -333.695
v -104.849 39.942 -389.06
v -104.769 38.347 -389.06
v -39.999 41.597 -376.052
v -40.079 43.192 -376.052
v -104.849 39.942 -382.938
v -104.769 38.347 -382.938
v -104.769 38.347 -389.06
v -104.849 39.942 -389.06
v -40.079 43.192 -333.695
v -39.999 41.597 -333.695
v -104.769 38.347 -382.938
v -104.849 39.942 -382.938
v 34.944 26.989 -297.48
v 127.918 31.654 -368.164
v 127.918 39.234 -368.164
v 34.944 43.9 -297.48
v 34.944 26.989 -379.853
v 127.918 31.654 -398.525
v 127.918 31.654 -368.164
v 34.944 26.989 -297.48
v 34.944 43.9 -379.853
v 127.918 39.234 -398.525
v 127.918 31.654 -398.525
v 34.944 26.989 -379.853
v 48.965 41.597 -325.929
v 113.736 38.347 -375.171
v 113.736 38.347 -381.293
v 48.965 41.597 -368.285
v 127.918 31.654 -368.164
v 127.918 31.654 -398.525
v 127.918 39.234 -398.525
v 127.918 39.234 -368.164
v 34.944 26.989 -379.853
v 34.944 26.989 -297.48
v 34.944 43.9 -297.48
v 34.944 43.9 -379.853
v 34.944 43.9 -297.48
v 49.045 43.192 -325.929
v 49.045 43.192 -368.285
v 34.944 43.9 -379.853
v 127.918 39.234 -368.164
v 113.816 39.942 -375.171
v 49.045 43.192 -325.929
v 34.944 43.9 -297.48
v 127.918 39.234 -398.525
v 113.816 39.942 -381.293
v 113.816 39.942 -375.171
v 127.918 39.234 -368.164
v 34.944 43.9 -379.853
v 49.045 43.192 -368.285
v 113.816 39.942 -381.293
v 127.918 39.234 -398.525
v 49.045 43.192 -325.929
v 48.965 41.597 -325.929
v 48.965 41.597 -368.285
v 49.045 43.192 -368.285
v 113.816 39.942 -375.171
v 113.736 38.347 -375.171
v 48.965 41.597 -325.929
v 49.045 43.192 -325.929
v 113.816 39.942 -381.293
v 113.736 38.347 -381.293
v 113.736 38.347 -375.171
v 113.816 39.942 -375.171
v 49.045 43.192 -368.285
v 48.965 41.597 -368.285
v 113.736 38.347 -381.293
v 113.816 39.942 -381.293
v 10.366 42.642 -293.184
v 5.701 135.615 -363.868
v -1.879 135.615 -363.868
v -6.544 42.642 -293.184
v 8.355 48.927 -370.332
v 4.329 129.16 -386.445
v 4.329 129.16 -367.034
v 8.355 48.927 -306.035
v -6.544 42.642 -375.557
v -1.879 135.615 -394.229
v 5.701 135.615 -394.229
v 10.366 42.642 -375.557
v -4.533 48.927 -306.035
v -0.507 129.16 -367.034
v -0.507 129.16 -386.445
v -4.533 48.927 -370.332
v 5.701 135.615 -363.868
v 5.701 135.615 -394.229
v -1.879 135.615 -394.229
v -1.879 135.615 -363.868
v 10.366 42.642 -375.557
v 10.366 42.642 -293.184
v -6.544 42.642 -293.184
v -6.544 42.642 -375.557
v 10.366 42.642 -375.557
v 10.047 49.012 -370.332
v 10.047 49.012 -306.035
v 10.366 42.642 -293.184
v 5.701 135.615 -394.229
v 6.021 129.245 -386.445
v 10.047 49.012 -370.332
v 10.366 42.642 -375.557
v 5.701 135.615 -363.868
v 6.021 129.245 -367.034
v 6.021 129.245 -386.445
v 5.701 135.615 -394.229
v 10.366 42.642 -293.184
v 10.047 49.012 -306.035
v 6.021 129.245 -367.034
v 5.701 135.615 -363.868
v -6.544 42.642 -293.184
v -6.225 49.012 -306.035
v -6.225 49.012 -370.332
v -6.544 42.642 -375.557
v -1.879 135.615 -363.868
v -2.199 129.245 -367.034
v -6.225 49.012 -306.035
v -6.544 42.642 -293.184
v -1.879 135.615 -394.229
v -2.199 129.245 -386.445
v -2.199 129.245 -367.034
v -1.879 135.615 -363.868
v -6.544 42.642 -375.557
v -6.225 49.012 -370.332
v -2.199 129.245 -386.445
v -1.879 135.615 -394.229
v 10.047 49.012 -370.332
v 8.355 48.927 -370.332
v 8.355 48.927 -306.035
v 10.047 49.012 -306.035
v 6.021 129.245 -386.445
v 4.329 129.16 -386.445
v 8.355 48.927 -370.332
v 10.047 49.012 -370.332
v 6.021 129.245 -367.034
v 4.329 129.16 -367.034
v 4.329 129.16 -386.445
v 6.021 129.245 -386.445
v 10.047 49.012 -306.035
v 8.355 48.927 -306.035
v 4.329 129.16 -367.034
v 6.021 129.245 -367.034
v -6.225 49.012 -306.035
v -4.533 48.927 -306.035
v -4.533 48.927 -370.332
v -6.225 49.012 -370.332
v -2.199 129.245 -367.034
v -0.507 129.16 -367.034
v -4.533 48.927 -306.035
v -6.225 49.012 -306.035
v -2.199 129.245 -386.445
v -0.507 129.16 -386.445
v -0.507 129.16 -367.034
v -2.199 129.245 -367.034
v -6.225 49.012 -370.332
v -4.533 48.927 -370.332
v -0.507 129.16 -386.445
v -2.199 129.245 -386.445
v 11.132 68.42 244.897
v 14.037 61.386 243.844
v 4.002 61.734 241.863
v 11.132 68.42 244.897
v 17.171 73.494 251.418
v 22.539 60.498 249.472
v 14.037 61.386 243.844
v 17.171 73.494 251.418
v 21.202 76.621 260.499
v 28.215 59.64 257.956
v 22.539 60.498 249.472
v 21.202 76.621 260.499
v 22.612 77.51 270.785
v 30.203 59.13 268.032
v 28.215 59.64 257.956
v 22.612 77.51 270.785
v 22.587 74.531 287.63
v 30.178 56.151 284.876
v 30.203 59.13 268.032
v 22.587 74.531 287.63
v 22.559 70.996 304.39
v 30.15 52.616 301.637
v 30.178 56.151 284.876
v 22.559 70.996 304.39
v 22.523 66.038 320.937
v 30.115 47.658 318.184
v 30.15 52.616 301.637
v 22.523 66.038 320.937
v 22.487 60.79 337.44
v 30.079 42.411 334.687
v 30.115 47.658 318.184
v 22.487 60.79 337.44
v 21.046 56.203 346.899
v 28.06 39.223 344.355
v 30.079 42.411 334.687
v 21.046 56.203 346.899
v 17.006 53.201 355.047
v 22.374 40.205 353.1
v 28.06 39.223 344.355
v 17.006 53.201 355.047
v 10.957 47.638 359.952
v 13.862 40.604 358.898
v 22.374 40.205 353.1
v 10.957 47.638 359.952
v 3.825 40.844 360.94
v 13.862 40.604 358.898
v 4.049 71.363 245.33
v 11.132 68.42 244.897
v 4.002 61.734 241.863
v 4.049 71.363 245.33
v 4.083 78.932 252.218
v 17.171 73.494 251.418
v 11.132 68.42 244.897
v 4.083 78.932 252.218
v 4.101 83.726 261.544
v 21.202 76.621 260.499
v 17.171 73.494 251.418
v 4.101 83.726 261.544
v 4.102 85.201 271.917
v 22.612 77.51 270.785
v 21.202 76.621 260.499
v 4.102 85.201 271.917
v 4.077 82.222 288.761
v 22.587 74.531 287.63
v 22.612 77.51 270.785
v 4.077 82.222 288.761
v 4.049 78.686 305.521
v 22.559 70.996 304.39
v 22.587 74.531 287.63
v 4.049 78.686 305.521
v 4.014 73.728 322.068
v 22.523 66.038 320.937
v 22.559 70.996 304.39
v 4.014 73.728 322.068
v 3.978 68.481 338.571
v 22.487 60.79 337.44
v 22.523 66.038 320.937
v 3.978 68.481 338.571
v 3.946 63.308 347.944
v 21.046 56.203 346.899
v 22.487 60.79 337.44
v 3.946 63.308 347.944
v 3.917 58.639 355.847
v 17.006 53.201 355.047
v 21.046 56.203 346.899
v 3.917 58.639 355.847
v 3.874 50.581 360.385
v 10.957 47.638 359.952
v 17.006 53.201 355.047
v 3.874 50.581 360.385
v 3.825 40.844 360.94
v 10.957 47.638 359.952
v -3.063 68.491 244.889
v 4.049 71.363 245.33
v 4.002 61.734 241.863
v -3.063 68.491 244.889
v -9.059 73.626 251.403
v 4.083 78.932 252.218
v 4.049 71.363 245.33
v -9.059 73.626 251.403
v -13.069 76.794 260.479
v 4.101 83.726 261.544
v 4.083 78.932 252.218
v -13.069 76.794 260.479
v -14.482 77.697 270.763
v 4.102 85.201 271.917
v 4.101 83.726 261.544
v -14.482 77.697 270.763
v -14.508 74.718 287.607
v 4.077 82.222 288.761
v 4.102 85.201 271.917
v -14.508 74.718 287.607
v -14.536 71.183 304.368
v 4.049 78.686 305.521
v 4.077 82.222 288.761
v -14.536 71.183 304.368
v -14.571 66.225 320.914
v 4.014 73.728 322.068
v 4.049 78.686 305.521
v -14.571 66.225 320.914
v -14.607 60.977 337.417
v 3.978 68.481 338.571
v 4.014 73.728 322.068
v -14.607 60.977 337.417
v -13.224 56.376 346.878
v 3.946 63.308 347.944
v 3.978 68.481 338.571
v -13.224 56.376 346.878
v -9.224 53.334 355.031
v 3.917 58.639 355.847
v 3.946 63.308 347.944
v -9.224 53.334 355.031
v -3.238 47.709 359.943
v 3.874 50.581 360.385
v 3.917 58.639 355.847
v -3.238 47.709 359.943
v 3.825 40.844 360.94
v 3.874 50.581 360.385
v -6.038 61.487 243.832
v -3.063 68.491 244.889
v 4.002 61.734 241.863
v -6.038 61.487 243.832
v -14.555 60.685 249.449
v -9.059 73.626 251.403
v -3.063 68.491 244.889
v -14.555 60.685 249.449
v -20.25 59.885 257.926
v -13.069 76.794 260.479
v -9.059 73.626 251.403
v -20.25 59.885 257.926
v -22.256 59.395 268
v -14.482 77.697 270.763
v -13.069 76.794 260.479
v -22.256 59.395 268
v -22.281 56.416 284.845
v -14.508 74.718 287.607
v -14.482 77.697 270.763
v -22.281 56.416 284.845
v -22.309 52.881 301.605
v -14.536 71.183 304.368
v -14.508 74.718 287.607
v -22.309 52.881 301.605
v -22.344 47.923 318.152
v -14.571 66.225 320.914
v -14.536 71.183 304.368
v -22.344 47.923 318.152
v -22.38 42.675 334.655
v -14.607 60.977 337.417
v -14.571 66.225 320.914
v -22.38 42.675 334.655
v -20.391 42.387 344.765
v -13.224 56.376 346.878
v -14.607 60.977 337.417
v -20.391 42.387 344.765
v -14.72 40.392 353.078
v -9.224 53.334 355.031
v -13.224 56.376 346.878
v -14.72 40.392 353.078
v -6.213 40.706 358.886
v -3.238 47.709 359.943
v -9.224 53.334 355.031
v -6.213 40.706 358.886
v 3.825 40.844 360.94
v -3.238 47.709 359.943
v -3.133 54.454 242.778
v -6.038 61.487 243.832
v 4.002 61.734 241.863
v -3.133 54.454 242.778
v -9.187 47.688 247.502
v -14.555 60.685 249.449
v -6.038 61.487 243.832
v -9.187 47.688 247.502
v -13.237 42.904 255.383
v -20.25 59.885 257.926
v -14.555 60.685 249.449
v -13.237 42.904 255.383
v -14.664 41.015 265.247
v -22.256 59.395 268
v -20.25 59.885 257.926
v -14.664 41.015 265.247
v -14.689 38.036 282.091
v -22.281 56.416 284.845
v -22.256 59.395 268
v -14.689 38.036 282.091
v -14.717 34.501 298.852
v -22.309 52.881 301.605
v -22.281 56.416 284.845
v -14.717 34.501 298.852
v -14.752 29.543 315.399
v -22.344 47.923 318.152
v -22.309 52.881 301.605
v -14.752 29.543 315.399
v -14.789 24.295 331.902
v -22.38 42.675 334.655
v -22.344 47.923 318.152
v -14.789 24.295 331.902
v -13.378 25.406 342.221
v -20.391 42.387 344.765
v -22.38 42.675 334.655
v -13.378 25.406 342.221
v -9.338 30.315 351.57
v -14.72 40.392 353.078
v -20.391 42.387 344.765
v -9.338 30.315 351.57
v -3.307 33.672 357.833
v -6.213 40.706 358.886
v -14.72 40.392 353.078
v -3.307 33.672 357.833
v 3.825 40.844 360.94
v -6.213 40.706 358.886
v 3.95 51.511 242.345
v -3.133 54.454 242.778
v 4.002 61.734 241.863
v 3.95 51.511 242.345
v 3.901 42.25 246.703
v -9.187 47.688 247.502
v -3.133 54.454 242.778
v 3.901 42.25 246.703
v 3.864 35.799 254.338
v -13.237 42.904 255.383
v -9.187 47.688 247.502
v 3.864 35.799 254.338
v 3.846 33.325 264.116
v -14.664 41.015 265.247
v -13.237 42.904 255.383
v 3.846 33.325 264.116
v 3.82 30.346 280.96
v -14.689 38.036 282.091
v -14.664 41.015 265.247
v 3.82 30.346 280.96
v 3.792 26.811 297.721
v -14.717 34.501 298.852
v -14.689 38.036 282.091
v 3.792 26.811 297.721
v 3.757 21.852 314.267
v -14.752 29.543 315.399
v -14.717 34.501 298.852
v 3.757 21.852 314.267
v 3.721 16.605 330.771
v -14.789 24.295 331.902
v -14.752 29.543 315.399
v 3.721 16.605 330.771
v 3.723 18.301 341.176
v -13.378 25.406 342.221
v -14.789 24.295 331.902
v 3.723 18.301 341.176
v 3.75 24.877 350.77
v -9.338 30.315 351.57
v -13.378 25.406 342.221
v 3.75 24.877 350.77
v 3.776 30.729 357.4
v -3.307 33.672 357.833
v -9.338 30.315 351.57
v 3.776 30.729 357.4
v 3.825 40.844 360.94
v -3.307 33.672 357.833
v 11.063 54.382 242.787
v 3.95 51.511 242.345
v 4.002 61.734 241.863
v 11.063 54.382 242.787
v 17.042 47.556 247.518
v 3.901 42.25 246.703
v 3.95 51.511 242.345
v 17.042 47.556 247.518
v 21.034 42.731 255.404
v 3.864 35.799 254.338
v 3.901 42.25 246.703
v 21.034 42.731 255.404
v 22.43 40.828 265.27
v 3.846 33.325 264.116
v 3.864 35.799 254.338
v 22.43 40.828 265.27
v 22.405 37.849 282.114
v 3.82 30.346 280.96
v 3.846 33.325 264.116
v 22.405 37.849 282.114
v 22.377 34.314 298.874
v 3.792 26.811 297.721
v 3.82 30.346 280.96
v 22.377 34.314 298.874
v 22.342 29.356 315.421
v 3.757 21.852 314.267
v 3.792 26.811 297.721
v 22.342 29.356 315.421
v 22.305 24.108 331.924
v 3.721 16.605 330.771
v 3.757 21.852 314.267
v 22.305 24.108 331.924
v 20.893 25.233 342.242
v 3.723 18.301 341.176
v 3.721 16.605 330.771
v 20.893 25.233 342.242
v 16.892 30.183 351.586
v 3.75 24.877 350.77
v 3.723 18.301 341.176
v 16.892 30.183 351.586
v 10.888 33.6 357.841
v 3.776 30.729 357.4
v 3.75 24.877 350.77
v 10.888 33.6 357.841
v 3.825 40.844 360.94
v 3.776 30.729 357.4
v 14.037 61.386 243.844
v 11.063 54.382 242.787
v 4.002 61.734 241.863
v 14.037 61.386 243.844
v 22.539 60.498 249.472
v 17.042 47.556 247.518
v 11.063 54.382 242.787
v 22.539 60.498 249.472
v 28.215 59.64 257.956
v 21.034 42.731 255.404
v 17.042 47.556 247.518
v 28.215 59.64 257.956
v 30.203 59.13 268.032
v 22.43 40.828 265.27
v 21.034 42.731 255.404
v 30.203 59.13 268.032
v 30.178 56.151 284.876
v 22.405 37.849 282.114
v 22.43 40.828 265.27
v 30.178 56.151 284.876
v 30.15 52.616 301.637
v 22.377 34.314 298.874
v 22.405 37.849 282.114
v 30.15 52.616 301.637
v 30.115 47.658 318.184
v 22.342 29.356 315.421
v 22.377 34.314 298.874
v 30.115 47.658 318.184
v 30.079 42.411 334.687
v 22.305 24.108 331.924
v 22.342 29.356 315.421
v 30.079 42.411 334.687
v 28.06 39.223 344.355
v 20.893 25.233 342.242
v 22.305 24.108 331.924
v 28.06 39.223 344.355
v 22.374 40.205 353.1
v 16.892 30.183 351.586
v 20.893 25.233 342.242
v 22.374 40.205 353.1
v 13.862 40.604 358.898
v 10.888 33.6 357.841
v 16.892 30.183 351.586
v 13.862 40.604 358.898
v 3.825 40.844 360.94
v 10.888 33.6 357.841
v 25.4 43.664 -363.535
v 28.529 32.339 -363.501
v 4.134 37.333 -363.508
v 68.195 28.083 -214.64
v 57.939 41.282 -214.554
v 471.829 40.298 -208.963
v 473.167 33.198 -212.721
v 16.948 39.571 416.637
v 5.801 34.569 416.637
v 20.871 30.675 416.637
v -20.704 44.153 -363.54
v 25.4 43.664 -363.535
v 4.134 37.333 -363.508
v -30.638 59.977 -222.737
v -37.365 64.431 205.394
v 38.717 66.37 205.394
v 35.794 58.735 -222.737
v -5.114 39.987 416.637
v 5.801 34.569 416.637
v 16.948 39.571 416.637
v -22.536 34.778 -363.505
v -20.704 44.153 -363.54
v 4.134 37.333 -363.508
v -53.519 45.568 -215.39
v -64.335 34.417 -215.469
v -473.167 31.896 -216.235
v -470.71 40.009 -215.312
v -9.145 31.51 416.637
v 5.801 34.569 416.637
v -5.114 39.987 416.637
v 3.725 26.109 -363.515
v -22.536 34.778 -363.505
v 4.134 37.333 -363.508
v 3.171 10.889 -402.082
v 5.884 4.976 219.589
v -70.647 27.993 220.314
v -39.365 24.93 -402.082
v 5.086 23.81 416.637
v 5.801 34.569 416.637
v -9.145 31.51 416.637
v 28.529 32.339 -363.501
v 3.725 26.109 -363.515
v 4.134 37.333 -363.508
v 46.614 21.8 -402.082
v 66.9 16.08 220.635
v 5.884 4.976 219.589
v 3.171 10.889 -402.082
v 20.871 30.675 416.637
v 5.801 34.569 416.637
v 5.086 23.81 416.637
v 44.294 58.085 217.566
v 54.927 66.577 232.736
v 79.928 18.392 230.526
v 66.9 16.08 220.635
v -49.384 52.011 217.623
v -51.61 66.153 232.686
v 54.927 66.577 232.736
v 44.294 58.085 217.566
v -70.647 27.993 220.314
v -81.243 30.184 230.848
v -51.61 66.153 232.686
v -49.384 52.011 217.623
v 5.884 4.976 219.589
v 4.565 4.378 231.588
v -81.243 30.184 230.848
v -70.647 27.993 220.314
v 66.9 16.08 220.635
v 79.928 18.392 230.526
v 4.565 4.378 231.588
v 5.884 4.976 219.589
v 54.927 66.577 232.736
v 16.948 39.571 416.637
v 20.871 30.675 416.637
v 79.928 18.392 230.526
v -51.61 66.153 232.686
v -5.114 39.987 416.637
v 16.948 39.571 416.637
v 54.927 66.577 232.736
v -81.243 30.184 230.848
v -9.145 31.51 416.637
v -5.114 39.987 416.637
v -51.61 66.153 232.686
v 4.565 4.378 231.588
v 5.086 23.81 416.637
v -9.145 31.51 416.637
v -81.243 30.184 230.848
v 79.928 18.392 230.526
v 20.871 30.675 416.637
v 5.086 23.81 416.637
v 4.565 4.378 231.588
v 36.567 58.173 -402.154
v 57.939 41.282 -214.554
v 68.195 28.083 -214.64
v 46.614 21.8 -402.082
v 38.717 66.37 205.394
v 44.294 58.085 217.566
v 61.172 45.64 61.338
v 66.9 16.08 220.635
v 67.858 29.75 61.425
v 61.172 45.64 61.338
v 44.294 58.085 217.566
v 46.614 21.8 -402.082
v 68.195 28.083 -214.64
v 67.858 29.75 61.425
v 66.9 16.08 220.635
v -39.365 24.93 -402.082
v -64.335 34.417 -215.469
v -53.519 45.568 -215.39
v -32.725 58.909 -402.161
v -70.647 27.993 220.314
v -64.472 34.471 61.159
v -64.335 34.417 -215.469
v -39.365 24.93 -402.082
v -49.384 52.011 217.623
v -56.693 51.309 61.61
v -64.472 34.471 61.159
v -70.647 27.993 220.314
v -37.365 64.431 205.394
v -56.693 51.309 61.61
v -49.384 52.011 217.623
v 57.939 41.282 -214.554
v 35.794 58.735 -222.737
v 38.717 66.37 205.394
v 61.172 45.64 61.338
v 75.981 49.157 35.402
v 456.358 43.689 -174.299
v 464.37 43.042 -203.348
v 73.385 43.838 -210.988
v 458.78 33.786 -165.381
v 473.167 33.198 -212.721
v 471.829 40.298 -208.963
v 458.261 40.634 -166.194
v 68.195 28.083 -214.64
v 473.167 33.198 -212.721
v 458.78 33.786 -165.381
v 67.858 29.75 61.425
v 458.261 40.634 -166.194
v 61.172 45.64 61.338
v 67.858 29.75 61.425
v 458.78 33.786 -165.381
v -64.472 34.471 61.159
v -457.7 27.319 -167.565
v -473.167 31.896 -216.235
v -64.335 34.417 -215.469
v -455.723 35.715 -168.43
v -470.71 40.009 -215.312
v -473.167 31.896 -216.235
v -457.7 27.319 -167.565
v -63.118 50.966 -212.741
v -457.154 40.999 -212.637
v -447.23 40.476 -174.995
v -66.104 54.215 44.517
v -32.725 58.909 -402.161
v -31.073 59.756 -382.945
v 35.943 58.635 -382.945
v 36.567 58.173 -402.154
v -37.365 64.431 205.394
v -30.638 59.977 -222.737
v -53.519 45.568 -215.39
v -56.693 51.309 61.61
v 44.294 58.085 217.566
v 38.717 66.37 205.394
v -37.365 64.431 205.394
v -49.384 52.011 217.623
v 36.567 58.173 -402.154
v 35.943 58.635 -382.945
v 35.794 58.735 -222.737
v 57.939 41.282 -214.554
v -31.073 59.756 -382.945
v -30.638 59.977 -222.737
v 35.794 58.735 -222.737
v 35.943 58.635 -382.945
v -30.638 59.977 -222.737
v -31.073 59.756 -382.945
v -32.725 58.909 -402.161
v -53.519 45.568 -215.39
v -457.7 27.319 -167.565
v -64.472 34.471 61.159
v -56.693 51.309 61.61
v -455.723 35.715 -168.43
v 61.172 45.64 61.338
v 75.981 49.157 35.402
v 73.385 43.838 -210.988
v 57.939 41.282 -214.554
v 458.261 40.634 -166.194
v 456.358 43.689 -174.299
v 75.981 49.157 35.402
v 61.172 45.64 61.338
v 471.829 40.298 -208.963
v 464.37 43.042 -203.348
v 456.358 43.689 -174.299
v 458.261 40.634 -166.194
v 57.939 41.282 -214.554
v 73.385 43.838 -210.988
v 464.37 43.042 -203.348
v 471.829 40.298 -208.963
v -53.519 45.568 -215.39
v -63.118 50.966 -212.741
v -66.104 54.215 44.517
v -56.693 51.309 61.61
v -470.71 40.009 -215.312
v -457.154 40.999 -212.637
v -63.118 50.966 -212.741
v -53.519 45.568 -215.39
v -455.723 35.715 -168.43
v -447.23 40.476 -174.995
v -457.154 40.999 -212.637
v -470.71 40.009 -215.312
v -56.693 51.309 61.61
v -66.104 54.215 44.517
v -447.23 40.476 -174.995
v -455.723 35.715 -168.43
v 46.614 21.8 -402.082
v 34.319 28.964 -402.077
v 28.975 48.31 -402.124
v 36.567 58.173 -402.154
v 36.567 58.173 -402.154
v 28.975 48.31 -402.124
v -24.553 48.878 -402.129
v -32.725 58.909 -402.161
v -32.725 58.909 -402.161
v -24.553 48.878 -402.129
v -27.924 31.625 -402.079
v -39.365 24.93 -402.082
v -39.365 24.93 -402.082
v -27.924 31.625 -402.079
v 3.548 21.236 -402.087
v 3.171 10.889 -402.082
v 3.171 10.889 -402.082
v 3.548 21.236 -402.087
v 34.319 28.964 -402.077
v 46.614 21.8 -402.082
v 34.319 28.964 -402.077
v 34.319 28.964 -413.98
v 28.975 48.31 -414.026
v 28.975 48.31 -402.124
v 28.975 48.31 -402.124
v 28.975 48.31 -414.026
v -24.553 48.878 -414.032
v -24.553 48.878 -402.129
v -24.553 48.878 -402.129
v -24.553 48.878 -414.032
v -27.924 31.625 -413.982
v -27.924 31.625 -402.079
v -27.924 31.625 -402.079
v -27.924 31.625 -413.982
v 3.548 21.236 -413.99
v 3.548 21.236 -402.087
v 3.548 21.236 -402.087
v 3.548 21.236 -413.99
v 34.319 28.964 -413.98
v 34.319 28.964 -402.077
v 34.319 28.964 -413.98
v 28.529 32.339 -413.978
v 25.4 43.664 -414.011
v 28.975 48.31 -414.026
v 28.975 48.31 -414.026
v 25.4 43.664 -414.011
v -20.704 44.153 -414.016
v -24.553 48.878 -414.032
v -24.553 48.878 -414.032
v -20.704 44.153 -414.016
v -22.536 34.778 -413.981
v -27.924 31.625 -413.982
v -27.924 31.625 -413.982
v -22.536 34.778 -413.981
v 3.725 26.109 -413.992
v 3.548 21.236 -413.99
v 3.548 21.236 -413.99
v 3.725 26.109 -413.992
v 28.529 32.339 -413.978
v 34.319 28.964 -413.98
v 28.529 32.339 -413.978
v 28.529 32.339 -363.501
v 25.4 43.664 -363.535
v 25.4 43.664 -414.011
v 25.4 43.664 -414.011
v 25.4 43.664 -363.535
v -20.704 44.153 -363.54
v -20.704 44.153 -414.016
v -20.704 44.153 -414.016
v -20.704 44.153 -363.54
v -22.536 34.778 -363.505
v -22.536 34.778 -413.981
v -22.536 34.778 -413.981
v -22.536 34.778 -363.505
v 3.725 26.109 -363.515
v 3.725 26.109 -413.992
v 3.725 26.109 -413.992
v 3.725 26.109 -363.515
v 28.529 32.339 -363.501
v 28.529 32.339 -413.978
v 399.045 20.317 -171.008
v 399.045 33.436 -184.064
v 394.423 33.436 -184.064
v 394.423 20.317 -171.008
v 399.045 20.317 -192.846
v 399.045 33.436 -197.746
v 399.045 33.436 -184.064
v 399.045 20.317 -171.008
v 394.423 20.317 -192.846
v 394.423 33.436 -197.746
v 399.045 33.436 -197.746
v 399.045 20.317 -192.846
v 394.423 20.317 -171.008
v 394.423 33.436 -184.064
v 394.423 33.436 -197.746
v 394.423 20.317 -192.846
v 399.045 33.436 -184.064
v 399.045 33.436 -197.746
v 394.423 33.436 -197.746
v 394.423 33.436 -184.064
v 399.045 20.317 -192.846
v 399.045 20.317 -171.008
v 394.423 20.317 -171.008
v 394.423 20.317 -192.846
v -396.586 20.317 -171.008
v -396.586 33.436 -184.064
v -401.208 33.436 -184.064
v -401.208 20.317 -171.008
v -396.586 20.317 -192.846
v -396.586 33.436 -197.746
v -396.586 33.436 -184.064
v -396.586 20.317 -171.008
v -401.208 20.317 -192.846
v -401.208 33.436 -197.746
v -396.586 33.436 -197.746
v -396.586 20.317 -192.846
v -401.208 20.317 -171.008
v -401.208 33.436 -184.064
v -401.208 33.436 -197.746
v -401.208 20.317 -192.846
v -396.586 33.436 -184.064
v -396.586 33.436 -197.746
v -401.208 33.436 -197.746
v -401.208 33.436 -184.064
v -396.586 20.317 -192.846
v -396.586 20.317 -171.008
v -401.208 20.317 -171.008
v -401.208 20.317 -192.846
vt 0.967 0.2704
vt 0.9679 0.2726
vt 0.9648 0.2726
vt 0.967 0.2704
vt 0.9689 0.2685
vt 0.9706 0.2726
vt 0.9679 0.2726
vt 0.8808 0.5223
vt 0.882 0.525
vt 0.8767 0.525
vt 0.8767 0.5223
vt 0.882 0.525
vt 0.8825 0.5281
vt 0.8767 0.5281
vt 0.8767 0.525
vt 0.8825 0.5281
vt 0.8825 0.5421
vt 0.8767 0.5421
vt 0.8767 0.5281
vt 0.8825 0.5421
vt 0.8825 0.5561
vt 0.8767 0.5561
vt 0.8767 0.5421
vt 0.8825 0.5561
vt 0.8825 0.5702
vt 0.8767 0.5702
vt 0.8767 0.5561
vt 0.8825 0.5702
vt 0.8825 0.5842
vt 0.8767 0.5842
vt 0.8767 0.5702
vt 0.8825 0.5842
vt 0.882 0.5873
vt 0.8767 0.5873
vt 0.8767 0.5842
vt 0.882 0.5873
vt 0.8808 0.59
vt 0.8767 0.59
vt 0.8767 0.5873
vt 0.9672 0.1851
vt 0.9653 0.1833
vt 0.9662 0.181
vt 0.9689 0.181
vt 0.9653 0.1833
vt 0.963 0.181
vt 0.9662 0.181
vt 0.9648 0.2695
vt 0.967 0.2704
vt 0.9648 0.2726
vt 0.9648 0.2695
vt 0.9648 0.2668
vt 0.9689 0.2685
vt 0.967 0.2704
vt 0.9043 0.8564
vt 0.9043 0.859
vt 0.8989 0.859
vt 0.9002 0.8564
vt 0.9043 0.859
vt 0.9043 0.8622
vt 0.8985 0.8622
vt 0.8989 0.859
vt 0.9043 0.8622
vt 0.9043 0.8762
vt 0.8985 0.8762
vt 0.8985 0.8622
vt 0.9043 0.8762
vt 0.9043 0.8902
vt 0.8985 0.8902
vt 0.8985 0.8762
vt 0.9043 0.8902
vt 0.9043 0.9042
vt 0.8985 0.9042
vt 0.8985 0.8902
vt 0.9043 0.9042
vt 0.9043 0.9182
vt 0.8985 0.9182
vt 0.8985 0.9042
vt 0.9043 0.9182
vt 0.9043 0.9214
vt 0.8989 0.9214
vt 0.8985 0.9182
vt 0.9043 0.9214
vt 0.9043 0.924
vt 0.9002 0.924
vt 0.8989 0.9214
vt 0.963 0.1868
vt 0.963 0.1842
vt 0.9653 0.1833
vt 0.9672 0.1851
vt 0.963 0.1842
vt 0.963 0.181
vt 0.9653 0.1833
vt 0.9625 0.2704
vt 0.9648 0.2695
vt 0.9648 0.2726
vt 0.9625 0.2704
vt 0.9606 0.2685
vt 0.9648 0.2668
vt 0.9648 0.2695
vt 0.9084 0.8564
vt 0.9097 0.859
vt 0.9043 0.859
vt 0.9043 0.8564
vt 0.9097 0.859
vt 0.9101 0.8622
vt 0.9043 0.8622
vt 0.9043 0.859
vt 0.9101 0.8622
vt 0.9101 0.8762
vt 0.9043 0.8762
vt 0.9043 0.8622
vt 0.9101 0.8762
vt 0.9101 0.8902
vt 0.9043 0.8902
vt 0.9043 0.8762
vt 0.9101 0.8902
vt 0.9101 0.9042
vt 0.9043 0.9042
vt 0.9043 0.8902
vt 0.9101 0.9042
vt 0.9101 0.9182
vt 0.9043 0.9182
vt 0.9043 0.9042
vt 0.9101 0.9182
vt 0.9097 0.9214
vt 0.9043 0.9214
vt 0.9043 0.9182
vt 0.9097 0.9214
vt 0.9084 0.924
vt 0.9043 0.924
vt 0.9043 0.9214
vt 0.9589 0.1851
vt 0.9608 0.1833
vt 0.963 0.1842
vt 0.963 0.1868
vt 0.9608 0.1833
vt 0.963 0.181
vt 0.963 0.1842
vt 0.9616 0.2726
vt 0.9625 0.2704
vt 0.9648 0.2726
vt 0.9616 0.2726
vt 0.9589 0.2726
vt 0.9606 0.2685
vt 0.9625 0.2704
vt 0.909 0.2915
vt 0.909 0.2942
vt 0.9036 0.2942
vt 0.9048 0.2915
vt 0.909 0.2942
vt 0.909 0.2973
vt 0.9031 0.2973
vt 0.9036 0.2942
vt 0.909 0.2973
vt 0.909 0.3113
vt 0.9031 0.3113
vt 0.9031 0.2973
vt 0.909 0.3113
vt 0.909 0.3253
vt 0.9031 0.3253
vt 0.9031 0.3113
vt 0.909 0.3253
vt 0.909 0.3393
vt 0.9031 0.3393
vt 0.9031 0.3253
vt 0.909 0.3393
vt 0.909 0.3533
vt 0.9031 0.3533
vt 0.9031 0.3393
vt 0.909 0.3533
vt 0.909 0.3565
vt 0.9036 0.3565
vt 0.9031 0.3533
vt 0.909 0.3565
vt 0.909 0.3592
vt 0.9048 0.3592
vt 0.9036 0.3565
vt 0.9572 0.181
vt 0.9599 0.181
vt 0.9608 0.1833
vt 0.9589 0.1851
vt 0.9599 0.181
vt 0.963 0.181
vt 0.9608 0.1833
vt 0.9625 0.2748
vt 0.9616 0.2726
vt 0.9648 0.2726
vt 0.9625 0.2748
vt 0.9606 0.2767
vt 0.9589 0.2726
vt 0.9616 0.2726
vt 0.9131 0.2915
vt 0.9143 0.2942
vt 0.909 0.2942
vt 0.909 0.2915
vt 0.9143 0.2942
vt 0.9148 0.2973
vt 0.909 0.2973
vt 0.909 0.2942
vt 0.9148 0.2973
vt 0.9148 0.3113
vt 0.909 0.3113
vt 0.909 0.2973
vt 0.9148 0.3113
vt 0.9148 0.3253
vt 0.909 0.3253
vt 0.909 0.3113
vt 0.9148 0.3253
vt 0.9148 0.3393
vt 0.909 0.3393
vt 0.909 0.3253
vt 0.9148 0.3393
vt 0.9148 0.3533
vt 0.909 0.3533
vt 0.909 0.3393
vt 0.9148 0.3533
vt 0.9143 0.3565
vt 0.909 0.3565
vt 0.909 0.3533
vt 0.9143 0.3565
vt 0.9131 0.3592
vt 0.909 0.3592
vt 0.909 0.3565
vt 0.9589 0.1769
vt 0.9608 0.1788
vt 0.9599 0.181
vt 0.9572 0.181
vt 0.9608 0.1788
vt 0.963 0.181
vt 0.9599 0.181
vt 0.9648 0.2758
vt 0.9625 0.2748
vt 0.9648 0.2726
vt 0.9648 0.2758
vt 0.9648 0.2784
vt 0.9606 0.2767
vt 0.9625 0.2748
vt 0.8767 0.6894
vt 0.8767 0.692
vt 0.8713 0.692
vt 0.8725 0.6894
vt 0.8767 0.692
vt 0.8767 0.6952
vt 0.8708 0.6952
vt 0.8713 0.692
vt 0.8767 0.6952
vt 0.8767 0.7092
vt 0.8708 0.7092
vt 0.8708 0.6952
vt 0.8767 0.7092
vt 0.8767 0.7232
vt 0.8708 0.7232
vt 0.8708 0.7092
vt 0.8767 0.7232
vt 0.8767 0.7372
vt 0.8708 0.7372
vt 0.8708 0.7232
vt 0.8767 0.7372
vt 0.8767 0.7512
vt 0.8708 0.7512
vt 0.8708 0.7372
vt 0.8767 0.7512
vt 0.8767 0.7543
vt 0.8713 0.7543
vt 0.8708 0.7512
vt 0.8767 0.7543
vt 0.8767 0.757
vt 0.8725 0.757
vt 0.8713 0.7543
vt 0.963 0.1752
vt 0.963 0.1779
vt 0.9608 0.1788
vt 0.9589 0.1769
vt 0.963 0.1779
vt 0.963 0.181
vt 0.9608 0.1788
vt 0.967 0.2748
vt 0.9648 0.2758
vt 0.9648 0.2726
vt 0.967 0.2748
vt 0.9689 0.2767
vt 0.9648 0.2784
vt 0.9648 0.2758
vt 0.8808 0.6894
vt 0.882 0.692
vt 0.8767 0.692
vt 0.8767 0.6894
vt 0.882 0.692
vt 0.8825 0.6952
vt 0.8767 0.6952
vt 0.8767 0.692
vt 0.8825 0.6952
vt 0.8825 0.7092
vt 0.8767 0.7092
vt 0.8767 0.6952
vt 0.8825 0.7092
vt 0.8825 0.7232
vt 0.8767 0.7232
vt 0.8767 0.7092
vt 0.8825 0.7232
vt 0.8825 0.7372
vt 0.8767 0.7372
vt 0.8767 0.7232
vt 0.8825 0.7372
vt 0.8825 0.7512
vt 0.8767 0.7512
vt 0.8767 0.7372
vt 0.8825 0.7512
vt 0.882 0.7543
vt 0.8767 0.7543
vt 0.8767 0.7512
vt 0.882 0.7543
vt 0.8808 0.757
vt 0.8767 0.757
vt 0.8767 0.7543
vt 0.9672 0.1769
vt 0.9653 0.1788
vt 0.963 0.1779
vt 0.963 0.1752
vt 0.9653 0.1788
vt 0.963 0.181
vt 0.963 0.1779
vt 0.9679 0.2726
vt 0.967 0.2748
vt 0.9648 0.2726
vt 0.9679 0.2726
vt 0.9706 0.2726
vt 0.9689 0.2767
vt 0.967 0.2748
vt 0.8767 0.5223
vt 0.8767 0.525
vt 0.8713 0.525
vt 0.8725 0.5223
vt 0.8767 0.525
vt 0.8767 0.5281
vt 0.8708 0.5281
vt 0.8713 0.525
vt 0.8767 0.5281
vt 0.8767 0.5421
vt 0.8708 0.5421
vt 0.8708 0.5281
vt 0.8767 0.5421
vt 0.8767 0.5561
vt 0.8708 0.5561
vt 0.8708 0.5421
vt 0.8767 0.5561
vt 0.8767 0.5702
vt 0.8708 0.5702
vt 0.8708 0.5561
vt 0.8767 0.5702
vt 0.8767 0.5842
vt 0.8708 0.5842
vt 0.8708 0.5702
vt 0.8767 0.5842
vt 0.8767 0.5873
vt 0.8713 0.5873
vt 0.8708 0.5842
vt 0.8767 0.5873
vt 0.8767 0.59
vt 0.8725 0.59
vt 0.8713 0.5873
vt 0.9689 0.181
vt 0.9662 0.181
vt 0.9653 0.1788
vt 0.9672 0.1769
vt 0.9662 0.181
vt 0.963 0.181
vt 0.9653 0.1788
vt 0.2932 0.0413
vt 0.2941 0.0435
vt 0.291 0.0435
vt 0.2932 0.0413
vt 0.2951 0.0394
vt 0.2968 0.0435
vt 0.2941 0.0435
vt 0.8808 0.8564
vt 0.882 0.859
vt 0.8767 0.859
vt 0.8767 0.8564
vt 0.882 0.859
vt 0.8825 0.8622
vt 0.8767 0.8622
vt 0.8767 0.859
vt 0.8825 0.8622
vt 0.8825 0.8762
vt 0.8767 0.8762
vt 0.8767 0.8622
vt 0.8825 0.8762
vt 0.8825 0.8902
vt 0.8767 0.8902
vt 0.8767 0.8762
vt 0.8825 0.8902
vt 0.8825 0.9042
vt 0.8767 0.9042
vt 0.8767 0.8902
vt 0.8825 0.9042
vt 0.8825 0.9182
vt 0.8767 0.9182
vt 0.8767 0.9042
vt 0.8825 0.9182
vt 0.882 0.9214
vt 0.8767 0.9214
vt 0.8767 0.9182
vt 0.882 0.9214
vt 0.8808 0.924
vt 0.8767 0.924
vt 0.8767 0.9214
vt 0.6045 0.0666
vt 0.6026 0.0647
vt 0.6035 0.0625
vt 0.6062 0.0625
vt 0.6026 0.0647
vt 0.6003 0.0625
vt 0.6035 0.0625
vt 0.291 0.0404
vt 0.2932 0.0413
vt 0.291 0.0435
vt 0.291 0.0404
vt 0.291 0.0377
vt 0.2951 0.0394
vt 0.2932 0.0413
vt 0.9043 0.6058
vt 0.9043 0.6085
vt 0.8989 0.6085
vt 0.9002 0.6058
vt 0.9043 0.6085
vt 0.9043 0.6116
vt 0.8985 0.6116
vt 0.8989 0.6085
vt 0.9043 0.6116
vt 0.9043 0.6257
vt 0.8985 0.6257
vt 0.8985 0.6116
vt 0.9043 0.6257
vt 0.9043 0.6397
vt 0.8985 0.6397
vt 0.8985 0.6257
vt 0.9043 0.6397
vt 0.9043 0.6537
vt 0.8985 0.6537
vt 0.8985 0.6397
vt 0.9043 0.6537
vt 0.9043 0.6677
vt 0.8985 0.6677
vt 0.8985 0.6537
vt 0.9043 0.6677
vt 0.9043 0.6708
vt 0.8989 0.6708
vt 0.8985 0.6677
vt 0.9043 0.6708
vt 0.9043 0.6735
vt 0.9002 0.6735
vt 0.8989 0.6708
vt 0.6003 0.0683
vt 0.6003 0.0657
vt 0.6026 0.0647
vt 0.6045 0.0666
vt 0.6003 0.0657
vt 0.6003 0.0625
vt 0.6026 0.0647
vt 0.2888 0.0413
vt 0.291 0.0404
vt 0.291 0.0435
vt 0.2888 0.0413
vt 0.2869 0.0394
vt 0.291 0.0377
vt 0.291 0.0404
vt 0.9084 0.6058
vt 0.9097 0.6085
vt 0.9043 0.6085
vt 0.9043 0.6058
vt 0.9097 0.6085
vt 0.9101 0.6116
vt 0.9043 0.6116
vt 0.9043 0.6085
vt 0.9101 0.6116
vt 0.9101 0.6257
vt 0.9043 0.6257
vt 0.9043 0.6116
vt 0.9101 0.6257
vt 0.9101 0.6397
vt 0.9043 0.6397
vt 0.9043 0.6257
vt 0.9101 0.6397
vt 0.9101 0.6537
vt 0.9043 0.6537
vt 0.9043 0.6397
vt 0.9101 0.6537
vt 0.9101 0.6677
vt 0.9043 0.6677
vt 0.9043 0.6537
vt 0.9101 0.6677
vt 0.9097 0.6708
vt 0.9043 0.6708
vt 0.9043 0.6677
vt 0.9097 0.6708
vt 0.9084 0.6735
vt 0.9043 0.6735
vt 0.9043 0.6708
vt 0.5962 0.0666
vt 0.5981 0.0647
vt 0.6003 0.0657
vt 0.6003 0.0683
vt 0.5981 0.0647
vt 0.6003 0.0625
vt 0.6003 0.0657
vt 0.2878 0.0435
vt 0.2888 0.0413
vt 0.291 0.0435
vt 0.2878 0.0435
vt 0.2852 0.0435
vt 0.2869 0.0394
vt 0.2888 0.0413
vt 0.9043 0.7729
vt 0.9043 0.7755
vt 0.8989 0.7755
vt 0.9002 0.7729
vt 0.9043 0.7755
vt 0.9043 0.7787
vt 0.8985 0.7787
vt 0.8989 0.7755
vt 0.9043 0.7787
vt 0.9043 0.7927
vt 0.8985 0.7927
vt 0.8985 0.7787
vt 0.9043 0.7927
vt 0.9043 0.8067
vt 0.8985 0.8067
vt 0.8985 0.7927
vt 0.9043 0.8067
vt 0.9043 0.8207
vt 0.8985 0.8207
vt 0.8985 0.8067
vt 0.9043 0.8207
vt 0.9043 0.8347
vt 0.8985 0.8347
vt 0.8985 0.8207
vt 0.9043 0.8347
vt 0.9043 0.8379
vt 0.8989 0.8379
vt 0.8985 0.8347
vt 0.9043 0.8379
vt 0.9043 0.8405
vt 0.9002 0.8405
vt 0.8989 0.8379
vt 0.5945 0.0625
vt 0.5972 0.0625
vt 0.5981 0.0647
vt 0.5962 0.0666
vt 0.5972 0.0625
vt 0.6003 0.0625
vt 0.5981 0.0647
vt 0.2888 0.0457
vt 0.2878 0.0435
vt 0.291 0.0435
vt 0.2888 0.0457
vt 0.2869 0.0476
vt 0.2852 0.0435
vt 0.2878 0.0435
vt 0.9084 0.7729
vt 0.9097 0.7755
vt 0.9043 0.7755
vt 0.9043 0.7729
vt 0.9097 0.7755
vt 0.9101 0.7787
vt 0.9043 0.7787
vt 0.9043 0.7755
vt 0.9101 0.7787
vt 0.9101 0.7927
vt 0.9043 0.7927
vt 0.9043 0.7787
vt 0.9101 0.7927
vt 0.9101 0.8067
vt 0.9043 0.8067
vt 0.9043 0.7927
vt 0.9101 0.8067
vt 0.9101 0.8207
vt 0.9043 0.8207
vt 0.9043 0.8067
vt 0.9101 0.8207
vt 0.9101 0.8347
vt 0.9043 0.8347
vt 0.9043 0.8207
vt 0.9101 0.8347
vt 0.9097 0.8379
vt 0.9043 0.8379
vt 0.9043 0.8347
vt 0.9097 0.8379
vt 0.9084 0.8405
vt 0.9043 0.8405
vt 0.9043 0.8379
vt 0.5962 0.0584
vt 0.5981 0.0603
vt 0.5972 0.0625
vt 0.5945 0.0625
vt 0.5981 0.0603
vt 0.6003 0.0625
vt 0.5972 0.0625
vt 0.291 0.0467
vt 0.2888 0.0457
vt 0.291 0.0435
vt 0.291 0.0467
vt 0.291 0.0493
vt 0.2869 0.0476
vt 0.2888 0.0457
vt 0.9043 0.5223
vt 0.9043 0.525
vt 0.8989 0.525
vt 0.9002 0.5223
vt 0.9043 0.525
vt 0.9043 0.5281
vt 0.8985 0.5281
vt 0.8989 0.525
vt 0.9043 0.5281
vt 0.9043 0.5421
vt 0.8985 0.5421
vt 0.8985 0.5281
vt 0.9043 0.5421
vt 0.9043 0.5561
vt 0.8985 0.5561
vt 0.8985 0.5421
vt 0.9043 0.5561
vt 0.9043 0.5702
vt 0.8985 0.5702
vt 0.8985 0.5561
vt 0.9043 0.5702
vt 0.9043 0.5842
vt 0.8985 0.5842
vt 0.8985 0.5702
vt 0.9043 0.5842
vt 0.9043 0.5873
vt 0.8989 0.5873
vt 0.8985 0.5842
vt 0.9043 0.5873
vt 0.9043 0.59
vt 0.9002 0.59
vt 0.8989 0.5873
vt 0.6003 0.0567
vt 0.6003 0.0594
vt 0.5981 0.0603
vt 0.5962 0.0584
vt 0.6003 0.0594
vt 0.6003 0.0625
vt 0.5981 0.0603
vt 0.2932 0.0457
vt 0.291 0.0467
vt 0.291 0.0435
vt 0.2932 0.0457
vt 0.2951 0.0476
vt 0.291 0.0493
vt 0.291 0.0467
vt 0.9084 0.5223
vt 0.9097 0.525
vt 0.9043 0.525
vt 0.9043 0.5223
vt 0.9097 0.525
vt 0.9101 0.5281
vt 0.9043 0.5281
vt 0.9043 0.525
vt 0.9101 0.5281
vt 0.9101 0.5421
vt 0.9043 0.5421
vt 0.9043 0.5281
vt 0.9101 0.5421
vt 0.9101 0.5561
vt 0.9043 0.5561
vt 0.9043 0.5421
vt 0.9101 0.5561
vt 0.9101 0.5702
vt 0.9043 0.5702
vt 0.9043 0.5561
vt 0.9101 0.5702
vt 0.9101 0.5842
vt 0.9043 0.5842
vt 0.9043 0.5702
vt 0.9101 0.5842
vt 0.9097 0.5873
vt 0.9043 0.5873
vt 0.9043 0.5842
vt 0.9097 0.5873
vt 0.9084 0.59
vt 0.9043 0.59
vt 0.9043 0.5873
vt 0.6045 0.0584
vt 0.6026 0.0603
vt 0.6003 0.0594
vt 0.6003 0.0567
vt 0.6026 0.0603
vt 0.6003 0.0625
vt 0.6003 0.0594
vt 0.2941 0.0435
vt 0.2932 0.0457
vt 0.291 0.0435
vt 0.2941 0.0435
vt 0.2968 0.0435
vt 0.2951 0.0476
vt 0.2932 0.0457
vt 0.8767 0.8564
vt 0.8767 0.859
vt 0.8713 0.859
vt 0.8725 0.8564
vt 0.8767 0.859
vt 0.8767 0.8622
vt 0.8708 0.8622
vt 0.8713 0.859
vt 0.8767 0.8622
vt 0.8767 0.8762
vt 0.8708 0.8762
vt 0.8708 0.8622
vt 0.8767 0.8762
vt 0.8767 0.8902
vt 0.8708 0.8902
vt 0.8708 0.8762
vt 0.8767 0.8902
vt 0.8767 0.9042
vt 0.8708 0.9042
vt 0.8708 0.8902
vt 0.8767 0.9042
vt 0.8767 0.9182
vt 0.8708 0.9182
vt 0.8708 0.9042
vt 0.8767 0.9182
vt 0.8767 0.9214
vt 0.8713 0.9214
vt 0.8708 0.9182
vt 0.8767 0.9214
vt 0.8767 0.924
vt 0.8725 0.924
vt 0.8713 0.9214
vt 0.6062 0.0625
vt 0.6035 0.0625
vt 0.6026 0.0603
vt 0.6045 0.0584
vt 0.6035 0.0625
vt 0.6003 0.0625
vt 0.6026 0.0603
vt 0.967 0.2155
vt 0.9679 0.2177
vt 0.9648 0.2177
vt 0.967 0.2155
vt 0.9689 0.2136
vt 0.9706 0.2177
vt 0.9679 0.2177
vt 0.8808 0.7729
vt 0.882 0.7755
vt 0.8767 0.7755
vt 0.8767 0.7729
vt 0.882 0.7755
vt 0.8825 0.7787
vt 0.8767 0.7787
vt 0.8767 0.7755
vt 0.8825 0.7787
vt 0.8825 0.7927
vt 0.8767 0.7927
vt 0.8767 0.7787
vt 0.8825 0.7927
vt 0.8825 0.8067
vt 0.8767 0.8067
vt 0.8767 0.7927
vt 0.8825 0.8067
vt 0.8825 0.8207
vt 0.8767 0.8207
vt 0.8767 0.8067
vt 0.8825 0.8207
vt 0.8825 0.8347
vt 0.8767 0.8347
vt 0.8767 0.8207
vt 0.8825 0.8347
vt 0.882 0.8379
vt 0.8767 0.8379
vt 0.8767 0.8347
vt 0.882 0.8379
vt 0.8808 0.8405
vt 0.8767 0.8405
vt 0.8767 0.8379
vt 0.9689 0.2493
vt 0.967 0.2474
vt 0.9679 0.2452
vt 0.9706 0.2452
vt 0.967 0.2474
vt 0.9648 0.2452
vt 0.9679 0.2452
vt 0.9648 0.2145
vt 0.967 0.2155
vt 0.9648 0.2177
vt 0.9648 0.2145
vt 0.9648 0.2119
vt 0.9689 0.2136
vt 0.967 0.2155
vt 0.9043 0.6894
vt 0.9043 0.692
vt 0.8989 0.692
vt 0.9002 0.6894
vt 0.9043 0.692
vt 0.9043 0.6952
vt 0.8985 0.6952
vt 0.8989 0.692
vt 0.9043 0.6952
vt 0.9043 0.7092
vt 0.8985 0.7092
vt 0.8985 0.6952
vt 0.9043 0.7092
vt 0.9043 0.7232
vt 0.8985 0.7232
vt 0.8985 0.7092
vt 0.9043 0.7232
vt 0.9043 0.7372
vt 0.8985 0.7372
vt 0.8985 0.7232
vt 0.9043 0.7372
vt 0.9043 0.7512
vt 0.8985 0.7512
vt 0.8985 0.7372
vt 0.9043 0.7512
vt 0.9043 0.7543
vt 0.8989 0.7543
vt 0.8985 0.7512
vt 0.9043 0.7543
vt 0.9043 0.757
vt 0.9002 0.757
vt 0.8989 0.7543
vt 0.9648 0.251
vt 0.9648 0.2483
vt 0.967 0.2474
vt 0.9689 0.2493
vt 0.9648 0.2483
vt 0.9648 0.2452
vt 0.967 0.2474
vt 0.9625 0.2155
vt 0.9648 0.2145
vt 0.9648 0.2177
vt 0.9625 0.2155
vt 0.9606 0.2136
vt 0.9648 0.2119
vt 0.9648 0.2145
vt 0.9084 0.6894
vt 0.9097 0.692
vt 0.9043 0.692
vt 0.9043 0.6894
vt 0.9097 0.692
vt 0.9101 0.6952
vt 0.9043 0.6952
vt 0.9043 0.692
vt 0.9101 0.6952
vt 0.9101 0.7092
vt 0.9043 0.7092
vt 0.9043 0.6952
vt 0.9101 0.7092
vt 0.9101 0.7232
vt 0.9043 0.7232
vt 0.9043 0.7092
vt 0.9101 0.7232
vt 0.9101 0.7372
vt 0.9043 0.7372
vt 0.9043 0.7232
vt 0.9101 0.7372
vt 0.9101 0.7512
vt 0.9043 0.7512
vt 0.9043 0.7372
vt 0.9101 0.7512
vt 0.9097 0.7543
vt 0.9043 0.7543
vt 0.9043 0.7512
vt 0.9097 0.7543
vt 0.9084 0.757
vt 0.9043 0.757
vt 0.9043 0.7543
vt 0.9606 0.2493
vt 0.9625 0.2474
vt 0.9648 0.2483
vt 0.9648 0.251
vt 0.9625 0.2474
vt 0.9648 0.2452
vt 0.9648 0.2483
vt 0.9616 0.2177
vt 0.9625 0.2155
vt 0.9648 0.2177
vt 0.9616 0.2177
vt 0.9589 0.2177
vt 0.9606 0.2136
vt 0.9625 0.2155
vt 0.8767 0.6058
vt 0.8767 0.6085
vt 0.8713 0.6085
vt 0.8725 0.6058
vt 0.8767 0.6085
vt 0.8767 0.6116
vt 0.8708 0.6116
vt 0.8713 0.6085
vt 0.8767 0.6116
vt 0.8767 0.6257
vt 0.8708 0.6257
vt 0.8708 0.6116
vt 0.8767 0.6257
vt 0.8767 0.6397
vt 0.8708 0.6397
vt 0.8708 0.6257
vt 0.8767 0.6397
vt 0.8767 0.6537
vt 0.8708 0.6537
vt 0.8708 0.6397
vt 0.8767 0.6537
vt 0.8767 0.6677
vt 0.8708 0.6677
vt 0.8708 0.6537
vt 0.8767 0.6677
vt 0.8767 0.6708
vt 0.8713 0.6708
vt 0.8708 0.6677
vt 0.8767 0.6708
vt 0.8767 0.6735
vt 0.8725 0.6735
vt 0.8713 0.6708
vt 0.9589 0.2452
vt 0.9616 0.2452
vt 0.9625 0.2474
vt 0.9606 0.2493
vt 0.9616 0.2452
vt 0.9648 0.2452
vt 0.9625 0.2474
vt 0.9625 0.2199
vt 0.9616 0.2177
vt 0.9648 0.2177
vt 0.9625 0.2199
vt 0.9606 0.2218
vt 0.9589 0.2177
vt 0.9616 0.2177
vt 0.8808 0.6058
vt 0.882 0.6085
vt 0.8767 0.6085
vt 0.8767 0.6058
vt 0.882 0.6085
vt 0.8825 0.6116
vt 0.8767 0.6116
vt 0.8767 0.6085
vt 0.8825 0.6116
vt 0.8825 0.6257
vt 0.8767 0.6257
vt 0.8767 0.6116
vt 0.8825 0.6257
vt 0.8825 0.6397
vt 0.8767 0.6397
vt 0.8767 0.6257
vt 0.8825 0.6397
vt 0.8825 0.6537
vt 0.8767 0.6537
vt 0.8767 0.6397
vt 0.8825 0.6537
vt 0.8825 0.6677
vt 0.8767 0.6677
vt 0.8767 0.6537
vt 0.8825 0.6677
vt 0.882 0.6708
vt 0.8767 0.6708
vt 0.8767 0.6677
vt 0.882 0.6708
vt 0.8808 0.6735
vt 0.8767 0.6735
vt 0.8767 0.6708
vt 0.9606 0.2411
vt 0.9625 0.2429
vt 0.9616 0.2452
vt 0.9589 0.2452
vt 0.9625 0.2429
vt 0.9648 0.2452
vt 0.9616 0.2452
vt 0.9648 0.2208
vt 0.9625 0.2199
vt 0.9648 0.2177
vt 0.9648 0.2208
vt 0.9648 0.2235
vt 0.9606 0.2218
vt 0.9625 0.2199
vt 0.909 0.208
vt 0.909 0.2107
vt 0.9036 0.2107
vt 0.9048 0.208
vt 0.909 0.2107
vt 0.909 0.2138
vt 0.9031 0.2138
vt 0.9036 0.2107
vt 0.909 0.2138
vt 0.909 0.2278
vt 0.9031 0.2278
vt 0.9031 0.2138
vt 0.909 0.2278
vt 0.909 0.2418
vt 0.9031 0.2418
vt 0.9031 0.2278
vt 0.909 0.2418
vt 0.909 0.2558
vt 0.9031 0.2558
vt 0.9031 0.2418
vt 0.909 0.2558
vt 0.909 0.2698
vt 0.9031 0.2698
vt 0.9031 0.2558
vt 0.909 0.2698
vt 0.909 0.273
vt 0.9036 0.273
vt 0.9031 0.2698
vt 0.909 0.273
vt 0.909 0.2756
vt 0.9048 0.2756
vt 0.9036 0.273
vt 0.9648 0.2394
vt 0.9648 0.242
vt 0.9625 0.2429
vt 0.9606 0.2411
vt 0.9648 0.242
vt 0.9648 0.2452
vt 0.9625 0.2429
vt 0.967 0.2199
vt 0.9648 0.2208
vt 0.9648 0.2177
vt 0.967 0.2199
vt 0.9689 0.2218
vt 0.9648 0.2235
vt 0.9648 0.2208
vt 0.9131 0.208
vt 0.9143 0.2107
vt 0.909 0.2107
vt 0.909 0.208
vt 0.9143 0.2107
vt 0.9148 0.2138
vt 0.909 0.2138
vt 0.909 0.2107
vt 0.9148 0.2138
vt 0.9148 0.2278
vt 0.909 0.2278
vt 0.909 0.2138
vt 0.9148 0.2278
vt 0.9148 0.2418
vt 0.909 0.2418
vt 0.909 0.2278
vt 0.9148 0.2418
vt 0.9148 0.2558
vt 0.909 0.2558
vt 0.909 0.2418
vt 0.9148 0.2558
vt 0.9148 0.2698
vt 0.909 0.2698
vt 0.909 0.2558
vt 0.9148 0.2698
vt 0.9143 0.273
vt 0.909 0.273
vt 0.909 0.2698
vt 0.9143 0.273
vt 0.9131 0.2756
vt 0.909 0.2756
vt 0.909 0.273
vt 0.9689 0.2411
vt 0.967 0.2429
vt 0.9648 0.242
vt 0.9648 0.2394
vt 0.967 0.2429
vt 0.9648 0.2452
vt 0.9648 0.242
vt 0.9679 0.2177
vt 0.967 0.2199
vt 0.9648 0.2177
vt 0.9679 0.2177
vt 0.9706 0.2177
vt 0.9689 0.2218
vt 0.967 0.2199
vt 0.8767 0.7729
vt 0.8767 0.7755
vt 0.8713 0.7755
vt 0.8725 0.7729
vt 0.8767 0.7755
vt 0.8767 0.7787
vt 0.8708 0.7787
vt 0.8713 0.7755
vt 0.8767 0.7787
vt 0.8767 0.7927
vt 0.8708 0.7927
vt 0.8708 0.7787
vt 0.8767 0.7927
vt 0.8767 0.8067
vt 0.8708 0.8067
vt 0.8708 0.7927
vt 0.8767 0.8067
vt 0.8767 0.8207
vt 0.8708 0.8207
vt 0.8708 0.8067
vt 0.8767 0.8207
vt 0.8767 0.8347
vt 0.8708 0.8347
vt 0.8708 0.8207
vt 0.8767 0.8347
vt 0.8767 0.8379
vt 0.8713 0.8379
vt 0.8708 0.8347
vt 0.8767 0.8379
vt 0.8767 0.8405
vt 0.8725 0.8405
vt 0.8713 0.8379
vt 0.9706 0.2452
vt 0.9679 0.2452
vt 0.967 0.2429
vt 0.9689 0.2411
vt 0.9679 0.2452
vt 0.9648 0.2452
vt 0.967 0.2429
vt 0.9201 0.0655
vt 0.9201 0.0686
vt 0.6267 0.0686
vt 0.6267 0.0655
vt 0.988 0.8455
vt 0.988 0.8486
vt 0.9846 0.8486
vt 0.9846 0.8455
vt 0.3014 0.0652
vt 0.3014 0.0683
vt 0.008 0.0683
vt 0.008 0.0652
vt 0.9883 0.1752
vt 0.9883 0.1784
vt 0.9849 0.1784
vt 0.9849 0.1752
vt 0.3014 0.0842
vt 0.3014 0.0876
vt 0.008 0.0876
vt 0.008 0.0842
vt 0.6107 0.0842
vt 0.6107 0.0876
vt 0.3173 0.0876
vt 0.3173 0.0842
vt 0.9259 0.1038
vt 0.9259 0.1069
vt 0.6306 0.1069
vt 0.6306 0.1038
vt 0.988 0.9201
vt 0.988 0.9232
vt 0.9846 0.9232
vt 0.9846 0.9201
vt 0.922 0.0845
vt 0.922 0.0876
vt 0.6267 0.0876
vt 0.6267 0.0845
vt 0.99 0.3485
vt 0.99 0.3517
vt 0.9866 0.3517
vt 0.9866 0.3485
vt 0.6146 0.1035
vt 0.6146 0.1069
vt 0.3193 0.1069
vt 0.3193 0.1035
vt 0.3033 0.1035
vt 0.3033 0.1069
vt 0.008 0.1069
vt 0.008 0.1035
vt 0.8333 0.5167
vt 0.8333 0.5252
vt 0.8303 0.5252
vt 0.8303 0.5167
vt 0.4148 0.1228
vt 0.418 0.1313
vt 0.0165 0.1353
vt 0.008 0.1268
vt 0.8518 0.5199
vt 0.8518 0.5167
vt 0.8548 0.5167
vt 0.8548 0.5199
vt 0.8439 0.1268
vt 0.8354 0.1353
vt 0.4339 0.1313
vt 0.4371 0.1228
vt 0.8333 0.5252
vt 0.8346 0.924
vt 0.8315 0.924
vt 0.8303 0.5252
vt 0.8548 0.5199
vt 0.8536 0.924
vt 0.8506 0.924
vt 0.8518 0.5199
vt 0.9758 0.6581
vt 0.9758 0.6665
vt 0.9728 0.6665
vt 0.9728 0.6581
vt 0.9503 0.0357
vt 0.9535 0.0442
vt 0.9446 0.0442
vt 0.9361 0.0357
vt 0.9728 0.495
vt 0.9728 0.4918
vt 0.9758 0.4918
vt 0.9758 0.495
vt 0.9535 0.0601
vt 0.945 0.0686
vt 0.9361 0.0686
vt 0.9393 0.0601
vt 0.9758 0.6665
vt 0.9758 0.6754
vt 0.9728 0.6754
vt 0.9728 0.6665
vt 0.9758 0.495
vt 0.9758 0.5091
vt 0.9728 0.5091
vt 0.9728 0.495
vt 0.99 0.2943
vt 0.99 0.296
vt 0.9866 0.2961
vt 0.9866 0.2943
vt 0.7005 0.2992
vt 0.7005 0.301
vt 0.6976 0.3009
vt 0.6976 0.2992
vt 0.988 0.9696
vt 0.988 0.9714
vt 0.9846 0.9714
vt 0.9846 0.9696
vt 0.3068 0.2968
vt 0.3067 0.2986
vt 0.3037 0.2986
vt 0.3037 0.2969
vt 0.9762 0.6913
vt 0.9762 0.6943
vt 0.9728 0.6943
vt 0.9728 0.6913
vt 0.9295 0.5396
vt 0.9295 0.5425
vt 0.9261 0.5426
vt 0.9261 0.5396
vt 0.9261 0.5396
vt 0.9261 0.5111
vt 0.9295 0.5111
vt 0.9295 0.5396
vt 0.3037 0.2986
vt 0.275 0.2986
vt 0.275 0.2969
vt 0.3037 0.2969
vt 0.9762 0.6943
vt 0.9762 0.7228
vt 0.9728 0.7228
vt 0.9728 0.6943
vt 0.7005 0.2992
vt 0.7292 0.2992
vt 0.7292 0.301
vt 0.7005 0.301
vt 0.8994 0.9559
vt 0.8994 0.9548
vt 0.9028 0.9548
vt 0.9028 0.9559
vt 0.275 0.2986
vt 0.2738 0.2986
vt 0.2738 0.2969
vt 0.275 0.2969
vt 0.9762 0.7228
vt 0.9762 0.724
vt 0.9728 0.724
vt 0.9728 0.7228
vt 0.7292 0.2992
vt 0.7304 0.2992
vt 0.7304 0.301
vt 0.7292 0.301
vt 0.9261 0.5111
vt 0.9261 0.5097
vt 0.9295 0.5097
vt 0.9295 0.5111
vt 0.2738 0.2969
vt 0.2725 0.2895
vt 0.2736 0.2893
vt 0.275 0.2969
vt 0.9846 0.9696
vt 0.9846 0.9622
vt 0.988 0.9622
vt 0.988 0.9696
vt 0.7292 0.2992
vt 0.7306 0.2917
vt 0.7318 0.2919
vt 0.7304 0.2992
vt 0.3128 0.039
vt 0.3128 0.0377
vt 0.3162 0.0377
vt 0.3162 0.039
vt 0.2725 0.2895
vt 0.2722 0.2882
vt 0.2734 0.288
vt 0.2736 0.2893
vt 0.9846 0.9622
vt 0.9846 0.9609
vt 0.988 0.9609
vt 0.988 0.9622
vt 0.7306 0.2917
vt 0.7308 0.2903
vt 0.732 0.2906
vt 0.7318 0.2919
vt 0.8543 0.9454
vt 0.8543 0.94
vt 0.8577 0.94
vt 0.8577 0.9454
vt 0.2734 0.288
vt 0.2915 0.2826
vt 0.2918 0.2839
vt 0.2736 0.2893
vt 0.9028 0.9559
vt 0.9028 0.9739
vt 0.8994 0.9739
vt 0.8994 0.9559
vt 0.7306 0.2917
vt 0.7125 0.2863
vt 0.7127 0.2849
vt 0.7308 0.2903
vt 0.9762 0.3946
vt 0.9762 0.3993
vt 0.9728 0.3993
vt 0.9728 0.3946
vt 0.2915 0.2826
vt 0.3085 0.2872
vt 0.3082 0.2885
vt 0.2918 0.2839
vt 0.9028 0.9739
vt 0.9028 0.9908
vt 0.8994 0.9908
vt 0.8994 0.9739
vt 0.7125 0.2863
vt 0.696 0.2909
vt 0.6958 0.2896
vt 0.7127 0.2849
vt 0.9849 0.1956
vt 0.9849 0.1942
vt 0.9882 0.1942
vt 0.9882 0.1956
vt 0.3085 0.2872
vt 0.3098 0.2876
vt 0.3095 0.2889
vt 0.3082 0.2885
vt 0.9028 0.9908
vt 0.9028 0.9921
vt 0.8994 0.9921
vt 0.8994 0.9908
vt 0.696 0.2909
vt 0.6948 0.2913
vt 0.6945 0.29
vt 0.6958 0.2896
vt 0.9762 0.3993
vt 0.9762 0.4076
vt 0.9728 0.4076
vt 0.9728 0.3993
vt 0.3095 0.2889
vt 0.3083 0.2972
vt 0.3068 0.2968
vt 0.3082 0.2885
vt 0.3162 0.039
vt 0.3162 0.0473
vt 0.3128 0.0473
vt 0.3128 0.039
vt 0.696 0.2909
vt 0.6976 0.2992
vt 0.696 0.2995
vt 0.6948 0.2913
vt 0.9762 0.4076
vt 0.9762 0.4094
vt 0.9728 0.4093
vt 0.9728 0.4076
vt 0.3083 0.2972
vt 0.308 0.2988
vt 0.3067 0.2986
vt 0.3068 0.2968
vt 0.3162 0.0473
vt 0.3162 0.0489
vt 0.3128 0.0489
vt 0.3128 0.0473
vt 0.6976 0.2992
vt 0.6976 0.3009
vt 0.6962 0.3012
vt 0.696 0.2995
vt 0.9769 0.0181
vt 0.9769 0.0198
vt 0.9695 0.0198
vt 0.9695 0.0181
vt 0.6429 0.0479
vt 0.6429 0.0496
vt 0.6275 0.0496
vt 0.6275 0.0479
vt 0.9769 0.0669
vt 0.9769 0.0687
vt 0.9695 0.0687
vt 0.9695 0.0669
vt 0.3162 0.0201
vt 0.3162 0.0219
vt 0.3008 0.0219
vt 0.3008 0.0201
vt 0.3423 0.0269
vt 0.3423 0.0423
vt 0.3349 0.0423
vt 0.3349 0.0269
vt 0.9769 0.0357
vt 0.9769 0.051
vt 0.9695 0.051
vt 0.9695 0.0357
vt 0.992 0.8835
vt 0.992 0.8853
vt 0.9846 0.8853
vt 0.9846 0.8835
vt 0.9745 0.9903
vt 0.9745 0.9921
vt 0.9591 0.9921
vt 0.9591 0.9903
vt 0.9535 0.0181
vt 0.9535 0.0198
vt 0.9461 0.0198
vt 0.9461 0.0181
vt 0.347 0.1522
vt 0.347 0.154
vt 0.3315 0.154
vt 0.3315 0.1522
vt 0.9729 0.8004
vt 0.9729 0.8158
vt 0.9654 0.8158
vt 0.9654 0.8004
vt 0.3658 0.0269
vt 0.3658 0.0423
vt 0.3583 0.0423
vt 0.3583 0.0269
vt 0.2692 0.0079
vt 0.2692 0.0111
vt 0.008 0.0111
vt 0.008 0.0079
vt 0.988 0.8645
vt 0.988 0.8676
vt 0.9846 0.8676
vt 0.9846 0.8645
vt 0.9201 0.0272
vt 0.9201 0.0303
vt 0.6589 0.0303
vt 0.6589 0.0272
vt 0.988 0.9012
vt 0.988 0.9043
vt 0.9846 0.9043
vt 0.9846 0.9012
vt 0.5785 0.0649
vt 0.5785 0.0683
vt 0.3173 0.0683
vt 0.3173 0.0649
vt 0.9201 0.0462
vt 0.9201 0.0496
vt 0.6589 0.0496
vt 0.6589 0.0462
vt 0.9201 0.0083
vt 0.9201 0.0114
vt 0.6589 0.0114
vt 0.6589 0.0083
vt 0.99 0.3296
vt 0.99 0.3327
vt 0.9866 0.3327
vt 0.9866 0.3296
vt 0.2692 0.0269
vt 0.2692 0.03
vt 0.008 0.03
vt 0.008 0.0269
vt 0.99 0.3675
vt 0.99 0.3706
vt 0.9866 0.3706
vt 0.9866 0.3675
vt 0.2692 0.0459
vt 0.2692 0.0493
vt 0.008 0.0493
vt 0.008 0.0459
vt 0.6429 0.0269
vt 0.6429 0.0303
vt 0.3817 0.0303
vt 0.3817 0.0269
vt 0.9758 0.4253
vt 0.9758 0.4338
vt 0.9728 0.4338
vt 0.9728 0.4253
vt 0.9715 0.1264
vt 0.9747 0.135
vt 0.9657 0.135
vt 0.9572 0.1264
vt 0.9728 0.5282
vt 0.9728 0.525
vt 0.9758 0.525
vt 0.9758 0.5282
vt 0.9706 0.3431
vt 0.962 0.3517
vt 0.9531 0.3517
vt 0.9563 0.3431
vt 0.9758 0.4338
vt 0.9758 0.4426
vt 0.9728 0.4426
vt 0.9728 0.4338
vt 0.9758 0.5282
vt 0.9758 0.5424
vt 0.9728 0.5424
vt 0.9728 0.5282
vt 0.9871 0.9425
vt 0.9874 0.9432
vt 0.9864 0.9432
vt 0.9871 0.9425
vt 0.9877 0.9419
vt 0.9883 0.9432
vt 0.9874 0.9432
vt 0.9339 0.2915
vt 0.9343 0.2923
vt 0.9326 0.2923
vt 0.9326 0.2915
vt 0.9343 0.2923
vt 0.9345 0.2933
vt 0.9326 0.2933
vt 0.9326 0.2923
vt 0.9345 0.2933
vt 0.9345 0.342
vt 0.9326 0.342
vt 0.9326 0.2933
vt 0.9345 0.342
vt 0.9345 0.3907
vt 0.9326 0.3907
vt 0.9326 0.342
vt 0.9345 0.3907
vt 0.9345 0.4395
vt 0.9326 0.4395
vt 0.9326 0.3907
vt 0.9345 0.4395
vt 0.9345 0.4882
vt 0.9326 0.4882
vt 0.9326 0.4395
vt 0.9345 0.4882
vt 0.9343 0.4891
vt 0.9326 0.4891
vt 0.9326 0.4882
vt 0.9343 0.4891
vt 0.9339 0.49
vt 0.9326 0.49
vt 0.9326 0.4891
vt 0.882 0.943
vt 0.8813 0.9424
vt 0.8816 0.9417
vt 0.8825 0.9417
vt 0.8813 0.9424
vt 0.8807 0.9417
vt 0.8816 0.9417
vt 0.9864 0.9422
vt 0.9871 0.9425
vt 0.9864 0.9432
vt 0.9864 0.9422
vt 0.9864 0.9414
vt 0.9877 0.9419
vt 0.9871 0.9425
vt 0.9476 0.7729
vt 0.9476 0.7737
vt 0.9459 0.7737
vt 0.9463 0.7729
vt 0.9476 0.7737
vt 0.9476 0.7747
vt 0.9458 0.7747
vt 0.9459 0.7737
vt 0.9476 0.7747
vt 0.9476 0.8234
vt 0.9458 0.8234
vt 0.9458 0.7747
vt 0.9476 0.8234
vt 0.9476 0.8721
vt 0.9458 0.8721
vt 0.9458 0.8234
vt 0.9476 0.8721
vt 0.9476 0.9208
vt 0.9458 0.9208
vt 0.9458 0.8721
vt 0.9476 0.9208
vt 0.9476 0.9695
vt 0.9458 0.9695
vt 0.9458 0.9208
vt 0.9476 0.9695
vt 0.9476 0.9705
vt 0.9459 0.9705
vt 0.9458 0.9695
vt 0.9476 0.9705
vt 0.9476 0.9714
vt 0.9463 0.9714
vt 0.9459 0.9705
vt 0.8807 0.9436
vt 0.8807 0.9427
vt 0.8813 0.9424
vt 0.882 0.943
vt 0.8807 0.9427
vt 0.8807 0.9417
vt 0.8813 0.9424
vt 0.9857 0.9425
vt 0.9864 0.9422
vt 0.9864 0.9432
vt 0.9857 0.9425
vt 0.9851 0.9419
vt 0.9864 0.9414
vt 0.9864 0.9422
vt 0.9489 0.7729
vt 0.9493 0.7737
vt 0.9476 0.7737
vt 0.9476 0.7729
vt 0.9493 0.7737
vt 0.9495 0.7747
vt 0.9476 0.7747
vt 0.9476 0.7737
vt 0.9495 0.7747
vt 0.9495 0.8234
vt 0.9476 0.8234
vt 0.9476 0.7747
vt 0.9495 0.8234
vt 0.9495 0.8721
vt 0.9476 0.8721
vt 0.9476 0.8234
vt 0.9495 0.8721
vt 0.9495 0.9208
vt 0.9476 0.9208
vt 0.9476 0.8721
vt 0.9495 0.9208
vt 0.9495 0.9695
vt 0.9476 0.9695
vt 0.9476 0.9208
vt 0.9495 0.9695
vt 0.9493 0.9705
vt 0.9476 0.9705
vt 0.9476 0.9695
vt 0.9493 0.9705
vt 0.9489 0.9714
vt 0.9476 0.9714
vt 0.9476 0.9705
vt 0.8793 0.943
vt 0.8799 0.9424
vt 0.8807 0.9427
vt 0.8807 0.9436
vt 0.8799 0.9424
vt 0.8807 0.9417
vt 0.8807 0.9427
vt 0.9854 0.9432
vt 0.9857 0.9425
vt 0.9864 0.9432
vt 0.9854 0.9432
vt 0.9846 0.9432
vt 0.9851 0.9419
vt 0.9857 0.9425
vt 0.928 0.7729
vt 0.928 0.7737
vt 0.9263 0.7737
vt 0.9267 0.7729
vt 0.928 0.7737
vt 0.928 0.7747
vt 0.9261 0.7747
vt 0.9263 0.7737
vt 0.928 0.7747
vt 0.928 0.8234
vt 0.9261 0.8234
vt 0.9261 0.7747
vt 0.928 0.8234
vt 0.928 0.8721
vt 0.9261 0.8721
vt 0.9261 0.8234
vt 0.928 0.8721
vt 0.928 0.9208
vt 0.9261 0.9208
vt 0.9261 0.8721
vt 0.928 0.9208
vt 0.928 0.9695
vt 0.9261 0.9695
vt 0.9261 0.9208
vt 0.928 0.9695
vt 0.928 0.9705
vt 0.9263 0.9705
vt 0.9261 0.9695
vt 0.928 0.9705
vt 0.928 0.9714
vt 0.9267 0.9714
vt 0.9263 0.9705
vt 0.8788 0.9417
vt 0.8797 0.9417
vt 0.8799 0.9424
vt 0.8793 0.943
vt 0.8797 0.9417
vt 0.8807 0.9417
vt 0.8799 0.9424
vt 0.9857 0.9439
vt 0.9854 0.9432
vt 0.9864 0.9432
vt 0.9857 0.9439
vt 0.9851 0.9445
vt 0.9846 0.9432
vt 0.9854 0.9432
vt 0.9293 0.7729
vt 0.9296 0.7737
vt 0.928 0.7737
vt 0.928 0.7729
vt 0.9296 0.7737
vt 0.9298 0.7747
vt 0.928 0.7747
vt 0.928 0.7737
vt 0.9298 0.7747
vt 0.9298 0.8234
vt 0.928 0.8234
vt 0.928 0.7747
vt 0.9298 0.8234
vt 0.9298 0.8721
vt 0.928 0.8721
vt 0.928 0.8234
vt 0.9298 0.8721
vt 0.9298 0.9208
vt 0.928 0.9208
vt 0.928 0.8721
vt 0.9298 0.9208
vt 0.9298 0.9695
vt 0.928 0.9695
vt 0.928 0.9208
vt 0.9298 0.9695
vt 0.9296 0.9705
vt 0.928 0.9705
vt 0.928 0.9695
vt 0.9296 0.9705
vt 0.9293 0.9714
vt 0.928 0.9714
vt 0.928 0.9705
vt 0.8793 0.9405
vt 0.8799 0.941
vt 0.8797 0.9417
vt 0.8788 0.9417
vt 0.8799 0.941
vt 0.8807 0.9417
vt 0.8797 0.9417
vt 0.9864 0.9442
vt 0.9857 0.9439
vt 0.9864 0.9432
vt 0.9864 0.9442
vt 0.9864 0.945
vt 0.9851 0.9445
vt 0.9857 0.9439
vt 0.928 0.5585
vt 0.928 0.5594
vt 0.9263 0.5594
vt 0.9267 0.5585
vt 0.928 0.5594
vt 0.928 0.5603
vt 0.9261 0.5603
vt 0.9263 0.5594
vt 0.928 0.5603
vt 0.928 0.609
vt 0.9261 0.609
vt 0.9261 0.5603
vt 0.928 0.609
vt 0.928 0.6578
vt 0.9261 0.6578
vt 0.9261 0.609
vt 0.928 0.6578
vt 0.928 0.7065
vt 0.9261 0.7065
vt 0.9261 0.6578
vt 0.928 0.7065
vt 0.928 0.7552
vt 0.9261 0.7552
vt 0.9261 0.7065
vt 0.928 0.7552
vt 0.928 0.7562
vt 0.9263 0.7562
vt 0.9261 0.7552
vt 0.928 0.7562
vt 0.928 0.757
vt 0.9267 0.757
vt 0.9263 0.7562
vt 0.8807 0.9399
vt 0.8807 0.9407
vt 0.8799 0.941
vt 0.8793 0.9405
vt 0.8807 0.9407
vt 0.8807 0.9417
vt 0.8799 0.941
vt 0.9871 0.9439
vt 0.9864 0.9442
vt 0.9864 0.9432
vt 0.9871 0.9439
vt 0.9877 0.9445
vt 0.9864 0.945
vt 0.9864 0.9442
vt 0.9293 0.5585
vt 0.9296 0.5594
vt 0.928 0.5594
vt 0.928 0.5585
vt 0.9296 0.5594
vt 0.9298 0.5603
vt 0.928 0.5603
vt 0.928 0.5594
vt 0.9298 0.5603
vt 0.9298 0.609
vt 0.928 0.609
vt 0.928 0.5603
vt 0.9298 0.609
vt 0.9298 0.6578
vt 0.928 0.6578
vt 0.928 0.609
vt 0.9298 0.6578
vt 0.9298 0.7065
vt 0.928 0.7065
vt 0.928 0.6578
vt 0.9298 0.7065
vt 0.9298 0.7552
vt 0.928 0.7552
vt 0.928 0.7065
vt 0.9298 0.7552
vt 0.9296 0.7562
vt 0.928 0.7562
vt 0.928 0.7552
vt 0.9296 0.7562
vt 0.9293 0.757
vt 0.928 0.757
vt 0.928 0.7562
vt 0.882 0.9405
vt 0.8813 0.941
vt 0.8807 0.9407
vt 0.8807 0.9399
vt 0.8813 0.941
vt 0.8807 0.9417
vt 0.8807 0.9407
vt 0.9874 0.9432
vt 0.9871 0.9439
vt 0.9864 0.9432
vt 0.9874 0.9432
vt 0.9883 0.9432
vt 0.9877 0.9445
vt 0.9871 0.9439
vt 0.9326 0.2915
vt 0.9326 0.2923
vt 0.9309 0.2923
vt 0.9313 0.2915
vt 0.9326 0.2923
vt 0.9326 0.2933
vt 0.9308 0.2933
vt 0.9309 0.2923
vt 0.9326 0.2933
vt 0.9326 0.342
vt 0.9308 0.342
vt 0.9308 0.2933
vt 0.9326 0.342
vt 0.9326 0.3907
vt 0.9308 0.3907
vt 0.9308 0.342
vt 0.9326 0.3907
vt 0.9326 0.4395
vt 0.9308 0.4395
vt 0.9308 0.3907
vt 0.9326 0.4395
vt 0.9326 0.4882
vt 0.9308 0.4882
vt 0.9308 0.4395
vt 0.9326 0.4882
vt 0.9326 0.4891
vt 0.9309 0.4891
vt 0.9308 0.4882
vt 0.9326 0.4891
vt 0.9326 0.49
vt 0.9313 0.49
vt 0.9309 0.4891
vt 0.8825 0.9417
vt 0.8816 0.9417
vt 0.8813 0.941
vt 0.882 0.9405
vt 0.8816 0.9417
vt 0.8807 0.9417
vt 0.8813 0.941
vt 0.876 0.3884
vt 0.878 0.393
vt 0.8714 0.393
vt 0.876 0.3884
vt 0.88 0.3845
vt 0.8835 0.393
vt 0.878 0.393
vt 0.88 0.3845
vt 0.8826 0.3816
vt 0.8872 0.3927
vt 0.8835 0.393
vt 0.8826 0.3816
vt 0.8835 0.38
vt 0.8885 0.3921
vt 0.8872 0.3927
vt 0.9747 0.0847
vt 0.9744 0.0859
vt 0.9623 0.0859
vt 0.9626 0.0847
vt 0.9744 0.0859
vt 0.9738 0.0872
vt 0.9616 0.0872
vt 0.9623 0.0859
vt 0.9738 0.0872
vt 0.9722 0.0884
vt 0.96 0.0884
vt 0.9616 0.0872
vt 0.9722 0.0884
vt 0.9704 0.0897
vt 0.9582 0.0897
vt 0.96 0.0884
vt 0.8798 0.4925
vt 0.8789 0.4904
vt 0.8836 0.4793
vt 0.8849 0.4804
vt 0.8789 0.4904
vt 0.8763 0.4893
vt 0.8798 0.4808
vt 0.8836 0.4793
vt 0.8763 0.4893
vt 0.8723 0.4862
vt 0.8743 0.4815
vt 0.8798 0.4808
vt 0.8723 0.4862
vt 0.8677 0.4819
vt 0.8743 0.4815
vt 0.8714 0.3865
vt 0.876 0.3884
vt 0.8714 0.393
vt 0.8714 0.3865
vt 0.8714 0.381
vt 0.88 0.3845
vt 0.876 0.3884
vt 0.8714 0.381
vt 0.8714 0.377
vt 0.8826 0.3816
vt 0.88 0.3845
vt 0.8714 0.377
vt 0.8714 0.375
vt 0.8835 0.38
vt 0.8826 0.3816
vt 0.931 0.9896
vt 0.931 0.9908
vt 0.9188 0.9908
vt 0.9188 0.9896
vt 0.931 0.9908
vt 0.931 0.9921
vt 0.9188 0.9921
vt 0.9188 0.9908
vt 0.8677 0.5008
vt 0.8677 0.4993
vt 0.8798 0.4943
vt 0.8798 0.4958
vt 0.8677 0.4993
vt 0.8677 0.4975
vt 0.8798 0.4925
vt 0.8798 0.4943
vt 0.8677 0.4975
vt 0.8677 0.495
vt 0.8789 0.4904
vt 0.8798 0.4925
vt 0.8677 0.495
vt 0.8677 0.4928
vt 0.8763 0.4893
vt 0.8789 0.4904
vt 0.8677 0.4928
vt 0.8677 0.4881
vt 0.8723 0.4862
vt 0.8763 0.4893
vt 0.8677 0.4881
vt 0.8677 0.4819
vt 0.8723 0.4862
vt 0.8668 0.3884
vt 0.8714 0.3865
vt 0.8714 0.393
vt 0.8668 0.3884
vt 0.8628 0.3845
vt 0.8714 0.381
vt 0.8714 0.3865
vt 0.8628 0.3845
vt 0.8602 0.3816
vt 0.8714 0.377
vt 0.8714 0.381
vt 0.8602 0.3816
vt 0.8593 0.38
vt 0.8714 0.375
vt 0.8714 0.377
vt 0.9431 0.9896
vt 0.9431 0.9908
vt 0.931 0.9908
vt 0.931 0.9896
vt 0.9431 0.9908
vt 0.9431 0.9921
vt 0.931 0.9921
vt 0.931 0.9908
vt 0.8556 0.4958
vt 0.8556 0.4943
vt 0.8677 0.4993
vt 0.8677 0.5008
vt 0.8556 0.4943
vt 0.8556 0.4925
vt 0.8677 0.4975
vt 0.8677 0.4993
vt 0.8556 0.4925
vt 0.8565 0.4904
vt 0.8677 0.495
vt 0.8677 0.4975
vt 0.8565 0.4904
vt 0.8591 0.4893
vt 0.8677 0.4928
vt 0.8677 0.495
vt 0.8591 0.4893
vt 0.8631 0.4862
vt 0.8677 0.4881
vt 0.8677 0.4928
vt 0.8631 0.4862
vt 0.8677 0.4819
vt 0.8677 0.4881
vt 0.8648 0.393
vt 0.8668 0.3884
vt 0.8714 0.393
vt 0.8648 0.393
vt 0.8593 0.393
vt 0.8628 0.3845
vt 0.8668 0.3884
vt 0.8593 0.393
vt 0.8555 0.3927
vt 0.8602 0.3816
vt 0.8628 0.3845
vt 0.8555 0.3927
vt 0.8542 0.3921
vt 0.8593 0.38
vt 0.8602 0.3816
vt 0.9582 0.1055
vt 0.9585 0.1068
vt 0.9464 0.1068
vt 0.9461 0.1055
vt 0.9585 0.1068
vt 0.9592 0.108
vt 0.947 0.108
vt 0.9464 0.1068
vt 0.9592 0.108
vt 0.9608 0.1093
vt 0.9486 0.1093
vt 0.947 0.108
vt 0.9608 0.1093
vt 0.9626 0.1106
vt 0.9504 0.1106
vt 0.9486 0.1093
vt 0.8506 0.4804
vt 0.8519 0.4812
vt 0.8565 0.4904
vt 0.8556 0.4925
vt 0.8519 0.4812
vt 0.8556 0.4808
vt 0.8591 0.4893
vt 0.8565 0.4904
vt 0.8556 0.4808
vt 0.8611 0.4815
vt 0.8631 0.4862
vt 0.8591 0.4893
vt 0.8611 0.4815
vt 0.8677 0.4819
vt 0.8631 0.4862
vt 0.8668 0.3976
vt 0.8648 0.393
vt 0.8714 0.393
vt 0.8668 0.3976
vt 0.8628 0.4015
vt 0.8593 0.393
vt 0.8648 0.393
vt 0.8628 0.4015
vt 0.8602 0.4039
vt 0.8555 0.3927
vt 0.8593 0.393
vt 0.8602 0.4039
vt 0.8593 0.4041
vt 0.8542 0.3921
vt 0.8555 0.3927
vt 0.9704 0.1055
vt 0.9707 0.1068
vt 0.9585 0.1068
vt 0.9582 0.1055
vt 0.9707 0.1068
vt 0.9713 0.108
vt 0.9592 0.108
vt 0.9585 0.1068
vt 0.9713 0.108
vt 0.9729 0.1093
vt 0.9608 0.1093
vt 0.9592 0.108
vt 0.9729 0.1093
vt 0.9747 0.1106
vt 0.9626 0.1106
vt 0.9608 0.1093
vt 0.8556 0.4684
vt 0.8565 0.4701
vt 0.8519 0.4812
vt 0.8506 0.4804
vt 0.8565 0.4701
vt 0.8591 0.4742
vt 0.8556 0.4808
vt 0.8519 0.4812
vt 0.8591 0.4742
vt 0.8631 0.4769
vt 0.8611 0.4815
vt 0.8556 0.4808
vt 0.8631 0.4769
vt 0.8677 0.4819
vt 0.8611 0.4815
vt 0.8714 0.3995
vt 0.8668 0.3976
vt 0.8714 0.393
vt 0.8714 0.3995
vt 0.8714 0.4051
vt 0.8628 0.4015
vt 0.8668 0.3976
vt 0.8714 0.4051
vt 0.8714 0.4085
vt 0.8602 0.4039
vt 0.8628 0.4015
vt 0.7321 0.4377
vt 0.7321 0.4384
vt 0.7199 0.4384
vt 0.7209 0.4377
vt 0.7321 0.4384
vt 0.7321 0.4397
vt 0.7199 0.4397
vt 0.7199 0.4384
vt 0.7321 0.4397
vt 0.7321 0.4409
vt 0.7199 0.4409
vt 0.7199 0.4397
vt 0.872 0.132
vt 0.872 0.1336
vt 0.8599 0.1285
vt 0.8599 0.127
vt 0.872 0.1336
vt 0.872 0.1353
vt 0.8599 0.1303
vt 0.8599 0.1285
vt 0.8677 0.4634
vt 0.8677 0.4655
vt 0.8565 0.4701
vt 0.8556 0.4684
vt 0.8677 0.4655
vt 0.8677 0.4706
vt 0.8591 0.4742
vt 0.8565 0.4701
vt 0.8677 0.4706
vt 0.8677 0.475
vt 0.8631 0.4769
vt 0.8591 0.4742
vt 0.8677 0.475
vt 0.8677 0.4819
vt 0.8631 0.4769
vt 0.876 0.3976
vt 0.8714 0.3995
vt 0.8714 0.393
vt 0.876 0.3976
vt 0.88 0.4015
vt 0.8714 0.4051
vt 0.8714 0.3995
vt 0.88 0.4015
vt 0.8826 0.4039
vt 0.8714 0.4085
vt 0.8714 0.4051
vt 0.7433 0.4377
vt 0.7442 0.4384
vt 0.7321 0.4384
vt 0.7321 0.4377
vt 0.7442 0.4384
vt 0.7442 0.4397
vt 0.7321 0.4397
vt 0.7321 0.4384
vt 0.7442 0.4397
vt 0.7442 0.4409
vt 0.7321 0.4409
vt 0.7321 0.4397
vt 0.8841 0.127
vt 0.8841 0.1285
vt 0.872 0.1336
vt 0.872 0.132
vt 0.8841 0.1285
vt 0.8841 0.1303
vt 0.872 0.1353
vt 0.872 0.1336
vt 0.8798 0.4684
vt 0.8789 0.4701
vt 0.8677 0.4655
vt 0.8677 0.4634
vt 0.8789 0.4701
vt 0.8763 0.4742
vt 0.8677 0.4706
vt 0.8677 0.4655
vt 0.8763 0.4742
vt 0.8723 0.4769
vt 0.8677 0.475
vt 0.8677 0.4706
vt 0.8723 0.4769
vt 0.8677 0.4819
vt 0.8677 0.475
vt 0.878 0.393
vt 0.876 0.3976
vt 0.8714 0.393
vt 0.878 0.393
vt 0.8835 0.393
vt 0.88 0.4015
vt 0.876 0.3976
vt 0.8835 0.393
vt 0.8872 0.3927
vt 0.8826 0.4039
vt 0.88 0.4015
vt 0.8872 0.3927
vt 0.8885 0.3921
vt 0.8835 0.4041
vt 0.8826 0.4039
vt 0.9626 0.0847
vt 0.9623 0.0859
vt 0.9502 0.0859
vt 0.9504 0.0847
vt 0.9623 0.0859
vt 0.9616 0.0872
vt 0.9495 0.0872
vt 0.9502 0.0859
vt 0.9616 0.0872
vt 0.96 0.0884
vt 0.9479 0.0884
vt 0.9495 0.0872
vt 0.96 0.0884
vt 0.9582 0.0897
vt 0.9461 0.0897
vt 0.9479 0.0884
vt 0.8849 0.4804
vt 0.8836 0.4793
vt 0.8789 0.4701
vt 0.8798 0.4684
vt 0.8836 0.4793
vt 0.8798 0.4808
vt 0.8763 0.4742
vt 0.8789 0.4701
vt 0.8798 0.4808
vt 0.8743 0.4815
vt 0.8723 0.4769
vt 0.8763 0.4742
vt 0.8743 0.4815
vt 0.8677 0.4819
vt 0.8723 0.4769
vt 0.9568 0.5282
vt 0.9538 0.5742
vt 0.9488 0.5742
vt 0.9458 0.5282
vt 0.8297 0.375
vt 0.8383 0.4171
vt 0.8343 0.4171
vt 0.802 0.375
vt 0.9458 0.7035
vt 0.9488 0.6913
vt 0.9538 0.6913
vt 0.9568 0.7035
vt 0.9458 0.5282
vt 0.9488 0.5742
vt 0.9488 0.5939
vt 0.9458 0.5817
vt 0.9538 0.5742
vt 0.9538 0.5939
vt 0.9488 0.5939
vt 0.9488 0.5742
vt 0.9568 0.7035
vt 0.9568 0.757
vt 0.9458 0.757
vt 0.9458 0.7035
vt 0.8018 0.511
vt 0.7943 0.5202
vt 0.7666 0.5202
vt 0.748 0.511
vt 0.8141 0.5715
vt 0.8028 0.5623
vt 0.7943 0.5202
vt 0.8018 0.511
vt 0.7942 0.5715
vt 0.7988 0.5623
vt 0.8028 0.5623
vt 0.8141 0.5715
vt 0.748 0.511
vt 0.7666 0.5202
vt 0.7988 0.5623
vt 0.7942 0.5715
vt 0.9686 0.9629
vt 0.9676 0.9629
vt 0.9676 0.9354
vt 0.9686 0.9354
vt 0.9665 0.9714
vt 0.9654 0.9714
vt 0.9676 0.9629
vt 0.9686 0.9629
vt 0.9665 0.8875
vt 0.9654 0.8875
vt 0.9654 0.8835
vt 0.9665 0.8835
vt 0.9686 0.9195
vt 0.9676 0.9195
vt 0.9654 0.8875
vt 0.9665 0.8875
vt 0.9568 0.6098
vt 0.9538 0.6557
vt 0.9488 0.6557
vt 0.9458 0.6098
vt 0.9568 0.6633
vt 0.9538 0.6754
vt 0.9538 0.6557
vt 0.9568 0.6098
vt 0.9302 0.1386
vt 0.9332 0.1264
vt 0.9382 0.1264
vt 0.9412 0.1386
vt 0.8383 0.317
vt 0.806 0.3592
vt 0.802 0.3592
vt 0.8105 0.317
vt 0.9538 0.6557
vt 0.9538 0.6754
vt 0.9488 0.6754
vt 0.9488 0.6557
vt 0.9412 0.1386
vt 0.9412 0.1921
vt 0.9302 0.1921
vt 0.9302 0.1386
vt 0.704 0.317
vt 0.6854 0.3262
vt 0.6576 0.3262
vt 0.6501 0.317
vt 0.6577 0.3775
vt 0.6532 0.3683
vt 0.6854 0.3262
vt 0.704 0.317
vt 0.6379 0.3775
vt 0.6491 0.3683
vt 0.6532 0.3683
vt 0.6577 0.3775
vt 0.6501 0.317
vt 0.6576 0.3262
vt 0.6491 0.3683
vt 0.6379 0.3775
vt 0.9077 0.3879
vt 0.9088 0.3879
vt 0.9088 0.4154
vt 0.9077 0.4154
vt 0.9676 0.8356
vt 0.9686 0.8356
vt 0.9665 0.8676
vt 0.9654 0.8676
vt 0.9676 0.8317
vt 0.9686 0.8317
vt 0.9686 0.8356
vt 0.9676 0.8356
vt 0.9077 0.4154
vt 0.9088 0.4154
vt 0.9109 0.4239
vt 0.9099 0.4239
vt 0.9418 0.21
vt 0.9388 0.2559
vt 0.9338 0.2559
vt 0.9308 0.21
vt 0.8278 0.9399
vt 0.8383 0.9921
vt 0.8256 0.9921
vt 0.7857 0.9399
vt 0.9031 0.1386
vt 0.9062 0.1264
vt 0.9111 0.1264
vt 0.9142 0.1386
vt 0.8141 0.443
vt 0.7741 0.4951
vt 0.7614 0.4951
vt 0.772 0.443
vt 0.9388 0.2559
vt 0.9388 0.2756
vt 0.9338 0.2756
vt 0.9338 0.2559
vt 0.9142 0.1386
vt 0.9142 0.1921
vt 0.9031 0.1921
vt 0.9031 0.1386
vt 0.7738 0.317
vt 0.7704 0.3212
vt 0.7284 0.3212
vt 0.7199 0.317
vt 0.7861 0.3775
vt 0.781 0.3733
vt 0.7704 0.3212
vt 0.7738 0.317
vt 0.7662 0.3775
vt 0.7683 0.3733
vt 0.781 0.3733
vt 0.7861 0.3775
vt 0.7199 0.317
vt 0.7284 0.3212
vt 0.7683 0.3733
vt 0.7662 0.3775
vt 0.3508 0.198
vt 0.3424 0.2021
vt 0.3004 0.2021
vt 0.2969 0.198
vt 0.3046 0.2584
vt 0.3025 0.2543
vt 0.3424 0.2021
vt 0.3508 0.198
vt 0.2847 0.2584
vt 0.2898 0.2543
vt 0.3025 0.2543
vt 0.3046 0.2584
vt 0.2969 0.198
vt 0.3004 0.2021
vt 0.2898 0.2543
vt 0.2847 0.2584
vt 0.9109 0.4815
vt 0.9098 0.4815
vt 0.9098 0.4397
vt 0.9109 0.4397
vt 0.9083 0.492
vt 0.9072 0.492
vt 0.9098 0.4815
vt 0.9109 0.4815
vt 0.9542 0.4046
vt 0.9531 0.4046
vt 0.9531 0.3919
vt 0.9542 0.3919
vt 0.9568 0.4442
vt 0.9557 0.4442
vt 0.9531 0.4046
vt 0.9542 0.4046
vt 0.8308 0.4486
vt 0.8319 0.4486
vt 0.8319 0.4904
vt 0.8308 0.4904
vt 0.9557 0.4727
vt 0.9568 0.4727
vt 0.9542 0.5123
vt 0.9531 0.5123
vt 0.9557 0.4601
vt 0.9568 0.4601
vt 0.9568 0.4727
vt 0.9557 0.4727
vt 0.8308 0.4904
vt 0.8319 0.4904
vt 0.8346 0.5008
vt 0.8335 0.5008
vt 0.3425 0.2821
vt 0.3444 0.2867
vt 0.3379 0.2867
vt 0.3425 0.2821
vt 0.3464 0.2782
vt 0.35 0.2867
vt 0.3444 0.2867
vt 0.8098 0.771
vt 0.8127 0.7765
vt 0.8015 0.7765
vt 0.8012 0.771
vt 0.8127 0.7765
vt 0.8143 0.7831
vt 0.8022 0.7831
vt 0.8015 0.7765
vt 0.8143 0.7831
vt 0.814 0.7942
vt 0.8019 0.7942
vt 0.8022 0.7831
vt 0.814 0.7942
vt 0.8134 0.8053
vt 0.8012 0.8053
vt 0.8019 0.7942
vt 0.8134 0.8053
vt 0.8118 0.8164
vt 0.7996 0.8164
vt 0.8012 0.8053
vt 0.8118 0.8164
vt 0.81 0.8275
vt 0.7978 0.8275
vt 0.7996 0.8164
vt 0.81 0.8275
vt 0.8079 0.8341
vt 0.7967 0.8341
vt 0.7978 0.8275
vt 0.8079 0.8341
vt 0.8067 0.8396
vt 0.7982 0.8396
vt 0.7967 0.8341
vt 0.7687 0.2976
vt 0.7648 0.2945
vt 0.7667 0.2899
vt 0.7723 0.2891
vt 0.7648 0.2945
vt 0.7601 0.2902
vt 0.7667 0.2899
vt 0.3379 0.2802
vt 0.3425 0.2821
vt 0.3379 0.2867
vt 0.3379 0.2802
vt 0.3379 0.2747
vt 0.3464 0.2782
vt 0.3425 0.2821
vt 0.7978 0.6866
vt 0.7978 0.6921
vt 0.7866 0.6921
vt 0.7893 0.6866
vt 0.7978 0.6921
vt 0.7978 0.6986
vt 0.7857 0.6986
vt 0.7866 0.6921
vt 0.7978 0.6986
vt 0.7978 0.7097
vt 0.7857 0.7097
vt 0.7857 0.6986
vt 0.7978 0.7097
vt 0.7978 0.7209
vt 0.7857 0.7209
vt 0.7857 0.7097
vt 0.7978 0.7209
vt 0.7978 0.732
vt 0.7857 0.732
vt 0.7857 0.7209
vt 0.7978 0.732
vt 0.7978 0.7431
vt 0.7857 0.7431
vt 0.7857 0.732
vt 0.7978 0.7431
vt 0.7978 0.7496
vt 0.7866 0.7496
vt 0.7857 0.7431
vt 0.7978 0.7496
vt 0.7978 0.7551
vt 0.7893 0.7551
vt 0.7866 0.7496
vt 0.7601 0.3012
vt 0.7601 0.2964
vt 0.7648 0.2945
vt 0.7687 0.2976
vt 0.7601 0.2964
vt 0.7601 0.2902
vt 0.7648 0.2945
vt 0.3332 0.2821
vt 0.3379 0.2802
vt 0.3379 0.2867
vt 0.3332 0.2821
vt 0.3293 0.2782
vt 0.3379 0.2747
vt 0.3379 0.2802
vt 0.8064 0.6866
vt 0.809 0.6921
vt 0.7978 0.6921
vt 0.7978 0.6866
vt 0.809 0.6921
vt 0.81 0.6986
vt 0.7978 0.6986
vt 0.7978 0.6921
vt 0.81 0.6986
vt 0.81 0.7097
vt 0.7978 0.7097
vt 0.7978 0.6986
vt 0.81 0.7097
vt 0.81 0.7209
vt 0.7978 0.7209
vt 0.7978 0.7097
vt 0.81 0.7209
vt 0.81 0.732
vt 0.7978 0.732
vt 0.7978 0.7209
vt 0.81 0.732
vt 0.81 0.7431
vt 0.7978 0.7431
vt 0.7978 0.732
vt 0.81 0.7431
vt 0.809 0.7496
vt 0.7978 0.7496
vt 0.7978 0.7431
vt 0.809 0.7496
vt 0.8064 0.7551
vt 0.7978 0.7551
vt 0.7978 0.7496
vt 0.7516 0.2976
vt 0.7555 0.2945
vt 0.7601 0.2964
vt 0.7601 0.3012
vt 0.7555 0.2945
vt 0.7601 0.2902
vt 0.7601 0.2964
vt 0.3313 0.2867
vt 0.3332 0.2821
vt 0.3379 0.2867
vt 0.3313 0.2867
vt 0.3257 0.2867
vt 0.3293 0.2782
vt 0.3332 0.2821
vt 0.7988 0.8555
vt 0.7985 0.861
vt 0.7873 0.861
vt 0.7902 0.8555
vt 0.7985 0.861
vt 0.7978 0.8675
vt 0.7857 0.8675
vt 0.7873 0.861
vt 0.7978 0.8675
vt 0.7981 0.8786
vt 0.786 0.8786
vt 0.7857 0.8675
vt 0.7981 0.8786
vt 0.7988 0.8898
vt 0.7866 0.8898
vt 0.786 0.8786
vt 0.7988 0.8898
vt 0.8004 0.9009
vt 0.7882 0.9009
vt 0.7866 0.8898
vt 0.8004 0.9009
vt 0.8022 0.912
vt 0.79 0.912
vt 0.7882 0.9009
vt 0.8022 0.912
vt 0.8014 0.9185
vt 0.7921 0.9185
vt 0.79 0.912
vt 0.8014 0.9185
vt 0.8018 0.924
vt 0.7933 0.924
vt 0.7921 0.9185
vt 0.748 0.2891
vt 0.7536 0.2899
vt 0.7555 0.2945
vt 0.7516 0.2976
vt 0.7536 0.2899
vt 0.7601 0.2902
vt 0.7555 0.2945
vt 0.3332 0.2913
vt 0.3313 0.2867
vt 0.3379 0.2867
vt 0.3332 0.2913
vt 0.3293 0.2953
vt 0.3257 0.2867
vt 0.3313 0.2867
vt 0.8074 0.8555
vt 0.8097 0.861
vt 0.7985 0.861
vt 0.7988 0.8555
vt 0.8097 0.861
vt 0.81 0.8675
vt 0.7978 0.8675
vt 0.7985 0.861
vt 0.81 0.8675
vt 0.8103 0.8786
vt 0.7981 0.8786
vt 0.7978 0.8675
vt 0.8103 0.8786
vt 0.8109 0.8898
vt 0.7988 0.8898
vt 0.7981 0.8786
vt 0.8109 0.8898
vt 0.8125 0.9009
vt 0.8004 0.9009
vt 0.7988 0.8898
vt 0.8125 0.9009
vt 0.8143 0.912
vt 0.8022 0.912
vt 0.8004 0.9009
vt 0.8143 0.912
vt 0.8126 0.9185
vt 0.8014 0.9185
vt 0.8022 0.912
vt 0.8126 0.9185
vt 0.8085 0.924
vt 0.8018 0.924
vt 0.8014 0.9185
vt 0.7516 0.2825
vt 0.7555 0.2853
vt 0.7536 0.2899
vt 0.748 0.2891
vt 0.7555 0.2853
vt 0.7601 0.2902
vt 0.7536 0.2899
vt 0.3379 0.2933
vt 0.3332 0.2913
vt 0.3379 0.2867
vt 0.3379 0.2933
vt 0.3379 0.2988
vt 0.3293 0.2953
vt 0.3332 0.2913
vt 0.7978 0.6021
vt 0.7978 0.6077
vt 0.7866 0.6077
vt 0.7893 0.6021
vt 0.7978 0.6077
vt 0.7978 0.6142
vt 0.7857 0.6142
vt 0.7866 0.6077
vt 0.7978 0.6142
vt 0.7978 0.6253
vt 0.7857 0.6253
vt 0.7857 0.6142
vt 0.7978 0.6253
vt 0.7978 0.6364
vt 0.7857 0.6364
vt 0.7857 0.6253
vt 0.7978 0.6364
vt 0.7978 0.6475
vt 0.7857 0.6475
vt 0.7857 0.6364
vt 0.7978 0.6475
vt 0.7978 0.6586
vt 0.7857 0.6586
vt 0.7857 0.6475
vt 0.7978 0.6586
vt 0.7978 0.6652
vt 0.7866 0.6652
vt 0.7857 0.6586
vt 0.7978 0.6652
vt 0.7978 0.6707
vt 0.7893 0.6707
vt 0.7866 0.6652
vt 0.7601 0.279
vt 0.7601 0.2834
vt 0.7555 0.2853
vt 0.7516 0.2825
vt 0.7601 0.2834
vt 0.7601 0.2902
vt 0.7555 0.2853
vt 0.3425 0.2913
vt 0.3379 0.2933
vt 0.3379 0.2867
vt 0.3425 0.2913
vt 0.3464 0.2953
vt 0.3379 0.2988
vt 0.3379 0.2933
vt 0.8064 0.6021
vt 0.809 0.6077
vt 0.7978 0.6077
vt 0.7978 0.6021
vt 0.809 0.6077
vt 0.81 0.6142
vt 0.7978 0.6142
vt 0.7978 0.6077
vt 0.81 0.6142
vt 0.81 0.6253
vt 0.7978 0.6253
vt 0.7978 0.6142
vt 0.81 0.6253
vt 0.81 0.6364
vt 0.7978 0.6364
vt 0.7978 0.6253
vt 0.81 0.6364
vt 0.81 0.6475
vt 0.7978 0.6475
vt 0.7978 0.6364
vt 0.81 0.6475
vt 0.81 0.6586
vt 0.7978 0.6586
vt 0.7978 0.6475
vt 0.81 0.6586
vt 0.809 0.6652
vt 0.7978 0.6652
vt 0.7978 0.6586
vt 0.809 0.6652
vt 0.8064 0.6707
vt 0.7978 0.6707
vt 0.7978 0.6652
vt 0.7687 0.2825
vt 0.7648 0.2853
vt 0.7601 0.2834
vt 0.7601 0.279
vt 0.7648 0.2853
vt 0.7601 0.2902
vt 0.7601 0.2834
vt 0.3444 0.2867
vt 0.3425 0.2913
vt 0.3379 0.2867
vt 0.3444 0.2867
vt 0.35 0.2867
vt 0.3464 0.2953
vt 0.3425 0.2913
vt 0.8012 0.771
vt 0.8015 0.7765
vt 0.7903 0.7765
vt 0.7926 0.771
vt 0.8015 0.7765
vt 0.8022 0.7831
vt 0.79 0.7831
vt 0.7903 0.7765
vt 0.8022 0.7831
vt 0.8019 0.7942
vt 0.7897 0.7942
vt 0.79 0.7831
vt 0.8019 0.7942
vt 0.8012 0.8053
vt 0.7891 0.8053
vt 0.7897 0.7942
vt 0.8012 0.8053
vt 0.7996 0.8164
vt 0.7875 0.8164
vt 0.7891 0.8053
vt 0.7996 0.8164
vt 0.7978 0.8275
vt 0.7857 0.8275
vt 0.7875 0.8164
vt 0.7978 0.8275
vt 0.7967 0.8341
vt 0.7874 0.8341
vt 0.7857 0.8275
vt 0.7967 0.8341
vt 0.7982 0.8396
vt 0.7915 0.8396
vt 0.7874 0.8341
vt 0.7723 0.2891
vt 0.7667 0.2899
vt 0.7648 0.2853
vt 0.7687 0.2825
vt 0.7667 0.2899
vt 0.7601 0.2902
vt 0.7648 0.2853
vt 0.8167 0.279
vt 0.8212 0.2852
vt 0.8051 0.2876
vt 0.0173 0.2487
vt 0.008 0.243
vt 0.2625 0.1512
vt 0.2649 0.1552
vt 0.3458 0.1821
vt 0.34 0.1766
vt 0.3502 0.1776
vt 0.7883 0.289
vt 0.8167 0.279
vt 0.8051 0.2876
vt 0.68 0.7059
vt 0.6851 0.9841
vt 0.6388 0.9841
vt 0.6389 0.7059
vt 0.3321 0.1774
vt 0.34 0.1766
vt 0.3458 0.1821
vt 0.7892 0.2951
vt 0.7883 0.289
vt 0.8051 0.2876
vt 0.6219 0.2755
vt 0.6178 0.2847
vt 0.3671 0.3775
vt 0.3668 0.372
vt 0.3315 0.1714
vt 0.34 0.1766
vt 0.3321 0.1774
vt 0.8073 0.2945
vt 0.7892 0.2951
vt 0.8051 0.2876
vt 0.3054 0.4599
vt 0.3084 0.864
vt 0.2562 0.8645
vt 0.2761 0.4599
vt 0.342 0.1699
vt 0.34 0.1766
vt 0.3315 0.1714
vt 0.8212 0.2852
vt 0.8073 0.2945
vt 0.8051 0.2876
vt 0.3296 0.4599
vt 0.3433 0.8647
vt 0.3084 0.864
vt 0.3054 0.4599
vt 0.3502 0.1776
vt 0.34 0.1766
vt 0.342 0.1699
vt 0.2847 0.1615
vt 0.2894 0.154
vt 0.3155 0.1778
vt 0.3081 0.1821
vt 0.333 0.3147
vt 0.3376 0.3245
vt 0.2722 0.3245
vt 0.2768 0.3147
vt 0.7309 0.8645
vt 0.732 0.8713
vt 0.7032 0.8725
vt 0.7114 0.8627
vt 0.3084 0.864
vt 0.3077 0.8718
vt 0.2492 0.8713
vt 0.2562 0.8645
vt 0.3433 0.8647
vt 0.3508 0.8711
vt 0.3077 0.8718
vt 0.3084 0.864
vt 0.6676 0.4539
vt 0.6424 0.5734
vt 0.6379 0.5734
vt 0.6436 0.4524
vt 0.3376 0.3245
vt 0.3031 0.4441
vt 0.2895 0.4441
vt 0.2722 0.3245
vt 0.732 0.8713
vt 0.7149 0.9921
vt 0.7088 0.9921
vt 0.7032 0.8725
vt 0.3077 0.8718
vt 0.3036 0.9921
vt 0.2932 0.9921
vt 0.2492 0.8713
vt 0.3508 0.8711
vt 0.3118 0.9921
vt 0.3036 0.9921
vt 0.3077 0.8718
vt 0.6382 0.5893
vt 0.6213 0.7112
vt 0.6121 0.7111
vt 0.6239 0.5893
vt 0.6388 0.9841
vt 0.6335 0.9921
vt 0.6203 0.8905
vt 0.749 0.9921
vt 0.7576 0.8886
vt 0.7659 0.8885
vt 0.7697 0.9901
vt 0.748 0.5873
vt 0.7567 0.7092
vt 0.7576 0.8886
vt 0.749 0.9921
vt 0.7258 0.4599
vt 0.7256 0.5812
vt 0.7163 0.5813
vt 0.7034 0.4599
vt 0.2562 0.8645
vt 0.2585 0.761
vt 0.2586 0.5812
vt 0.2761 0.4599
vt 0.7114 0.8627
vt 0.7135 0.7613
vt 0.7256 0.761
vt 0.7309 0.8645
vt 0.7011 0.8548
vt 0.7135 0.7613
vt 0.7114 0.8627
vt 0.6213 0.7112
vt 0.6389 0.7059
vt 0.6388 0.9841
vt 0.6203 0.8905
vt 0.612 0.8737
vt 0.3771 0.7374
vt 0.372 0.7185
vt 0.6124 0.7135
vt 0.8543 0.9921
vt 0.8572 0.9613
vt 0.8612 0.9637
vt 0.8584 0.9915
vt 0.0086 0.2646
vt 0.2562 0.2659
vt 0.2473 0.2967
vt 0.008 0.4441
vt 0.8696 0.2584
vt 0.6245 0.1729
vt 0.6321 0.1646
vt 0.8714 0.2544
vt 0.2585 0.761
vt 0.0185 0.6124
vt 0.008 0.5807
vt 0.2586 0.5812
vt 0.8772 0.9915
vt 0.8779 0.961
vt 0.8835 0.9604
vt 0.8828 0.9921
vt 0.3739 0.3951
vt 0.6138 0.3952
vt 0.6076 0.4196
vt 0.3765 0.5623
vt 0.681 0.5893
vt 0.6802 0.6018
vt 0.6387 0.6018
vt 0.6382 0.5893
vt 0.7011 0.8548
vt 0.7023 0.5765
vt 0.7163 0.5813
vt 0.7135 0.7613
vt 0.7761 0.418
vt 0.7709 0.4218
vt 0.7246 0.4036
vt 0.7199 0.3934
vt 0.6382 0.5893
vt 0.6387 0.6018
vt 0.6389 0.7059
vt 0.6213 0.7112
vt 0.6802 0.6018
vt 0.68 0.7059
vt 0.6389 0.7059
vt 0.6387 0.6018
vt 0.7023 0.5765
vt 0.7025 0.4724
vt 0.7034 0.4599
vt 0.7163 0.5813
vt 0.3675 0.1543
vt 0.6075 0.2464
vt 0.6085 0.2584
vt 0.3668 0.1598
vt 0.6203 0.8905
vt 0.612 0.8737
vt 0.6124 0.7135
vt 0.6213 0.7112
vt 0.3752 0.7426
vt 0.3771 0.7374
vt 0.612 0.8737
vt 0.6203 0.8905
vt 0.3668 0.7148
vt 0.372 0.7185
vt 0.3771 0.7374
vt 0.3752 0.7426
vt 0.6213 0.7112
vt 0.6124 0.7135
vt 0.372 0.7185
vt 0.3668 0.7148
vt 0.3668 0.3934
vt 0.3739 0.3951
vt 0.3765 0.5623
vt 0.3701 0.5734
vt 0.3668 0.372
vt 0.3749 0.3684
vt 0.6148 0.2743
vt 0.6219 0.2755
vt 0.6117 0.4239
vt 0.6076 0.4196
vt 0.6138 0.3952
vt 0.6219 0.3934
vt 0.3701 0.5734
vt 0.3765 0.5623
vt 0.6076 0.4196
vt 0.6117 0.4239
vt 0.6949 0.4193
vt 0.6858 0.4176
vt 0.6782 0.407
vt 0.6806 0.3993
vt 0.6806 0.3993
vt 0.6782 0.407
vt 0.6451 0.4186
vt 0.6379 0.4143
vt 0.6379 0.4143
vt 0.6451 0.4186
vt 0.647 0.4299
vt 0.6414 0.4365
vt 0.6414 0.4365
vt 0.647 0.4299
vt 0.6686 0.4292
vt 0.6707 0.4356
vt 0.6707 0.4356
vt 0.6686 0.4292
vt 0.6858 0.4176
vt 0.6949 0.4193
vt 0.9728 0.7476
vt 0.9728 0.7399
vt 0.9835 0.7399
vt 0.9835 0.7476
vt 0.9654 0.7846
vt 0.9654 0.7768
vt 0.9771 0.7768
vt 0.9771 0.7845
vt 0.8506 0.4475
vt 0.8506 0.4397
vt 0.8524 0.4398
vt 0.8524 0.4475
vt 0.8524 0.4475
vt 0.8524 0.4398
vt 0.874 0.4397
vt 0.874 0.4475
vt 0.874 0.4475
vt 0.874 0.4397
vt 0.8912 0.4398
vt 0.8912 0.4475
vt 0.6785 0.2889
vt 0.6742 0.2881
vt 0.6697 0.2819
vt 0.6709 0.2783
vt 0.6709 0.2783
vt 0.6697 0.2819
vt 0.6413 0.2919
vt 0.6379 0.2899
vt 0.6379 0.2899
vt 0.6413 0.2919
vt 0.6423 0.298
vt 0.6397 0.3012
vt 0.6397 0.3012
vt 0.6423 0.298
vt 0.6604 0.2975
vt 0.6613 0.3005
vt 0.6613 0.3005
vt 0.6604 0.2975
vt 0.6742 0.2881
vt 0.6785 0.2889
vt 0.8871 0.2776
vt 0.8871 0.3104
vt 0.8827 0.3104
vt 0.8827 0.2776
vt 0.8827 0.2776
vt 0.8827 0.3104
vt 0.8542 0.3104
vt 0.8542 0.2776
vt 0.8871 0.3263
vt 0.8871 0.3591
vt 0.8862 0.3592
vt 0.8862 0.3263
vt 0.8862 0.3263
vt 0.8862 0.3592
vt 0.8681 0.3591
vt 0.8681 0.3263
vt 0.8681 0.3263
vt 0.8681 0.3591
vt 0.8542 0.3592
vt 0.8542 0.3263
vt 0.9758 0.5916
vt 0.9758 0.6
vt 0.9728 0.6
vt 0.9728 0.5916
vt 0.9674 0.2943
vt 0.9706 0.3028
vt 0.9616 0.3028
vt 0.9531 0.2943
vt 0.9728 0.628
vt 0.9728 0.6248
vt 0.9758 0.6248
vt 0.9758 0.628
vt 0.9706 0.3187
vt 0.962 0.3272
vt 0.9531 0.3272
vt 0.9563 0.3187
vt 0.9758 0.6
vt 0.9758 0.6089
vt 0.9728 0.6089
vt 0.9728 0.6
vt 0.9758 0.628
vt 0.9758 0.6422
vt 0.9728 0.6422
vt 0.9728 0.628
vt 0.9758 0.4585
vt 0.9758 0.467
vt 0.9728 0.467
vt 0.9728 0.4585
vt 0.9715 0.1508
vt 0.9747 0.1594
vt 0.9657 0.1594
vt 0.9572 0.1508
vt 0.9728 0.5615
vt 0.9728 0.5583
vt 0.9758 0.5583
vt 0.9758 0.5615
vt 0.9706 0.3675
vt 0.962 0.376
vt 0.9531 0.376
vt 0.9563 0.3675
vt 0.9758 0.467
vt 0.9758 0.4759
vt 0.9728 0.4759
vt 0.9728 0.467
vt 0.9758 0.5615
vt 0.9758 0.5757
vt 0.9728 0.5757
vt 0.9728 0.5615
f 1/1 2/2 3/3
f 6/6 7/7 4/4
f 4/4 5/5 6/6
f 10/10 11/11 8/8
f 8/8 9/9 10/10
f 14/14 15/15 12/12
f 12/12 13/13 14/14
f 18/18 19/19 16/16
f 16/16 17/17 18/18
f 22/22 23/23 20/20
f 20/20 21/21 22/22
f 26/26 27/27 24/24
f 24/24 25/25 26/26
f 30/30 31/31 28/28
f 28/28 29/29 30/30
f 34/34 35/35 32/32
f 32/32 33/33 34/34
f 38/38 39/39 36/36
f 36/36 37/37 38/38
f 41/41 43/43 40/40
f 43/43 41/41 42/42
f 44/44 45/45 46/46
f 47/47 48/48 49/49
f 52/52 53/53 50/50
f 50/50 51/51 52/52
f 56/56 57/57 54/54
f 54/54 55/55 56/56
f 60/60 61/61 58/58
f 58/58 59/59 60/60
f 64/64 65/65 62/62
f 62/62 63/63 64/64
f 68/68 69/69 66/66
f 66/66 67/67 68/68
f 72/72 73/73 70/70
f 70/70 71/71 72/72
f 76/76 77/77 74/74
f 74/74 75/75 76/76
f 80/80 81/81 78/78
f 78/78 79/79 80/80
f 84/84 85/85 82/82
f 82/82 83/83 84/84
f 87/87 89/89 86/86
f 89/89 87/87 88/88
f 90/90 91/91 92/92
f 93/93 94/94 95/95
f 98/98 99/99 96/96
f 96/96 97/97 98/98
f 102/102 103/103 100/100
f 100/100 101/101 102/102
f 106/106 107/107 104/104
f 104/104 105/105 106/106
f 110/110 111/111 108/108
f 108/108 109/109 110/110
f 114/114 115/115 112/112
f 112/112 113/113 114/114
f 118/118 119/119 116/116
f 116/116 117/117 118/118
f 122/122 123/123 120/120
f 120/120 121/121 122/122
f 126/126 127/127 124/124
f 124/124 125/125 126/126
f 130/130 131/131 128/128
f 128/128 129/129 130/130
f 133/133 135/135 132/132
f 135/135 133/133 134/134
f 136/136 137/137 138/138
f 139/139 140/140 141/141
f 144/144 145/145 142/142
f 142/142 143/143 144/144
f 147/147 149/149 146/146
f 149/149 147/147 148/148
f 151/151 153/153 150/150
f 153/153 151/151 152/152
f 155/155 157/157 154/154
f 157/157 155/155 156/156
f 159/159 161/161 158/158
f 161/161 159/159 160/160
f 163/163 165/165 162/162
f 165/165 163/163 164/164
f 167/167 169/169 166/166
f 169/169 167/167 168/168
f 171/171 173/173 170/170
f 173/173 171/171 172/172
f 175/175 177/177 174/174
f 177/177 175/175 176/176
f 179/179 181/181 178/178
f 181/181 179/179 180/180
f 182/182 183/183 184/184
f 185/185 186/186 187/187
f 190/190 191/191 188/188
f 188/188 189/189 190/190
f 193/193 195/195 192/192
f 195/195 193/193 194/194
f 197/197 199/199 196/196
f 199/199 197/197 198/198
f 201/201 203/203 200/200
f 203/203 201/201 202/202
f 205/205 207/207 204/204
f 207/207 205/205 206/206
f 209/209 211/211 208/208
f 211/211 209/209 210/210
f 213/213 215/215 212/212
f 215/215 213/213 214/214
f 217/217 219/219 216/216
f 219/219 217/217 218/218
f 221/221 223/223 220/220
f 223/223 221/221 222/222
f 225/225 227/227 224/224
f 227/227 225/225 226/226
f 228/228 229/229 230/230
f 231/231 232/232 233/233
f 236/236 237/237 234/234
f 234/234 235/235 236/236
f 239/239 241/241 238/238
f 241/241 239/239 240/240
f 243/243 245/245 242/242
f 245/245 243/243 244/244
f 247/247 249/249 246/246
f 249/249 247/247 248/248
f 251/251 253/253 250/250
f 253/253 251/251 252/252
f 255/255 257/257 254/254
f 257/257 255/255 256/256
f 259/259 261/261 258/258
f 261/261 259/259 260/260
f 263/263 265/265 262/262
f 265/265 263/263 264/264
f 267/267 269/269 266/266
f 269/269 267/267 268/268
f 271/271 273/273 270/270
f 273/273 271/271 272/272
f 274/274 275/275 276/276
f 277/277 278/278 279/279
f 282/282 283/283 280/280
f 280/280 281/281 282/282
f 285/285 287/287 284/284
f 287/287 285/285 286/286
f 289/289 291/291 288/288
f 291/291 289/289 290/290
f 293/293 295/295 292/292
f 295/295 293/293 294/294
f 297/297 299/299 296/296
f 299/299 297/297 298/298
f 301/301 303/303 300/300
f 303/303 301/301 302/302
f 305/305 307/307 304/304
f 307/307 305/305 306/306
f 309/309 311/311 308/308
f 311/311 309/309 310/310
f 313/313 315/315 312/312
f 315/315 313/313 314/314
f 317/317 319/319 316/316
f 319/319 317/317 318/318
f 320/320 321/321 322/322
f 323/323 324/324 325/325
f 328/328 329/329 326/326
f 326/326 327/327 328/328
f 332/332 333/333 330/330
f 330/330 331/331 332/332
f 336/336 337/337 334/334
f 334/334 335/335 336/336
f 340/340 341/341 338/338
f 338/338 339/339 340/340
f 344/344 345/345 342/342
f 342/342 343/343 344/344
f 348/348 349/349 346/346
f 346/346 347/347 348/348
f 352/352 353/353 350/350
f 350/350 351/351 352/352
f 356/356 357/357 354/354
f 354/354 355/355 356/356
f 360/360 361/361 358/358
f 358/358 359/359 360/360
f 363/363 365/365 362/362
f 365/365 363/363 364/364
f 366/366 367/367 368/368
f 369/369 370/370 371/371
f 374/374 375/375 372/372
f 372/372 373/373 374/374
f 378/378 379/379 376/376
f 376/376 377/377 378/378
f 382/382 383/383 380/380
f 380/380 381/381 382/382
f 386/386 387/387 384/384
f 384/384 385/385 386/386
f 390/390 391/391 388/388
f 388/388 389/389 390/390
f 394/394 395/395 392/392
f 392/392 393/393 394/394
f 398/398 399/399 396/396
f 396/396 397/397 398/398
f 402/402 403/403 400/400
f 400/400 401/401 402/402
f 406/406 407/407 404/404
f 404/404 405/405 406/406
f 409/409 411/411 408/408
f 411/411 409/409 410/410
f 412/412 413/413 414/414
f 415/415 416/416 417/417
f 420/420 421/421 418/418
f 418/418 419/419 420/420
f 424/424 425/425 422/422
f 422/422 423/423 424/424
f 428/428 429/429 426/426
f 426/426 427/427 428/428
f 432/432 433/433 430/430
f 430/430 431/431 432/432
f 436/436 437/437 434/434
f 434/434 435/435 436/436
f 440/440 441/441 438/438
f 438/438 439/439 440/440
f 444/444 445/445 442/442
f 442/442 443/443 444/444
f 448/448 449/449 446/446
f 446/446 447/447 448/448
f 452/452 453/453 450/450
f 450/450 451/451 452/452
f 455/455 457/457 454/454
f 457/457 455/455 456/456
f 458/458 459/459 460/460
f 461/461 462/462 463/463
f 466/466 467/467 464/464
f 464/464 465/465 466/466
f 470/470 471/471 468/468
f 468/468 469/469 470/470
f 474/474 475/475 472/472
f 472/472 473/473 474/474
f 478/478 479/479 476/476
f 476/476 477/477 478/478
f 482/482 483/483 480/480
f 480/480 481/481 482/482
f 486/486 487/487 484/484
f 484/484 485/485 486/486
f 490/490 491/491 488/488
f 488/488 489/489 490/490
f 494/494 495/495 492/492
f 492/492 493/493 494/494
f 498/498 499/499 496/496
f 496/496 497/497 498/498
f 501/501 503/503 500/500
f 503/503 501/501 502/502
f 504/504 505/505 506/506
f 507/507 508/508 509/509
f 512/512 513/513 510/510
f 510/510 511/511 512/512
f 515/515 517/517 514/514
f 517/517 515/515 516/516
f 519/519 521/521 518/518
f 521/521 519/519 520/520
f 523/523 525/525 522/522
f 525/525 523/523 524/524
f 527/527 529/529 526/526
f 529/529 527/527 528/528
f 531/531 533/533 530/530
f 533/533 531/531 532/532
f 535/535 537/537 534/534
f 537/537 535/535 536/536
f 539/539 541/541 538/538
f 541/541 539/539 540/540
f 543/543 545/545 542/542
f 545/545 543/543 544/544
f 547/547 549/549 546/546
f 549/549 547/547 548/548
f 550/550 551/551 552/552
f 553/553 554/554 555/555
f 558/558 559/559 556/556
f 556/556 557/557 558/558
f 561/561 563/563 560/560
f 563/563 561/561 562/562
f 565/565 567/567 564/564
f 567/567 565/565 566/566
f 569/569 571/571 568/568
f 571/571 569/569 570/570
f 573/573 575/575 572/572
f 575/575 573/573 574/574
f 577/577 579/579 576/576
f 579/579 577/577 578/578
f 581/581 583/583 580/580
f 583/583 581/581 582/582
f 585/585 587/587 584/584
f 587/587 585/585 586/586
f 589/589 591/591 588/588
f 591/591 589/589 590/590
f 593/593 595/595 592/592
f 595/595 593/593 594/594
f 596/596 597/597 598/598
f 599/599 600/600 601/601
f 604/604 605/605 602/602
f 602/602 603/603 604/604
f 607/607 609/609 606/606
f 609/609 607/607 608/608
f 611/611 613/613 610/610
f 613/613 611/611 612/612
f 615/615 617/617 614/614
f 617/617 615/615 616/616
f 619/619 621/621 618/618
f 621/621 619/619 620/620
f 623/623 625/625 622/622
f 625/625 623/623 624/624
f 627/627 629/629 626/626
f 629/629 627/627 628/628
f 631/631 633/633 630/630
f 633/633 631/631 632/632
f 635/635 637/637 634/634
f 637/637 635/635 636/636
f 639/639 641/641 638/638
f 641/641 639/639 640/640
f 642/642 643/643 644/644
f 645/645 646/646 647/647
f 650/650 651/651 648/648
f 648/648 649/649 650/650
f 653/653 655/655 652/652
f 655/655 653/653 654/654
f 657/657 659/659 656/656
f 659/659 657/657 658/658
f 661/661 663/663 660/660
f 663/663 661/661 662/662
f 665/665 667/667 664/664
f 667/667 665/665 666/666
f 669/669 671/671 668/668
f 671/671 669/669 670/670
f 673/673 675/675 672/672
f 675/675 673/673 674/674
f 677/677 679/679 676/676
f 679/679 677/677 678/678
f 681/681 683/683 680/680
f 683/683 681/681 682/682
f 685/685 687/687 684/684
f 687/687 685/685 686/686
f 688/688 689/689 690/690
f 691/691 692/692 693/693
f 696/696 697/697 694/694
f 694/694 695/695 696/696
f 700/700 701/701 698/698
f 698/698 699/699 700/700
f 704/704 705/705 702/702
f 702/702 703/703 704/704
f 708/708 709/709 706/706
f 706/706 707/707 708/708
f 712/712 713/713 710/710
f 710/710 711/711 712/712
f 716/716 717/717 714/714
f 714/714 715/715 716/716
f 720/720 721/721 718/718
f 718/718 719/719 720/720
f 724/724 725/725 722/722
f 722/722 723/723 724/724
f 728/728 729/729 726/726
f 726/726 727/727 728/728
f 731/731 733/733 730/730
f 733/733 731/731 732/732
f 734/734 735/735 736/736
f 737/737 738/738 739/739
f 742/742 743/743 740/740
f 740/740 741/741 742/742
f 746/746 747/747 744/744
f 744/744 745/745 746/746
f 750/750 751/751 748/748
f 748/748 749/749 750/750
f 754/754 755/755 752/752
f 752/752 753/753 754/754
f 758/758 759/759 756/756
f 756/756 757/757 758/758
f 762/762 763/763 760/760
f 760/760 761/761 762/762
f 766/766 767/767 764/764
f 764/764 765/765 766/766
f 770/770 771/771 768/768
f 768/768 769/769 770/770
f 774/774 775/775 772/772
f 772/772 773/773 774/774
f 777/777 779/779 776/776
f 779/779 777/777 778/778
f 780/780 781/781 782/782
f 783/783 784/784 785/785
f 788/788 789/789 786/786
f 786/786 787/787 788/788
f 792/792 793/793 790/790
f 790/790 791/791 792/792
f 796/796 797/797 794/794
f 794/794 795/795 796/796
f 800/800 801/801 798/798
f 798/798 799/799 800/800
f 804/804 805/805 802/802
f 802/802 803/803 804/804
f 808/808 809/809 806/806
f 806/806 807/807 808/808
f 812/812 813/813 810/810
f 810/810 811/811 812/812
f 816/816 817/817 814/814
f 814/814 815/815 816/816
f 820/820 821/821 818/818
f 818/818 819/819 820/820
f 823/823 825/825 822/822
f 825/825 823/823 824/824
f 826/826 827/827 828/828
f 829/829 830/830 831/831
f 834/834 835/835 832/832
f 832/832 833/833 834/834
f 838/838 839/839 836/836
f 836/836 837/837 838/838
f 842/842 843/843 840/840
f 840/840 841/841 842/842
f 846/846 847/847 844/844
f 844/844 845/845 846/846
f 850/850 851/851 848/848
f 848/848 849/849 850/850
f 854/854 855/855 852/852
f 852/852 853/853 854/854
f 858/858 859/859 856/856
f 856/856 857/857 858/858
f 862/862 863/863 860/860
f 860/860 861/861 862/862
f 866/866 867/867 864/864
f 864/864 865/865 866/866
f 869/869 871/871 868/868
f 871/871 869/869 870/870
f 872/872 873/873 874/874
f 875/875 876/876 877/877
f 880/880 881/881 878/878
f 878/878 879/879 880/880
f 883/883 885/885 882/882
f 885/885 883/883 884/884
f 887/887 889/889 886/886
f 889/889 887/887 888/888
f 891/891 893/893 890/890
f 893/893 891/891 892/892
f 895/895 897/897 894/894
f 897/897 895/895 896/896
f 899/899 901/901 898/898
f 901/901 899/899 900/900
f 903/903 905/905 902/902
f 905/905 903/903 904/904
f 907/907 909/909 906/906
f 909/909 907/907 908/908
f 911/911 913/913 910/910
f 913/913 911/911 912/912
f 915/915 917/917 914/914
f 917/917 915/915 916/916
f 918/918 919/919 920/920
f 921/921 922/922 923/923
f 926/926 927/927 924/924
f 924/924 925/925 926/926
f 929/929 931/931 928/928
f 931/931 929/929 930/930
f 933/933 935/935 932/932
f 935/935 933/933 934/934
f 937/937 939/939 936/936
f 939/939 937/937 938/938
f 941/941 943/943 940/940
f 943/943 941/941 942/942
f 945/945 947/947 944/944
f 947/947 945/945 946/946
f 949/949 951/951 948/948
f 951/951 949/949 950/950
f 953/953 955/955 952/952
f 955/955 953/953 954/954
f 957/957 959/959 956/956
f 959/959 957/957 958/958
f 961/961 963/963 960/960
f 963/963 961/961 962/962
f 964/964 965/965 966/966
f 967/967 968/968 969/969
f 972/972 973/973 970/970
f 970/970 971/971 972/972
f 975/975 977/977 974/974
f 977/977 975/975 976/976
f 979/979 981/981 978/978
f 981/981 979/979 980/980
f 983/983 985/985 982/982
f 985/985 983/983 984/984
f 987/987 989/989 986/986
f 989/989 987/987 988/988
f 991/991 993/993 990/990
f 993/993 991/991 992/992
f 995/995 997/997 994/994
f 997/997 995/995 996/996
f 999/999 1001/1001 998/998
f 1001/1001 999/999 1000/1000
f 1003/1003 1005/1005 1002/1002
f 1005/1005 1003/1003 1004/1004
f 1007/1007 1009/1009 1006/1006
f 1009/1009 1007/1007 1008/1008
f 1010/1010 1011/1011 1012/1012
f 1013/1013 1014/1014 1015/1015
f 1018/1018 1019/1019 1016/1016
f 1016/1016 1017/1017 1018/1018
f 1021/1021 1023/1023 1020/1020
f 1023/1023 1021/1021 1022/1022
f 1025/1025 1027/1027 1024/1024
f 1027/1027 1025/1025 1026/1026
f 1029/1029 1031/1031 1028/1028
f 1031/1031 1029/1029 1030/1030
f 1033/1033 1035/1035 1032/1032
f 1035/1035 1033/1033 1034/1034
f 1037/1037 1039/1039 1036/1036
f 1039/1039 1037/1037 1038/1038
f 1041/1041 1043/1043 1040/1040
f 1043/1043 1041/1041 1042/1042
f 1045/1045 1047/1047 1044/1044
f 1047/1047 1045/1045 1046/1046
f 1049/1049 1051/1051 1048/1048
f 1051/1051 1049/1049 1050/1050
f 1053/1053 1055/1055 1052/1052
f 1055/1055 1053/1053 1054/1054
f 1056/1056 1057/1057 1058/1058
f 1059/1059 1060/1060 1061/1061
f 1064/1064 1065/1065 1062/1062
f 1062/1062 1063/1063 1064/1064
f 1068/1068 1069/1069 1066/1066
f 1066/1066 1067/1067 1068/1068
f 1072/1072 1073/1073 1070/1070
f 1070/1070 1071/1071 1072/1072
f 1076/1076 1077/1077 1074/1074
f 1074/1074 1075/1075 1076/1076
f 1080/1080 1081/1081 1078/1078
f 1078/1078 1079/1079 1080/1080
f 1084/1084 1085/1085 1082/1082
f 1082/1082 1083/1083 1084/1084
f 1088/1088 1089/1089 1086/1086
f 1086/1086 1087/1087 1088/1088
f 1092/1092 1093/1093 1090/1090
f 1090/1090 1091/1091 1092/1092
f 1096/1096 1097/1097 1094/1094
f 1094/1094 1095/1095 1096/1096
f 1099/1099 1101/1101 1098/1098
f 1101/1101 1099/1099 1100/1100
f 1102/1102 1103/1103 1104/1104
f 1107/1107 1108/1108 1105/1105
f 1105/1105 1106/1106 1107/1107
f 1111/1111 1112/1112 1109/1109
f 1109/1109 1110/1110 1111/1111
f 1114/1114 1116/1116 1113/1113
f 1116/1116 1114/1114 1115/1115
f 1118/1118 1120/1120 1117/1117
f 1120/1120 1118/1118 1119/1119
f 1122/1122 1124/1124 1121/1121
f 1124/1124 1122/1122 1123/1123
f 1127/1127 1128/1128 1125/1125
f 1125/1125 1126/1126 1127/1127
f 1131/1131 1132/1132 1129/1129
f 1129/1129 1130/1130 1131/1131
f 1135/1135 1136/1136 1133/1133
f 1133/1133 1134/1134 1135/1135
f 1138/1138 1140/1140 1137/1137
f 1140/1140 1138/1138 1139/1139
f 1142/1142 1144/1144 1141/1141
f 1144/1144 1142/1142 1143/1143
f 1146/1146 1148/1148 1145/1145
f 1148/1148 1146/1146 1147/1147
f 1151/1151 1152/1152 1149/1149
f 1149/1149 1150/1150 1151/1151
f 1155/1155 1156/1156 1153/1153
f 1153/1153 1154/1154 1155/1155
f 1158/1158 1160/1160 1157/1157
f 1160/1160 1158/1158 1159/1159
f 1162/1162 1164/1164 1161/1161
f 1164/1164 1162/1162 1163/1163
f 1167/1167 1168/1168 1165/1165
f 1165/1165 1166/1166 1167/1167
f 1171/1171 1172/1172 1169/1169
f 1169/1169 1170/1170 1171/1171
f 1174/1174 1176/1176 1173/1173
f 1176/1176 1174/1174 1175/1175
f 1179/1179 1180/1180 1177/1177
f 1177/1177 1178/1178 1179/1179
f 1183/1183 1184/1184 1181/1181
f 1181/1181 1182/1182 1183/1183
f 1186/1186 1188/1188 1185/1185
f 1188/1188 1186/1186 1187/1187
f 1190/1190 1192/1192 1189/1189
f 1192/1192 1190/1190 1191/1191
f 1194/1194 1196/1196 1193/1193
f 1196/1196 1194/1194 1195/1195
f 1199/1199 1200/1200 1197/1197
f 1197/1197 1198/1198 1199/1199
f 1203/1203 1204/1204 1201/1201
f 1201/1201 1202/1202 1203/1203
f 1206/1206 1208/1208 1205/1205
f 1208/1208 1206/1206 1207/1207
f 1210/1210 1212/1212 1209/1209
f 1212/1212 1210/1210 1211/1211
f 1215/1215 1216/1216 1213/1213
f 1213/1213 1214/1214 1215/1215
f 1218/1218 1220/1220 1217/1217
f 1220/1220 1218/1218 1219/1219
f 1223/1223 1224/1224 1221/1221
f 1221/1221 1222/1222 1223/1223
f 1227/1227 1228/1228 1225/1225
f 1225/1225 1226/1226 1227/1227
f 1231/1231 1232/1232 1229/1229
f 1229/1229 1230/1230 1231/1231
f 1234/1234 1236/1236 1233/1233
f 1236/1236 1234/1234 1235/1235
f 1238/1238 1240/1240 1237/1237
f 1240/1240 1238/1238 1239/1239
f 1243/1243 1244/1244 1241/1241
f 1241/1241 1242/1242 1243/1243
f 1247/1247 1248/1248 1245/1245
f 1245/1245 1246/1246 1247/1247
f 1250/1250 1252/1252 1249/1249
f 1252/1252 1250/1250 1251/1251
f 1254/1254 1256/1256 1253/1253
f 1256/1256 1254/1254 1255/1255
f 1259/1259 1260/1260 1257/1257
f 1257/1257 1258/1258 1259/1259
f 1263/1263 1264/1264 1261/1261
f 1261/1261 1262/1262 1263/1263
f 1266/1266 1268/1268 1265/1265
f 1268/1268 1266/1266 1267/1267
f 1270/1270 1272/1272 1269/1269
f 1272/1272 1270/1270 1271/1271
f 1275/1275 1276/1276 1273/1273
f 1273/1273 1274/1274 1275/1275
f 1279/1279 1280/1280 1277/1277
f 1277/1277 1278/1278 1279/1279
f 1282/1282 1284/1284 1281/1281
f 1284/1284 1282/1282 1283/1283
f 1286/1286 1288/1288 1285/1285
f 1288/1288 1286/1286 1287/1287
f 1290/1290 1292/1292 1289/1289
f 1292/1292 1290/1290 1291/1291
f 1295/1295 1296/1296 1293/1293
f 1293/1293 1294/1294 1295/1295
f 1299/1299 1300/1300 1297/1297
f 1297/1297 1298/1298 1299/1299
f 1302/1302 1304/1304 1301/1301
f 1304/1304 1302/1302 1303/1303
f 1306/1306 1308/1308 1305/1305
f 1308/1308 1306/1306 1307/1307
f 1311/1311 1312/1312 1309/1309
f 1309/1309 1310/1310 1311/1311
f 1315/1315 1316/1316 1313/1313
f 1313/1313 1314/1314 1315/1315
f 1318/1318 1320/1320 1317/1317
f 1320/1320 1318/1318 1319/1319
f 1322/1322 1324/1324 1321/1321
f 1324/1324 1322/1322 1323/1323
f 1327/1327 1328/1328 1325/1325
f 1325/1325 1326/1326 1327/1327
f 1331/1331 1332/1332 1329/1329
f 1329/1329 1330/1330 1331/1331
f 1334/1334 1336/1336 1333/1333
f 1336/1336 1334/1334 1335/1335
f 1338/1338 1340/1340 1337/1337
f 1340/1340 1338/1338 1339/1339
f 1343/1343 1344/1344 1341/1341
f 1341/1341 1342/1342 1343/1343
f 1347/1347 1348/1348 1345/1345
f 1345/1345 1346/1346 1347/1347
f 1350/1350 1352/1352 1349/1349
f 1352/1352 1350/1350 1351/1351
f 1354/1354 1356/1356 1353/1353
f 1356/1356 1354/1354 1355/1355
f 1359/1359 1360/1360 1357/1357
f 1357/1357 1358/1358 1359/1359
f 1363/1363 1364/1364 1361/1361
f 1361/1361 1362/1362 1363/1363
f 1366/1366 1368/1368 1365/1365
f 1368/1368 1366/1366 1367/1367
f 1371/1371 1372/1372 1369/1369
f 1369/1369 1370/1370 1371/1371
f 1375/1375 1376/1376 1373/1373
f 1373/1373 1374/1374 1375/1375
f 1378/1378 1380/1380 1377/1377
f 1380/1380 1378/1378 1379/1379
f 1382/1382 1384/1384 1381/1381
f 1384/1384 1382/1382 1383/1383
f 1386/1386 1388/1388 1385/1385
f 1388/1388 1386/1386 1387/1387
f 1391/1391 1392/1392 1389/1389
f 1389/1389 1390/1390 1391/1391
f 1395/1395 1396/1396 1393/1393
f 1393/1393 1394/1394 1395/1395
f 1399/1399 1400/1400 1397/1397
f 1397/1397 1398/1398 1399/1399
f 1402/1402 1404/1404 1401/1401
f 1404/1404 1402/1402 1403/1403
f 1406/1406 1408/1408 1405/1405
f 1408/1408 1406/1406 1407/1407
f 1410/1410 1412/1412 1409/1409
f 1412/1412 1410/1410 1411/1411
f 1415/1415 1416/1416 1413/1413
f 1413/1413 1414/1414 1415/1415
f 1419/1419 1420/1420 1417/1417
f 1417/1417 1418/1418 1419/1419
f 1423/1423 1424/1424 1421/1421
f 1421/1421 1422/1422 1423/1423
f 1426/1426 1428/1428 1425/1425
f 1428/1428 1426/1426 1427/1427
f 1430/1430 1432/1432 1429/1429
f 1432/1432 1430/1430 1431/1431
f 1434/1434 1436/1436 1433/1433
f 1436/1436 1434/1434 1435/1435
f 1439/1439 1440/1440 1437/1437
f 1437/1437 1438/1438 1439/1439
f 1443/1443 1444/1444 1441/1441
f 1441/1441 1442/1442 1443/1443
f 1447/1447 1448/1448 1445/1445
f 1445/1445 1446/1446 1447/1447
f 1450/1450 1452/1452 1449/1449
f 1452/1452 1450/1450 1451/1451
f 1454/1454 1456/1456 1453/1453
f 1456/1456 1454/1454 1455/1455
f 1458/1458 1460/1460 1457/1457
f 1460/1460 1458/1458 1459/1459
f 1463/1463 1464/1464 1461/1461
f 1461/1461 1462/1462 1463/1463
f 1467/1467 1468/1468 1465/1465
f 1465/1465 1466/1466 1467/1467
f 1471/1471 1472/1472 1469/1469
f 1469/1469 1470/1470 1471/1471
f 1474/1474 1476/1476 1473/1473
f 1476/1476 1474/1474 1475/1475
f 1478/1478 1480/1480 1477/1477
f 1480/1480 1478/1478 1479/1479
f 1482/1482 1484/1484 1481/1481
f 1484/1484 1482/1482 1483/1483
f 1487/1487 1488/1488 1485/1485
f 1485/1485 1486/1486 1487/1487
f 1489/1489 1490/1490 1491/1491
f 1493/1493 1495/1495 1492/1492
f 1495/1495 1493/1493 1494/1494
f 1498/1498 1499/1499 1496/1496
f 1496/1496 1497/1497 1498/1498
f 1502/1502 1503/1503 1500/1500
f 1500/1500 1501/1501 1502/1502
f 1506/1506 1507/1507 1504/1504
f 1504/1504 1505/1505 1506/1506
f 1510/1510 1511/1511 1508/1508
f 1508/1508 1509/1509 1510/1510
f 1514/1514 1515/1515 1512/1512
f 1512/1512 1513/1513 1514/1514
f 1518/1518 1519/1519 1516/1516
f 1516/1516 1517/1517 1518/1518
f 1522/1522 1523/1523 1520/1520
f 1520/1520 1521/1521 1522/1522
f 1526/1526 1527/1527 1524/1524
f 1524/1524 1525/1525 1526/1526
f 1530/1530 1531/1531 1528/1528
f 1528/1528 1529/1529 1530/1530
f 1532/1532 1533/1533 1534/1534
f 1535/1535 1536/1536 1537/1537
f 1539/1539 1541/1541 1538/1538
f 1541/1541 1539/1539 1540/1540
f 1543/1543 1545/1545 1542/1542
f 1545/1545 1543/1543 1544/1544
f 1547/1547 1549/1549 1546/1546
f 1549/1549 1547/1547 1548/1548
f 1551/1551 1553/1553 1550/1550
f 1553/1553 1551/1551 1552/1552
f 1555/1555 1557/1557 1554/1554
f 1557/1557 1555/1555 1556/1556
f 1559/1559 1561/1561 1558/1558
f 1561/1561 1559/1559 1560/1560
f 1563/1563 1565/1565 1562/1562
f 1565/1565 1563/1563 1564/1564
f 1567/1567 1569/1569 1566/1566
f 1569/1569 1567/1567 1568/1568
f 1571/1571 1573/1573 1570/1570
f 1573/1573 1571/1571 1572/1572
f 1576/1576 1577/1577 1574/1574
f 1574/1574 1575/1575 1576/1576
f 1578/1578 1579/1579 1580/1580
f 1581/1581 1582/1582 1583/1583
f 1585/1585 1587/1587 1584/1584
f 1587/1587 1585/1585 1586/1586
f 1589/1589 1591/1591 1588/1588
f 1591/1591 1589/1589 1590/1590
f 1593/1593 1595/1595 1592/1592
f 1595/1595 1593/1593 1594/1594
f 1597/1597 1599/1599 1596/1596
f 1599/1599 1597/1597 1598/1598
f 1601/1601 1603/1603 1600/1600
f 1603/1603 1601/1601 1602/1602
f 1605/1605 1607/1607 1604/1604
f 1607/1607 1605/1605 1606/1606
f 1609/1609 1611/1611 1608/1608
f 1611/1611 1609/1609 1610/1610
f 1613/1613 1615/1615 1612/1612
f 1615/1615 1613/1613 1614/1614
f 1617/1617 1619/1619 1616/1616
f 1619/1619 1617/1617 1618/1618
f 1622/1622 1623/1623 1620/1620
f 1620/1620 1621/1621 1622/1622
f 1624/1624 1625/1625 1626/1626
f 1627/1627 1628/1628 1629/1629
f 1631/1631 1633/1633 1630/1630
f 1633/1633 1631/1631 1632/1632
f 1635/1635 1637/1637 1634/1634
f 1637/1637 1635/1635 1636/1636
f 1639/1639 1641/1641 1638/1638
f 1641/1641 1639/1639 1640/1640
f 1643/1643 1645/1645 1642/1642
f 1645/1645 1643/1643 1644/1644
f 1647/1647 1649/1649 1646/1646
f 1649/1649 1647/1647 1648/1648
f 1651/1651 1653/1653 1650/1650
f 1653/1653 1651/1651 1652/1652
f 1655/1655 1657/1657 1654/1654
f 1657/1657 1655/1655 1656/1656
f 1659/1659 1661/1661 1658/1658
f 1661/1661 1659/1659 1660/1660
f 1663/1663 1665/1665 1662/1662
f 1665/1665 1663/1663 1664/1664
f 1668/1668 1669/1669 1666/1666
f 1666/1666 1667/1667 1668/1668
f 1670/1670 1671/1671 1672/1672
f 1673/1673 1674/1674 1675/1675
f 1677/1677 1679/1679 1676/1676
f 1679/1679 1677/1677 1678/1678
f 1681/1681 1683/1683 1680/1680
f 1683/1683 1681/1681 1682/1682
f 1685/1685 1687/1687 1684/1684
f 1687/1687 1685/1685 1686/1686
f 1689/1689 1691/1691 1688/1688
f 1691/1691 1689/1689 1690/1690
f 1693/1693 1695/1695 1692/1692
f 1695/1695 1693/1693 1694/1694
f 1697/1697 1699/1699 1696/1696
f 1699/1699 1697/1697 1698/1698
f 1701/1701 1703/1703 1700/1700
f 1703/1703 1701/1701 1702/1702
f 1705/1705 1707/1707 1704/1704
f 1707/1707 1705/1705 1706/1706
f 1709/1709 1711/1711 1708/1708
f 1711/1711 1709/1709 1710/1710
f 1714/1714 1715/1715 1712/1712
f 1712/1712 1713/1713 1714/1714
f 1716/1716 1717/1717 1718/1718
f 1719/1719 1720/1720 1721/1721
f 1723/1723 1725/1725 1722/1722
f 1725/1725 1723/1723 1724/1724
f 1728/1728 1729/1729 1726/1726
f 1726/1726 1727/1727 1728/1728
f 1732/1732 1733/1733 1730/1730
f 1730/1730 1731/1731 1732/1732
f 1736/1736 1737/1737 1734/1734
f 1734/1734 1735/1735 1736/1736
f 1740/1740 1741/1741 1738/1738
f 1738/1738 1739/1739 1740/1740
f 1744/1744 1745/1745 1742/1742
f 1742/1742 1743/1743 1744/1744
f 1748/1748 1749/1749 1746/1746
f 1746/1746 1747/1747 1748/1748
f 1752/1752 1753/1753 1750/1750
f 1750/1750 1751/1751 1752/1752
f 1756/1756 1757/1757 1754/1754
f 1754/1754 1755/1755 1756/1756
f 1760/1760 1761/1761 1758/1758
f 1758/1758 1759/1759 1760/1760
f 1762/1762 1763/1763 1764/1764
f 1765/1765 1766/1766 1767/1767
f 1769/1769 1771/1771 1768/1768
f 1771/1771 1769/1769 1770/1770
f 1774/1774 1775/1775 1772/1772
f 1772/1772 1773/1773 1774/1774
f 1778/1778 1779/1779 1776/1776
f 1776/1776 1777/1777 1778/1778
f 1782/1782 1783/1783 1780/1780
f 1780/1780 1781/1781 1782/1782
f 1786/1786 1787/1787 1784/1784
f 1784/1784 1785/1785 1786/1786
f 1790/1790 1791/1791 1788/1788
f 1788/1788 1789/1789 1790/1790
f 1794/1794 1795/1795 1792/1792
f 1792/1792 1793/1793 1794/1794
f 1798/1798 1799/1799 1796/1796
f 1796/1796 1797/1797 1798/1798
f 1802/1802 1803/1803 1800/1800
f 1800/1800 1801/1801 1802/1802
f 1806/1806 1807/1807 1804/1804
f 1804/1804 1805/1805 1806/1806
f 1808/1808 1809/1809 1810/1810
f 1811/1811 1812/1812 1813/1813
f 1815/1815 1817/1817 1814/1814
f 1817/1817 1815/1815 1816/1816
f 1820/1820 1821/1821 1818/1818
f 1818/1818 1819/1819 1820/1820
f 1824/1824 1825/1825 1822/1822
f 1822/1822 1823/1823 1824/1824
f 1828/1828 1829/1829 1826/1826
f 1826/1826 1827/1827 1828/1828
f 1832/1832 1833/1833 1830/1830
f 1830/1830 1831/1831 1832/1832
f 1836/1836 1837/1837 1834/1834
f 1834/1834 1835/1835 1836/1836
f 1840/1840 1841/1841 1838/1838
f 1838/1838 1839/1839 1840/1840
f 1844/1844 1845/1845 1842/1842
f 1842/1842 1843/1843 1844/1844
f 1848/1848 1849/1849 1846/1846
f 1846/1846 1847/1847 1848/1848
f 1852/1852 1853/1853 1850/1850
f 1850/1850 1851/1851 1852/1852
f 1854/1854 1855/1855 1856/1856
f 1857/1857 1858/1858 1859/1859
f 1861/1861 1863/1863 1860/1860
f 1863/1863 1861/1861 1862/1862
f 1865/1865 1867/1867 1864/1864
f 1867/1867 1865/1865 1866/1866
f 1869/1869 1871/1871 1868/1868
f 1871/1871 1869/1869 1870/1870
f 1874/1874 1875/1875 1872/1872
f 1872/1872 1873/1873 1874/1874
f 1878/1878 1879/1879 1876/1876
f 1876/1876 1877/1877 1878/1878
f 1882/1882 1883/1883 1880/1880
f 1880/1880 1881/1881 1882/1882
f 1886/1886 1887/1887 1884/1884
f 1884/1884 1885/1885 1886/1886
f 1890/1890 1891/1891 1888/1888
f 1888/1888 1889/1889 1890/1890
f 1894/1894 1895/1895 1892/1892
f 1892/1892 1893/1893 1894/1894
f 1898/1898 1899/1899 1896/1896
f 1896/1896 1897/1897 1898/1898
f 1900/1900 1901/1901 1902/1902
f 1903/1903 1904/1904 1905/1905
f 1907/1907 1909/1909 1906/1906
f 1909/1909 1907/1907 1908/1908
f 1911/1911 1913/1913 1910/1910
f 1913/1913 1911/1911 1912/1912
f 1915/1915 1917/1917 1914/1914
f 1917/1917 1915/1915 1916/1916
f 1919/1919 1921/1921 1918/1918
f 1921/1921 1919/1919 1920/1920
f 1923/1923 1925/1925 1922/1922
f 1925/1925 1923/1923 1924/1924
f 1928/1928 1929/1929 1926/1926
f 1926/1926 1927/1927 1928/1928
f 1932/1932 1933/1933 1930/1930
f 1930/1930 1931/1931 1932/1932
f 1936/1936 1937/1937 1934/1934
f 1934/1934 1935/1935 1936/1936
f 1940/1940 1941/1941 1938/1938
f 1938/1938 1939/1939 1940/1940
f 1944/1944 1945/1945 1942/1942
f 1942/1942 1943/1943 1944/1944
f 1946/1946 1947/1947 1948/1948
f 1949/1949 1950/1950 1951/1951
f 1953/1953 1955/1955 1952/1952
f 1955/1955 1953/1953 1954/1954
f 1957/1957 1959/1959 1956/1956
f 1959/1959 1957/1957 1958/1958
f 1961/1961 1963/1963 1960/1960
f 1963/1963 1961/1961 1962/1962
f 1965/1965 1967/1967 1964/1964
f 1967/1967 1965/1965 1966/1966
f 1969/1969 1971/1971 1968/1968
f 1971/1971 1969/1969 1970/1970
f 1974/1974 1975/1975 1972/1972
f 1972/1972 1973/1973 1974/1974
f 1978/1978 1979/1979 1976/1976
f 1976/1976 1977/1977 1978/1978
f 1982/1982 1983/1983 1980/1980
f 1980/1980 1981/1981 1982/1982
f 1986/1986 1987/1987 1984/1984
f 1984/1984 1985/1985 1986/1986
f 1990/1990 1991/1991 1988/1988
f 1988/1988 1989/1989 1990/1990
f 1992/1992 1993/1993 1994/1994
f 1995/1995 1996/1996 1997/1997
f 1999/1999 2001/2001 1998/1998
f 2001/2001 1999/1999 2000/2000
f 2003/2003 2005/2005 2002/2002
f 2005/2005 2003/2003 2004/2004
f 2007/2007 2009/2009 2006/2006
f 2009/2009 2007/2007 2008/2008
f 2011/2011 2013/2013 2010/2010
f 2013/2013 2011/2011 2012/2012
f 2015/2015 2017/2017 2014/2014
f 2017/2017 2015/2015 2016/2016
f 2019/2019 2021/2021 2018/2018
f 2021/2021 2019/2019 2020/2020
f 2023/2023 2025/2025 2022/2022
f 2025/2025 2023/2023 2024/2024
f 2028/2028 2029/2029 2026/2026
f 2026/2026 2027/2027 2028/2028
f 2032/2032 2033/2033 2030/2030
f 2030/2030 2031/2031 2032/2032
f 2036/2036 2037/2037 2034/2034
f 2034/2034 2035/2035 2036/2036
f 2038/2038 2039/2039 2040/2040
f 2041/2041 2042/2042 2043/2043
f 2045/2045 2047/2047 2044/2044
f 2047/2047 2045/2045 2046/2046
f 2049/2049 2051/2051 2048/2048
f 2051/2051 2049/2049 2050/2050
f 2053/2053 2055/2055 2052/2052
f 2055/2055 2053/2053 2054/2054
f 2057/2057 2059/2059 2056/2056
f 2059/2059 2057/2057 2058/2058
f 2061/2061 2063/2063 2060/2060
f 2063/2063 2061/2061 2062/2062
f 2065/2065 2067/2067 2064/2064
f 2067/2067 2065/2065 2066/2066
f 2069/2069 2071/2071 2068/2068
f 2071/2071 2069/2069 2070/2070
f 2074/2074 2075/2075 2072/2072
f 2072/2072 2073/2073 2074/2074
f 2078/2078 2079/2079 2076/2076
f 2076/2076 2077/2077 2078/2078
f 2082/2082 2083/2083 2080/2080
f 2080/2080 2081/2081 2082/2082
f 2084/2084 2085/2085 2086/2086
f 2087/2087 2088/2088 2089/2089
f 2091/2091 2093/2093 2090/2090
f 2093/2093 2091/2091 2092/2092
f 2095/2095 2097/2097 2094/2094
f 2097/2097 2095/2095 2096/2096
f 2099/2099 2101/2101 2098/2098
f 2101/2101 2099/2099 2100/2100
f 2104/2104 2105/2105 2102/2102
f 2102/2102 2103/2103 2104/2104
f 2108/2108 2109/2109 2106/2106
f 2106/2106 2107/2107 2108/2108
f 2111/2111 2113/2113 2110/2110
f 2113/2113 2111/2111 2112/2112
f 2115/2115 2117/2117 2114/2114
f 2117/2117 2115/2115 2116/2116
f 2120/2120 2121/2121 2118/2118
f 2118/2118 2119/2119 2120/2120
f 2124/2124 2125/2125 2122/2122
f 2122/2122 2123/2123 2124/2124
f 2128/2128 2129/2129 2126/2126
f 2126/2126 2127/2127 2128/2128
f 2130/2130 2131/2131 2132/2132
f 2133/2133 2134/2134 2135/2135
f 2137/2137 2139/2139 2136/2136
f 2139/2139 2137/2137 2138/2138
f 2141/2141 2143/2143 2140/2140
f 2143/2143 2141/2141 2142/2142
f 2145/2145 2147/2147 2144/2144
f 2147/2147 2145/2145 2146/2146
f 2150/2150 2151/2151 2148/2148
f 2148/2148 2149/2149 2150/2150
f 2154/2154 2155/2155 2152/2152
f 2152/2152 2153/2153 2154/2154
f 2157/2157 2159/2159 2156/2156
f 2159/2159 2157/2157 2158/2158
f 2161/2161 2163/2163 2160/2160
f 2163/2163 2161/2161 2162/2162
f 2166/2166 2167/2167 2164/2164
f 2164/2164 2165/2165 2166/2166
f 2170/2170 2171/2171 2168/2168
f 2168/2168 2169/2169 2170/2170
f 2174/2174 2175/2175 2172/2172
f 2172/2172 2173/2173 2174/2174
f 2176/2176 2177/2177 2178/2178
f 2179/2179 2180/2180 2181/2181
f 2183/2183 2185/2185 2182/2182
f 2185/2185 2183/2183 2184/2184
f 2187/2187 2189/2189 2186/2186
f 2189/2189 2187/2187 2188/2188
f 2191/2191 2193/2193 2190/2190
f 2193/2193 2191/2191 2192/2192
f 2196/2196 2197/2197 2194/2194
f 2194/2194 2195/2195 2196/2196
f 2200/2200 2201/2201 2198/2198
f 2198/2198 2199/2199 2200/2200
f 2204/2204 2205/2205 2202/2202
f 2202/2202 2203/2203 2204/2204
f 2208/2208 2209/2209 2206/2206
f 2206/2206 2207/2207 2208/2208
f 2212/2212 2213/2213 2210/2210
f 2210/2210 2211/2211 2212/2212
f 2216/2216 2217/2217 2214/2214
f 2214/2214 2215/2215 2216/2216
f 2220/2220 2221/2221 2218/2218
f 2218/2218 2219/2219 2220/2220
f 2222/2222 2223/2223 2224/2224
f 2227/2227 2228/2228 2225/2225
f 2225/2225 2226/2226 2227/2227
f 2230/2230 2232/2232 2229/2229
f 2232/2232 2230/2230 2231/2231
f 2234/2234 2236/2236 2233/2233
f 2236/2236 2234/2234 2235/2235
f 2239/2239 2240/2240 2237/2237
f 2237/2237 2238/2238 2239/2239
f 2242/2242 2244/2244 2241/2241
f 2244/2244 2242/2242 2243/2243
f 2247/2247 2248/2248 2245/2245
f 2245/2245 2246/2246 2247/2247
f 2250/2250 2252/2252 2249/2249
f 2252/2252 2250/2250 2251/2251
f 2254/2254 2256/2256 2253/2253
f 2256/2256 2254/2254 2255/2255
f 2258/2258 2260/2260 2257/2257
f 2260/2260 2258/2258 2259/2259
f 2262/2262 2264/2264 2261/2261
f 2264/2264 2262/2262 2263/2263
f 2266/2266 2268/2268 2265/2265
f 2268/2268 2266/2266 2267/2267
f 2271/2271 2272/2272 2269/2269
f 2269/2269 2270/2270 2271/2271
f 2275/2275 2276/2276 2273/2273
f 2273/2273 2274/2274 2275/2275
f 2278/2278 2280/2280 2277/2277
f 2280/2280 2278/2278 2279/2279
f 2283/2283 2284/2284 2281/2281
f 2281/2281 2282/2282 2283/2283
f 2287/2287 2288/2288 2285/2285
f 2285/2285 2286/2286 2287/2287
f 2290/2290 2292/2292 2289/2289
f 2292/2292 2290/2290 2291/2291
f 2294/2294 2296/2296 2293/2293
f 2296/2296 2294/2294 2295/2295
f 2299/2299 2300/2300 2297/2297
f 2297/2297 2298/2298 2299/2299
f 2302/2302 2304/2304 2301/2301
f 2304/2304 2302/2302 2303/2303
f 2306/2306 2308/2308 2305/2305
f 2308/2308 2306/2306 2307/2307
f 2310/2310 2312/2312 2309/2309
f 2312/2312 2310/2310 2311/2311
f 2314/2314 2316/2316 2313/2313
f 2316/2316 2314/2314 2315/2315
f 2318/2318 2320/2320 2317/2317
f 2320/2320 2318/2318 2319/2319
f 2323/2323 2324/2324 2321/2321
f 2321/2321 2322/2322 2323/2323
f 2326/2326 2328/2328 2325/2325
f 2328/2328 2326/2326 2327/2327
f 2330/2330 2332/2332 2329/2329
f 2332/2332 2330/2330 2331/2331
f 2335/2335 2336/2336 2333/2333
f 2333/2333 2334/2334 2335/2335
f 2339/2339 2340/2340 2337/2337
f 2337/2337 2338/2338 2339/2339
f 2343/2343 2344/2344 2341/2341
f 2341/2341 2342/2342 2343/2343
f 2346/2346 2348/2348 2345/2345
f 2348/2348 2346/2346 2347/2347
f 2350/2350 2352/2352 2349/2349
f 2352/2352 2350/2350 2351/2351
f 2354/2354 2356/2356 2353/2353
f 2356/2356 2354/2354 2355/2355
f 2359/2359 2360/2360 2357/2357
f 2357/2357 2358/2358 2359/2359
f 2363/2363 2364/2364 2361/2361
f 2361/2361 2362/2362 2363/2363
f 2367/2367 2368/2368 2365/2365
f 2365/2365 2366/2366 2367/2367
f 2371/2371 2372/2372 2369/2369
f 2369/2369 2370/2370 2371/2371
f 2375/2375 2376/2376 2373/2373
f 2373/2373 2374/2374 2375/2375
f 2378/2378 2380/2380 2377/2377
f 2380/2380 2378/2378 2379/2379
f 2382/2382 2384/2384 2381/2381
f 2384/2384 2382/2382 2383/2383
f 2386/2386 2388/2388 2385/2385
f 2388/2388 2386/2386 2387/2387
f 2390/2390 2392/2392 2389/2389
f 2392/2392 2390/2390 2391/2391
f 2394/2394 2396/2396 2393/2393
f 2396/2396 2394/2394 2395/2395
f 2399/2399 2400/2400 2397/2397
f 2397/2397 2398/2398 2399/2399
f 2403/2403 2404/2404 2401/2401
f 2401/2401 2402/2402 2403/2403
f 2406/2406 2408/2408 2405/2405
f 2408/2408 2406/2406 2407/2407
f 2410/2410 2412/2412 2409/2409
f 2412/2412 2410/2410 2411/2411
f 2414/2414 2416/2416 2413/2413
f 2416/2416 2414/2414 2415/2415
f 2419/2419 2420/2420 2417/2417
f 2417/2417 2418/2418 2419/2419
f 2423/2423 2424/2424 2421/2421
f 2421/2421 2422/2422 2423/2423
f 2425/2425 2426/2426 2427/2427
f 2429/2429 2431/2431 2428/2428
f 2431/2431 2429/2429 2430/2430
f 2434/2434 2435/2435 2432/2432
f 2432/2432 2433/2433 2434/2434
f 2438/2438 2439/2439 2436/2436
f 2436/2436 2437/2437 2438/2438
f 2442/2442 2443/2443 2440/2440
f 2440/2440 2441/2441 2442/2442
f 2446/2446 2447/2447 2444/2444
f 2444/2444 2445/2445 2446/2446
f 2450/2450 2451/2451 2448/2448
f 2448/2448 2449/2449 2450/2450
f 2454/2454 2455/2455 2452/2452
f 2452/2452 2453/2453 2454/2454
f 2458/2458 2459/2459 2456/2456
f 2456/2456 2457/2457 2458/2458
f 2462/2462 2463/2463 2460/2460
f 2460/2460 2461/2461 2462/2462
f 2466/2466 2467/2467 2464/2464
f 2464/2464 2465/2465 2466/2466
f 2468/2468 2469/2469 2470/2470
f 2471/2471 2472/2472 2473/2473
f 2475/2475 2477/2477 2474/2474
f 2477/2477 2475/2475 2476/2476
f 2479/2479 2481/2481 2478/2478
f 2481/2481 2479/2479 2480/2480
f 2483/2483 2485/2485 2482/2482
f 2485/2485 2483/2483 2484/2484
f 2487/2487 2489/2489 2486/2486
f 2489/2489 2487/2487 2488/2488
f 2491/2491 2493/2493 2490/2490
f 2493/2493 2491/2491 2492/2492
f 2495/2495 2497/2497 2494/2494
f 2497/2497 2495/2495 2496/2496
f 2499/2499 2501/2501 2498/2498
f 2501/2501 2499/2499 2500/2500
f 2503/2503 2505/2505 2502/2502
f 2505/2505 2503/2503 2504/2504
f 2507/2507 2509/2509 2506/2506
f 2509/2509 2507/2507 2508/2508
f 2512/2512 2513/2513 2510/2510
f 2510/2510 2511/2511 2512/2512
f 2514/2514 2515/2515 2516/2516
f 2517/2517 2518/2518 2519/2519
f 2521/2521 2523/2523 2520/2520
f 2523/2523 2521/2521 2522/2522
f 2525/2525 2527/2527 2524/2524
f 2527/2527 2525/2525 2526/2526
f 2529/2529 2531/2531 2528/2528
f 2531/2531 2529/2529 2530/2530
f 2533/2533 2535/2535 2532/2532
f 2535/2535 2533/2533 2534/2534
f 2537/2537 2539/2539 2536/2536
f 2539/2539 2537/2537 2538/2538
f 2541/2541 2543/2543 2540/2540
f 2543/2543 2541/2541 2542/2542
f 2545/2545 2547/2547 2544/2544
f 2547/2547 2545/2545 2546/2546
f 2549/2549 2551/2551 2548/2548
f 2551/2551 2549/2549 2550/2550
f 2553/2553 2555/2555 2552/2552
f 2555/2555 2553/2553 2554/2554
f 2558/2558 2559/2559 2556/2556
f 2556/2556 2557/2557 2558/2558
f 2560/2560 2561/2561 2562/2562
f 2563/2563 2564/2564 2565/2565
f 2567/2567 2569/2569 2566/2566
f 2569/2569 2567/2567 2568/2568
f 2571/2571 2573/2573 2570/2570
f 2573/2573 2571/2571 2572/2572
f 2575/2575 2577/2577 2574/2574
f 2577/2577 2575/2575 2576/2576
f 2579/2579 2581/2581 2578/2578
f 2581/2581 2579/2579 2580/2580
f 2583/2583 2585/2585 2582/2582
f 2585/2585 2583/2583 2584/2584
f 2587/2587 2589/2589 2586/2586
f 2589/2589 2587/2587 2588/2588
f 2591/2591 2593/2593 2590/2590
f 2593/2593 2591/2591 2592/2592
f 2595/2595 2597/2597 2594/2594
f 2597/2597 2595/2595 2596/2596
f 2599/2599 2601/2601 2598/2598
f 2601/2601 2599/2599 2600/2600
f 2604/2604 2605/2605 2602/2602
f 2602/2602 2603/2603 2604/2604
f 2606/2606 2607/2607 2608/2608
f 2609/2609 2610/2610 2611/2611
f 2613/2613 2615/2615 2612/2612
f 2615/2615 2613/2613 2614/2614
f 2617/2617 2619/2619 2616/2616
f 2619/2619 2617/2617 2618/2618
f 2621/2621 2623/2623 2620/2620
f 2623/2623 2621/2621 2622/2622
f 2625/2625 2627/2627 2624/2624
f 2627/2627 2625/2625 2626/2626
f 2629/2629 2631/2631 2628/2628
f 2631/2631 2629/2629 2630/2630
f 2633/2633 2635/2635 2632/2632
f 2635/2635 2633/2633 2634/2634
f 2637/2637 2639/2639 2636/2636
f 2639/2639 2637/2637 2638/2638
f 2641/2641 2643/2643 2640/2640
f 2643/2643 2641/2641 2642/2642
f 2645/2645 2647/2647 2644/2644
f 2647/2647 2645/2645 2646/2646
f 2650/2650 2651/2651 2648/2648
f 2648/2648 2649/2649 2650/2650
f 2652/2652 2653/2653 2654/2654
f 2655/2655 2656/2656 2657/2657
f 2659/2659 2661/2661 2658/2658
f 2661/2661 2659/2659 2660/2660
f 2664/2664 2665/2665 2662/2662
f 2662/2662 2663/2663 2664/2664
f 2668/2668 2669/2669 2666/2666
f 2666/2666 2667/2667 2668/2668
f 2672/2672 2673/2673 2670/2670
f 2670/2670 2671/2671 2672/2672
f 2676/2676 2677/2677 2674/2674
f 2674/2674 2675/2675 2676/2676
f 2680/2680 2681/2681 2678/2678
f 2678/2678 2679/2679 2680/2680
f 2684/2684 2685/2685 2682/2682
f 2682/2682 2683/2683 2684/2684
f 2688/2688 2689/2689 2686/2686
f 2686/2686 2687/2687 2688/2688
f 2692/2692 2693/2693 2690/2690
f 2690/2690 2691/2691 2692/2692
f 2696/2696 2697/2697 2694/2694
f 2694/2694 2695/2695 2696/2696
f 2698/2698 2699/2699 2700/2700
f 2701/2701 2702/2702 2703/2703
f 2705/2705 2707/2707 2704/2704
f 2707/2707 2705/2705 2706/2706
f 2710/2710 2711/2711 2708/2708
f 2708/2708 2709/2709 2710/2710
f 2714/2714 2715/2715 2712/2712
f 2712/2712 2713/2713 2714/2714
f 2718/2718 2719/2719 2716/2716
f 2716/2716 2717/2717 2718/2718
f 2722/2722 2723/2723 2720/2720
f 2720/2720 2721/2721 2722/2722
f 2726/2726 2727/2727 2724/2724
f 2724/2724 2725/2725 2726/2726
f 2730/2730 2731/2731 2728/2728
f 2728/2728 2729/2729 2730/2730
f 2734/2734 2735/2735 2732/2732
f 2732/2732 2733/2733 2734/2734
f 2738/2738 2739/2739 2736/2736
f 2736/2736 2737/2737 2738/2738
f 2742/2742 2743/2743 2740/2740
f 2740/2740 2741/2741 2742/2742
f 2744/2744 2745/2745 2746/2746
f 2747/2747 2748/2748 2749/2749
f 2751/2751 2753/2753 2750/2750
f 2753/2753 2751/2751 2752/2752
f 2756/2756 2757/2757 2754/2754
f 2754/2754 2755/2755 2756/2756
f 2760/2760 2761/2761 2758/2758
f 2758/2758 2759/2759 2760/2760
f 2764/2764 2765/2765 2762/2762
f 2762/2762 2763/2763 2764/2764
f 2768/2768 2769/2769 2766/2766
f 2766/2766 2767/2767 2768/2768
f 2772/2772 2773/2773 2770/2770
f 2770/2770 2771/2771 2772/2772
f 2776/2776 2777/2777 2774/2774
f 2774/2774 2775/2775 2776/2776
f 2780/2780 2781/2781 2778/2778
f 2778/2778 2779/2779 2780/2780
f 2784/2784 2785/2785 2782/2782
f 2782/2782 2783/2783 2784/2784
f 2788/2788 2789/2789 2786/2786
f 2786/2786 2787/2787 2788/2788
f 2790/2790 2791/2791 2792/2792
f 2793/2793 2794/2794 2795/2795
f 2797/2797 2799/2799 2796/2796
f 2799/2799 2797/2797 2798/2798
f 2800/2800 2801/2801 2802/2802
f 2803/2803 2804/2804 2805/2805
f 2807/2807 2809/2809 2806/2806
f 2809/2809 2807/2807 2808/2808
f 2810/2810 2811/2811 2812/2812
f 2813/2813 2814/2814 2815/2815
f 2817/2817 2819/2819 2816/2816
f 2819/2819 2817/2817 2818/2818
f 2820/2820 2821/2821 2822/2822
f 2823/2823 2824/2824 2825/2825
f 2828/2828 2829/2829 2826/2826
f 2826/2826 2827/2827 2828/2828
f 2830/2830 2831/2831 2832/2832
f 2833/2833 2834/2834 2835/2835
f 2838/2838 2839/2839 2836/2836
f 2836/2836 2837/2837 2838/2838
f 2840/2840 2841/2841 2842/2842
f 2844/2844 2846/2846 2843/2843
f 2846/2846 2844/2844 2845/2845
f 2848/2848 2850/2850 2847/2847
f 2850/2850 2848/2848 2849/2849
f 2852/2852 2854/2854 2851/2851
f 2854/2854 2852/2852 2853/2853
f 2857/2857 2858/2858 2855/2855
f 2855/2855 2856/2856 2857/2857
f 2861/2861 2862/2862 2859/2859
f 2859/2859 2860/2860 2861/2861
f 2865/2865 2866/2866 2863/2863
f 2863/2863 2864/2864 2865/2865
f 2868/2868 2870/2870 2867/2867
f 2870/2870 2868/2868 2869/2869
f 2872/2872 2874/2874 2871/2871
f 2874/2874 2872/2872 2873/2873
f 2877/2877 2878/2878 2875/2875
f 2875/2875 2876/2876 2877/2877
f 2881/2881 2882/2882 2879/2879
f 2879/2879 2880/2880 2881/2881
f 2885/2885 2886/2886 2883/2883
f 2883/2883 2884/2884 2885/2885
f 2887/2887 2888/2888 2889/2889
f 2892/2892 2893/2893 2890/2890
f 2890/2890 2891/2891 2892/2892
f 2896/2896 2897/2897 2894/2894
f 2894/2894 2895/2895 2896/2896
f 2899/2899 2901/2901 2898/2898
f 2901/2901 2899/2899 2900/2900
f 2905/2905 2902/2902 2903/2903
f 2903/2903 2904/2904 2905/2905
f 2907/2907 2909/2909 2906/2906
f 2909/2909 2907/2907 2908/2908
f 2910/2910 2911/2911 2912/2912
f 2914/2914 2916/2916 2913/2913
f 2916/2916 2914/2914 2915/2915
f 2918/2918 2920/2920 2917/2917
f 2920/2920 2918/2918 2919/2919
f 2923/2923 2924/2924 2921/2921
f 2921/2921 2922/2922 2923/2923
f 2927/2927 2928/2928 2925/2925
f 2925/2925 2926/2926 2927/2927
f 2931/2931 2932/2932 2929/2929
f 2929/2929 2930/2930 2931/2931
f 2935/2935 2936/2936 2933/2933
f 2933/2933 2934/2934 2935/2935
f 2938/2938 2940/2940 2937/2937
f 2940/2940 2938/2938 2939/2939
f 2942/2942 2944/2944 2941/2941
f 2944/2944 2942/2942 2943/2943
f 2946/2946 2948/2948 2945/2945
f 2948/2948 2946/2946 2947/2947
f 2950/2950 2952/2952 2949/2949
f 2952/2952 2950/2950 2951/2951
f 2954/2954 2956/2956 2953/2953
f 2956/2956 2954/2954 2955/2955
f 2958/2958 2960/2960 2957/2957
f 2960/2960 2958/2958 2959/2959
f 2962/2962 2964/2964 2961/2961
f 2964/2964 2962/2962 2963/2963
f 2966/2966 2968/2968 2965/2965
f 2968/2968 2966/2966 2967/2967
f 2971/2971 2972/2972 2969/2969
f 2969/2969 2970/2970 2971/2971
f 2974/2974 2976/2976 2973/2973
f 2976/2976 2974/2974 2975/2975
f 2978/2978 2980/2980 2977/2977
f 2980/2980 2978/2978 2979/2979
f 2982/2982 2984/2984 2981/2981
f 2984/2984 2982/2982 2983/2983
f 2986/2986 2988/2988 2985/2985
f 2988/2988 2986/2986 2987/2987
f 2990/2990 2992/2992 2989/2989
f 2992/2992 2990/2990 2991/2991
f 2994/2994 2996/2996 2993/2993
f 2996/2996 2994/2994 2995/2995
f 2998/2998 3000/3000 2997/2997
f 3000/3000 2998/2998 2999/2999
f 3002/3002 3004/3004 3001/3001
f 3004/3004 3002/3002 3003/3003
f 3006/3006 3008/3008 3005/3005
f 3008/3008 3006/3006 3007/3007
f 3010/3010 3012/3012 3009/3009
f 3012/3012 3010/3010 3011/3011
f 3014/3014 3016/3016 3013/3013
f 3016/3016 3014/3014 3015/3015
f 3018/3018 3020/3020 3017/3017
f 3020/3020 3018/3018 3019/3019
f 3022/3022 3024/3024 3021/3021
f 3024/3024 3022/3022 3023/3023
f 3027/3027 3028/3028 3025/3025
f 3025/3025 3026/3026 3027/3027
f 3030/3030 3032/3032 3029/3029
f 3032/3032 3030/3030 3031/3031
f 3034/3034 3036/3036 3033/3033
f 3036/3036 3034/3034 3035/3035
f 3039/3039 3040/3040 3037/3037
f 3037/3037 3038/3038 3039/3039
f 3043/3043 3044/3044 3041/3041
f 3041/3041 3042/3042 3043/3043
f 3046/3046 3048/3048 3045/3045
f 3048/3048 3046/3046 3047/3047
f 3050/3050 3052/3052 3049/3049
f 3052/3052 3050/3050 3051/3051
f 3054/3054 3056/3056 3053/3053
f 3056/3056 3054/3054 3055/3055
f 3058/3058 3060/3060 3057/3057
f 3060/3060 3058/3058 3059/3059
f 3062/3062 3064/3064 3061/3061
f 3064/3064 3062/3062 3063/3063
f 3066/3066 3068/3068 3065/3065
f 3068/3068 3066/3066 3067/3067
f 3071/3071 3072/3072 3069/3069
f 3069/3069 3070/3070 3071/3071
f 3075/3075 3076/3076 3073/3073
f 3073/3073 3074/3074 3075/3075
f 3078/3078 3080/3080 3077/3077
f 3080/3080 3078/3078 3079/3079
f 3082/3082 3084/3084 3081/3081
f 3084/3084 3082/3082 3083/3083
f 3087/3087 3088/3088 3085/3085
f 3085/3085 3086/3086 3087/3087
f 3091/3091 3092/3092 3089/3089
f 3089/3089 3090/3090 3091/3091
f 3094/3094 3096/3096 3093/3093
f 3096/3096 3094/3094 3095/3095
f 3098/3098 3100/3100 3097/3097
f 3100/3100 3098/3098 3099/3099
f 3102/3102 3104/3104 3101/3101
f 3104/3104 3102/3102 3103/3103
f 3107/3107 3108/3108 3105/3105
f 3105/3105 3106/3106 3107/3107
f 3111/3111 3112/3112 3109/3109
f 3109/3109 3110/3110 3111/3111
f 3115/3115 3116/3116 3113/3113
f 3113/3113 3114/3114 3115/3115
f 3118/3118 3120/3120 3117/3117
f 3120/3120 3118/3118 3119/3119
f 3122/3122 3124/3124 3121/3121
f 3124/3124 3122/3122 3123/3123
f 3126/3126 3128/3128 3125/3125
f 3128/3128 3126/3126 3127/3127
f 3131/3131 3132/3132 3129/3129
f 3129/3129 3130/3130 3131/3131
