# converted from ladder.glb by gltf2obj.py (node transforms baked, V flipped)
mtllib maintenance_ladder.mtl
o stairs1_stairs_0
g stairs1_stairs_0
usemtl stairs
v 0.10282 0.79626 -0.17664
v 0.10296 0.79899 -0.17389
v 0.10262 0.79256 -0.17015
v 0.10263 0.79254 -0.17764
v 0.10244 0.78882 -0.17664
v 0.10229 0.78609 -0.1739
v 0.10224 0.7851 -0.17016
v 0.10228 0.78609 -0.16641
v 0.10242 0.78882 -0.16367
v 0.1026 0.79254 -0.16267
v 0.10279 0.79626 -0.16367
v 0.10294 0.79899 -0.16641
v 0.103 0.79999 -0.17015
v -0.10133 1.01107 -0.17341
v -0.10393 1.00989 -0.17626
v -0.10755 1.00842 -0.16951
v -0.10748 1.00828 -0.1773
v -0.11103 1.00666 -0.17626
v -0.11363 1.00548 -0.17341
v -0.11458 1.00505 -0.16951
v -0.11363 1.00548 -0.1656
v -0.11103 1.00666 -0.16275
v -0.10748 1.00828 -0.16171
v -0.10393 1.00989 -0.16275
v -0.10133 1.01107 -0.1656
v -0.10038 1.01151 -0.16951
v -0.14074 1.02118 -0.17493
v -0.14074 1.01721 -0.1789
v -0.14088 1.01178 -0.16951
v -0.14074 1.01178 -0.18035
v -0.14074 1.00636 -0.1789
v -0.14074 1.00239 -0.17493
v -0.14074 1.00094 -0.16951
v -0.14074 1.00239 -0.16409
v -0.14074 1.00636 -0.16012
v -0.14074 1.01178 -0.15867
v -0.14074 1.01721 -0.16012
v -0.14074 1.02118 -0.16409
v -0.14074 1.02263 -0.16951
v -0.16004 1.01957 -0.17291
v -0.16004 1.01726 -0.17522
v -0.16026 1.0141 -0.16975
v -0.16004 1.0141 -0.17607
v -0.16004 1.01095 -0.17522
v -0.16004 1.00861 -0.17291
v -0.16003 1.00847 -0.16975
v -0.16004 1.00854 -0.16667
v -0.16004 1.01095 -0.16429
v -0.16004 1.0141 -0.16344
v -0.16004 1.01726 -0.16429
v -0.16004 1.01957 -0.1666
v -0.16004 1.02042 -0.16975
v 0.10282 1.47551 -0.18128
v 0.10296 1.47824 -0.17854
v 0.10262 1.47181 -0.1748
v 0.10263 1.47179 -0.18229
v 0.10244 1.46807 -0.18128
v 0.10229 1.46535 -0.17854
v 0.10224 1.46435 -0.1748
v 0.10228 1.46535 -0.17106
v 0.10242 1.46808 -0.16832
v 0.1026 1.4718 -0.16731
v 0.10279 1.47552 -0.16831
v 0.10294 1.47824 -0.17106
v 0.103 1.47924 -0.1748
v -0.01748 1.70447 -0.17634
v -0.02008 1.70329 -0.17919
v -0.0237 1.70181 -0.17244
v -0.02363 1.70167 -0.18024
v -0.02718 1.70006 -0.17919
v -0.02978 1.69888 -0.17634
v -0.03073 1.69844 -0.17244
v -0.02978 1.69888 -0.16854
v -0.02718 1.70006 -0.16568
v -0.02363 1.70167 -0.16464
v -0.02008 1.70329 -0.16568
v -0.01748 1.70447 -0.16854
v -0.01653 1.7049 -0.17244
v 0.13545 1.63033 0.15728
v 0.13917 1.63033 0.161
v 0.13036 1.63019 0.16609
v 0.13036 1.63033 0.15591
v 0.12528 1.63033 0.15728
v 0.12155 1.63033 0.161
v 0.12019 1.63033 0.16609
v 0.12155 1.63033 0.17117
v 0.12528 1.63033 0.17489
v 0.13036 1.63033 0.17626
v 0.13545 1.63033 0.17489
v 0.13917 1.63033 0.17117
v 0.14053 1.63033 0.16609
v 0.13036 2.26284 0.16609
v 0.13986 2.26274 0.1606
v 0.13584 2.26274 0.15659
v 0.13036 2.26274 0.15512
v 0.12488 2.26274 0.15659
v 0.12087 2.26274 0.1606
v 0.1194 2.26274 0.16609
v 0.12087 2.26274 0.17157
v 0.12488 2.26274 0.17558
v 0.13036 2.26274 0.17705
v 0.13584 2.26274 0.17558
v 0.13986 2.26274 0.17157
v 0.14133 2.26274 0.16609
v 0.11212 1.5269 0.17958
v 0.11437 1.45935 0.17958
v 0.11437 1.51849 0.17958
v 0.11212 1.59606 0.17958
v 0.11437 1.5353 0.17958
v 0.11437 1.58765 0.17958
v 0.11437 1.60446 0.17958
v 0.10556 1.67946 0.17958
v 0.12052 1.61061 0.17958
v 0.12893 1.61287 0.17958
v 0.13733 1.61061 0.17958
v 0.15369 1.67946 0.17958
v 0.14348 1.60446 0.17958
v 0.14574 1.59606 0.17958
v 0.14348 0.72728 0.17958
v 0.14574 0.71888 0.17958
v 0.14348 0.77763 0.17958
v 0.11212 1.38179 0.17723
v 0.10603 1.67946 0.17723
v 0.11212 1.45094 0.17723
v 0.11437 1.51849 0.17723
v 0.12052 1.51234 0.17723
v 0.12052 1.4655 0.17723
v 0.11212 1.59606 0.17723
v 0.11437 1.60446 0.17723
v 0.11437 1.58765 0.17723
v 0.12052 1.5815 0.17723
v 0.12052 1.54146 0.17723
v 0.12052 1.61061 0.17723
v 0.12893 1.61287 0.17723
v 0.15322 1.67946 0.17723
v 0.13733 1.61061 0.17723
v 0.14348 1.60446 0.17723
v 0.14574 1.59606 0.17723
v 0.14348 0.48664 0.17958
v 0.14348 0.43629 0.17958
v 0.14574 0.49504 0.17958
v 0.11163 0.00032 0.17958
v 0.11212 0.00031 0.17958
v 0.11212 0.05692 0.17958
v 0.11212 1.5269 -0.15976
v 0.11437 1.45935 -0.15976
v 0.11437 1.51849 -0.15976
v 0.11212 1.59606 -0.15976
v 0.11437 1.5353 -0.15976
v 0.11437 1.58765 -0.15976
v 0.11437 1.60446 -0.15976
v 0.10556 1.70251 -0.15976
v 0.12052 1.61061 -0.15976
v 0.12893 1.61287 -0.15976
v 0.13733 1.61061 -0.15976
v 0.15369 1.70251 -0.15976
v 0.14348 1.60446 -0.15976
v 0.14574 1.59606 -0.15976
v 0.14348 0.72728 -0.15976
v 0.14574 0.71888 -0.15976
v 0.14348 0.77763 -0.15976
v 0.11212 1.38179 -0.16212
v 0.10603 1.70251 -0.16212
v 0.11212 1.45094 -0.16212
v 0.11437 1.51849 -0.16212
v 0.12052 1.51234 -0.16212
v 0.12052 1.4655 -0.16212
v 0.11212 1.59606 -0.16212
v 0.11437 1.60446 -0.16212
v 0.11437 1.58765 -0.16212
v 0.12052 1.5815 -0.16212
v 0.12052 1.54146 -0.16212
v 0.12052 1.61061 -0.16212
v 0.12893 1.61287 -0.16212
v 0.15322 1.70251 -0.16212
v 0.13733 1.61061 -0.16212
v 0.14348 1.60446 -0.16212
v 0.14574 1.59606 -0.16212
v 0.14348 0.48664 -0.15976
v 0.14348 0.43629 -0.15976
v 0.14574 0.49504 -0.15976
v 0.11163 0.00032 -0.15976
v 0.11212 0.00031 -0.15976
v 0.11212 0.05692 -0.15976
v 0.16016 1.71131 -0.17879
v 0.16016 1.71552 -0.17459
v 0.16026 1.70557 -0.16885
v 0.16016 1.70557 -0.18033
v 0.16016 1.69983 -0.17879
v 0.16016 1.69563 -0.17459
v 0.16016 1.69409 -0.16885
v 0.16016 1.69563 -0.16311
v 0.16016 1.69983 -0.15891
v 0.16016 1.70557 -0.15737
v 0.16016 1.71131 -0.15891
v 0.16016 1.71552 -0.16311
v 0.16016 1.71706 -0.16885
v -0.05037 1.71758 -0.17578
v -0.05037 1.7125 -0.18086
v -0.0505 1.70557 -0.16885
v -0.05037 1.70557 -0.18271
v -0.05037 1.69864 -0.18086
v -0.05037 1.69357 -0.17578
v -0.05037 1.69171 -0.16885
v -0.05037 1.69357 -0.16192
v -0.05037 1.69864 -0.15684
v -0.05037 1.70557 -0.15499
v -0.05037 1.7125 -0.15684
v -0.05037 1.71758 -0.16192
v -0.05037 1.71944 -0.16885
v -0.06553 1.71256 -0.17263
v -0.06553 1.71025 -0.17494
v -0.06575 1.70709 -0.16948
v -0.06553 1.70709 -0.17579
v -0.06553 1.70394 -0.17494
v -0.06553 1.7016 -0.17263
v -0.06552 1.70147 -0.16948
v -0.06553 1.70153 -0.16639
v -0.06553 1.70394 -0.16401
v -0.06553 1.70709 -0.16316
v -0.06553 1.71025 -0.16401
v -0.06553 1.71256 -0.16632
v -0.06553 1.71341 -0.16948
v 0.10282 1.47551 0.16361
v 0.10296 1.47824 0.16636
v 0.10262 1.47181 0.1701
v 0.10263 1.47179 0.16261
v 0.10244 1.46807 0.16361
v 0.10229 1.46535 0.16635
v 0.10224 1.46435 0.17009
v 0.10228 1.46535 0.17384
v 0.10242 1.46808 0.17658
v 0.1026 1.4718 0.17758
v 0.10279 1.47552 0.17658
v 0.10294 1.47824 0.17384
v 0.103 1.47924 0.1701
v -0.01073 1.69036 0.16354
v -0.01333 1.68917 0.16068
v -0.01694 1.6877 0.16744
v -0.01688 1.68756 0.15964
v -0.02043 1.68595 0.16068
v -0.02303 1.68476 0.16354
v -0.02398 1.68433 0.16744
v -0.02303 1.68476 0.17134
v -0.02043 1.68595 0.17419
v -0.01688 1.68756 0.17524
v -0.01333 1.68917 0.17419
v -0.01073 1.69036 0.17134
v -0.00978 1.69079 0.16744
v -0.05551 1.70043 0.16066
v -0.05551 1.69646 0.1567
v -0.05566 1.69104 0.16609
v -0.05551 1.69104 0.15524
v -0.05551 1.68562 0.1567
v -0.05551 1.68165 0.16066
v -0.05551 1.6802 0.16609
v -0.05551 1.68165 0.17151
v -0.05551 1.68562 0.17548
v -0.05551 1.69104 0.17693
v -0.05551 1.69646 0.17548
v -0.05551 1.70043 0.17151
v -0.05551 1.70188 0.16609
v -0.07172 1.69882 0.16269
v -0.07172 1.69651 0.16038
v -0.07195 1.69336 0.16584
v -0.07172 1.69336 0.15953
v -0.07172 1.6902 0.16038
v -0.07172 1.68786 0.16269
v -0.07172 1.68773 0.16584
v -0.07172 1.68779 0.16893
v -0.07172 1.6902 0.17131
v -0.07172 1.69336 0.17216
v -0.07172 1.69651 0.17131
v -0.07172 1.69882 0.169
v -0.07172 1.69967 0.16584
v -0.14074 1.02118 0.16534
v -0.14074 1.01721 0.16137
v -0.14088 1.01178 0.17076
v -0.14074 1.01178 0.15992
v -0.14074 1.00636 0.16137
v -0.14074 1.00239 0.16534
v -0.14074 1.00094 0.17076
v -0.14074 1.00239 0.17619
v -0.14074 1.00636 0.18015
v -0.14074 1.01178 0.18161
v -0.14074 1.01721 0.18015
v -0.14074 1.02118 0.17619
v -0.14074 1.02263 0.17076
v -0.16004 1.01957 0.16737
v -0.16004 1.01726 0.16506
v -0.16026 1.0141 0.17052
v -0.16004 1.0141 0.16421
v -0.16004 1.01095 0.16506
v -0.16004 1.00861 0.16736
v -0.16003 1.00847 0.17052
v -0.16004 1.00854 0.1736
v -0.16004 1.01095 0.17599
v -0.16004 1.0141 0.17683
v -0.16004 1.01726 0.17599
v -0.16004 1.01957 0.17368
v -0.16004 1.02042 0.17052
v 0.0363 1.67893 0.16735
v 0.03631 1.67944 0.16786
v 0.03578 1.67945 0.16735
v 0.06325 1.67945 0.16735
v 0.06273 1.67943 0.16786
v 0.06273 1.67893 0.16735
v 0.03578 1.70202 0.16735
v 0.0363 1.702 0.16786
v 0.0363 1.70254 0.16735
v 0.06273 1.70254 0.16735
v 0.06274 1.70202 0.16786
v 0.06325 1.70202 0.16735
v 0.03578 1.71503 -0.16385
v 0.0363 1.71553 -0.16376
v 0.0363 1.71511 -0.16436
v 0.06273 1.71511 -0.16436
v 0.06272 1.71553 -0.16376
v 0.06325 1.71503 -0.16385
v 0.03578 1.6933 -0.17021
v 0.03629 1.69336 -0.17075
v 0.03629 1.69277 -0.17032
v 0.06273 1.69277 -0.17032
v 0.06274 1.69336 -0.17075
v 0.06325 1.6933 -0.17021
v 0.10282 0.79626 0.16292
v 0.10296 0.79899 0.16567
v 0.10262 0.79256 0.16941
v 0.10263 0.79254 0.16192
v 0.10244 0.78882 0.16292
v 0.10229 0.78609 0.16566
v 0.10224 0.7851 0.16941
v 0.10228 0.78609 0.17315
v 0.10242 0.78882 0.17589
v 0.1026 0.79254 0.17689
v 0.10279 0.79626 0.17589
v 0.10294 0.79899 0.17315
v 0.103 0.79999 0.16941
v -0.10133 1.01107 0.16615
v -0.10393 1.00989 0.1633
v -0.10755 1.00842 0.17006
v -0.10748 1.00828 0.16226
v -0.11103 1.00666 0.1633
v -0.11363 1.00548 0.16615
v -0.11458 1.00505 0.17006
v -0.11363 1.00548 0.17396
v -0.11103 1.00666 0.17681
v -0.10748 1.00828 0.17786
v -0.10393 1.00989 0.17681
v -0.10133 1.01107 0.17396
v -0.10038 1.01151 0.17006
v 0.10296 0.79899 -0.17389
v 0.10282 0.79626 -0.17664
v 0.09968 0.79659 -0.17664
v 0.09994 0.79909 -0.1739
v 0.10282 0.79626 -0.17664
v 0.10263 0.79254 -0.17764
v 0.09932 0.79317 -0.17765
v 0.09968 0.79659 -0.17664
v 0.10244 0.78882 -0.17664
v 0.09896 0.78975 -0.17665
v 0.10244 0.78882 -0.17664
v 0.10229 0.78609 -0.1739
v 0.09868 0.78725 -0.1739
v 0.09896 0.78975 -0.17665
v 0.10224 0.7851 -0.17016
v 0.09858 0.78633 -0.17016
v 0.10228 0.78609 -0.16641
v 0.09867 0.78725 -0.16642
v 0.10242 0.78882 -0.16367
v 0.09893 0.78976 -0.16367
v 0.10242 0.78882 -0.16367
v 0.1026 0.79254 -0.16267
v 0.09929 0.79317 -0.16267
v 0.09893 0.78976 -0.16367
v 0.10279 0.79626 -0.16367
v 0.09966 0.79659 -0.16367
v 0.10279 0.79626 -0.16367
v 0.10294 0.79899 -0.16641
v 0.09993 0.79909 -0.16641
v 0.09966 0.79659 -0.16367
v 0.103 0.79999 -0.17015
v 0.10003 0.80001 -0.17016
v -0.10393 1.00989 -0.16275
v -0.10748 1.00828 -0.16171
v -0.11103 1.00666 -0.16275
v -0.11103 1.00666 -0.16275
v -0.11363 1.00548 -0.1656
v -0.11458 1.00505 -0.16951
v -0.11363 1.00548 -0.17341
v -0.11103 1.00666 -0.17626
v -0.11103 1.00666 -0.17626
v -0.10748 1.00828 -0.1773
v -0.10393 1.00989 -0.17626
v 0.10373 1.0209 -0.17375
v 0.10373 1.01705 -0.17663
v -0.14074 1.01721 -0.1789
v -0.14074 1.02118 -0.17493
v 0.10373 1.01705 -0.17663
v 0.10373 1.01178 -0.17768
v -0.14074 1.01178 -0.18035
v -0.14074 1.01721 -0.1789
v 0.10373 1.00652 -0.17663
v -0.14074 1.00636 -0.1789
v 0.10373 1.00652 -0.17663
v 0.10373 1.00267 -0.17375
v -0.14074 1.00239 -0.17493
v -0.14074 1.00636 -0.1789
v 0.10373 1.00126 -0.16981
v -0.14074 1.00094 -0.16951
v 0.10373 1.00267 -0.16587
v -0.14074 1.00239 -0.16409
v 0.10373 1.00652 -0.16299
v -0.14074 1.00636 -0.16012
v 0.10373 1.00652 -0.16299
v 0.10373 1.01178 -0.16193
v -0.14074 1.01178 -0.15867
v -0.14074 1.00636 -0.16012
v 0.10373 1.01705 -0.16299
v -0.14074 1.01721 -0.16012
v 0.10373 1.01705 -0.16299
v 0.10373 1.0209 -0.16587
v -0.14074 1.02118 -0.16409
v -0.14074 1.01721 -0.16012
v 0.10373 1.02231 -0.16981
v -0.14074 1.02263 -0.16951
v -0.15999 1.01967 -0.17296
v -0.15999 1.01731 -0.17531
v -0.15999 1.01967 -0.17296
v -0.15988 1.01971 -0.17299
v -0.15988 1.01734 -0.17535
v -0.15999 1.01731 -0.17531
v -0.15999 1.00849 -0.16656
v -0.15999 1.01089 -0.16419
v -0.15999 1.00849 -0.16656
v -0.15988 1.00847 -0.16652
v -0.15988 1.01087 -0.16415
v -0.15999 1.01089 -0.16419
v -0.13995 1.01969 -0.17298
v -0.13995 1.01733 -0.17534
v -0.13995 1.01733 -0.17534
v -0.13995 1.0141 -0.1762
v -0.15988 1.0141 -0.17622
v -0.15988 1.01734 -0.17535
v -0.13995 1.01088 -0.17534
v -0.15988 1.01087 -0.17535
v -0.13995 1.00847 -0.17298
v -0.15988 1.00847 -0.17299
v -0.13995 1.00847 -0.16653
v -0.13995 1.01088 -0.16417
v -0.13995 1.0141 -0.1633
v -0.15988 1.0141 -0.16328
v -0.13995 1.01733 -0.16417
v -0.15988 1.01734 -0.16415
v -0.13995 1.01733 -0.16417
v -0.13995 1.01969 -0.16653
v -0.15988 1.01971 -0.16652
v -0.15988 1.01734 -0.16415
v -0.13995 1.02055 -0.16975
v -0.15988 1.02057 -0.16975
v -0.15999 1.0141 -0.17618
v -0.15999 1.01731 -0.17531
v -0.15999 1.0141 -0.17618
v -0.15999 1.01089 -0.17531
v -0.15999 1.01089 -0.17531
v -0.15993 1.00856 -0.17297
v -0.15988 1.01087 -0.17535
v -0.15988 1.00847 -0.17299
v -0.15999 1.0141 -0.16333
v -0.15999 1.0141 -0.16333
v -0.15999 1.01731 -0.16419
v -0.15999 1.01731 -0.16419
v -0.15999 1.01967 -0.16654
v -0.15999 1.01731 -0.16419
v -0.15999 1.01967 -0.16654
v -0.15999 1.02053 -0.16975
v -0.15999 1.02053 -0.16975
v -0.15994 1.00844 -0.17291
v -0.15997 1.0085 -0.17292
v -0.16003 1.00847 -0.17283
v -0.16003 1.00854 -0.17285
v -0.15975 1.00299 -0.17294
v -0.15992 1.00306 -0.17294
v -0.15981 1.00317 -0.17299
v -0.15965 1.0031 -0.17299
v -0.15999 1.00322 -0.17294
v -0.15988 1.00333 -0.17299
v -0.15976 1.00299 -0.16656
v -0.15992 1.00306 -0.16656
v -0.15997 1.00301 -0.16667
v -0.1598 1.00295 -0.16667
v -0.15992 1.00306 -0.16656
v -0.15999 1.00322 -0.16656
v -0.16003 1.00318 -0.16667
v -0.15997 1.00301 -0.16667
v -0.15999 1.00322 -0.17294
v -0.16003 1.00318 -0.17283
v -0.15988 1.00333 -0.17299
v -0.15981 1.00295 -0.17283
v -0.13995 1.00295 -0.17282
v -0.13995 1.00295 -0.16975
v -0.1598 1.00295 -0.16975
v -0.13995 1.00295 -0.16668
v -0.16003 1.00318 -0.16975
v -0.15999 1.00322 -0.16656
v -0.15988 1.00333 -0.16652
v -0.15975 1.00299 -0.17294
v -0.13995 1.00299 -0.17293
v -0.13995 1.0031 -0.17298
v -0.13995 1.00299 -0.17293
v -0.15965 1.0031 -0.16652
v -0.15976 1.00299 -0.16656
v -0.13995 1.00299 -0.16657
v -0.13995 1.0031 -0.16653
v -0.13995 1.00299 -0.16657
v -0.15997 1.00301 -0.17283
v -0.15997 1.00301 -0.16975
v -0.15997 1.00301 -0.17283
v -0.15997 1.00301 -0.16975
v -0.15992 1.00306 -0.17294
v -0.15992 1.00306 -0.17294
v -0.15981 1.00317 -0.16652
v -0.15992 1.00306 -0.16656
v 0.09552 1.48838 -0.18133
v 0.09801 1.48952 -0.17858
v 0.10282 1.47551 -0.18128
v 0.10263 1.47179 -0.18229
v 0.09212 1.48683 -0.18233
v 0.09552 1.48838 -0.18133
v 0.10244 1.46807 -0.18128
v 0.08872 1.48529 -0.18133
v 0.10244 1.46807 -0.18128
v 0.10229 1.46535 -0.17854
v 0.08623 1.48416 -0.17858
v 0.08872 1.48529 -0.18133
v 0.10224 1.46435 -0.1748
v 0.08531 1.48375 -0.17483
v 0.10228 1.46535 -0.17106
v 0.08622 1.48418 -0.17108
v 0.10242 1.46808 -0.16832
v 0.08871 1.48531 -0.16833
v 0.10242 1.46808 -0.16832
v 0.1026 1.4718 -0.16731
v 0.09211 1.48686 -0.16733
v 0.08871 1.48531 -0.16833
v 0.10279 1.47552 -0.16831
v 0.09551 1.4884 -0.16833
v 0.09801 1.48953 -0.17108
v 0.09551 1.4884 -0.16833
v 0.09892 1.48994 -0.17483
v -0.01748 1.70447 -0.17634
v -0.01653 1.7049 -0.17244
v -0.01748 1.70447 -0.16854
v -0.02008 1.70329 -0.16568
v -0.02008 1.70329 -0.16568
v -0.02363 1.70167 -0.16464
v -0.02718 1.70006 -0.16568
v -0.02718 1.70006 -0.16568
v -0.02978 1.69888 -0.16854
v -0.03073 1.69844 -0.17244
v -0.02978 1.69888 -0.17634
v -0.02718 1.70006 -0.17919
v -0.02718 1.70006 -0.17919
v -0.02363 1.70167 -0.18024
v -0.02008 1.70329 -0.17919
v -0.02008 1.70329 -0.17919
v 0.12019 1.54191 -0.16728
v 0.11385 1.53558 -0.16728
v 0.11407 1.53545 0.18094
v 0.12031 1.54169 0.18094
v 0.11153 1.52692 -0.16728
v 0.11179 1.52692 0.18094
v 0.11385 1.51827 -0.16728
v 0.11407 1.5184 0.18094
v 0.12019 1.51194 -0.16728
v 0.12031 1.51215 0.18094
v 0.12019 1.51194 -0.16728
v 0.12884 1.50962 -0.16728
v 0.12884 1.50987 0.18094
v 0.12031 1.51215 0.18094
v 0.13749 1.51194 -0.16728
v 0.13737 1.51215 0.18094
v 0.13749 1.51194 -0.16728
v 0.14382 1.51827 -0.16728
v 0.14361 1.5184 0.18094
v 0.13737 1.51215 0.18094
v 0.14614 1.52692 -0.16728
v 0.14589 1.52692 0.18094
v 0.14382 1.53558 -0.16728
v 0.14361 1.53545 0.18094
v 0.13749 1.54191 -0.16728
v 0.13737 1.5417 0.18094
v 0.13749 1.54191 -0.16728
v 0.12884 1.54423 -0.16728
v 0.12884 1.54398 0.18094
v 0.13737 1.5417 0.18094
v 0.12019 1.54191 -0.16728
v 0.12031 1.54169 0.18094
v 0.12884 1.54209 -0.16931
v 0.13642 1.54005 -0.16931
v 0.13555 1.53854 -0.16934
v 0.12884 1.54034 -0.16934
v 0.14197 1.53451 -0.16931
v 0.14046 1.53363 -0.16934
v 0.144 1.52692 -0.16931
v 0.14225 1.52692 -0.16934
v 0.14197 1.51934 -0.16931
v 0.14045 1.52022 -0.16934
v 0.13642 1.51379 -0.16931
v 0.13555 1.5153 -0.16934
v 0.12884 1.51176 -0.16931
v 0.12884 1.51351 -0.16934
v 0.12126 1.51379 -0.16931
v 0.12213 1.5153 -0.16934
v 0.11571 1.51934 -0.16931
v 0.11722 1.52022 -0.16934
v 0.11368 1.52692 -0.16931
v 0.11542 1.52692 -0.16934
v 0.11571 1.53451 -0.16931
v 0.11722 1.53363 -0.16934
v 0.12126 1.54005 -0.16931
v 0.12213 1.53855 -0.16934
v 0.12884 1.54184 0.18297
v 0.12139 1.53984 0.18297
v 0.12219 1.53845 0.18299
v 0.12884 1.54023 0.18299
v 0.11593 1.53438 0.18297
v 0.11732 1.53357 0.18299
v 0.11393 1.52692 0.18297
v 0.11553 1.52692 0.18299
v 0.11593 1.51947 0.18297
v 0.11732 1.52027 0.18299
v 0.12139 1.51401 0.18297
v 0.12219 1.5154 0.18299
v 0.12884 1.51201 0.18297
v 0.12884 1.51362 0.18299
v 0.1363 1.51401 0.18297
v 0.13549 1.5154 0.18299
v 0.14175 1.51947 0.18297
v 0.14036 1.52027 0.18299
v 0.14375 1.52692 0.18297
v 0.14215 1.52692 0.18299
v 0.14175 1.53438 0.18297
v 0.14036 1.53358 0.18299
v 0.1363 1.53984 0.18297
v 0.13549 1.53845 0.18299
v 0.13445 1.53665 -0.16732
v 0.13856 1.53254 -0.16732
v 0.13853 1.53252 -0.16264
v 0.13444 1.53662 -0.16264
v 0.14006 1.52692 -0.16732
v 0.14003 1.52692 -0.16264
v 0.13856 1.52131 -0.16732
v 0.13853 1.52133 -0.16264
v 0.13445 1.5172 -0.16732
v 0.13444 1.51723 -0.16264
v 0.13445 1.5172 -0.16732
v 0.12884 1.51569 -0.16732
v 0.12884 1.51572 -0.16264
v 0.13444 1.51723 -0.16264
v 0.12322 1.5172 -0.16732
v 0.12324 1.51722 -0.16264
v 0.12322 1.5172 -0.16732
v 0.11912 1.52131 -0.16732
v 0.11914 1.52132 -0.16264
v 0.12324 1.51722 -0.16264
v 0.11761 1.52692 -0.16732
v 0.11764 1.52692 -0.16264
v 0.11911 1.53254 -0.16732
v 0.11914 1.53252 -0.16264
v 0.12322 1.53665 -0.16732
v 0.12324 1.53662 -0.16264
v 0.12322 1.53665 -0.16732
v 0.12884 1.53815 -0.16732
v 0.12884 1.53812 -0.16264
v 0.12324 1.53662 -0.16264
v 0.13445 1.53665 -0.16732
v 0.13444 1.53662 -0.16264
v 0.12884 1.53804 0.18098
v 0.12328 1.53655 0.18098
v 0.1233 1.53652 0.17657
v 0.12884 1.53801 0.17657
v 0.12328 1.53655 0.18098
v 0.11922 1.53248 0.18098
v 0.11924 1.53247 0.17657
v 0.1233 1.53652 0.17657
v 0.11772 1.52692 0.18098
v 0.11775 1.52692 0.17657
v 0.11922 1.52137 0.18097
v 0.11924 1.52138 0.17657
v 0.12328 1.5173 0.18098
v 0.1233 1.51732 0.17657
v 0.12328 1.5173 0.18098
v 0.12884 1.51581 0.18098
v 0.12884 1.51584 0.17657
v 0.1233 1.51732 0.17657
v 0.1344 1.51729 0.18098
v 0.13439 1.51732 0.17657
v 0.1344 1.51729 0.18098
v 0.13847 1.52137 0.18098
v 0.13844 1.52138 0.17657
v 0.13439 1.51732 0.17657
v 0.13996 1.52692 0.18098
v 0.13993 1.52692 0.17657
v 0.13847 1.53249 0.18098
v 0.13844 1.53247 0.17657
v 0.1344 1.53655 0.18098
v 0.13439 1.53653 0.17657
v 0.1344 1.53655 0.18098
v 0.13439 1.53653 0.17657
v 0.12051 1.54135 -0.16877
v 0.11441 1.53525 -0.16876
v 0.12051 1.54135 -0.16877
v 0.11441 1.53525 -0.16876
v 0.11218 1.52692 -0.16876
v 0.11218 1.52692 -0.16876
v 0.11441 1.51859 -0.16876
v 0.11441 1.51859 -0.16876
v 0.12051 1.5125 -0.16877
v 0.12051 1.5125 -0.16877
v 0.12051 1.5125 -0.16877
v 0.12884 1.51026 -0.16877
v 0.12884 1.51026 -0.16877
v 0.13717 1.5125 -0.16877
v 0.13717 1.5125 -0.16877
v 0.13717 1.5125 -0.16877
v 0.14327 1.51859 -0.16876
v 0.14327 1.51859 -0.16876
v 0.1455 1.52692 -0.16876
v 0.1455 1.52692 -0.16876
v 0.14327 1.53525 -0.16876
v 0.14327 1.53525 -0.16876
v 0.13717 1.54135 -0.16877
v 0.13717 1.54135 -0.16877
v 0.13717 1.54135 -0.16877
v 0.12884 1.54358 -0.16877
v 0.12884 1.54358 -0.16877
v 0.12051 1.54135 -0.16877
v 0.12064 1.54113 0.18242
v 0.12884 1.54333 0.18242
v 0.12064 1.54113 0.18242
v 0.12884 1.54333 0.18242
v 0.11463 1.53513 0.18242
v 0.12064 1.54113 0.18242
v 0.11463 1.53513 0.18242
v 0.11243 1.52692 0.18242
v 0.11243 1.52692 0.18242
v 0.11463 1.51872 0.18242
v 0.11463 1.51872 0.18242
v 0.12064 1.51272 0.18242
v 0.12064 1.51272 0.18242
v 0.12884 1.51052 0.18242
v 0.12064 1.51272 0.18242
v 0.12884 1.51052 0.18242
v 0.13704 1.51272 0.18242
v 0.13704 1.51272 0.18242
v 0.14305 1.51872 0.18242
v 0.13704 1.51272 0.18242
v 0.14305 1.51872 0.18242
v 0.14525 1.52692 0.18242
v 0.14525 1.52692 0.18242
v 0.14305 1.53513 0.18242
v 0.14305 1.53513 0.18242
v 0.13704 1.54113 0.18242
v 0.13704 1.54113 0.18242
v 0.13704 1.54113 0.18242
v 0.13479 1.53723 -0.16881
v 0.12884 1.53882 -0.16881
v 0.13479 1.53723 -0.16881
v 0.12884 1.53882 -0.16881
v 0.12289 1.53723 -0.16881
v 0.12289 1.53723 -0.16881
v 0.13479 1.53723 -0.16881
v 0.13914 1.53287 -0.16881
v 0.13914 1.53287 -0.16881
v 0.14073 1.52692 -0.16881
v 0.14073 1.52692 -0.16881
v 0.13914 1.52098 -0.16881
v 0.13914 1.52098 -0.16881
v 0.13479 1.51662 -0.16881
v 0.13479 1.51662 -0.16881
v 0.13479 1.51662 -0.16881
v 0.12884 1.51503 -0.16881
v 0.12884 1.51503 -0.16881
v 0.12289 1.51662 -0.16881
v 0.12289 1.51662 -0.16881
v 0.12289 1.51662 -0.16881
v 0.11854 1.52098 -0.16881
v 0.11854 1.52098 -0.16881
v 0.11695 1.52692 -0.16881
v 0.11695 1.52692 -0.16881
v 0.11854 1.53287 -0.16881
v 0.11854 1.53287 -0.16881
v 0.12289 1.53723 -0.16881
v 0.12295 1.53713 0.18247
v 0.12884 1.53871 0.18247
v 0.12295 1.53713 0.18247
v 0.12884 1.53871 0.18247
v 0.13473 1.53713 0.18247
v 0.13473 1.53713 0.18247
v 0.12295 1.53713 0.18247
v 0.11864 1.53281 0.18247
v 0.11864 1.53281 0.18247
v 0.11706 1.52692 0.18247
v 0.11706 1.52692 0.18247
v 0.11864 1.52103 0.18247
v 0.11864 1.52103 0.18247
v 0.12295 1.51672 0.18247
v 0.12295 1.51672 0.18247
v 0.12295 1.51672 0.18247
v 0.12884 1.51514 0.18247
v 0.12884 1.51514 0.18247
v 0.13473 1.51672 0.18247
v 0.13473 1.51672 0.18247
v 0.13473 1.51672 0.18247
v 0.13904 1.52103 0.18247
v 0.13904 1.52103 0.18247
v 0.14063 1.52692 0.18247
v 0.14063 1.52692 0.18247
v 0.13905 1.53282 0.18247
v 0.13905 1.53282 0.18247
v 0.13473 1.53713 0.18247
v 0.13975 1.63098 0.16066
v 0.13958 1.63052 0.16076
v 0.13569 1.63052 0.15687
v 0.13578 1.63098 0.1567
v 0.13958 1.63052 0.16076
v 0.13569 1.63052 0.15687
v 0.13578 1.63098 0.1567
v 0.13569 1.63052 0.15687
v 0.13036 1.63052 0.15544
v 0.13036 1.63098 0.15524
v 0.13036 1.63052 0.15544
v 0.12504 1.63052 0.15687
v 0.12494 1.63098 0.1567
v 0.12504 1.63052 0.15687
v 0.12494 1.63098 0.1567
v 0.12504 1.63052 0.15687
v 0.12114 1.63052 0.16076
v 0.12097 1.63098 0.16066
v 0.12114 1.63052 0.16076
v 0.11972 1.63052 0.16609
v 0.11952 1.63098 0.16609
v 0.11972 1.63052 0.16609
v 0.12114 1.63052 0.17141
v 0.12097 1.63098 0.17151
v 0.12114 1.63052 0.17141
v 0.12504 1.63052 0.17531
v 0.12494 1.63098 0.17548
v 0.12504 1.63052 0.17531
v 0.12494 1.63098 0.17548
v 0.12504 1.63052 0.17531
v 0.13036 1.63052 0.17673
v 0.13036 1.63098 0.17693
v 0.13036 1.63052 0.17673
v 0.13569 1.63052 0.17531
v 0.13578 1.63098 0.17548
v 0.13569 1.63052 0.17531
v 0.13578 1.63098 0.17548
v 0.13569 1.63052 0.17531
v 0.13958 1.63052 0.17141
v 0.13975 1.63098 0.17151
v 0.13958 1.63052 0.17141
v 0.14101 1.63052 0.16609
v 0.14121 1.63098 0.16609
v 0.14101 1.63052 0.16609
v 0.13783 2.25886 0.15316
v 0.13756 2.26079 0.15361
v 0.14284 2.26079 0.15888
v 0.1433 2.25886 0.15862
v 0.13684 2.2622 0.15487
v 0.14158 2.2622 0.15961
v 0.13684 2.2622 0.15487
v 0.14158 2.2622 0.15961
v 0.14331 2.2622 0.16609
v 0.14477 2.26079 0.16609
v 0.1453 2.25886 0.16609
v 0.14331 2.2622 0.16609
v 0.14158 2.2622 0.17256
v 0.14284 2.26079 0.17329
v 0.1433 2.25886 0.17355
v 0.14158 2.2622 0.17256
v 0.13684 2.2622 0.1773
v 0.13756 2.26079 0.17856
v 0.13783 2.25886 0.17902
v 0.13684 2.2622 0.1773
v 0.13036 2.2622 0.17904
v 0.13783 2.25886 0.17902
v 0.13756 2.26079 0.17856
v 0.13036 2.26079 0.18049
v 0.13036 2.25886 0.18102
v 0.13756 2.26079 0.17856
v 0.13036 2.26079 0.18049
v 0.12389 2.2622 0.1773
v 0.12316 2.26079 0.17856
v 0.1229 2.25886 0.17902
v 0.12316 2.26079 0.17856
v 0.11915 2.2622 0.17256
v 0.1229 2.25886 0.17902
v 0.12316 2.26079 0.17856
v 0.11789 2.26079 0.17329
v 0.11743 2.25886 0.17355
v 0.12389 2.2622 0.1773
v 0.11915 2.2622 0.17256
v 0.11741 2.2622 0.16609
v 0.11596 2.26079 0.16609
v 0.11543 2.25886 0.16609
v 0.11741 2.2622 0.16609
v 0.11915 2.2622 0.15961
v 0.11789 2.26079 0.15888
v 0.11743 2.25886 0.15862
v 0.11915 2.2622 0.15961
v 0.12389 2.2622 0.15487
v 0.12316 2.26079 0.15361
v 0.1229 2.25886 0.15316
v 0.12389 2.2622 0.15487
v 0.13036 2.2622 0.15313
v 0.1229 2.25886 0.15316
v 0.12316 2.26079 0.15361
v 0.13036 2.26079 0.15168
v 0.13036 2.25886 0.15115
v 0.12316 2.26079 0.15361
v 0.13036 2.26079 0.15168
v 0.13756 2.26079 0.15361
v 0.13756 2.26079 0.15361
v 0.13783 2.25886 0.15316
v 0.13578 2.22537 0.1567
v 0.13587 2.22553 0.15654
v 0.13991 2.22553 0.16058
v 0.13975 2.22537 0.16066
v 0.13587 2.22553 0.15654
v 0.13578 2.22537 0.1567
v 0.13036 2.22537 0.15524
v 0.13036 2.22553 0.15507
v 0.14138 2.22553 0.16609
v 0.14121 2.22537 0.16609
v 0.13991 2.22553 0.17159
v 0.13975 2.22537 0.17151
v 0.13587 2.22553 0.17563
v 0.13578 2.22537 0.17548
v 0.13578 2.22537 0.17548
v 0.13587 2.22553 0.17563
v 0.13036 2.22553 0.1771
v 0.13036 2.22537 0.17693
v 0.12485 2.22553 0.17563
v 0.12494 2.22537 0.17548
v 0.12082 2.22553 0.17159
v 0.12097 2.22537 0.17151
v 0.12097 2.22537 0.17151
v 0.12082 2.22553 0.17159
v 0.11935 2.22553 0.16609
v 0.11952 2.22537 0.16609
v 0.12082 2.22553 0.16058
v 0.12097 2.22537 0.16066
v 0.12097 2.22537 0.16066
v 0.12082 2.22553 0.16058
v 0.12485 2.22553 0.15654
v 0.12494 2.22537 0.1567
v 0.13774 2.22553 0.15331
v 0.13783 2.2257 0.15316
v 0.1433 2.2257 0.15862
v 0.14314 2.22553 0.15871
v 0.13783 2.2257 0.15316
v 0.13774 2.22553 0.15331
v 0.13036 2.22553 0.15133
v 0.13036 2.2257 0.15115
v 0.1453 2.2257 0.16609
v 0.14512 2.22553 0.16609
v 0.1433 2.2257 0.17355
v 0.14314 2.22553 0.17347
v 0.13783 2.2257 0.17902
v 0.13774 2.22553 0.17887
v 0.13774 2.22553 0.17887
v 0.13783 2.2257 0.17902
v 0.13036 2.2257 0.18102
v 0.13036 2.22553 0.18085
v 0.1229 2.2257 0.17902
v 0.12298 2.22553 0.17887
v 0.11743 2.2257 0.17355
v 0.11758 2.22553 0.17347
v 0.11758 2.22553 0.17347
v 0.11743 2.2257 0.17355
v 0.11543 2.2257 0.16609
v 0.1156 2.22553 0.16609
v 0.11743 2.2257 0.15862
v 0.11758 2.22553 0.15871
v 0.1229 2.2257 0.15316
v 0.12298 2.22553 0.15331
v 0.12298 2.22553 0.15331
v 0.1229 2.2257 0.15316
v 0.13036 2.22537 0.15524
v 0.13578 2.22537 0.1567
v 0.12494 2.22537 0.1567
v 0.12494 2.22537 0.1567
v 0.12494 2.22537 0.17548
v 0.13036 2.22537 0.17693
v 0.12494 2.22537 0.17548
v 0.13578 2.22537 0.17548
v 0.13991 2.22553 0.16058
v 0.14314 2.22553 0.15871
v 0.14138 2.22553 0.16609
v 0.14512 2.22553 0.16609
v 0.13991 2.22553 0.17159
v 0.14314 2.22553 0.17347
v 0.11935 2.22553 0.16609
v 0.1156 2.22553 0.16609
v 0.11758 2.22553 0.15871
v 0.13036 2.2257 0.18102
v 0.13783 2.2257 0.17902
v 0.1229 2.2257 0.17902
v 0.1229 2.2257 0.17902
v 0.13036 2.2257 0.15115
v 0.1229 2.2257 0.15316
v 0.13783 2.2257 0.15316
v 0.11212 0.71888 0.17958
v 0.11212 0.78603 0.17958
v 0.11212 0.85519 0.17958
v 0.11212 0.93115 0.17958
v 0.11212 1.0003 0.17958
v 0.11212 1.08784 0.17958
v 0.11212 1.157 0.17958
v 0.11212 1.23296 0.17958
v 0.11212 1.30211 0.17958
v 0.11212 1.38179 0.17958
v 0.11212 1.45094 0.17958
v 0.11437 1.44254 0.17958
v 0.11437 1.39019 0.17958
v 0.11437 1.37338 0.17958
v 0.11437 1.31052 0.17958
v 0.11437 1.29371 0.17958
v 0.11437 1.24136 0.17958
v 0.11437 1.22455 0.17958
v 0.11437 1.16541 0.17958
v 0.11437 1.1486 0.17958
v 0.11437 1.09625 0.17958
v 0.11437 1.07944 0.17958
v 0.11437 1.00871 0.17958
v 0.11437 0.99189 0.17958
v 0.11437 0.93955 0.17958
v 0.11437 0.92274 0.17958
v 0.11437 0.86359 0.17958
v 0.11437 0.84678 0.17958
v 0.11437 0.79444 0.17958
v 0.11437 0.77763 0.17958
v 0.11437 0.72728 0.17958
v 0.11437 0.71047 0.17958
v 0.11212 0.64972 0.17958
v 0.11437 0.65813 0.17958
v 0.11437 0.64132 0.17958
v 0.11212 0.5642 0.17958
v 0.11437 0.5726 0.17958
v 0.12052 1.43638 0.17958
v 0.12052 1.39634 0.17958
v 0.12052 1.36723 0.17958
v 0.12052 1.31667 0.17958
v 0.12052 1.28755 0.17958
v 0.12052 1.24752 0.17958
v 0.12052 1.2184 0.17958
v 0.12052 1.17156 0.17958
v 0.12052 1.14244 0.17958
v 0.12052 1.1024 0.17958
v 0.12052 1.07329 0.17958
v 0.12052 1.01486 0.17958
v 0.12052 0.98574 0.17958
v 0.12052 0.9457 0.17958
v 0.12052 0.91659 0.17958
v 0.12052 0.86975 0.17958
v 0.12052 0.84063 0.17958
v 0.12052 0.80059 0.17958
v 0.12052 0.77147 0.17958
v 0.12052 0.73344 0.17958
v 0.12052 0.70432 0.17958
v 0.12052 0.66428 0.17958
v 0.12052 1.51234 0.17958
v 0.12052 1.4655 0.17958
v 0.12052 1.5815 0.17958
v 0.12052 1.54146 0.17958
v 0.12052 0.63516 0.17958
v 0.12052 0.57876 0.17958
v 0.12893 1.57924 0.17958
v 0.12893 1.54371 0.17958
v 0.12893 1.51009 0.17958
v 0.12893 1.46775 0.17958
v 0.12893 1.43413 0.17958
v 0.12893 1.3986 0.17958
v 0.12893 1.36498 0.17958
v 0.12893 1.31892 0.17958
v 0.12893 1.2853 0.17958
v 0.12893 1.24977 0.17958
v 0.12893 1.21615 0.17958
v 0.12893 1.17381 0.17958
v 0.12893 1.14019 0.17958
v 0.12893 1.10466 0.17958
v 0.12893 1.07103 0.17958
v 0.12893 1.01711 0.17958
v 0.12893 0.98349 0.17958
v 0.12893 0.94796 0.17958
v 0.12893 0.91433 0.17958
v 0.12893 0.872 0.17958
v 0.12893 0.83838 0.17958
v 0.12893 0.80284 0.17958
v 0.12893 0.76922 0.17958
v 0.12893 0.73569 0.17958
v 0.12893 0.70207 0.17958
v 0.12893 0.66653 0.17958
v 0.12893 0.63291 0.17958
v 0.12893 0.58101 0.17958
v 0.13733 0.63516 0.17958
v 0.13733 0.57876 0.17958
v 0.13733 1.5815 0.17958
v 0.13733 1.54146 0.17958
v 0.13733 1.51234 0.17958
v 0.13733 1.4655 0.17958
v 0.13733 1.43638 0.17958
v 0.13733 1.39634 0.17958
v 0.13733 1.36723 0.17958
v 0.13733 1.31667 0.17958
v 0.13733 1.28755 0.17958
v 0.13733 1.24752 0.17958
v 0.13733 1.2184 0.17958
v 0.13733 1.17156 0.17958
v 0.13733 1.14244 0.17958
v 0.13733 1.1024 0.17958
v 0.13733 1.07329 0.17958
v 0.13733 1.01486 0.17958
v 0.13733 0.98574 0.17958
v 0.13733 0.9457 0.17958
v 0.13733 0.91659 0.17958
v 0.13733 0.86975 0.17958
v 0.13733 0.84063 0.17958
v 0.13733 0.80059 0.17958
v 0.13733 0.77147 0.17958
v 0.13733 0.73344 0.17958
v 0.13733 0.70432 0.17958
v 0.13733 0.66428 0.17958
v 0.14348 0.64132 0.17958
v 0.14348 0.5726 0.17958
v 0.14348 1.58765 0.17958
v 0.14348 1.5353 0.17958
v 0.14348 1.51849 0.17958
v 0.14348 1.45935 0.17958
v 0.14348 1.44254 0.17958
v 0.14348 1.39019 0.17958
v 0.14348 1.37338 0.17958
v 0.14348 1.31052 0.17958
v 0.14348 1.29371 0.17958
v 0.14348 1.24136 0.17958
v 0.14348 1.22455 0.17958
v 0.14348 1.16541 0.17958
v 0.14348 1.1486 0.17958
v 0.14348 1.09625 0.17958
v 0.14348 1.07944 0.17958
v 0.14348 1.00871 0.17958
v 0.14348 0.99189 0.17958
v 0.14348 0.93955 0.17958
v 0.14348 0.92274 0.17958
v 0.14348 0.86359 0.17958
v 0.14348 0.84678 0.17958
v 0.14348 0.79444 0.17958
v 0.14348 0.71047 0.17958
v 0.14348 0.65813 0.17958
v 0.14574 0.64972 0.17958
v 0.14574 0.5642 0.17958
v 0.14574 1.5269 0.17958
v 0.14574 1.45094 0.17958
v 0.14574 1.38179 0.17958
v 0.14574 1.30211 0.17958
v 0.14574 1.23296 0.17958
v 0.14574 1.157 0.17958
v 0.14574 1.08784 0.17958
v 0.14574 1.0003 0.17958
v 0.14574 0.93115 0.17958
v 0.14574 0.85519 0.17958
v 0.14574 0.78603 0.17958
v 0.15632 1.67946 0.17849
v 0.15369 0 0.17958
v 0.15632 0.00002 0.17849
v 0.15742 1.67946 0.17585
v 0.15632 1.67946 0.17849
v 0.15632 0.00002 0.17849
v 0.15742 0.0001 0.17585
v 0.15742 1.67946 0.16141
v 0.15742 0.00058 0.16141
v 0.11212 0.64972 0.17723
v 0.11437 0.64132 0.17723
v 0.11437 0.5726 0.17723
v 0.11212 0.5642 0.17723
v 0.11212 0.71888 0.17723
v 0.11212 0.78603 0.17723
v 0.11437 0.65813 0.17723
v 0.11437 0.71047 0.17723
v 0.11437 0.72728 0.17723
v 0.11437 0.77763 0.17723
v 0.11212 0.85519 0.17723
v 0.11212 0.93115 0.17723
v 0.11437 0.79444 0.17723
v 0.11437 0.84678 0.17723
v 0.11437 0.86359 0.17723
v 0.11437 0.92274 0.17723
v 0.11212 1.0003 0.17723
v 0.11212 1.08784 0.17723
v 0.11437 0.93955 0.17723
v 0.11437 0.99189 0.17723
v 0.11437 1.00871 0.17723
v 0.11437 1.07944 0.17723
v 0.11212 1.157 0.17723
v 0.11212 1.23296 0.17723
v 0.11437 1.09625 0.17723
v 0.11437 1.1486 0.17723
v 0.11437 1.16541 0.17723
v 0.11437 1.22455 0.17723
v 0.11212 1.30211 0.17723
v 0.11437 1.24136 0.17723
v 0.11437 1.29371 0.17723
v 0.11437 1.31052 0.17723
v 0.11437 1.37338 0.17723
v 0.11437 1.39019 0.17723
v 0.11437 1.44254 0.17723
v 0.11437 1.45935 0.17723
v 0.11212 1.5269 0.17723
v 0.12052 0.66428 0.17723
v 0.12052 0.70432 0.17723
v 0.12052 0.73344 0.17723
v 0.12052 0.77147 0.17723
v 0.12052 0.80059 0.17723
v 0.12052 0.84063 0.17723
v 0.12052 0.86975 0.17723
v 0.12052 0.91659 0.17723
v 0.12052 0.9457 0.17723
v 0.12052 0.98574 0.17723
v 0.12052 1.01486 0.17723
v 0.12052 1.07329 0.17723
v 0.12052 1.1024 0.17723
v 0.12052 1.14244 0.17723
v 0.12052 1.17156 0.17723
v 0.12052 1.2184 0.17723
v 0.12052 1.24752 0.17723
v 0.12052 1.28755 0.17723
v 0.12052 1.31667 0.17723
v 0.12052 1.36723 0.17723
v 0.12052 1.39634 0.17723
v 0.12052 1.43638 0.17723
v 0.11437 1.5353 0.17723
v 0.12052 0.63516 0.17723
v 0.12052 0.57876 0.17723
v 0.12893 0.66653 0.17723
v 0.12893 0.70207 0.17723
v 0.12893 0.73569 0.17723
v 0.12893 0.76922 0.17723
v 0.12893 0.80284 0.17723
v 0.12893 0.83838 0.17723
v 0.12893 0.872 0.17723
v 0.12893 0.91433 0.17723
v 0.12893 0.94796 0.17723
v 0.12893 0.98349 0.17723
v 0.12893 1.01711 0.17723
v 0.12893 1.07103 0.17723
v 0.12893 1.10466 0.17723
v 0.12893 1.14019 0.17723
v 0.12893 1.17381 0.17723
v 0.12893 1.21615 0.17723
v 0.12893 1.24977 0.17723
v 0.12893 1.2853 0.17723
v 0.12893 1.31892 0.17723
v 0.12893 1.36498 0.17723
v 0.12893 1.3986 0.17723
v 0.12893 1.43413 0.17723
v 0.12893 1.46775 0.17723
v 0.12893 1.51009 0.17723
v 0.12893 1.54371 0.17723
v 0.12893 1.57924 0.17723
v 0.12893 0.63291 0.17723
v 0.13733 0.63516 0.17723
v 0.13733 0.57876 0.17723
v 0.12893 0.58101 0.17723
v 0.13733 0.66428 0.17723
v 0.13733 0.70432 0.17723
v 0.13733 0.73344 0.17723
v 0.13733 0.77147 0.17723
v 0.13733 0.80059 0.17723
v 0.13733 0.84063 0.17723
v 0.13733 0.86975 0.17723
v 0.13733 0.91659 0.17723
v 0.13733 0.9457 0.17723
v 0.13733 0.98574 0.17723
v 0.13733 1.01486 0.17723
v 0.13733 1.07329 0.17723
v 0.13733 1.1024 0.17723
v 0.13733 1.14244 0.17723
v 0.13733 1.17156 0.17723
v 0.13733 1.2184 0.17723
v 0.13733 1.24752 0.17723
v 0.13733 1.28755 0.17723
v 0.13733 1.31667 0.17723
v 0.13733 1.36723 0.17723
v 0.13733 1.39634 0.17723
v 0.13733 1.43638 0.17723
v 0.13733 1.4655 0.17723
v 0.13733 1.51234 0.17723
v 0.13733 1.54146 0.17723
v 0.13733 1.5815 0.17723
v 0.14348 0.64132 0.17723
v 0.14348 0.5726 0.17723
v 0.14348 0.65813 0.17723
v 0.14348 0.71047 0.17723
v 0.14348 0.72728 0.17723
v 0.14348 0.77763 0.17723
v 0.14348 0.79444 0.17723
v 0.14348 0.84678 0.17723
v 0.14348 0.86359 0.17723
v 0.14348 0.92274 0.17723
v 0.14348 0.93955 0.17723
v 0.14348 0.99189 0.17723
v 0.14348 1.00871 0.17723
v 0.14348 1.07944 0.17723
v 0.14348 1.09625 0.17723
v 0.14348 1.1486 0.17723
v 0.14348 1.16541 0.17723
v 0.14348 1.22455 0.17723
v 0.14348 1.24136 0.17723
v 0.14348 1.29371 0.17723
v 0.14348 1.31052 0.17723
v 0.14348 1.37338 0.17723
v 0.14348 1.39019 0.17723
v 0.14348 1.44254 0.17723
v 0.14348 1.45935 0.17723
v 0.14348 1.51849 0.17723
v 0.14348 1.5353 0.17723
v 0.14348 1.58765 0.17723
v 0.15322 0.00008 0.17723
v 0.14574 0.00014 0.17723
v 0.14574 0.64972 0.17723
v 0.14574 0.5642 0.17723
v 0.14574 0.71888 0.17723
v 0.14574 0.78603 0.17723
v 0.14574 0.85519 0.17723
v 0.14574 0.93115 0.17723
v 0.14574 1.0003 0.17723
v 0.14574 1.08784 0.17723
v 0.14574 1.157 0.17723
v 0.14574 1.23296 0.17723
v 0.14574 1.30211 0.17723
v 0.14574 1.38179 0.17723
v 0.14574 1.45094 0.17723
v 0.14574 1.5269 0.17723
v 0.10472 1.67946 0.17669
v 0.10603 0.00044 0.17723
v 0.10472 0.00046 0.17669
v 0.10418 1.67946 0.17538
v 0.10472 1.67946 0.17669
v 0.10472 0.00046 0.17669
v 0.10418 0.00051 0.17539
v 0.10418 1.67946 0.16141
v 0.10418 0.00098 0.16141
v 0.15369 1.67946 0.17958
v 0.15322 1.67946 0.17723
v 0.10603 1.67946 0.17723
v 0.10556 1.67946 0.17958
v 0.12893 0.63291 0.17958
v 0.12893 0.63291 0.17723
v 0.12052 0.63516 0.17723
v 0.12052 0.63516 0.17958
v 0.12052 0.63516 0.17958
v 0.12052 0.63516 0.17723
v 0.11437 0.64132 0.17723
v 0.11437 0.64132 0.17958
v 0.11212 0.64972 0.17723
v 0.11212 0.64972 0.17958
v 0.11437 0.65813 0.17723
v 0.11437 0.65813 0.17958
v 0.12052 0.66428 0.17723
v 0.12052 0.66428 0.17958
v 0.12052 0.66428 0.17958
v 0.12052 0.66428 0.17723
v 0.12893 0.66653 0.17723
v 0.12893 0.66653 0.17958
v 0.13733 0.66428 0.17723
v 0.13733 0.66428 0.17958
v 0.13733 0.66428 0.17958
v 0.13733 0.66428 0.17723
v 0.14348 0.65813 0.17723
v 0.14348 0.65813 0.17958
v 0.14574 0.64972 0.17723
v 0.14574 0.64972 0.17958
v 0.14348 0.64132 0.17723
v 0.14348 0.64132 0.17958
v 0.13733 0.63516 0.17723
v 0.13733 0.63516 0.17958
v 0.13733 0.63516 0.17958
v 0.13733 0.63516 0.17723
v 0.12893 0.70207 0.17958
v 0.12893 0.70207 0.17723
v 0.12052 0.70432 0.17723
v 0.12052 0.70432 0.17958
v 0.12052 0.70432 0.17958
v 0.12052 0.70432 0.17723
v 0.11437 0.71047 0.17723
v 0.11437 0.71047 0.17958
v 0.11212 0.71888 0.17723
v 0.11212 0.71888 0.17958
v 0.11437 0.72728 0.17723
v 0.11437 0.72728 0.17958
v 0.12052 0.73344 0.17723
v 0.12052 0.73344 0.17958
v 0.12052 0.73344 0.17958
v 0.12052 0.73344 0.17723
v 0.12893 0.73569 0.17723
v 0.12893 0.73569 0.17958
v 0.13733 0.73344 0.17723
v 0.13733 0.73344 0.17958
v 0.13733 0.73344 0.17958
v 0.13733 0.73344 0.17723
v 0.14348 0.72728 0.17723
v 0.14348 0.72728 0.17958
v 0.14574 0.71888 0.17723
v 0.14574 0.71888 0.17958
v 0.14348 0.71047 0.17723
v 0.14348 0.71047 0.17958
v 0.13733 0.70432 0.17723
v 0.13733 0.70432 0.17958
v 0.13733 0.70432 0.17958
v 0.13733 0.70432 0.17723
v 0.12893 0.76922 0.17958
v 0.12893 0.76922 0.17723
v 0.12052 0.77147 0.17723
v 0.12052 0.77147 0.17958
v 0.12052 0.77147 0.17958
v 0.12052 0.77147 0.17723
v 0.11437 0.77763 0.17723
v 0.11437 0.77763 0.17958
v 0.11212 0.78603 0.17723
v 0.11212 0.78603 0.17958
v 0.11437 0.79444 0.17723
v 0.11437 0.79444 0.17958
v 0.12052 0.80059 0.17723
v 0.12052 0.80059 0.17958
v 0.12052 0.80059 0.17958
v 0.12052 0.80059 0.17723
v 0.12893 0.80284 0.17723
v 0.12893 0.80284 0.17958
v 0.13733 0.80059 0.17723
v 0.13733 0.80059 0.17958
v 0.13733 0.80059 0.17958
v 0.13733 0.80059 0.17723
v 0.14348 0.79444 0.17723
v 0.14348 0.79444 0.17958
v 0.14574 0.78603 0.17723
v 0.14574 0.78603 0.17958
v 0.14348 0.77763 0.17723
v 0.14348 0.77763 0.17958
v 0.13733 0.77147 0.17723
v 0.13733 0.77147 0.17958
v 0.13733 0.77147 0.17958
v 0.13733 0.77147 0.17723
v 0.12893 0.83838 0.17958
v 0.12893 0.83838 0.17723
v 0.12052 0.84063 0.17723
v 0.12052 0.84063 0.17958
v 0.12052 0.84063 0.17958
v 0.12052 0.84063 0.17723
v 0.11437 0.84678 0.17723
v 0.11437 0.84678 0.17958
v 0.11212 0.85519 0.17723
v 0.11212 0.85519 0.17958
v 0.11437 0.86359 0.17723
v 0.11437 0.86359 0.17958
v 0.12052 0.86975 0.17723
v 0.12052 0.86975 0.17958
v 0.12052 0.86975 0.17958
v 0.12052 0.86975 0.17723
v 0.12893 0.872 0.17723
v 0.12893 0.872 0.17958
v 0.13733 0.86975 0.17723
v 0.13733 0.86975 0.17958
v 0.13733 0.86975 0.17958
v 0.13733 0.86975 0.17723
v 0.14348 0.86359 0.17723
v 0.14348 0.86359 0.17958
v 0.14574 0.85519 0.17723
v 0.14574 0.85519 0.17958
v 0.14348 0.84678 0.17723
v 0.14348 0.84678 0.17958
v 0.13733 0.84063 0.17723
v 0.13733 0.84063 0.17958
v 0.13733 0.84063 0.17958
v 0.13733 0.84063 0.17723
v 0.12893 0.91433 0.17958
v 0.12893 0.91433 0.17723
v 0.12052 0.91659 0.17723
v 0.12052 0.91659 0.17958
v 0.12052 0.91659 0.17958
v 0.12052 0.91659 0.17723
v 0.11437 0.92274 0.17723
v 0.11437 0.92274 0.17958
v 0.11212 0.93115 0.17723
v 0.11212 0.93115 0.17958
v 0.11437 0.93955 0.17723
v 0.11437 0.93955 0.17958
v 0.12052 0.9457 0.17723
v 0.12052 0.9457 0.17958
v 0.12052 0.9457 0.17958
v 0.12052 0.9457 0.17723
v 0.12893 0.94796 0.17723
v 0.12893 0.94796 0.17958
v 0.13733 0.9457 0.17723
v 0.13733 0.9457 0.17958
v 0.13733 0.9457 0.17958
v 0.13733 0.9457 0.17723
v 0.14348 0.93955 0.17723
v 0.14348 0.93955 0.17958
v 0.14574 0.93115 0.17723
v 0.14574 0.93115 0.17958
v 0.14348 0.92274 0.17723
v 0.14348 0.92274 0.17958
v 0.13733 0.91659 0.17723
v 0.13733 0.91659 0.17958
v 0.13733 0.91659 0.17958
v 0.13733 0.91659 0.17723
v 0.12893 0.98349 0.17958
v 0.12893 0.98349 0.17723
v 0.12052 0.98574 0.17723
v 0.12052 0.98574 0.17958
v 0.12052 0.98574 0.17958
v 0.12052 0.98574 0.17723
v 0.11437 0.99189 0.17723
v 0.11437 0.99189 0.17958
v 0.11212 1.0003 0.17723
v 0.11212 1.0003 0.17958
v 0.11437 1.00871 0.17723
v 0.11437 1.00871 0.17958
v 0.12052 1.01486 0.17723
v 0.12052 1.01486 0.17958
v 0.12052 1.01486 0.17958
v 0.12052 1.01486 0.17723
v 0.12893 1.01711 0.17723
v 0.12893 1.01711 0.17958
v 0.13733 1.01486 0.17723
v 0.13733 1.01486 0.17958
v 0.13733 1.01486 0.17958
v 0.13733 1.01486 0.17723
v 0.14348 1.00871 0.17723
v 0.14348 1.00871 0.17958
v 0.14574 1.0003 0.17723
v 0.14574 1.0003 0.17958
v 0.14348 0.99189 0.17723
v 0.14348 0.99189 0.17958
v 0.13733 0.98574 0.17723
v 0.13733 0.98574 0.17958
v 0.13733 0.98574 0.17958
v 0.13733 0.98574 0.17723
v 0.12893 1.07103 0.17958
v 0.12893 1.07103 0.17723
v 0.12052 1.07329 0.17723
v 0.12052 1.07329 0.17958
v 0.12052 1.07329 0.17958
v 0.12052 1.07329 0.17723
v 0.11437 1.07944 0.17723
v 0.11437 1.07944 0.17958
v 0.11212 1.08784 0.17723
v 0.11212 1.08784 0.17958
v 0.11437 1.09625 0.17723
v 0.11437 1.09625 0.17958
v 0.12052 1.1024 0.17723
v 0.12052 1.1024 0.17958
v 0.12052 1.1024 0.17958
v 0.12052 1.1024 0.17723
v 0.12893 1.10466 0.17723
v 0.12893 1.10466 0.17958
v 0.13733 1.1024 0.17723
v 0.13733 1.1024 0.17958
v 0.13733 1.1024 0.17958
v 0.13733 1.1024 0.17723
v 0.14348 1.09625 0.17723
v 0.14348 1.09625 0.17958
v 0.14574 1.08784 0.17723
v 0.14574 1.08784 0.17958
v 0.14348 1.07944 0.17723
v 0.14348 1.07944 0.17958
v 0.13733 1.07329 0.17723
v 0.13733 1.07329 0.17958
v 0.13733 1.07329 0.17958
v 0.13733 1.07329 0.17723
v 0.12893 1.14019 0.17958
v 0.12893 1.14019 0.17723
v 0.12052 1.14244 0.17723
v 0.12052 1.14244 0.17958
v 0.12052 1.14244 0.17958
v 0.12052 1.14244 0.17723
v 0.11437 1.1486 0.17723
v 0.11437 1.1486 0.17958
v 0.11212 1.157 0.17723
v 0.11212 1.157 0.17958
v 0.11437 1.16541 0.17723
v 0.11437 1.16541 0.17958
v 0.12052 1.17156 0.17723
v 0.12052 1.17156 0.17958
v 0.12052 1.17156 0.17958
v 0.12052 1.17156 0.17723
v 0.12893 1.17381 0.17723
v 0.12893 1.17381 0.17958
v 0.13733 1.17156 0.17723
v 0.13733 1.17156 0.17958
v 0.13733 1.17156 0.17958
v 0.13733 1.17156 0.17723
v 0.14348 1.16541 0.17723
v 0.14348 1.16541 0.17958
v 0.14574 1.157 0.17723
v 0.14574 1.157 0.17958
v 0.14348 1.1486 0.17723
v 0.14348 1.1486 0.17958
v 0.13733 1.14244 0.17723
v 0.13733 1.14244 0.17958
v 0.13733 1.14244 0.17958
v 0.13733 1.14244 0.17723
v 0.12893 1.21615 0.17958
v 0.12893 1.21615 0.17723
v 0.12052 1.2184 0.17723
v 0.12052 1.2184 0.17958
v 0.12052 1.2184 0.17958
v 0.12052 1.2184 0.17723
v 0.11437 1.22455 0.17723
v 0.11437 1.22455 0.17958
v 0.11212 1.23296 0.17723
v 0.11212 1.23296 0.17958
v 0.11437 1.24136 0.17723
v 0.11437 1.24136 0.17958
v 0.12052 1.24752 0.17723
v 0.12052 1.24752 0.17958
v 0.12052 1.24752 0.17958
v 0.12052 1.24752 0.17723
v 0.12893 1.24977 0.17723
v 0.12893 1.24977 0.17958
v 0.13733 1.24752 0.17723
v 0.13733 1.24752 0.17958
v 0.13733 1.24752 0.17958
v 0.13733 1.24752 0.17723
v 0.14348 1.24136 0.17723
v 0.14348 1.24136 0.17958
v 0.14574 1.23296 0.17723
v 0.14574 1.23296 0.17958
v 0.14348 1.22455 0.17723
v 0.14348 1.22455 0.17958
v 0.13733 1.2184 0.17723
v 0.13733 1.2184 0.17958
v 0.13733 1.2184 0.17958
v 0.13733 1.2184 0.17723
v 0.12893 1.2853 0.17958
v 0.12893 1.2853 0.17723
v 0.12052 1.28755 0.17723
v 0.12052 1.28755 0.17958
v 0.12052 1.28755 0.17958
v 0.12052 1.28755 0.17723
v 0.11437 1.29371 0.17723
v 0.11437 1.29371 0.17958
v 0.11212 1.30211 0.17723
v 0.11212 1.30211 0.17958
v 0.11437 1.31052 0.17723
v 0.11437 1.31052 0.17958
v 0.12052 1.31667 0.17723
v 0.12052 1.31667 0.17958
v 0.12052 1.31667 0.17958
v 0.12052 1.31667 0.17723
v 0.12893 1.31892 0.17723
v 0.12893 1.31892 0.17958
v 0.13733 1.31667 0.17723
v 0.13733 1.31667 0.17958
v 0.13733 1.31667 0.17958
v 0.13733 1.31667 0.17723
v 0.14348 1.31052 0.17723
v 0.14348 1.31052 0.17958
v 0.14574 1.30211 0.17723
v 0.14574 1.30211 0.17958
v 0.14348 1.29371 0.17723
v 0.14348 1.29371 0.17958
v 0.13733 1.28755 0.17723
v 0.13733 1.28755 0.17958
v 0.13733 1.28755 0.17958
v 0.13733 1.28755 0.17723
v 0.12893 1.36498 0.17958
v 0.12893 1.36498 0.17723
v 0.12052 1.36723 0.17723
v 0.12052 1.36723 0.17958
v 0.12052 1.36723 0.17958
v 0.12052 1.36723 0.17723
v 0.11437 1.37338 0.17723
v 0.11437 1.37338 0.17958
v 0.11212 1.38179 0.17723
v 0.11212 1.38179 0.17958
v 0.11437 1.39019 0.17723
v 0.11437 1.39019 0.17958
v 0.12052 1.39634 0.17723
v 0.12052 1.39634 0.17958
v 0.12052 1.39634 0.17958
v 0.12052 1.39634 0.17723
v 0.12893 1.3986 0.17723
v 0.12893 1.3986 0.17958
v 0.13733 1.39634 0.17723
v 0.13733 1.39634 0.17958
v 0.13733 1.39634 0.17958
v 0.13733 1.39634 0.17723
v 0.14348 1.39019 0.17723
v 0.14348 1.39019 0.17958
v 0.14574 1.38179 0.17723
v 0.14574 1.38179 0.17958
v 0.14348 1.37338 0.17723
v 0.14348 1.37338 0.17958
v 0.13733 1.36723 0.17723
v 0.13733 1.36723 0.17958
v 0.13733 1.36723 0.17958
v 0.13733 1.36723 0.17723
v 0.12893 1.43413 0.17958
v 0.12893 1.43413 0.17723
v 0.12052 1.43638 0.17723
v 0.12052 1.43638 0.17958
v 0.12052 1.43638 0.17958
v 0.12052 1.43638 0.17723
v 0.11437 1.44254 0.17723
v 0.11437 1.44254 0.17958
v 0.11212 1.45094 0.17723
v 0.11212 1.45094 0.17958
v 0.11437 1.45935 0.17723
v 0.11437 1.45935 0.17958
v 0.12052 1.4655 0.17723
v 0.12052 1.4655 0.17958
v 0.12052 1.4655 0.17958
v 0.12052 1.4655 0.17723
v 0.12893 1.46775 0.17723
v 0.12893 1.46775 0.17958
v 0.13733 1.4655 0.17723
v 0.13733 1.4655 0.17958
v 0.13733 1.4655 0.17958
v 0.13733 1.4655 0.17723
v 0.14348 1.45935 0.17723
v 0.14348 1.45935 0.17958
v 0.14574 1.45094 0.17723
v 0.14574 1.45094 0.17958
v 0.14348 1.44254 0.17723
v 0.14348 1.44254 0.17958
v 0.13733 1.43638 0.17723
v 0.13733 1.43638 0.17958
v 0.13733 1.43638 0.17958
v 0.13733 1.43638 0.17723
v 0.12893 1.51009 0.17958
v 0.12893 1.51009 0.17723
v 0.12052 1.51234 0.17723
v 0.12052 1.51234 0.17958
v 0.12052 1.51234 0.17958
v 0.12052 1.51234 0.17723
v 0.11437 1.51849 0.17723
v 0.11437 1.51849 0.17958
v 0.11212 1.5269 0.17723
v 0.11212 1.5269 0.17958
v 0.11437 1.5353 0.17723
v 0.11437 1.5353 0.17958
v 0.12052 1.54146 0.17723
v 0.12052 1.54146 0.17958
v 0.12052 1.54146 0.17958
v 0.12052 1.54146 0.17723
v 0.12893 1.54371 0.17723
v 0.12893 1.54371 0.17958
v 0.13733 1.54146 0.17723
v 0.13733 1.54146 0.17958
v 0.13733 1.54146 0.17958
v 0.13733 1.54146 0.17723
v 0.14348 1.5353 0.17723
v 0.14348 1.5353 0.17958
v 0.14574 1.5269 0.17723
v 0.14574 1.5269 0.17958
v 0.14348 1.51849 0.17723
v 0.14348 1.51849 0.17958
v 0.13733 1.51234 0.17723
v 0.13733 1.51234 0.17958
v 0.13733 1.51234 0.17958
v 0.13733 1.51234 0.17723
v 0.12893 1.57924 0.17958
v 0.12893 1.57924 0.17723
v 0.12052 1.5815 0.17723
v 0.12052 1.5815 0.17958
v 0.12052 1.5815 0.17958
v 0.12052 1.5815 0.17723
v 0.11437 1.58765 0.17723
v 0.11437 1.58765 0.17958
v 0.11212 1.59606 0.17723
v 0.11212 1.59606 0.17958
v 0.11437 1.60446 0.17723
v 0.11437 1.60446 0.17958
v 0.12052 1.61061 0.17723
v 0.12052 1.61061 0.17958
v 0.12052 1.61061 0.17958
v 0.12052 1.61061 0.17723
v 0.12893 1.61287 0.17723
v 0.12893 1.61287 0.17958
v 0.13733 1.61061 0.17723
v 0.13733 1.61061 0.17958
v 0.13733 1.61061 0.17958
v 0.13733 1.61061 0.17723
v 0.14348 1.60446 0.17723
v 0.14348 1.60446 0.17958
v 0.14574 1.59606 0.17723
v 0.14574 1.59606 0.17958
v 0.14348 1.58765 0.17723
v 0.14348 1.58765 0.17958
v 0.13733 1.5815 0.17723
v 0.13733 1.5815 0.17958
v 0.13733 1.5815 0.17958
v 0.13733 1.5815 0.17723
v 0.10472 1.67946 0.17669
v 0.10292 1.67946 0.17849
v 0.15452 1.67946 0.17669
v 0.15632 1.67946 0.17849
v 0.10418 1.67946 0.17538
v 0.10183 1.67946 0.17585
v 0.15742 1.67946 0.17585
v 0.15506 1.67946 0.17538
v 0.10418 1.67946 0.16141
v 0.10183 1.67946 0.16141
v 0.10183 1.67946 0.16141
v 0.10418 1.67946 0.16141
v 0.10418 0.00098 0.16141
v 0.10183 0.001 0.16141
v 0.15742 1.67946 0.16141
v 0.15506 1.67946 0.16141
v 0.11437 0.06533 0.17958
v 0.11437 0.11767 0.17958
v 0.11212 0.12608 0.17958
v 0.11437 0.13448 0.17958
v 0.11437 0.20522 0.17958
v 0.11212 0.21362 0.17958
v 0.11437 0.22203 0.17958
v 0.11437 0.27437 0.17958
v 0.11212 0.28278 0.17958
v 0.11437 0.29118 0.17958
v 0.11437 0.35033 0.17958
v 0.11212 0.35873 0.17958
v 0.11437 0.36714 0.17958
v 0.11437 0.41948 0.17958
v 0.11212 0.42789 0.17958
v 0.11437 0.43629 0.17958
v 0.11437 0.48664 0.17958
v 0.11212 0.49504 0.17958
v 0.11437 0.50345 0.17958
v 0.11437 0.55579 0.17958
v 0.12052 0.07148 0.17958
v 0.12052 0.11152 0.17958
v 0.12052 0.14064 0.17958
v 0.12052 0.19906 0.17958
v 0.12052 0.22818 0.17958
v 0.12052 0.26822 0.17958
v 0.12052 0.29734 0.17958
v 0.12052 0.34418 0.17958
v 0.12052 0.37329 0.17958
v 0.12052 0.41333 0.17958
v 0.12052 0.44245 0.17958
v 0.12052 0.48048 0.17958
v 0.12052 0.5096 0.17958
v 0.12052 0.54964 0.17958
v 0.12893 0.07373 0.17958
v 0.12893 0.10927 0.17958
v 0.12893 0.14289 0.17958
v 0.12893 0.19681 0.17958
v 0.12893 0.23043 0.17958
v 0.12893 0.26597 0.17958
v 0.12893 0.29959 0.17958
v 0.12893 0.34192 0.17958
v 0.12893 0.37555 0.17958
v 0.12893 0.41108 0.17958
v 0.12893 0.4447 0.17958
v 0.12893 0.47823 0.17958
v 0.12893 0.51185 0.17958
v 0.12893 0.54739 0.17958
v 0.13733 0.07148 0.17958
v 0.13733 0.11152 0.17958
v 0.13733 0.14064 0.17958
v 0.13733 0.19906 0.17958
v 0.13733 0.22818 0.17958
v 0.13733 0.26822 0.17958
v 0.13733 0.29734 0.17958
v 0.13733 0.34418 0.17958
v 0.13733 0.37329 0.17958
v 0.13733 0.41333 0.17958
v 0.13733 0.44245 0.17958
v 0.13733 0.48048 0.17958
v 0.13733 0.5096 0.17958
v 0.13733 0.54964 0.17958
v 0.14348 0.06533 0.17958
v 0.14348 0.11767 0.17958
v 0.14348 0.13448 0.17958
v 0.14348 0.20522 0.17958
v 0.14348 0.22203 0.17958
v 0.14348 0.27437 0.17958
v 0.14348 0.29118 0.17958
v 0.14348 0.35033 0.17958
v 0.14348 0.36714 0.17958
v 0.14348 0.41948 0.17958
v 0.14348 0.50345 0.17958
v 0.14348 0.55579 0.17958
v 0.14574 0.05692 0.17958
v 0.14574 0.12608 0.17958
v 0.14574 0.21362 0.17958
v 0.14574 0.28278 0.17958
v 0.14574 0.35873 0.17958
v 0.14574 0.42789 0.17958
v 0.11437 0.55579 0.17723
v 0.11437 0.50345 0.17723
v 0.11212 0.49504 0.17723
v 0.11437 0.48664 0.17723
v 0.11437 0.43629 0.17723
v 0.11212 0.42789 0.17723
v 0.11437 0.41948 0.17723
v 0.11437 0.36714 0.17723
v 0.11212 0.35873 0.17723
v 0.11437 0.35033 0.17723
v 0.11437 0.29118 0.17723
v 0.11212 0.28278 0.17723
v 0.11437 0.27437 0.17723
v 0.11437 0.22203 0.17723
v 0.11212 0.21362 0.17723
v 0.11437 0.20522 0.17723
v 0.11437 0.13448 0.17723
v 0.11212 0.12608 0.17723
v 0.11212 0.05692 0.17723
v 0.11212 0.00039 0.17723
v 0.11101 0.0004 0.17723
v 0.11437 0.11767 0.17723
v 0.11437 0.06533 0.17723
v 0.11437 0.04852 0.17723
v 0.11437 0.00037 0.17723
v 0.12052 0.54964 0.17723
v 0.12052 0.5096 0.17723
v 0.12052 0.48048 0.17723
v 0.12052 0.44245 0.17723
v 0.12052 0.41333 0.17723
v 0.12052 0.37329 0.17723
v 0.12052 0.34418 0.17723
v 0.12052 0.29734 0.17723
v 0.12052 0.26822 0.17723
v 0.12052 0.22818 0.17723
v 0.12052 0.19906 0.17723
v 0.12052 0.14064 0.17723
v 0.12052 0.11152 0.17723
v 0.12052 0.07148 0.17723
v 0.12052 0.04236 0.17723
v 0.12052 0.00033 0.17723
v 0.12893 0.54739 0.17723
v 0.12893 0.51185 0.17723
v 0.12893 0.47823 0.17723
v 0.12893 0.4447 0.17723
v 0.12893 0.41108 0.17723
v 0.12893 0.37555 0.17723
v 0.12893 0.34192 0.17723
v 0.12893 0.29959 0.17723
v 0.12893 0.26597 0.17723
v 0.12893 0.23043 0.17723
v 0.12893 0.19681 0.17723
v 0.12893 0.14289 0.17723
v 0.12893 0.10927 0.17723
v 0.12893 0.07373 0.17723
v 0.12893 0.04011 0.17723
v 0.12893 0.00026 0.17723
v 0.13733 0.54964 0.17723
v 0.13733 0.5096 0.17723
v 0.13733 0.48048 0.17723
v 0.13733 0.44245 0.17723
v 0.13733 0.41333 0.17723
v 0.13733 0.37329 0.17723
v 0.13733 0.34418 0.17723
v 0.13733 0.29734 0.17723
v 0.13733 0.26822 0.17723
v 0.13733 0.22818 0.17723
v 0.13733 0.19906 0.17723
v 0.13733 0.14064 0.17723
v 0.13733 0.11152 0.17723
v 0.13733 0.07148 0.17723
v 0.13733 0.04236 0.17723
v 0.13733 0.0002 0.17723
v 0.14348 0.55579 0.17723
v 0.14348 0.50345 0.17723
v 0.14348 0.48664 0.17723
v 0.14348 0.43629 0.17723
v 0.14348 0.41948 0.17723
v 0.14348 0.36714 0.17723
v 0.14348 0.35033 0.17723
v 0.14348 0.29118 0.17723
v 0.14348 0.27437 0.17723
v 0.14348 0.22203 0.17723
v 0.14348 0.20522 0.17723
v 0.14348 0.13448 0.17723
v 0.14348 0.11767 0.17723
v 0.14348 0.06533 0.17723
v 0.14348 0.04852 0.17723
v 0.14348 0.00016 0.17723
v 0.14574 0.49504 0.17723
v 0.14574 0.42789 0.17723
v 0.14574 0.35873 0.17723
v 0.14574 0.28278 0.17723
v 0.14574 0.21362 0.17723
v 0.14574 0.12608 0.17723
v 0.14574 0.05692 0.17723
v 0.14574 0.00014 0.17723
v 0.12893 0.58101 0.17958
v 0.12052 0.57876 0.17958
v 0.12052 0.57876 0.17723
v 0.12893 0.58101 0.17723
v 0.12052 0.57876 0.17958
v 0.11437 0.5726 0.17958
v 0.11437 0.5726 0.17723
v 0.12052 0.57876 0.17723
v 0.11212 0.5642 0.17958
v 0.11212 0.5642 0.17723
v 0.11437 0.55579 0.17958
v 0.11437 0.55579 0.17723
v 0.12052 0.54964 0.17958
v 0.12052 0.54964 0.17723
v 0.12052 0.54964 0.17958
v 0.12893 0.54739 0.17958
v 0.12893 0.54739 0.17723
v 0.12052 0.54964 0.17723
v 0.13733 0.54964 0.17958
v 0.13733 0.54964 0.17723
v 0.13733 0.54964 0.17958
v 0.14348 0.55579 0.17958
v 0.14348 0.55579 0.17723
v 0.13733 0.54964 0.17723
v 0.14574 0.5642 0.17958
v 0.14574 0.5642 0.17723
v 0.14348 0.5726 0.17958
v 0.14348 0.5726 0.17723
v 0.13733 0.57876 0.17958
v 0.13733 0.57876 0.17723
v 0.13733 0.57876 0.17958
v 0.13733 0.57876 0.17723
v 0.12893 0.51185 0.17958
v 0.12052 0.5096 0.17958
v 0.12052 0.5096 0.17723
v 0.12893 0.51185 0.17723
v 0.12052 0.5096 0.17958
v 0.11437 0.50345 0.17958
v 0.11437 0.50345 0.17723
v 0.12052 0.5096 0.17723
v 0.11212 0.49504 0.17958
v 0.11212 0.49504 0.17723
v 0.11437 0.48664 0.17958
v 0.11437 0.48664 0.17723
v 0.12052 0.48048 0.17958
v 0.12052 0.48048 0.17723
v 0.12052 0.48048 0.17958
v 0.12893 0.47823 0.17958
v 0.12893 0.47823 0.17723
v 0.12052 0.48048 0.17723
v 0.13733 0.48048 0.17958
v 0.13733 0.48048 0.17723
v 0.13733 0.48048 0.17958
v 0.14348 0.48664 0.17958
v 0.14348 0.48664 0.17723
v 0.13733 0.48048 0.17723
v 0.14574 0.49504 0.17958
v 0.14574 0.49504 0.17723
v 0.14348 0.50345 0.17958
v 0.14348 0.50345 0.17723
v 0.13733 0.5096 0.17958
v 0.13733 0.5096 0.17723
v 0.13733 0.5096 0.17958
v 0.13733 0.5096 0.17723
v 0.12893 0.4447 0.17958
v 0.12052 0.44245 0.17958
v 0.12052 0.44245 0.17723
v 0.12893 0.4447 0.17723
v 0.12052 0.44245 0.17958
v 0.11437 0.43629 0.17958
v 0.11437 0.43629 0.17723
v 0.12052 0.44245 0.17723
v 0.11212 0.42789 0.17958
v 0.11212 0.42789 0.17723
v 0.11437 0.41948 0.17958
v 0.11437 0.41948 0.17723
v 0.12052 0.41333 0.17958
v 0.12052 0.41333 0.17723
v 0.12052 0.41333 0.17958
v 0.12893 0.41108 0.17958
v 0.12893 0.41108 0.17723
v 0.12052 0.41333 0.17723
v 0.13733 0.41333 0.17958
v 0.13733 0.41333 0.17723
v 0.13733 0.41333 0.17958
v 0.14348 0.41948 0.17958
v 0.14348 0.41948 0.17723
v 0.13733 0.41333 0.17723
v 0.14574 0.42789 0.17958
v 0.14574 0.42789 0.17723
v 0.14348 0.43629 0.17958
v 0.14348 0.43629 0.17723
v 0.13733 0.44245 0.17958
v 0.13733 0.44245 0.17723
v 0.13733 0.44245 0.17958
v 0.13733 0.44245 0.17723
v 0.12893 0.37555 0.17958
v 0.12052 0.37329 0.17958
v 0.12052 0.37329 0.17723
v 0.12893 0.37555 0.17723
v 0.12052 0.37329 0.17958
v 0.11437 0.36714 0.17958
v 0.11437 0.36714 0.17723
v 0.12052 0.37329 0.17723
v 0.11212 0.35873 0.17958
v 0.11212 0.35873 0.17723
v 0.11437 0.35033 0.17958
v 0.11437 0.35033 0.17723
v 0.12052 0.34418 0.17958
v 0.12052 0.34418 0.17723
v 0.12052 0.34418 0.17958
v 0.12893 0.34192 0.17958
v 0.12893 0.34192 0.17723
v 0.12052 0.34418 0.17723
v 0.13733 0.34418 0.17958
v 0.13733 0.34418 0.17723
v 0.13733 0.34418 0.17958
v 0.14348 0.35033 0.17958
v 0.14348 0.35033 0.17723
v 0.13733 0.34418 0.17723
v 0.14574 0.35873 0.17958
v 0.14574 0.35873 0.17723
v 0.14348 0.36714 0.17958
v 0.14348 0.36714 0.17723
v 0.13733 0.37329 0.17958
v 0.13733 0.37329 0.17723
v 0.13733 0.37329 0.17958
v 0.13733 0.37329 0.17723
v 0.12893 0.29959 0.17958
v 0.12052 0.29734 0.17958
v 0.12052 0.29734 0.17723
v 0.12893 0.29959 0.17723
v 0.12052 0.29734 0.17958
v 0.11437 0.29118 0.17958
v 0.11437 0.29118 0.17723
v 0.12052 0.29734 0.17723
v 0.11212 0.28278 0.17958
v 0.11212 0.28278 0.17723
v 0.11437 0.27437 0.17958
v 0.11437 0.27437 0.17723
v 0.12052 0.26822 0.17958
v 0.12052 0.26822 0.17723
v 0.12052 0.26822 0.17958
v 0.12893 0.26597 0.17958
v 0.12893 0.26597 0.17723
v 0.12052 0.26822 0.17723
v 0.13733 0.26822 0.17958
v 0.13733 0.26822 0.17723
v 0.13733 0.26822 0.17958
v 0.14348 0.27437 0.17958
v 0.14348 0.27437 0.17723
v 0.13733 0.26822 0.17723
v 0.14574 0.28278 0.17958
v 0.14574 0.28278 0.17723
v 0.14348 0.29118 0.17958
v 0.14348 0.29118 0.17723
v 0.13733 0.29734 0.17958
v 0.13733 0.29734 0.17723
v 0.13733 0.29734 0.17958
v 0.13733 0.29734 0.17723
v 0.12893 0.23043 0.17958
v 0.12052 0.22818 0.17958
v 0.12052 0.22818 0.17723
v 0.12893 0.23043 0.17723
v 0.12052 0.22818 0.17958
v 0.11437 0.22203 0.17958
v 0.11437 0.22203 0.17723
v 0.12052 0.22818 0.17723
v 0.11212 0.21362 0.17958
v 0.11212 0.21362 0.17723
v 0.11437 0.20522 0.17958
v 0.11437 0.20522 0.17723
v 0.12052 0.19906 0.17958
v 0.12052 0.19906 0.17723
v 0.12052 0.19906 0.17958
v 0.12893 0.19681 0.17958
v 0.12893 0.19681 0.17723
v 0.12052 0.19906 0.17723
v 0.13733 0.19906 0.17958
v 0.13733 0.19906 0.17723
v 0.13733 0.19906 0.17958
v 0.14348 0.20522 0.17958
v 0.14348 0.20522 0.17723
v 0.13733 0.19906 0.17723
v 0.14574 0.21362 0.17958
v 0.14574 0.21362 0.17723
v 0.14348 0.22203 0.17958
v 0.14348 0.22203 0.17723
v 0.13733 0.22818 0.17958
v 0.13733 0.22818 0.17723
v 0.13733 0.22818 0.17958
v 0.13733 0.22818 0.17723
v 0.12893 0.14289 0.17958
v 0.12052 0.14064 0.17958
v 0.12052 0.14064 0.17723
v 0.12893 0.14289 0.17723
v 0.12052 0.14064 0.17958
v 0.11437 0.13448 0.17958
v 0.11437 0.13448 0.17723
v 0.12052 0.14064 0.17723
v 0.11212 0.12608 0.17958
v 0.11212 0.12608 0.17723
v 0.11437 0.11767 0.17958
v 0.11437 0.11767 0.17723
v 0.12052 0.11152 0.17958
v 0.12052 0.11152 0.17723
v 0.12052 0.11152 0.17958
v 0.12893 0.10927 0.17958
v 0.12893 0.10927 0.17723
v 0.12052 0.11152 0.17723
v 0.13733 0.11152 0.17958
v 0.13733 0.11152 0.17723
v 0.13733 0.11152 0.17958
v 0.14348 0.11767 0.17958
v 0.14348 0.11767 0.17723
v 0.13733 0.11152 0.17723
v 0.14574 0.12608 0.17958
v 0.14574 0.12608 0.17723
v 0.14348 0.13448 0.17958
v 0.14348 0.13448 0.17723
v 0.13733 0.14064 0.17958
v 0.13733 0.14064 0.17723
v 0.13733 0.14064 0.17958
v 0.13733 0.14064 0.17723
v 0.12893 0.07373 0.17958
v 0.12052 0.07148 0.17958
v 0.12052 0.07148 0.17723
v 0.12893 0.07373 0.17723
v 0.12052 0.07148 0.17958
v 0.11437 0.06533 0.17958
v 0.11437 0.06533 0.17723
v 0.12052 0.07148 0.17723
v 0.11212 0.05692 0.17958
v 0.11212 0.05692 0.17723
v 0.11437 0.04852 0.17958
v 0.11437 0.04852 0.17723
v 0.12052 0.04236 0.17958
v 0.12052 0.04236 0.17723
v 0.12052 0.04236 0.17958
v 0.12893 0.04011 0.17958
v 0.12893 0.04011 0.17723
v 0.12052 0.04236 0.17723
v 0.13733 0.04236 0.17958
v 0.13733 0.04236 0.17723
v 0.13733 0.04236 0.17958
v 0.14348 0.04852 0.17958
v 0.14348 0.04852 0.17723
v 0.13733 0.04236 0.17723
v 0.14574 0.05692 0.17958
v 0.14574 0.05692 0.17723
v 0.14348 0.06533 0.17958
v 0.14348 0.06533 0.17723
v 0.13733 0.07148 0.17958
v 0.13733 0.07148 0.17723
v 0.13733 0.07148 0.17958
v 0.13733 0.07148 0.17723
v 0.10292 1.67946 0.17849
v 0.10292 0.00042 0.17849
v 0.10556 0.00036 0.17958
v 0.10183 1.67946 0.17585
v 0.10183 0.00051 0.17585
v 0.10292 0.00042 0.17849
v 0.10292 1.67946 0.17849
v 0.10183 1.67946 0.16141
v 0.10183 0.001 0.16141
v 0.15452 1.67946 0.17669
v 0.15452 0.00009 0.17669
v 0.15506 1.67946 0.17538
v 0.15506 0.00013 0.17538
v 0.15452 0.00009 0.17669
v 0.15452 1.67946 0.17669
v 0.15506 1.67946 0.16141
v 0.15506 0.0006 0.16141
v 0.15742 1.67946 0.16141
v 0.15742 0.00058 0.16141
v 0.15506 0.0006 0.16141
v 0.15506 1.67946 0.16141
v 0.11437 0.00029 0.17958
v 0.11437 0.04852 0.17958
v 0.12052 0.00025 0.17958
v 0.12052 0.04236 0.17958
v 0.12893 0.00018 0.17958
v 0.12893 0.04011 0.17958
v 0.13733 0.00012 0.17958
v 0.13733 0.04236 0.17958
v 0.14348 0.00008 0.17958
v 0.14348 0.04852 0.17958
v 0.14574 0.00006 0.17958
v 0.15742 0.00058 0.16141
v 0.15742 0.0001 0.17585
v 0.15506 0.00013 0.17538
v 0.15506 0.0006 0.16141
v 0.15632 0.00002 0.17849
v 0.15452 0.00009 0.17669
v 0.15369 0 0.17958
v 0.15322 0.00008 0.17723
v 0.14574 0.00006 0.17958
v 0.14574 0.00014 0.17723
v 0.14574 0.00006 0.17958
v 0.14574 0.00006 0.17958
v 0.14574 0.00014 0.17723
v 0.14574 0.00014 0.17723
v 0.14574 0.00006 0.17958
v 0.14574 0.00006 0.17958
v 0.14574 0.00006 0.17958
v 0.14574 0.00014 0.17723
v 0.14574 0.00014 0.17723
v 0.14574 0.00006 0.17958
v 0.14348 0.00008 0.17958
v 0.14348 0.00016 0.17723
v 0.14574 0.00014 0.17723
v 0.13733 0.00012 0.17958
v 0.13733 0.0002 0.17723
v 0.12893 0.00018 0.17958
v 0.12893 0.00026 0.17723
v 0.12052 0.00025 0.17958
v 0.12052 0.00033 0.17723
v 0.11437 0.00029 0.17958
v 0.11437 0.00037 0.17723
v 0.11212 0.00031 0.17958
v 0.11212 0.00039 0.17723
v 0.11163 0.00032 0.17958
v 0.11101 0.0004 0.17723
v 0.11023 0.00032 0.17958
v 0.10997 0.00041 0.17723
v 0.10941 0.00033 0.17958
v 0.10933 0.00041 0.17723
v 0.10886 0.00034 0.17958
v 0.10889 0.00042 0.17723
v 0.10556 0.00036 0.17958
v 0.10603 0.00044 0.17723
v 0.10292 0.00042 0.17849
v 0.10472 0.00046 0.17669
v 0.10183 0.00051 0.17585
v 0.10418 0.00051 0.17539
v 0.10183 0.001 0.16141
v 0.10418 0.00098 0.16141
v 0.11212 0.71888 -0.15976
v 0.11212 0.78603 -0.15976
v 0.11212 0.85519 -0.15976
v 0.11212 0.93115 -0.15976
v 0.11212 1.0003 -0.15976
v 0.11212 1.08784 -0.15976
v 0.11212 1.157 -0.15976
v 0.11212 1.23296 -0.15976
v 0.11212 1.30211 -0.15976
v 0.11212 1.38179 -0.15976
v 0.11212 1.45094 -0.15976
v 0.11437 1.44254 -0.15976
v 0.11437 1.39019 -0.15976
v 0.11437 1.37338 -0.15976
v 0.11437 1.31052 -0.15976
v 0.11437 1.29371 -0.15976
v 0.11437 1.24136 -0.15976
v 0.11437 1.22455 -0.15976
v 0.11437 1.16541 -0.15976
v 0.11437 1.1486 -0.15976
v 0.11437 1.09625 -0.15976
v 0.11437 1.07944 -0.15976
v 0.11437 1.00871 -0.15976
v 0.11437 0.99189 -0.15976
v 0.11437 0.93955 -0.15976
v 0.11437 0.92274 -0.15976
v 0.11437 0.86359 -0.15976
v 0.11437 0.84678 -0.15976
v 0.11437 0.79444 -0.15976
v 0.11437 0.77763 -0.15976
v 0.11437 0.72728 -0.15976
v 0.11437 0.71047 -0.15976
v 0.11212 0.64972 -0.15976
v 0.11437 0.65813 -0.15976
v 0.11437 0.64132 -0.15976
v 0.11212 0.5642 -0.15976
v 0.11437 0.5726 -0.15976
v 0.12052 1.43638 -0.15976
v 0.12052 1.39634 -0.15976
v 0.12052 1.36723 -0.15976
v 0.12052 1.31667 -0.15976
v 0.12052 1.28755 -0.15976
v 0.12052 1.24752 -0.15976
v 0.12052 1.2184 -0.15976
v 0.12052 1.17156 -0.15976
v 0.12052 1.14244 -0.15976
v 0.12052 1.1024 -0.15976
v 0.12052 1.07329 -0.15976
v 0.12052 1.01486 -0.15976
v 0.12052 0.98574 -0.15976
v 0.12052 0.9457 -0.15976
v 0.12052 0.91659 -0.15976
v 0.12052 0.86975 -0.15976
v 0.12052 0.84063 -0.15976
v 0.12052 0.80059 -0.15976
v 0.12052 0.77147 -0.15976
v 0.12052 0.73344 -0.15976
v 0.12052 0.70432 -0.15976
v 0.12052 0.66428 -0.15976
v 0.12052 1.51234 -0.15976
v 0.12052 1.4655 -0.15976
v 0.12052 1.5815 -0.15976
v 0.12052 1.54146 -0.15976
v 0.12052 0.63516 -0.15976
v 0.12052 0.57876 -0.15976
v 0.12893 1.57924 -0.15976
v 0.12893 1.54371 -0.15976
v 0.12893 1.51009 -0.15976
v 0.12893 1.46775 -0.15976
v 0.12893 1.43413 -0.15976
v 0.12893 1.3986 -0.15976
v 0.12893 1.36498 -0.15976
v 0.12893 1.31892 -0.15976
v 0.12893 1.2853 -0.15976
v 0.12893 1.24977 -0.15976
v 0.12893 1.21615 -0.15976
v 0.12893 1.17381 -0.15976
v 0.12893 1.14019 -0.15976
v 0.12893 1.10466 -0.15976
v 0.12893 1.07103 -0.15976
v 0.12893 1.01711 -0.15976
v 0.12893 0.98349 -0.15976
v 0.12893 0.94796 -0.15976
v 0.12893 0.91433 -0.15976
v 0.12893 0.872 -0.15976
v 0.12893 0.83838 -0.15976
v 0.12893 0.80284 -0.15976
v 0.12893 0.76922 -0.15976
v 0.12893 0.73569 -0.15976
v 0.12893 0.70207 -0.15976
v 0.12893 0.66653 -0.15976
v 0.12893 0.63291 -0.15976
v 0.12893 0.58101 -0.15976
v 0.13733 0.63516 -0.15976
v 0.13733 0.57876 -0.15976
v 0.13733 1.5815 -0.15976
v 0.13733 1.54146 -0.15976
v 0.13733 1.51234 -0.15976
v 0.13733 1.4655 -0.15976
v 0.13733 1.43638 -0.15976
v 0.13733 1.39634 -0.15976
v 0.13733 1.36723 -0.15976
v 0.13733 1.31667 -0.15976
v 0.13733 1.28755 -0.15976
v 0.13733 1.24752 -0.15976
v 0.13733 1.2184 -0.15976
v 0.13733 1.17156 -0.15976
v 0.13733 1.14244 -0.15976
v 0.13733 1.1024 -0.15976
v 0.13733 1.07329 -0.15976
v 0.13733 1.01486 -0.15976
v 0.13733 0.98574 -0.15976
v 0.13733 0.9457 -0.15976
v 0.13733 0.91659 -0.15976
v 0.13733 0.86975 -0.15976
v 0.13733 0.84063 -0.15976
v 0.13733 0.80059 -0.15976
v 0.13733 0.77147 -0.15976
v 0.13733 0.73344 -0.15976
v 0.13733 0.70432 -0.15976
v 0.13733 0.66428 -0.15976
v 0.14348 0.64132 -0.15976
v 0.14348 0.5726 -0.15976
v 0.14348 1.58765 -0.15976
v 0.14348 1.5353 -0.15976
v 0.14348 1.51849 -0.15976
v 0.14348 1.45935 -0.15976
v 0.14348 1.44254 -0.15976
v 0.14348 1.39019 -0.15976
v 0.14348 1.37338 -0.15976
v 0.14348 1.31052 -0.15976
v 0.14348 1.29371 -0.15976
v 0.14348 1.24136 -0.15976
v 0.14348 1.22455 -0.15976
v 0.14348 1.16541 -0.15976
v 0.14348 1.1486 -0.15976
v 0.14348 1.09625 -0.15976
v 0.14348 1.07944 -0.15976
v 0.14348 1.00871 -0.15976
v 0.14348 0.99189 -0.15976
v 0.14348 0.93955 -0.15976
v 0.14348 0.92274 -0.15976
v 0.14348 0.86359 -0.15976
v 0.14348 0.84678 -0.15976
v 0.14348 0.79444 -0.15976
v 0.14348 0.71047 -0.15976
v 0.14348 0.65813 -0.15976
v 0.14574 0.64972 -0.15976
v 0.14574 0.5642 -0.15976
v 0.14574 1.5269 -0.15976
v 0.14574 1.45094 -0.15976
v 0.14574 1.38179 -0.15976
v 0.14574 1.30211 -0.15976
v 0.14574 1.23296 -0.15976
v 0.14574 1.157 -0.15976
v 0.14574 1.08784 -0.15976
v 0.14574 1.0003 -0.15976
v 0.14574 0.93115 -0.15976
v 0.14574 0.85519 -0.15976
v 0.14574 0.78603 -0.15976
v 0.15632 1.70251 -0.16085
v 0.15369 0 -0.15976
v 0.15632 0.00002 -0.16085
v 0.15742 1.70251 -0.16349
v 0.15632 1.70251 -0.16085
v 0.15632 0.00002 -0.16085
v 0.15742 0.0001 -0.16349
v 0.15742 1.70251 -0.17794
v 0.15742 0.00058 -0.17794
v 0.11212 0.64972 -0.16212
v 0.11437 0.64132 -0.16212
v 0.11437 0.5726 -0.16212
v 0.11212 0.5642 -0.16212
v 0.11212 0.71888 -0.16212
v 0.11212 0.78603 -0.16212
v 0.11437 0.65813 -0.16212
v 0.11437 0.71047 -0.16212
v 0.11437 0.72728 -0.16212
v 0.11437 0.77763 -0.16212
v 0.11212 0.85519 -0.16212
v 0.11212 0.93115 -0.16212
v 0.11437 0.79444 -0.16212
v 0.11437 0.84678 -0.16212
v 0.11437 0.86359 -0.16212
v 0.11437 0.92274 -0.16212
v 0.11212 1.0003 -0.16212
v 0.11212 1.08784 -0.16212
v 0.11437 0.93955 -0.16212
v 0.11437 0.99189 -0.16212
v 0.11437 1.00871 -0.16212
v 0.11437 1.07944 -0.16212
v 0.11212 1.157 -0.16212
v 0.11212 1.23296 -0.16212
v 0.11437 1.09625 -0.16212
v 0.11437 1.1486 -0.16212
v 0.11437 1.16541 -0.16212
v 0.11437 1.22455 -0.16212
v 0.11212 1.30211 -0.16212
v 0.11437 1.24136 -0.16212
v 0.11437 1.29371 -0.16212
v 0.11437 1.31052 -0.16212
v 0.11437 1.37338 -0.16212
v 0.11437 1.39019 -0.16212
v 0.11437 1.44254 -0.16212
v 0.11437 1.45935 -0.16212
v 0.11212 1.5269 -0.16212
v 0.12052 0.66428 -0.16212
v 0.12052 0.70432 -0.16212
v 0.12052 0.73344 -0.16212
v 0.12052 0.77147 -0.16212
v 0.12052 0.80059 -0.16212
v 0.12052 0.84063 -0.16212
v 0.12052 0.86975 -0.16212
v 0.12052 0.91659 -0.16212
v 0.12052 0.9457 -0.16212
v 0.12052 0.98574 -0.16212
v 0.12052 1.01486 -0.16212
v 0.12052 1.07329 -0.16212
v 0.12052 1.1024 -0.16212
v 0.12052 1.14244 -0.16212
v 0.12052 1.17156 -0.16212
v 0.12052 1.2184 -0.16212
v 0.12052 1.24752 -0.16212
v 0.12052 1.28755 -0.16212
v 0.12052 1.31667 -0.16212
v 0.12052 1.36723 -0.16212
v 0.12052 1.39634 -0.16212
v 0.12052 1.43638 -0.16212
v 0.11437 1.5353 -0.16212
v 0.12052 0.63516 -0.16212
v 0.12052 0.57876 -0.16212
v 0.12893 0.66653 -0.16212
v 0.12893 0.70207 -0.16212
v 0.12893 0.73569 -0.16212
v 0.12893 0.76922 -0.16212
v 0.12893 0.80284 -0.16212
v 0.12893 0.83838 -0.16212
v 0.12893 0.872 -0.16212
v 0.12893 0.91433 -0.16212
v 0.12893 0.94796 -0.16212
v 0.12893 0.98349 -0.16212
v 0.12893 1.01711 -0.16212
v 0.12893 1.07103 -0.16212
v 0.12893 1.10466 -0.16212
v 0.12893 1.14019 -0.16212
v 0.12893 1.17381 -0.16212
v 0.12893 1.21615 -0.16212
v 0.12893 1.24977 -0.16212
v 0.12893 1.2853 -0.16212
v 0.12893 1.31892 -0.16212
v 0.12893 1.36498 -0.16212
v 0.12893 1.3986 -0.16212
v 0.12893 1.43413 -0.16212
v 0.12893 1.46775 -0.16212
v 0.12893 1.51009 -0.16212
v 0.12893 1.54371 -0.16212
v 0.12893 1.57924 -0.16212
v 0.12893 0.63291 -0.16212
v 0.13733 0.63516 -0.16212
v 0.13733 0.57876 -0.16212
v 0.12893 0.58101 -0.16212
v 0.13733 0.66428 -0.16212
v 0.13733 0.70432 -0.16212
v 0.13733 0.73344 -0.16212
v 0.13733 0.77147 -0.16212
v 0.13733 0.80059 -0.16212
v 0.13733 0.84063 -0.16212
v 0.13733 0.86975 -0.16212
v 0.13733 0.91659 -0.16212
v 0.13733 0.9457 -0.16212
v 0.13733 0.98574 -0.16212
v 0.13733 1.01486 -0.16212
v 0.13733 1.07329 -0.16212
v 0.13733 1.1024 -0.16212
v 0.13733 1.14244 -0.16212
v 0.13733 1.17156 -0.16212
v 0.13733 1.2184 -0.16212
v 0.13733 1.24752 -0.16212
v 0.13733 1.28755 -0.16212
v 0.13733 1.31667 -0.16212
v 0.13733 1.36723 -0.16212
v 0.13733 1.39634 -0.16212
v 0.13733 1.43638 -0.16212
v 0.13733 1.4655 -0.16212
v 0.13733 1.51234 -0.16212
v 0.13733 1.54146 -0.16212
v 0.13733 1.5815 -0.16212
v 0.14348 0.64132 -0.16212
v 0.14348 0.5726 -0.16212
v 0.14348 0.65813 -0.16212
v 0.14348 0.71047 -0.16212
v 0.14348 0.72728 -0.16212
v 0.14348 0.77763 -0.16212
v 0.14348 0.79444 -0.16212
v 0.14348 0.84678 -0.16212
v 0.14348 0.86359 -0.16212
v 0.14348 0.92274 -0.16212
v 0.14348 0.93955 -0.16212
v 0.14348 0.99189 -0.16212
v 0.14348 1.00871 -0.16212
v 0.14348 1.07944 -0.16212
v 0.14348 1.09625 -0.16212
v 0.14348 1.1486 -0.16212
v 0.14348 1.16541 -0.16212
v 0.14348 1.22455 -0.16212
v 0.14348 1.24136 -0.16212
v 0.14348 1.29371 -0.16212
v 0.14348 1.31052 -0.16212
v 0.14348 1.37338 -0.16212
v 0.14348 1.39019 -0.16212
v 0.14348 1.44254 -0.16212
v 0.14348 1.45935 -0.16212
v 0.14348 1.51849 -0.16212
v 0.14348 1.5353 -0.16212
v 0.14348 1.58765 -0.16212
v 0.15322 0.00008 -0.16212
v 0.14574 0.00014 -0.16212
v 0.14574 0.64972 -0.16212
v 0.14574 0.5642 -0.16212
v 0.14574 0.71888 -0.16212
v 0.14574 0.78603 -0.16212
v 0.14574 0.85519 -0.16212
v 0.14574 0.93115 -0.16212
v 0.14574 1.0003 -0.16212
v 0.14574 1.08784 -0.16212
v 0.14574 1.157 -0.16212
v 0.14574 1.23296 -0.16212
v 0.14574 1.30211 -0.16212
v 0.14574 1.38179 -0.16212
v 0.14574 1.45094 -0.16212
v 0.14574 1.5269 -0.16212
v 0.10472 1.70251 -0.16266
v 0.10603 0.00044 -0.16212
v 0.10472 0.00046 -0.16266
v 0.10418 1.70251 -0.16396
v 0.10472 1.70251 -0.16266
v 0.10472 0.00046 -0.16266
v 0.10418 0.00051 -0.16396
v 0.10418 1.70251 -0.17794
v 0.10418 0.00098 -0.17794
v 0.15369 1.70251 -0.15976
v 0.15322 1.70251 -0.16212
v 0.10603 1.70251 -0.16212
v 0.10556 1.70251 -0.15976
v 0.12893 0.63291 -0.15976
v 0.12893 0.63291 -0.16212
v 0.12052 0.63516 -0.16212
v 0.12052 0.63516 -0.15976
v 0.12052 0.63516 -0.15976
v 0.12052 0.63516 -0.16212
v 0.11437 0.64132 -0.16212
v 0.11437 0.64132 -0.15976
v 0.11212 0.64972 -0.16212
v 0.11212 0.64972 -0.15976
v 0.11437 0.65813 -0.16212
v 0.11437 0.65813 -0.15976
v 0.12052 0.66428 -0.16212
v 0.12052 0.66428 -0.15976
v 0.12052 0.66428 -0.15976
v 0.12052 0.66428 -0.16212
v 0.12893 0.66653 -0.16212
v 0.12893 0.66653 -0.15976
v 0.13733 0.66428 -0.16212
v 0.13733 0.66428 -0.15976
v 0.13733 0.66428 -0.15976
v 0.13733 0.66428 -0.16212
v 0.14348 0.65813 -0.16212
v 0.14348 0.65813 -0.15976
v 0.14574 0.64972 -0.16212
v 0.14574 0.64972 -0.15976
v 0.14348 0.64132 -0.16212
v 0.14348 0.64132 -0.15976
v 0.13733 0.63516 -0.16212
v 0.13733 0.63516 -0.15976
v 0.13733 0.63516 -0.15976
v 0.13733 0.63516 -0.16212
v 0.12893 0.70207 -0.15976
v 0.12893 0.70207 -0.16212
v 0.12052 0.70432 -0.16212
v 0.12052 0.70432 -0.15976
v 0.12052 0.70432 -0.15976
v 0.12052 0.70432 -0.16212
v 0.11437 0.71047 -0.16212
v 0.11437 0.71047 -0.15976
v 0.11212 0.71888 -0.16212
v 0.11212 0.71888 -0.15976
v 0.11437 0.72728 -0.16212
v 0.11437 0.72728 -0.15976
v 0.12052 0.73344 -0.16212
v 0.12052 0.73344 -0.15976
v 0.12052 0.73344 -0.15976
v 0.12052 0.73344 -0.16212
v 0.12893 0.73569 -0.16212
v 0.12893 0.73569 -0.15976
v 0.13733 0.73344 -0.16212
v 0.13733 0.73344 -0.15976
v 0.13733 0.73344 -0.15976
v 0.13733 0.73344 -0.16212
v 0.14348 0.72728 -0.16212
v 0.14348 0.72728 -0.15976
v 0.14574 0.71888 -0.16212
v 0.14574 0.71888 -0.15976
v 0.14348 0.71047 -0.16212
v 0.14348 0.71047 -0.15976
v 0.13733 0.70432 -0.16212
v 0.13733 0.70432 -0.15976
v 0.13733 0.70432 -0.15976
v 0.13733 0.70432 -0.16212
v 0.12893 0.76922 -0.15976
v 0.12893 0.76922 -0.16212
v 0.12052 0.77147 -0.16212
v 0.12052 0.77147 -0.15976
v 0.12052 0.77147 -0.15976
v 0.12052 0.77147 -0.16212
v 0.11437 0.77763 -0.16212
v 0.11437 0.77763 -0.15976
v 0.11212 0.78603 -0.16212
v 0.11212 0.78603 -0.15976
v 0.11437 0.79444 -0.16212
v 0.11437 0.79444 -0.15976
v 0.12052 0.80059 -0.16212
v 0.12052 0.80059 -0.15976
v 0.12052 0.80059 -0.15976
v 0.12052 0.80059 -0.16212
v 0.12893 0.80284 -0.16212
v 0.12893 0.80284 -0.15976
v 0.13733 0.80059 -0.16212
v 0.13733 0.80059 -0.15976
v 0.13733 0.80059 -0.15976
v 0.13733 0.80059 -0.16212
v 0.14348 0.79444 -0.16212
v 0.14348 0.79444 -0.15976
v 0.14574 0.78603 -0.16212
v 0.14574 0.78603 -0.15976
v 0.14348 0.77763 -0.16212
v 0.14348 0.77763 -0.15976
v 0.13733 0.77147 -0.16212
v 0.13733 0.77147 -0.15976
v 0.13733 0.77147 -0.15976
v 0.13733 0.77147 -0.16212
v 0.12893 0.83838 -0.15976
v 0.12893 0.83838 -0.16212
v 0.12052 0.84063 -0.16212
v 0.12052 0.84063 -0.15976
v 0.12052 0.84063 -0.15976
v 0.12052 0.84063 -0.16212
v 0.11437 0.84678 -0.16212
v 0.11437 0.84678 -0.15976
v 0.11212 0.85519 -0.16212
v 0.11212 0.85519 -0.15976
v 0.11437 0.86359 -0.16212
v 0.11437 0.86359 -0.15976
v 0.12052 0.86975 -0.16212
v 0.12052 0.86975 -0.15976
v 0.12052 0.86975 -0.15976
v 0.12052 0.86975 -0.16212
v 0.12893 0.872 -0.16212
v 0.12893 0.872 -0.15976
v 0.13733 0.86975 -0.16212
v 0.13733 0.86975 -0.15976
v 0.13733 0.86975 -0.15976
v 0.13733 0.86975 -0.16212
v 0.14348 0.86359 -0.16212
v 0.14348 0.86359 -0.15976
v 0.14574 0.85519 -0.16212
v 0.14574 0.85519 -0.15976
v 0.14348 0.84678 -0.16212
v 0.14348 0.84678 -0.15976
v 0.13733 0.84063 -0.16212
v 0.13733 0.84063 -0.15976
v 0.13733 0.84063 -0.15976
v 0.13733 0.84063 -0.16212
v 0.12893 0.91433 -0.15976
v 0.12893 0.91433 -0.16212
v 0.12052 0.91659 -0.16212
v 0.12052 0.91659 -0.15976
v 0.12052 0.91659 -0.15976
v 0.12052 0.91659 -0.16212
v 0.11437 0.92274 -0.16212
v 0.11437 0.92274 -0.15976
v 0.11212 0.93115 -0.16212
v 0.11212 0.93115 -0.15976
v 0.11437 0.93955 -0.16212
v 0.11437 0.93955 -0.15976
v 0.12052 0.9457 -0.16212
v 0.12052 0.9457 -0.15976
v 0.12052 0.9457 -0.15976
v 0.12052 0.9457 -0.16212
v 0.12893 0.94796 -0.16212
v 0.12893 0.94796 -0.15976
v 0.13733 0.9457 -0.16212
v 0.13733 0.9457 -0.15976
v 0.13733 0.9457 -0.15976
v 0.13733 0.9457 -0.16212
v 0.14348 0.93955 -0.16212
v 0.14348 0.93955 -0.15976
v 0.14574 0.93115 -0.16212
v 0.14574 0.93115 -0.15976
v 0.14348 0.92274 -0.16212
v 0.14348 0.92274 -0.15976
v 0.13733 0.91659 -0.16212
v 0.13733 0.91659 -0.15976
v 0.13733 0.91659 -0.15976
v 0.13733 0.91659 -0.16212
v 0.12893 0.98349 -0.15976
v 0.12893 0.98349 -0.16212
v 0.12052 0.98574 -0.16212
v 0.12052 0.98574 -0.15976
v 0.12052 0.98574 -0.15976
v 0.12052 0.98574 -0.16212
v 0.11437 0.99189 -0.16212
v 0.11437 0.99189 -0.15976
v 0.11212 1.0003 -0.16212
v 0.11212 1.0003 -0.15976
v 0.11437 1.00871 -0.16212
v 0.11437 1.00871 -0.15976
v 0.12052 1.01486 -0.16212
v 0.12052 1.01486 -0.15976
v 0.12052 1.01486 -0.15976
v 0.12052 1.01486 -0.16212
v 0.12893 1.01711 -0.16212
v 0.12893 1.01711 -0.15976
v 0.13733 1.01486 -0.16212
v 0.13733 1.01486 -0.15976
v 0.13733 1.01486 -0.15976
v 0.13733 1.01486 -0.16212
v 0.14348 1.00871 -0.16212
v 0.14348 1.00871 -0.15976
v 0.14574 1.0003 -0.16212
v 0.14574 1.0003 -0.15976
v 0.14348 0.99189 -0.16212
v 0.14348 0.99189 -0.15976
v 0.13733 0.98574 -0.16212
v 0.13733 0.98574 -0.15976
v 0.13733 0.98574 -0.15976
v 0.13733 0.98574 -0.16212
v 0.12893 1.07103 -0.15976
v 0.12893 1.07103 -0.16212
v 0.12052 1.07329 -0.16212
v 0.12052 1.07329 -0.15976
v 0.12052 1.07329 -0.15976
v 0.12052 1.07329 -0.16212
v 0.11437 1.07944 -0.16212
v 0.11437 1.07944 -0.15976
v 0.11212 1.08784 -0.16212
v 0.11212 1.08784 -0.15976
v 0.11437 1.09625 -0.16212
v 0.11437 1.09625 -0.15976
v 0.12052 1.1024 -0.16212
v 0.12052 1.1024 -0.15976
v 0.12052 1.1024 -0.15976
v 0.12052 1.1024 -0.16212
v 0.12893 1.10466 -0.16212
v 0.12893 1.10466 -0.15976
v 0.13733 1.1024 -0.16212
v 0.13733 1.1024 -0.15976
v 0.13733 1.1024 -0.15976
v 0.13733 1.1024 -0.16212
v 0.14348 1.09625 -0.16212
v 0.14348 1.09625 -0.15976
v 0.14574 1.08784 -0.16212
v 0.14574 1.08784 -0.15976
v 0.14348 1.07944 -0.16212
v 0.14348 1.07944 -0.15976
v 0.13733 1.07329 -0.16212
v 0.13733 1.07329 -0.15976
v 0.13733 1.07329 -0.15976
v 0.13733 1.07329 -0.16212
v 0.12893 1.14019 -0.15976
v 0.12893 1.14019 -0.16212
v 0.12052 1.14244 -0.16212
v 0.12052 1.14244 -0.15976
v 0.12052 1.14244 -0.15976
v 0.12052 1.14244 -0.16212
v 0.11437 1.1486 -0.16212
v 0.11437 1.1486 -0.15976
v 0.11212 1.157 -0.16212
v 0.11212 1.157 -0.15976
v 0.11437 1.16541 -0.16212
v 0.11437 1.16541 -0.15976
v 0.12052 1.17156 -0.16212
v 0.12052 1.17156 -0.15976
v 0.12052 1.17156 -0.15976
v 0.12052 1.17156 -0.16212
v 0.12893 1.17381 -0.16212
v 0.12893 1.17381 -0.15976
v 0.13733 1.17156 -0.16212
v 0.13733 1.17156 -0.15976
v 0.13733 1.17156 -0.15976
v 0.13733 1.17156 -0.16212
v 0.14348 1.16541 -0.16212
v 0.14348 1.16541 -0.15976
v 0.14574 1.157 -0.16212
v 0.14574 1.157 -0.15976
v 0.14348 1.1486 -0.16212
v 0.14348 1.1486 -0.15976
v 0.13733 1.14244 -0.16212
v 0.13733 1.14244 -0.15976
v 0.13733 1.14244 -0.15976
v 0.13733 1.14244 -0.16212
v 0.12893 1.21615 -0.15976
v 0.12893 1.21615 -0.16212
v 0.12052 1.2184 -0.16212
v 0.12052 1.2184 -0.15976
v 0.12052 1.2184 -0.15976
v 0.12052 1.2184 -0.16212
v 0.11437 1.22455 -0.16212
v 0.11437 1.22455 -0.15976
v 0.11212 1.23296 -0.16212
v 0.11212 1.23296 -0.15976
v 0.11437 1.24136 -0.16212
v 0.11437 1.24136 -0.15976
v 0.12052 1.24752 -0.16212
v 0.12052 1.24752 -0.15976
v 0.12052 1.24752 -0.15976
v 0.12052 1.24752 -0.16212
v 0.12893 1.24977 -0.16212
v 0.12893 1.24977 -0.15976
v 0.13733 1.24752 -0.16212
v 0.13733 1.24752 -0.15976
v 0.13733 1.24752 -0.15976
v 0.13733 1.24752 -0.16212
v 0.14348 1.24136 -0.16212
v 0.14348 1.24136 -0.15976
v 0.14574 1.23296 -0.16212
v 0.14574 1.23296 -0.15976
v 0.14348 1.22455 -0.16212
v 0.14348 1.22455 -0.15976
v 0.13733 1.2184 -0.16212
v 0.13733 1.2184 -0.15976
v 0.13733 1.2184 -0.15976
v 0.13733 1.2184 -0.16212
v 0.12893 1.2853 -0.15976
v 0.12893 1.2853 -0.16212
v 0.12052 1.28755 -0.16212
v 0.12052 1.28755 -0.15976
v 0.12052 1.28755 -0.15976
v 0.12052 1.28755 -0.16212
v 0.11437 1.29371 -0.16212
v 0.11437 1.29371 -0.15976
v 0.11212 1.30211 -0.16212
v 0.11212 1.30211 -0.15976
v 0.11437 1.31052 -0.16212
v 0.11437 1.31052 -0.15976
v 0.12052 1.31667 -0.16212
v 0.12052 1.31667 -0.15976
v 0.12052 1.31667 -0.15976
v 0.12052 1.31667 -0.16212
v 0.12893 1.31892 -0.16212
v 0.12893 1.31892 -0.15976
v 0.13733 1.31667 -0.16212
v 0.13733 1.31667 -0.15976
v 0.13733 1.31667 -0.15976
v 0.13733 1.31667 -0.16212
v 0.14348 1.31052 -0.16212
v 0.14348 1.31052 -0.15976
v 0.14574 1.30211 -0.16212
v 0.14574 1.30211 -0.15976
v 0.14348 1.29371 -0.16212
v 0.14348 1.29371 -0.15976
v 0.13733 1.28755 -0.16212
v 0.13733 1.28755 -0.15976
v 0.13733 1.28755 -0.15976
v 0.13733 1.28755 -0.16212
v 0.12893 1.36498 -0.15976
v 0.12893 1.36498 -0.16212
v 0.12052 1.36723 -0.16212
v 0.12052 1.36723 -0.15976
v 0.12052 1.36723 -0.15976
v 0.12052 1.36723 -0.16212
v 0.11437 1.37338 -0.16212
v 0.11437 1.37338 -0.15976
v 0.11212 1.38179 -0.16212
v 0.11212 1.38179 -0.15976
v 0.11437 1.39019 -0.16212
v 0.11437 1.39019 -0.15976
v 0.12052 1.39634 -0.16212
v 0.12052 1.39634 -0.15976
v 0.12052 1.39634 -0.15976
v 0.12052 1.39634 -0.16212
v 0.12893 1.3986 -0.16212
v 0.12893 1.3986 -0.15976
v 0.13733 1.39634 -0.16212
v 0.13733 1.39634 -0.15976
v 0.13733 1.39634 -0.15976
v 0.13733 1.39634 -0.16212
v 0.14348 1.39019 -0.16212
v 0.14348 1.39019 -0.15976
v 0.14574 1.38179 -0.16212
v 0.14574 1.38179 -0.15976
v 0.14348 1.37338 -0.16212
v 0.14348 1.37338 -0.15976
v 0.13733 1.36723 -0.16212
v 0.13733 1.36723 -0.15976
v 0.13733 1.36723 -0.15976
v 0.13733 1.36723 -0.16212
v 0.12893 1.43413 -0.15976
v 0.12893 1.43413 -0.16212
v 0.12052 1.43638 -0.16212
v 0.12052 1.43638 -0.15976
v 0.12052 1.43638 -0.15976
v 0.12052 1.43638 -0.16212
v 0.11437 1.44254 -0.16212
v 0.11437 1.44254 -0.15976
v 0.11212 1.45094 -0.16212
v 0.11212 1.45094 -0.15976
v 0.11437 1.45935 -0.16212
v 0.11437 1.45935 -0.15976
v 0.12052 1.4655 -0.16212
v 0.12052 1.4655 -0.15976
v 0.12052 1.4655 -0.15976
v 0.12052 1.4655 -0.16212
v 0.12893 1.46775 -0.16212
v 0.12893 1.46775 -0.15976
v 0.13733 1.4655 -0.16212
v 0.13733 1.4655 -0.15976
v 0.13733 1.4655 -0.15976
v 0.13733 1.4655 -0.16212
v 0.14348 1.45935 -0.16212
v 0.14348 1.45935 -0.15976
v 0.14574 1.45094 -0.16212
v 0.14574 1.45094 -0.15976
v 0.14348 1.44254 -0.16212
v 0.14348 1.44254 -0.15976
v 0.13733 1.43638 -0.16212
v 0.13733 1.43638 -0.15976
v 0.13733 1.43638 -0.15976
v 0.13733 1.43638 -0.16212
v 0.12893 1.51009 -0.15976
v 0.12893 1.51009 -0.16212
v 0.12052 1.51234 -0.16212
v 0.12052 1.51234 -0.15976
v 0.12052 1.51234 -0.15976
v 0.12052 1.51234 -0.16212
v 0.11437 1.51849 -0.16212
v 0.11437 1.51849 -0.15976
v 0.11212 1.5269 -0.16212
v 0.11212 1.5269 -0.15976
v 0.11437 1.5353 -0.16212
v 0.11437 1.5353 -0.15976
v 0.12052 1.54146 -0.16212
v 0.12052 1.54146 -0.15976
v 0.12052 1.54146 -0.15976
v 0.12052 1.54146 -0.16212
v 0.12893 1.54371 -0.16212
v 0.12893 1.54371 -0.15976
v 0.13733 1.54146 -0.16212
v 0.13733 1.54146 -0.15976
v 0.13733 1.54146 -0.15976
v 0.13733 1.54146 -0.16212
v 0.14348 1.5353 -0.16212
v 0.14348 1.5353 -0.15976
v 0.14574 1.5269 -0.16212
v 0.14574 1.5269 -0.15976
v 0.14348 1.51849 -0.16212
v 0.14348 1.51849 -0.15976
v 0.13733 1.51234 -0.16212
v 0.13733 1.51234 -0.15976
v 0.13733 1.51234 -0.15976
v 0.13733 1.51234 -0.16212
v 0.12893 1.57924 -0.15976
v 0.12893 1.57924 -0.16212
v 0.12052 1.5815 -0.16212
v 0.12052 1.5815 -0.15976
v 0.12052 1.5815 -0.15976
v 0.12052 1.5815 -0.16212
v 0.11437 1.58765 -0.16212
v 0.11437 1.58765 -0.15976
v 0.11212 1.59606 -0.16212
v 0.11212 1.59606 -0.15976
v 0.11437 1.60446 -0.16212
v 0.11437 1.60446 -0.15976
v 0.12052 1.61061 -0.16212
v 0.12052 1.61061 -0.15976
v 0.12052 1.61061 -0.15976
v 0.12052 1.61061 -0.16212
v 0.12893 1.61287 -0.16212
v 0.12893 1.61287 -0.15976
v 0.13733 1.61061 -0.16212
v 0.13733 1.61061 -0.15976
v 0.13733 1.61061 -0.15976
v 0.13733 1.61061 -0.16212
v 0.14348 1.60446 -0.16212
v 0.14348 1.60446 -0.15976
v 0.14574 1.59606 -0.16212
v 0.14574 1.59606 -0.15976
v 0.14348 1.58765 -0.16212
v 0.14348 1.58765 -0.15976
v 0.13733 1.5815 -0.16212
v 0.13733 1.5815 -0.15976
v 0.13733 1.5815 -0.15976
v 0.13733 1.5815 -0.16212
v 0.10472 1.70251 -0.16266
v 0.10292 1.70251 -0.16085
v 0.15452 1.70251 -0.16266
v 0.15632 1.70251 -0.16085
v 0.10418 1.70251 -0.16396
v 0.10183 1.70251 -0.16349
v 0.15742 1.70251 -0.16349
v 0.15506 1.70251 -0.16396
v 0.10418 1.70251 -0.17794
v 0.10183 1.70251 -0.17794
v 0.10183 1.70251 -0.17794
v 0.10418 1.70251 -0.17794
v 0.10418 0.00098 -0.17794
v 0.10183 0.001 -0.17794
v 0.15742 1.70251 -0.17794
v 0.15506 1.70251 -0.17794
v 0.11437 0.06533 -0.15976
v 0.11437 0.11767 -0.15976
v 0.11212 0.12608 -0.15976
v 0.11437 0.13448 -0.15976
v 0.11437 0.20522 -0.15976
v 0.11212 0.21362 -0.15976
v 0.11437 0.22203 -0.15976
v 0.11437 0.27437 -0.15976
v 0.11212 0.28278 -0.15976
v 0.11437 0.29118 -0.15976
v 0.11437 0.35033 -0.15976
v 0.11212 0.35873 -0.15976
v 0.11437 0.36714 -0.15976
v 0.11437 0.41948 -0.15976
v 0.11212 0.42789 -0.15976
v 0.11437 0.43629 -0.15976
v 0.11437 0.48664 -0.15976
v 0.11212 0.49504 -0.15976
v 0.11437 0.50345 -0.15976
v 0.11437 0.55579 -0.15976
v 0.12052 0.07148 -0.15976
v 0.12052 0.11152 -0.15976
v 0.12052 0.14064 -0.15976
v 0.12052 0.19906 -0.15976
v 0.12052 0.22818 -0.15976
v 0.12052 0.26822 -0.15976
v 0.12052 0.29734 -0.15976
v 0.12052 0.34418 -0.15976
v 0.12052 0.37329 -0.15976
v 0.12052 0.41333 -0.15976
v 0.12052 0.44245 -0.15976
v 0.12052 0.48048 -0.15976
v 0.12052 0.5096 -0.15976
v 0.12052 0.54964 -0.15976
v 0.12893 0.07373 -0.15976
v 0.12893 0.10927 -0.15976
v 0.12893 0.14289 -0.15976
v 0.12893 0.19681 -0.15976
v 0.12893 0.23043 -0.15976
v 0.12893 0.26597 -0.15976
v 0.12893 0.29959 -0.15976
v 0.12893 0.34192 -0.15976
v 0.12893 0.37555 -0.15976
v 0.12893 0.41108 -0.15976
v 0.12893 0.4447 -0.15976
v 0.12893 0.47823 -0.15976
v 0.12893 0.51185 -0.15976
v 0.12893 0.54739 -0.15976
v 0.13733 0.07148 -0.15976
v 0.13733 0.11152 -0.15976
v 0.13733 0.14064 -0.15976
v 0.13733 0.19906 -0.15976
v 0.13733 0.22818 -0.15976
v 0.13733 0.26822 -0.15976
v 0.13733 0.29734 -0.15976
v 0.13733 0.34418 -0.15976
v 0.13733 0.37329 -0.15976
v 0.13733 0.41333 -0.15976
v 0.13733 0.44245 -0.15976
v 0.13733 0.48048 -0.15976
v 0.13733 0.5096 -0.15976
v 0.13733 0.54964 -0.15976
v 0.14348 0.06533 -0.15976
v 0.14348 0.11767 -0.15976
v 0.14348 0.13448 -0.15976
v 0.14348 0.20522 -0.15976
v 0.14348 0.22203 -0.15976
v 0.14348 0.27437 -0.15976
v 0.14348 0.29118 -0.15976
v 0.14348 0.35033 -0.15976
v 0.14348 0.36714 -0.15976
v 0.14348 0.41948 -0.15976
v 0.14348 0.50345 -0.15976
v 0.14348 0.55579 -0.15976
v 0.14574 0.05692 -0.15976
v 0.14574 0.12608 -0.15976
v 0.14574 0.21362 -0.15976
v 0.14574 0.28278 -0.15976
v 0.14574 0.35873 -0.15976
v 0.14574 0.42789 -0.15976
v 0.11437 0.55579 -0.16212
v 0.11437 0.50345 -0.16212
v 0.11212 0.49504 -0.16212
v 0.11437 0.48664 -0.16212
v 0.11437 0.43629 -0.16212
v 0.11212 0.42789 -0.16212
v 0.11437 0.41948 -0.16212
v 0.11437 0.36714 -0.16212
v 0.11212 0.35873 -0.16212
v 0.11437 0.35033 -0.16212
v 0.11437 0.29118 -0.16212
v 0.11212 0.28278 -0.16212
v 0.11437 0.27437 -0.16212
v 0.11437 0.22203 -0.16212
v 0.11212 0.21362 -0.16212
v 0.11437 0.20522 -0.16212
v 0.11437 0.13448 -0.16212
v 0.11212 0.12608 -0.16212
v 0.11212 0.05692 -0.16212
v 0.11212 0.00039 -0.16212
v 0.11101 0.0004 -0.16212
v 0.11437 0.11767 -0.16212
v 0.11437 0.06533 -0.16212
v 0.11437 0.04852 -0.16212
v 0.11437 0.00037 -0.16212
v 0.12052 0.54964 -0.16212
v 0.12052 0.5096 -0.16212
v 0.12052 0.48048 -0.16212
v 0.12052 0.44245 -0.16212
v 0.12052 0.41333 -0.16212
v 0.12052 0.37329 -0.16212
v 0.12052 0.34418 -0.16212
v 0.12052 0.29734 -0.16212
v 0.12052 0.26822 -0.16212
v 0.12052 0.22818 -0.16212
v 0.12052 0.19906 -0.16212
v 0.12052 0.14064 -0.16212
v 0.12052 0.11152 -0.16212
v 0.12052 0.07148 -0.16212
v 0.12052 0.04236 -0.16212
v 0.12052 0.00033 -0.16212
v 0.12893 0.54739 -0.16212
v 0.12893 0.51185 -0.16212
v 0.12893 0.47823 -0.16212
v 0.12893 0.4447 -0.16212
v 0.12893 0.41108 -0.16212
v 0.12893 0.37555 -0.16212
v 0.12893 0.34192 -0.16212
v 0.12893 0.29959 -0.16212
v 0.12893 0.26597 -0.16212
v 0.12893 0.23043 -0.16212
v 0.12893 0.19681 -0.16212
v 0.12893 0.14289 -0.16212
v 0.12893 0.10927 -0.16212
v 0.12893 0.07373 -0.16212
v 0.12893 0.04011 -0.16212
v 0.12893 0.00026 -0.16212
v 0.13733 0.54964 -0.16212
v 0.13733 0.5096 -0.16212
v 0.13733 0.48048 -0.16212
v 0.13733 0.44245 -0.16212
v 0.13733 0.41333 -0.16212
v 0.13733 0.37329 -0.16212
v 0.13733 0.34418 -0.16212
v 0.13733 0.29734 -0.16212
v 0.13733 0.26822 -0.16212
v 0.13733 0.22818 -0.16212
v 0.13733 0.19906 -0.16212
v 0.13733 0.14064 -0.16212
v 0.13733 0.11152 -0.16212
v 0.13733 0.07148 -0.16212
v 0.13733 0.04236 -0.16212
v 0.13733 0.0002 -0.16212
v 0.14348 0.55579 -0.16212
v 0.14348 0.50345 -0.16212
v 0.14348 0.48664 -0.16212
v 0.14348 0.43629 -0.16212
v 0.14348 0.41948 -0.16212
v 0.14348 0.36714 -0.16212
v 0.14348 0.35033 -0.16212
v 0.14348 0.29118 -0.16212
v 0.14348 0.27437 -0.16212
v 0.14348 0.22203 -0.16212
v 0.14348 0.20522 -0.16212
v 0.14348 0.13448 -0.16212
v 0.14348 0.11767 -0.16212
v 0.14348 0.06533 -0.16212
v 0.14348 0.04852 -0.16212
v 0.14348 0.00016 -0.16212
v 0.14574 0.49504 -0.16212
v 0.14574 0.42789 -0.16212
v 0.14574 0.35873 -0.16212
v 0.14574 0.28278 -0.16212
v 0.14574 0.21362 -0.16212
v 0.14574 0.12608 -0.16212
v 0.14574 0.05692 -0.16212
v 0.14574 0.00014 -0.16212
v 0.12893 0.58101 -0.15976
v 0.12052 0.57876 -0.15976
v 0.12052 0.57876 -0.16212
v 0.12893 0.58101 -0.16212
v 0.12052 0.57876 -0.15976
v 0.11437 0.5726 -0.15976
v 0.11437 0.5726 -0.16212
v 0.12052 0.57876 -0.16212
v 0.11212 0.5642 -0.15976
v 0.11212 0.5642 -0.16212
v 0.11437 0.55579 -0.15976
v 0.11437 0.55579 -0.16212
v 0.12052 0.54964 -0.15976
v 0.12052 0.54964 -0.16212
v 0.12052 0.54964 -0.15976
v 0.12893 0.54739 -0.15976
v 0.12893 0.54739 -0.16212
v 0.12052 0.54964 -0.16212
v 0.13733 0.54964 -0.15976
v 0.13733 0.54964 -0.16212
v 0.13733 0.54964 -0.15976
v 0.14348 0.55579 -0.15976
v 0.14348 0.55579 -0.16212
v 0.13733 0.54964 -0.16212
v 0.14574 0.5642 -0.15976
v 0.14574 0.5642 -0.16212
v 0.14348 0.5726 -0.15976
v 0.14348 0.5726 -0.16212
v 0.13733 0.57876 -0.15976
v 0.13733 0.57876 -0.16212
v 0.13733 0.57876 -0.15976
v 0.13733 0.57876 -0.16212
v 0.12893 0.51185 -0.15976
v 0.12052 0.5096 -0.15976
v 0.12052 0.5096 -0.16212
v 0.12893 0.51185 -0.16212
v 0.12052 0.5096 -0.15976
v 0.11437 0.50345 -0.15976
v 0.11437 0.50345 -0.16212
v 0.12052 0.5096 -0.16212
v 0.11212 0.49504 -0.15976
v 0.11212 0.49504 -0.16212
v 0.11437 0.48664 -0.15976
v 0.11437 0.48664 -0.16212
v 0.12052 0.48048 -0.15976
v 0.12052 0.48048 -0.16212
v 0.12052 0.48048 -0.15976
v 0.12893 0.47823 -0.15976
v 0.12893 0.47823 -0.16212
v 0.12052 0.48048 -0.16212
v 0.13733 0.48048 -0.15976
v 0.13733 0.48048 -0.16212
v 0.13733 0.48048 -0.15976
v 0.14348 0.48664 -0.15976
v 0.14348 0.48664 -0.16212
v 0.13733 0.48048 -0.16212
v 0.14574 0.49504 -0.15976
v 0.14574 0.49504 -0.16212
v 0.14348 0.50345 -0.15976
v 0.14348 0.50345 -0.16212
v 0.13733 0.5096 -0.15976
v 0.13733 0.5096 -0.16212
v 0.13733 0.5096 -0.15976
v 0.13733 0.5096 -0.16212
v 0.12893 0.4447 -0.15976
v 0.12052 0.44245 -0.15976
v 0.12052 0.44245 -0.16212
v 0.12893 0.4447 -0.16212
v 0.12052 0.44245 -0.15976
v 0.11437 0.43629 -0.15976
v 0.11437 0.43629 -0.16212
v 0.12052 0.44245 -0.16212
v 0.11212 0.42789 -0.15976
v 0.11212 0.42789 -0.16212
v 0.11437 0.41948 -0.15976
v 0.11437 0.41948 -0.16212
v 0.12052 0.41333 -0.15976
v 0.12052 0.41333 -0.16212
v 0.12052 0.41333 -0.15976
v 0.12893 0.41108 -0.15976
v 0.12893 0.41108 -0.16212
v 0.12052 0.41333 -0.16212
v 0.13733 0.41333 -0.15976
v 0.13733 0.41333 -0.16212
v 0.13733 0.41333 -0.15976
v 0.14348 0.41948 -0.15976
v 0.14348 0.41948 -0.16212
v 0.13733 0.41333 -0.16212
v 0.14574 0.42789 -0.15976
v 0.14574 0.42789 -0.16212
v 0.14348 0.43629 -0.15976
v 0.14348 0.43629 -0.16212
v 0.13733 0.44245 -0.15976
v 0.13733 0.44245 -0.16212
v 0.13733 0.44245 -0.15976
v 0.13733 0.44245 -0.16212
v 0.12893 0.37555 -0.15976
v 0.12052 0.37329 -0.15976
v 0.12052 0.37329 -0.16212
v 0.12893 0.37555 -0.16212
v 0.12052 0.37329 -0.15976
v 0.11437 0.36714 -0.15976
v 0.11437 0.36714 -0.16212
v 0.12052 0.37329 -0.16212
v 0.11212 0.35873 -0.15976
v 0.11212 0.35873 -0.16212
v 0.11437 0.35033 -0.15976
v 0.11437 0.35033 -0.16212
v 0.12052 0.34418 -0.15976
v 0.12052 0.34418 -0.16212
v 0.12052 0.34418 -0.15976
v 0.12893 0.34192 -0.15976
v 0.12893 0.34192 -0.16212
v 0.12052 0.34418 -0.16212
v 0.13733 0.34418 -0.15976
v 0.13733 0.34418 -0.16212
v 0.13733 0.34418 -0.15976
v 0.14348 0.35033 -0.15976
v 0.14348 0.35033 -0.16212
v 0.13733 0.34418 -0.16212
v 0.14574 0.35873 -0.15976
v 0.14574 0.35873 -0.16212
v 0.14348 0.36714 -0.15976
v 0.14348 0.36714 -0.16212
v 0.13733 0.37329 -0.15976
v 0.13733 0.37329 -0.16212
v 0.13733 0.37329 -0.15976
v 0.13733 0.37329 -0.16212
v 0.12893 0.29959 -0.15976
v 0.12052 0.29734 -0.15976
v 0.12052 0.29734 -0.16212
v 0.12893 0.29959 -0.16212
v 0.12052 0.29734 -0.15976
v 0.11437 0.29118 -0.15976
v 0.11437 0.29118 -0.16212
v 0.12052 0.29734 -0.16212
v 0.11212 0.28278 -0.15976
v 0.11212 0.28278 -0.16212
v 0.11437 0.27437 -0.15976
v 0.11437 0.27437 -0.16212
v 0.12052 0.26822 -0.15976
v 0.12052 0.26822 -0.16212
v 0.12052 0.26822 -0.15976
v 0.12893 0.26597 -0.15976
v 0.12893 0.26597 -0.16212
v 0.12052 0.26822 -0.16212
v 0.13733 0.26822 -0.15976
v 0.13733 0.26822 -0.16212
v 0.13733 0.26822 -0.15976
v 0.14348 0.27437 -0.15976
v 0.14348 0.27437 -0.16212
v 0.13733 0.26822 -0.16212
v 0.14574 0.28278 -0.15976
v 0.14574 0.28278 -0.16212
v 0.14348 0.29118 -0.15976
v 0.14348 0.29118 -0.16212
v 0.13733 0.29734 -0.15976
v 0.13733 0.29734 -0.16212
v 0.13733 0.29734 -0.15976
v 0.13733 0.29734 -0.16212
v 0.12893 0.23043 -0.15976
v 0.12052 0.22818 -0.15976
v 0.12052 0.22818 -0.16212
v 0.12893 0.23043 -0.16212
v 0.12052 0.22818 -0.15976
v 0.11437 0.22203 -0.15976
v 0.11437 0.22203 -0.16212
v 0.12052 0.22818 -0.16212
v 0.11212 0.21362 -0.15976
v 0.11212 0.21362 -0.16212
v 0.11437 0.20522 -0.15976
v 0.11437 0.20522 -0.16212
v 0.12052 0.19906 -0.15976
v 0.12052 0.19906 -0.16212
v 0.12052 0.19906 -0.15976
v 0.12893 0.19681 -0.15976
v 0.12893 0.19681 -0.16212
v 0.12052 0.19906 -0.16212
v 0.13733 0.19906 -0.15976
v 0.13733 0.19906 -0.16212
v 0.13733 0.19906 -0.15976
v 0.14348 0.20522 -0.15976
v 0.14348 0.20522 -0.16212
v 0.13733 0.19906 -0.16212
v 0.14574 0.21362 -0.15976
v 0.14574 0.21362 -0.16212
v 0.14348 0.22203 -0.15976
v 0.14348 0.22203 -0.16212
v 0.13733 0.22818 -0.15976
v 0.13733 0.22818 -0.16212
v 0.13733 0.22818 -0.15976
v 0.13733 0.22818 -0.16212
v 0.12893 0.14289 -0.15976
v 0.12052 0.14064 -0.15976
v 0.12052 0.14064 -0.16212
v 0.12893 0.14289 -0.16212
v 0.12052 0.14064 -0.15976
v 0.11437 0.13448 -0.15976
v 0.11437 0.13448 -0.16212
v 0.12052 0.14064 -0.16212
v 0.11212 0.12608 -0.15976
v 0.11212 0.12608 -0.16212
v 0.11437 0.11767 -0.15976
v 0.11437 0.11767 -0.16212
v 0.12052 0.11152 -0.15976
v 0.12052 0.11152 -0.16212
v 0.12052 0.11152 -0.15976
v 0.12893 0.10927 -0.15976
v 0.12893 0.10927 -0.16212
v 0.12052 0.11152 -0.16212
v 0.13733 0.11152 -0.15976
v 0.13733 0.11152 -0.16212
v 0.13733 0.11152 -0.15976
v 0.14348 0.11767 -0.15976
v 0.14348 0.11767 -0.16212
v 0.13733 0.11152 -0.16212
v 0.14574 0.12608 -0.15976
v 0.14574 0.12608 -0.16212
v 0.14348 0.13448 -0.15976
v 0.14348 0.13448 -0.16212
v 0.13733 0.14064 -0.15976
v 0.13733 0.14064 -0.16212
v 0.13733 0.14064 -0.15976
v 0.13733 0.14064 -0.16212
v 0.12893 0.07373 -0.15976
v 0.12052 0.07148 -0.15976
v 0.12052 0.07148 -0.16212
v 0.12893 0.07373 -0.16212
v 0.12052 0.07148 -0.15976
v 0.11437 0.06533 -0.15976
v 0.11437 0.06533 -0.16212
v 0.12052 0.07148 -0.16212
v 0.11212 0.05692 -0.15976
v 0.11212 0.05692 -0.16212
v 0.11437 0.04852 -0.15976
v 0.11437 0.04852 -0.16212
v 0.12052 0.04236 -0.15976
v 0.12052 0.04236 -0.16212
v 0.12052 0.04236 -0.15976
v 0.12893 0.04011 -0.15976
v 0.12893 0.04011 -0.16212
v 0.12052 0.04236 -0.16212
v 0.13733 0.04236 -0.15976
v 0.13733 0.04236 -0.16212
v 0.13733 0.04236 -0.15976
v 0.14348 0.04852 -0.15976
v 0.14348 0.04852 -0.16212
v 0.13733 0.04236 -0.16212
v 0.14574 0.05692 -0.15976
v 0.14574 0.05692 -0.16212
v 0.14348 0.06533 -0.15976
v 0.14348 0.06533 -0.16212
v 0.13733 0.07148 -0.15976
v 0.13733 0.07148 -0.16212
v 0.13733 0.07148 -0.15976
v 0.13733 0.07148 -0.16212
v 0.10292 1.70251 -0.16085
v 0.10292 0.00042 -0.16085
v 0.10556 0.00036 -0.15976
v 0.10183 1.70251 -0.16349
v 0.10183 0.00051 -0.16349
v 0.10292 0.00042 -0.16085
v 0.10292 1.70251 -0.16085
v 0.10183 1.70251 -0.17794
v 0.10183 0.001 -0.17794
v 0.15452 1.70251 -0.16266
v 0.15452 0.00009 -0.16266
v 0.15506 1.70251 -0.16396
v 0.15506 0.00013 -0.16396
v 0.15452 0.00009 -0.16266
v 0.15452 1.70251 -0.16266
v 0.15506 1.70251 -0.17794
v 0.15506 0.0006 -0.17794
v 0.15742 1.70251 -0.17794
v 0.15742 0.00058 -0.17794
v 0.15506 0.0006 -0.17794
v 0.15506 1.70251 -0.17794
v 0.11437 0.00029 -0.15976
v 0.11437 0.04852 -0.15976
v 0.12052 0.00025 -0.15976
v 0.12052 0.04236 -0.15976
v 0.12893 0.00018 -0.15976
v 0.12893 0.04011 -0.15976
v 0.13733 0.00012 -0.15976
v 0.13733 0.04236 -0.15976
v 0.14348 0.00008 -0.15976
v 0.14348 0.04852 -0.15976
v 0.14574 0.00006 -0.15976
v 0.15742 0.00058 -0.17794
v 0.15742 0.0001 -0.16349
v 0.15506 0.00013 -0.16396
v 0.15506 0.0006 -0.17794
v 0.15632 0.00002 -0.16085
v 0.15452 0.00009 -0.16266
v 0.15369 0 -0.15976
v 0.15322 0.00008 -0.16212
v 0.14574 0.00006 -0.15976
v 0.14574 0.00014 -0.16212
v 0.14574 0.00006 -0.15976
v 0.14574 0.00006 -0.15976
v 0.14574 0.00014 -0.16212
v 0.14574 0.00014 -0.16212
v 0.14574 0.00006 -0.15976
v 0.14574 0.00006 -0.15976
v 0.14574 0.00006 -0.15976
v 0.14574 0.00014 -0.16212
v 0.14574 0.00014 -0.16212
v 0.14574 0.00006 -0.15976
v 0.14348 0.00008 -0.15976
v 0.14348 0.00016 -0.16212
v 0.14574 0.00014 -0.16212
v 0.13733 0.00012 -0.15976
v 0.13733 0.0002 -0.16212
v 0.12893 0.00018 -0.15976
v 0.12893 0.00026 -0.16212
v 0.12052 0.00025 -0.15976
v 0.12052 0.00033 -0.16212
v 0.11437 0.00029 -0.15976
v 0.11437 0.00037 -0.16212
v 0.11212 0.00031 -0.15976
v 0.11212 0.00039 -0.16212
v 0.11163 0.00032 -0.15976
v 0.11101 0.0004 -0.16212
v 0.11023 0.00032 -0.15976
v 0.10997 0.00041 -0.16212
v 0.10941 0.00033 -0.15976
v 0.10933 0.00041 -0.16212
v 0.10886 0.00034 -0.15976
v 0.10889 0.00042 -0.16212
v 0.10556 0.00036 -0.15976
v 0.10603 0.00044 -0.16212
v 0.10292 0.00042 -0.16085
v 0.10472 0.00046 -0.16266
v 0.10183 0.00051 -0.16349
v 0.10418 0.00051 -0.16396
v 0.10183 0.001 -0.17794
v 0.10418 0.00098 -0.17794
v 0.12019 0.3736 -0.16728
v 0.11385 0.36727 -0.16728
v 0.11407 0.36714 0.18094
v 0.12031 0.37338 0.18094
v 0.11153 0.35861 -0.16728
v 0.11179 0.35861 0.18094
v 0.11385 0.34996 -0.16728
v 0.11407 0.35009 0.18094
v 0.12019 0.34363 -0.16728
v 0.12031 0.34384 0.18094
v 0.12019 0.34363 -0.16728
v 0.12884 0.34131 -0.16728
v 0.12884 0.34156 0.18094
v 0.12031 0.34384 0.18094
v 0.13749 0.34363 -0.16728
v 0.13737 0.34384 0.18094
v 0.13749 0.34363 -0.16728
v 0.14382 0.34996 -0.16728
v 0.14361 0.35009 0.18094
v 0.13737 0.34384 0.18094
v 0.14614 0.35861 -0.16728
v 0.14589 0.35861 0.18094
v 0.14382 0.36727 -0.16728
v 0.14361 0.36714 0.18094
v 0.13749 0.3736 -0.16728
v 0.13737 0.37338 0.18094
v 0.13749 0.3736 -0.16728
v 0.12884 0.37592 -0.16728
v 0.12884 0.37567 0.18094
v 0.13737 0.37338 0.18094
v 0.12019 0.3736 -0.16728
v 0.12031 0.37338 0.18094
v 0.12884 0.37378 -0.16931
v 0.13642 0.37174 -0.16931
v 0.13555 0.37023 -0.16934
v 0.12884 0.37203 -0.16934
v 0.14197 0.36619 -0.16931
v 0.14046 0.36532 -0.16934
v 0.144 0.35861 -0.16931
v 0.14225 0.35861 -0.16934
v 0.14197 0.35103 -0.16931
v 0.14045 0.35191 -0.16934
v 0.13642 0.34548 -0.16931
v 0.13555 0.34699 -0.16934
v 0.12884 0.34345 -0.16931
v 0.12884 0.34519 -0.16934
v 0.12126 0.34548 -0.16931
v 0.12213 0.34699 -0.16934
v 0.11571 0.35103 -0.16931
v 0.11722 0.35191 -0.16934
v 0.11368 0.35861 -0.16931
v 0.11542 0.35861 -0.16934
v 0.11571 0.36619 -0.16931
v 0.11722 0.36532 -0.16934
v 0.12126 0.37174 -0.16931
v 0.12213 0.37023 -0.16934
v 0.12884 0.37352 0.18297
v 0.12139 0.37153 0.18297
v 0.12219 0.37013 0.18299
v 0.12884 0.37192 0.18299
v 0.11593 0.36607 0.18297
v 0.11732 0.36526 0.18299
v 0.11393 0.35861 0.18297
v 0.11553 0.35861 0.18299
v 0.11593 0.35116 0.18297
v 0.11732 0.35196 0.18299
v 0.12139 0.3457 0.18297
v 0.12219 0.34709 0.18299
v 0.12884 0.3437 0.18297
v 0.12884 0.34531 0.18299
v 0.1363 0.3457 0.18297
v 0.13549 0.34709 0.18299
v 0.14175 0.35116 0.18297
v 0.14036 0.35196 0.18299
v 0.14375 0.35861 0.18297
v 0.14215 0.35861 0.18299
v 0.14175 0.36607 0.18297
v 0.14036 0.36527 0.18299
v 0.1363 0.37153 0.18297
v 0.13549 0.37014 0.18299
v 0.13445 0.36834 -0.16732
v 0.13856 0.36423 -0.16732
v 0.13853 0.36421 -0.16264
v 0.13444 0.36831 -0.16264
v 0.14006 0.35861 -0.16732
v 0.14003 0.35861 -0.16264
v 0.13856 0.353 -0.16732
v 0.13853 0.35302 -0.16264
v 0.13445 0.34889 -0.16732
v 0.13444 0.34891 -0.16264
v 0.13445 0.34889 -0.16732
v 0.12884 0.34738 -0.16732
v 0.12884 0.34741 -0.16264
v 0.13444 0.34891 -0.16264
v 0.12322 0.34889 -0.16732
v 0.12324 0.34891 -0.16264
v 0.12322 0.34889 -0.16732
v 0.11912 0.353 -0.16732
v 0.11914 0.35301 -0.16264
v 0.12324 0.34891 -0.16264
v 0.11761 0.35861 -0.16732
v 0.11764 0.35861 -0.16264
v 0.11911 0.36423 -0.16732
v 0.11914 0.36421 -0.16264
v 0.12322 0.36834 -0.16732
v 0.12324 0.36831 -0.16264
v 0.12322 0.36834 -0.16732
v 0.12884 0.36984 -0.16732
v 0.12884 0.36981 -0.16264
v 0.12324 0.36831 -0.16264
v 0.13445 0.36834 -0.16732
v 0.13444 0.36831 -0.16264
v 0.12884 0.36973 0.18098
v 0.12328 0.36824 0.18098
v 0.1233 0.36821 0.17657
v 0.12884 0.3697 0.17657
v 0.12328 0.36824 0.18098
v 0.11922 0.36417 0.18098
v 0.11924 0.36416 0.17657
v 0.1233 0.36821 0.17657
v 0.11772 0.35861 0.18098
v 0.11775 0.35861 0.17657
v 0.11922 0.35306 0.18097
v 0.11924 0.35307 0.17657
v 0.12328 0.34899 0.18098
v 0.1233 0.34901 0.17657
v 0.12328 0.34899 0.18098
v 0.12884 0.3475 0.18098
v 0.12884 0.34753 0.17657
v 0.1233 0.34901 0.17657
v 0.1344 0.34898 0.18098
v 0.13439 0.34901 0.17657
v 0.1344 0.34898 0.18098
v 0.13847 0.35305 0.18098
v 0.13844 0.35307 0.17657
v 0.13439 0.34901 0.17657
v 0.13996 0.35861 0.18098
v 0.13993 0.35861 0.17657
v 0.13847 0.36417 0.18098
v 0.13844 0.36416 0.17657
v 0.1344 0.36824 0.18098
v 0.13439 0.36822 0.17657
v 0.1344 0.36824 0.18098
v 0.13439 0.36822 0.17657
v 0.12051 0.37304 -0.16877
v 0.11441 0.36694 -0.16876
v 0.12051 0.37304 -0.16877
v 0.11441 0.36694 -0.16876
v 0.11218 0.35861 -0.16876
v 0.11218 0.35861 -0.16876
v 0.11441 0.35028 -0.16876
v 0.11441 0.35028 -0.16876
v 0.12051 0.34419 -0.16877
v 0.12051 0.34419 -0.16877
v 0.12051 0.34419 -0.16877
v 0.12884 0.34195 -0.16877
v 0.12884 0.34195 -0.16877
v 0.13717 0.34419 -0.16877
v 0.13717 0.34419 -0.16877
v 0.13717 0.34419 -0.16877
v 0.14327 0.35028 -0.16876
v 0.14327 0.35028 -0.16876
v 0.1455 0.35861 -0.16876
v 0.1455 0.35861 -0.16876
v 0.14327 0.36694 -0.16876
v 0.14327 0.36694 -0.16876
v 0.13717 0.37304 -0.16877
v 0.13717 0.37304 -0.16877
v 0.13717 0.37304 -0.16877
v 0.12884 0.37527 -0.16877
v 0.12884 0.37527 -0.16877
v 0.12051 0.37304 -0.16877
v 0.12064 0.37282 0.18242
v 0.12884 0.37502 0.18242
v 0.12064 0.37282 0.18242
v 0.12884 0.37502 0.18242
v 0.11463 0.36682 0.18242
v 0.12064 0.37282 0.18242
v 0.11463 0.36682 0.18242
v 0.11243 0.35861 0.18242
v 0.11243 0.35861 0.18242
v 0.11463 0.35041 0.18242
v 0.11463 0.35041 0.18242
v 0.12064 0.3444 0.18242
v 0.12064 0.3444 0.18242
v 0.12884 0.3422 0.18242
v 0.12064 0.3444 0.18242
v 0.12884 0.3422 0.18242
v 0.13704 0.3444 0.18242
v 0.13704 0.3444 0.18242
v 0.14305 0.35041 0.18242
v 0.13704 0.3444 0.18242
v 0.14305 0.35041 0.18242
v 0.14525 0.35861 0.18242
v 0.14525 0.35861 0.18242
v 0.14305 0.36682 0.18242
v 0.14305 0.36682 0.18242
v 0.13704 0.37282 0.18242
v 0.13704 0.37282 0.18242
v 0.13704 0.37282 0.18242
v 0.13479 0.36891 -0.16881
v 0.12884 0.37051 -0.16881
v 0.13479 0.36891 -0.16881
v 0.12884 0.37051 -0.16881
v 0.12289 0.36891 -0.16881
v 0.12289 0.36891 -0.16881
v 0.13479 0.36891 -0.16881
v 0.13914 0.36456 -0.16881
v 0.13914 0.36456 -0.16881
v 0.14073 0.35861 -0.16881
v 0.14073 0.35861 -0.16881
v 0.13914 0.35267 -0.16881
v 0.13914 0.35267 -0.16881
v 0.13479 0.34831 -0.16881
v 0.13479 0.34831 -0.16881
v 0.13479 0.34831 -0.16881
v 0.12884 0.34672 -0.16881
v 0.12884 0.34672 -0.16881
v 0.12289 0.34831 -0.16881
v 0.12289 0.34831 -0.16881
v 0.12289 0.34831 -0.16881
v 0.11854 0.35267 -0.16881
v 0.11854 0.35267 -0.16881
v 0.11695 0.35861 -0.16881
v 0.11695 0.35861 -0.16881
v 0.11854 0.36456 -0.16881
v 0.11854 0.36456 -0.16881
v 0.12289 0.36891 -0.16881
v 0.12295 0.36882 0.18247
v 0.12884 0.37039 0.18247
v 0.12295 0.36882 0.18247
v 0.12884 0.37039 0.18247
v 0.13473 0.36882 0.18247
v 0.13473 0.36882 0.18247
v 0.12295 0.36882 0.18247
v 0.11864 0.3645 0.18247
v 0.11864 0.3645 0.18247
v 0.11706 0.35861 0.18247
v 0.11706 0.35861 0.18247
v 0.11864 0.35272 0.18247
v 0.11864 0.35272 0.18247
v 0.12295 0.34841 0.18247
v 0.12295 0.34841 0.18247
v 0.12295 0.34841 0.18247
v 0.12884 0.34683 0.18247
v 0.12884 0.34683 0.18247
v 0.13473 0.34841 0.18247
v 0.13473 0.34841 0.18247
v 0.13473 0.34841 0.18247
v 0.13904 0.35272 0.18247
v 0.13904 0.35272 0.18247
v 0.14063 0.35861 0.18247
v 0.14063 0.35861 0.18247
v 0.13905 0.36451 0.18247
v 0.13905 0.36451 0.18247
v 0.13473 0.36882 0.18247
v 0.12019 0.07274 -0.16728
v 0.11385 0.06641 -0.16728
v 0.11407 0.06628 0.18094
v 0.12031 0.07253 0.18094
v 0.11153 0.05776 -0.16728
v 0.11179 0.05776 0.18094
v 0.11385 0.0491 -0.16728
v 0.11407 0.04923 0.18094
v 0.12019 0.04277 -0.16728
v 0.12031 0.04299 0.18094
v 0.12019 0.04277 -0.16728
v 0.12884 0.04045 -0.16728
v 0.12884 0.0407 0.18094
v 0.12031 0.04299 0.18094
v 0.13749 0.04277 -0.16728
v 0.13737 0.04299 0.18094
v 0.13749 0.04277 -0.16728
v 0.14382 0.0491 -0.16728
v 0.14361 0.04923 0.18094
v 0.13737 0.04299 0.18094
v 0.14614 0.05776 -0.16728
v 0.14589 0.05776 0.18094
v 0.14382 0.06641 -0.16728
v 0.14361 0.06628 0.18094
v 0.13749 0.07274 -0.16728
v 0.13737 0.07253 0.18094
v 0.13749 0.07274 -0.16728
v 0.12884 0.07506 -0.16728
v 0.12884 0.07481 0.18094
v 0.13737 0.07253 0.18094
v 0.12019 0.07274 -0.16728
v 0.12031 0.07253 0.18094
v 0.12884 0.07292 -0.16931
v 0.13642 0.07089 -0.16931
v 0.13555 0.06938 -0.16934
v 0.12884 0.07118 -0.16934
v 0.14197 0.06534 -0.16931
v 0.14046 0.06446 -0.16934
v 0.144 0.05776 -0.16931
v 0.14225 0.05776 -0.16934
v 0.14197 0.05017 -0.16931
v 0.14045 0.05105 -0.16934
v 0.13642 0.04462 -0.16931
v 0.13555 0.04614 -0.16934
v 0.12884 0.04259 -0.16931
v 0.12884 0.04434 -0.16934
v 0.12126 0.04462 -0.16931
v 0.12213 0.04613 -0.16934
v 0.11571 0.05017 -0.16931
v 0.11722 0.05105 -0.16934
v 0.11368 0.05776 -0.16931
v 0.11542 0.05776 -0.16934
v 0.11571 0.06534 -0.16931
v 0.11722 0.06447 -0.16934
v 0.12126 0.07089 -0.16931
v 0.12213 0.06938 -0.16934
v 0.12884 0.07267 0.18297
v 0.12139 0.07067 0.18297
v 0.12219 0.06928 0.18299
v 0.12884 0.07106 0.18299
v 0.11593 0.06521 0.18297
v 0.11732 0.06441 0.18299
v 0.11393 0.05776 0.18297
v 0.11553 0.05776 0.18299
v 0.11593 0.0503 0.18297
v 0.11732 0.0511 0.18299
v 0.12139 0.04484 0.18297
v 0.12219 0.04624 0.18299
v 0.12884 0.04284 0.18297
v 0.12884 0.04445 0.18299
v 0.1363 0.04484 0.18297
v 0.13549 0.04623 0.18299
v 0.14175 0.0503 0.18297
v 0.14036 0.0511 0.18299
v 0.14375 0.05776 0.18297
v 0.14215 0.05776 0.18299
v 0.14175 0.06521 0.18297
v 0.14036 0.06441 0.18299
v 0.1363 0.07067 0.18297
v 0.13549 0.06928 0.18299
v 0.13445 0.06748 -0.16732
v 0.13856 0.06337 -0.16732
v 0.13853 0.06335 -0.16264
v 0.13444 0.06746 -0.16264
v 0.14006 0.05776 -0.16732
v 0.14003 0.05776 -0.16264
v 0.13856 0.05214 -0.16732
v 0.13853 0.05216 -0.16264
v 0.13445 0.04803 -0.16732
v 0.13444 0.04806 -0.16264
v 0.13445 0.04803 -0.16732
v 0.12884 0.04652 -0.16732
v 0.12884 0.04655 -0.16264
v 0.13444 0.04806 -0.16264
v 0.12322 0.04803 -0.16732
v 0.12324 0.04805 -0.16264
v 0.12322 0.04803 -0.16732
v 0.11912 0.05214 -0.16732
v 0.11914 0.05216 -0.16264
v 0.12324 0.04805 -0.16264
v 0.11761 0.05776 -0.16732
v 0.11764 0.05776 -0.16264
v 0.11911 0.06337 -0.16732
v 0.11914 0.06336 -0.16264
v 0.12322 0.06748 -0.16732
v 0.12324 0.06746 -0.16264
v 0.12322 0.06748 -0.16732
v 0.12884 0.06899 -0.16732
v 0.12884 0.06896 -0.16264
v 0.12324 0.06746 -0.16264
v 0.13445 0.06748 -0.16732
v 0.13444 0.06746 -0.16264
v 0.12884 0.06887 0.18098
v 0.12328 0.06738 0.18098
v 0.1233 0.06736 0.17657
v 0.12884 0.06884 0.17657
v 0.12328 0.06738 0.18098
v 0.11922 0.06331 0.18098
v 0.11924 0.0633 0.17657
v 0.1233 0.06736 0.17657
v 0.11772 0.05776 0.18098
v 0.11775 0.05776 0.17657
v 0.11922 0.0522 0.18097
v 0.11924 0.05221 0.17657
v 0.12328 0.04813 0.18098
v 0.1233 0.04816 0.17657
v 0.12328 0.04813 0.18098
v 0.12884 0.04664 0.18098
v 0.12884 0.04667 0.17657
v 0.1233 0.04816 0.17657
v 0.1344 0.04813 0.18098
v 0.13439 0.04815 0.17657
v 0.1344 0.04813 0.18098
v 0.13847 0.0522 0.18098
v 0.13844 0.05221 0.17657
v 0.13439 0.04815 0.17657
v 0.13996 0.05776 0.18098
v 0.13993 0.05776 0.17657
v 0.13847 0.06332 0.18098
v 0.13844 0.0633 0.17657
v 0.1344 0.06739 0.18098
v 0.13439 0.06736 0.17657
v 0.1344 0.06739 0.18098
v 0.13439 0.06736 0.17657
v 0.12051 0.07218 -0.16877
v 0.11441 0.06609 -0.16876
v 0.12051 0.07218 -0.16877
v 0.11441 0.06609 -0.16876
v 0.11218 0.05776 -0.16876
v 0.11218 0.05776 -0.16876
v 0.11441 0.04943 -0.16876
v 0.11441 0.04943 -0.16876
v 0.12051 0.04333 -0.16877
v 0.12051 0.04333 -0.16877
v 0.12051 0.04333 -0.16877
v 0.12884 0.0411 -0.16877
v 0.12884 0.0411 -0.16877
v 0.13717 0.04333 -0.16877
v 0.13717 0.04333 -0.16877
v 0.13717 0.04333 -0.16877
v 0.14327 0.04943 -0.16876
v 0.14327 0.04943 -0.16876
v 0.1455 0.05776 -0.16876
v 0.1455 0.05776 -0.16876
v 0.14327 0.06609 -0.16876
v 0.14327 0.06609 -0.16876
v 0.13717 0.07218 -0.16877
v 0.13717 0.07218 -0.16877
v 0.13717 0.07218 -0.16877
v 0.12884 0.07441 -0.16877
v 0.12884 0.07441 -0.16877
v 0.12051 0.07218 -0.16877
v 0.12064 0.07197 0.18242
v 0.12884 0.07416 0.18242
v 0.12064 0.07197 0.18242
v 0.12884 0.07416 0.18242
v 0.11463 0.06596 0.18242
v 0.12064 0.07197 0.18242
v 0.11463 0.06596 0.18242
v 0.11243 0.05776 0.18242
v 0.11243 0.05776 0.18242
v 0.11463 0.04955 0.18242
v 0.11463 0.04955 0.18242
v 0.12064 0.04355 0.18242
v 0.12064 0.04355 0.18242
v 0.12884 0.04135 0.18242
v 0.12064 0.04355 0.18242
v 0.12884 0.04135 0.18242
v 0.13704 0.04355 0.18242
v 0.13704 0.04355 0.18242
v 0.14305 0.04955 0.18242
v 0.13704 0.04355 0.18242
v 0.14305 0.04955 0.18242
v 0.14525 0.05776 0.18242
v 0.14525 0.05776 0.18242
v 0.14305 0.06596 0.18242
v 0.14305 0.06596 0.18242
v 0.13704 0.07197 0.18242
v 0.13704 0.07197 0.18242
v 0.13704 0.07197 0.18242
v 0.13479 0.06806 -0.16881
v 0.12884 0.06965 -0.16881
v 0.13479 0.06806 -0.16881
v 0.12884 0.06965 -0.16881
v 0.12289 0.06806 -0.16881
v 0.12289 0.06806 -0.16881
v 0.13479 0.06806 -0.16881
v 0.13914 0.0637 -0.16881
v 0.13914 0.0637 -0.16881
v 0.14073 0.05776 -0.16881
v 0.14073 0.05776 -0.16881
v 0.13914 0.05181 -0.16881
v 0.13914 0.05181 -0.16881
v 0.13479 0.04745 -0.16881
v 0.13479 0.04745 -0.16881
v 0.13479 0.04745 -0.16881
v 0.12884 0.04586 -0.16881
v 0.12884 0.04586 -0.16881
v 0.12289 0.04745 -0.16881
v 0.12289 0.04745 -0.16881
v 0.12289 0.04745 -0.16881
v 0.11854 0.05181 -0.16881
v 0.11854 0.05181 -0.16881
v 0.11695 0.05776 -0.16881
v 0.11695 0.05776 -0.16881
v 0.11854 0.0637 -0.16881
v 0.11854 0.0637 -0.16881
v 0.12289 0.06806 -0.16881
v 0.12295 0.06796 0.18247
v 0.12884 0.06954 0.18247
v 0.12295 0.06796 0.18247
v 0.12884 0.06954 0.18247
v 0.13473 0.06796 0.18247
v 0.13473 0.06796 0.18247
v 0.12295 0.06796 0.18247
v 0.11864 0.06364 0.18247
v 0.11864 0.06364 0.18247
v 0.11706 0.05776 0.18247
v 0.11706 0.05776 0.18247
v 0.11864 0.05187 0.18247
v 0.11864 0.05187 0.18247
v 0.12295 0.04755 0.18247
v 0.12295 0.04755 0.18247
v 0.12295 0.04755 0.18247
v 0.12884 0.04597 0.18247
v 0.12884 0.04597 0.18247
v 0.13473 0.04755 0.18247
v 0.13473 0.04755 0.18247
v 0.13473 0.04755 0.18247
v 0.13904 0.05186 0.18247
v 0.13904 0.05186 0.18247
v 0.14063 0.05776 0.18247
v 0.14063 0.05776 0.18247
v 0.13905 0.06365 0.18247
v 0.13905 0.06365 0.18247
v 0.13473 0.06796 0.18247
v 0.12019 1.24788 -0.16728
v 0.11385 1.24155 -0.16728
v 0.11407 1.24142 0.18094
v 0.12031 1.24767 0.18094
v 0.11153 1.2329 -0.16728
v 0.11179 1.2329 0.18094
v 0.11385 1.22424 -0.16728
v 0.11407 1.22437 0.18094
v 0.12019 1.21791 -0.16728
v 0.12031 1.21813 0.18094
v 0.12019 1.21791 -0.16728
v 0.12884 1.21559 -0.16728
v 0.12884 1.21584 0.18094
v 0.12031 1.21813 0.18094
v 0.13749 1.21791 -0.16728
v 0.13737 1.21813 0.18094
v 0.13749 1.21791 -0.16728
v 0.14382 1.22424 -0.16728
v 0.14361 1.22437 0.18094
v 0.13737 1.21813 0.18094
v 0.14614 1.2329 -0.16728
v 0.14589 1.2329 0.18094
v 0.14382 1.24155 -0.16728
v 0.14361 1.24142 0.18094
v 0.13749 1.24788 -0.16728
v 0.13737 1.24767 0.18094
v 0.13749 1.24788 -0.16728
v 0.12884 1.2502 -0.16728
v 0.12884 1.24995 0.18094
v 0.13737 1.24767 0.18094
v 0.12019 1.24788 -0.16728
v 0.12031 1.24767 0.18094
v 0.12884 1.24806 -0.16931
v 0.13642 1.24603 -0.16931
v 0.13555 1.24452 -0.16934
v 0.12884 1.24632 -0.16934
v 0.14197 1.24048 -0.16931
v 0.14046 1.2396 -0.16934
v 0.144 1.2329 -0.16931
v 0.14225 1.2329 -0.16934
v 0.14197 1.22531 -0.16931
v 0.14045 1.22619 -0.16934
v 0.13642 1.21976 -0.16931
v 0.13555 1.22128 -0.16934
v 0.12884 1.21773 -0.16931
v 0.12884 1.21948 -0.16934
v 0.12126 1.21976 -0.16931
v 0.12213 1.22127 -0.16934
v 0.11571 1.22531 -0.16931
v 0.11722 1.22619 -0.16934
v 0.11368 1.2329 -0.16931
v 0.11542 1.2329 -0.16934
v 0.11571 1.24048 -0.16931
v 0.11722 1.23961 -0.16934
v 0.12126 1.24603 -0.16931
v 0.12213 1.24452 -0.16934
v 0.12884 1.24781 0.18297
v 0.12139 1.24581 0.18297
v 0.12219 1.24442 0.18299
v 0.12884 1.2462 0.18299
v 0.11593 1.24035 0.18297
v 0.11732 1.23955 0.18299
v 0.11393 1.2329 0.18297
v 0.11553 1.2329 0.18299
v 0.11593 1.22544 0.18297
v 0.11732 1.22624 0.18299
v 0.12139 1.21998 0.18297
v 0.12219 1.22138 0.18299
v 0.12884 1.21798 0.18297
v 0.12884 1.21959 0.18299
v 0.1363 1.21998 0.18297
v 0.13549 1.22137 0.18299
v 0.14175 1.22544 0.18297
v 0.14036 1.22624 0.18299
v 0.14375 1.2329 0.18297
v 0.14215 1.2329 0.18299
v 0.14175 1.24035 0.18297
v 0.14036 1.23955 0.18299
v 0.1363 1.24581 0.18297
v 0.13549 1.24442 0.18299
v 0.13445 1.24262 -0.16732
v 0.13856 1.23851 -0.16732
v 0.13853 1.23849 -0.16264
v 0.13444 1.24259 -0.16264
v 0.14006 1.2329 -0.16732
v 0.14003 1.2329 -0.16264
v 0.13856 1.22728 -0.16732
v 0.13853 1.2273 -0.16264
v 0.13445 1.22317 -0.16732
v 0.13444 1.2232 -0.16264
v 0.13445 1.22317 -0.16732
v 0.12884 1.22167 -0.16732
v 0.12884 1.22169 -0.16264
v 0.13444 1.2232 -0.16264
v 0.12322 1.22317 -0.16732
v 0.12324 1.22319 -0.16264
v 0.12322 1.22317 -0.16732
v 0.11912 1.22728 -0.16732
v 0.11914 1.2273 -0.16264
v 0.12324 1.22319 -0.16264
v 0.11761 1.2329 -0.16732
v 0.11764 1.2329 -0.16264
v 0.11911 1.23851 -0.16732
v 0.11914 1.2385 -0.16264
v 0.12322 1.24262 -0.16732
v 0.12324 1.2426 -0.16264
v 0.12322 1.24262 -0.16732
v 0.12884 1.24413 -0.16732
v 0.12884 1.2441 -0.16264
v 0.12324 1.2426 -0.16264
v 0.13445 1.24262 -0.16732
v 0.13444 1.24259 -0.16264
v 0.12884 1.24401 0.18098
v 0.12328 1.24252 0.18098
v 0.1233 1.2425 0.17657
v 0.12884 1.24398 0.17657
v 0.12328 1.24252 0.18098
v 0.11922 1.23845 0.18098
v 0.11924 1.23844 0.17657
v 0.1233 1.2425 0.17657
v 0.11772 1.2329 0.18098
v 0.11775 1.2329 0.17657
v 0.11922 1.22734 0.18097
v 0.11924 1.22735 0.17657
v 0.12328 1.22327 0.18098
v 0.1233 1.2233 0.17657
v 0.12328 1.22327 0.18098
v 0.12884 1.22178 0.18098
v 0.12884 1.22181 0.17657
v 0.1233 1.2233 0.17657
v 0.1344 1.22327 0.18098
v 0.13439 1.22329 0.17657
v 0.1344 1.22327 0.18098
v 0.13847 1.22734 0.18098
v 0.13844 1.22735 0.17657
v 0.13439 1.22329 0.17657
v 0.13996 1.2329 0.18098
v 0.13993 1.2329 0.17657
v 0.13847 1.23846 0.18098
v 0.13844 1.23844 0.17657
v 0.1344 1.24253 0.18098
v 0.13439 1.2425 0.17657
v 0.1344 1.24253 0.18098
v 0.13439 1.2425 0.17657
v 0.12051 1.24732 -0.16877
v 0.11441 1.24123 -0.16876
v 0.12051 1.24732 -0.16877
v 0.11441 1.24123 -0.16876
v 0.11218 1.2329 -0.16876
v 0.11218 1.2329 -0.16876
v 0.11441 1.22457 -0.16876
v 0.11441 1.22457 -0.16876
v 0.12051 1.21847 -0.16877
v 0.12051 1.21847 -0.16877
v 0.12051 1.21847 -0.16877
v 0.12884 1.21624 -0.16877
v 0.12884 1.21624 -0.16877
v 0.13717 1.21847 -0.16877
v 0.13717 1.21847 -0.16877
v 0.13717 1.21847 -0.16877
v 0.14327 1.22457 -0.16876
v 0.14327 1.22457 -0.16876
v 0.1455 1.2329 -0.16876
v 0.1455 1.2329 -0.16876
v 0.14327 1.24123 -0.16876
v 0.14327 1.24123 -0.16876
v 0.13717 1.24732 -0.16877
v 0.13717 1.24732 -0.16877
v 0.13717 1.24732 -0.16877
v 0.12884 1.24955 -0.16877
v 0.12884 1.24955 -0.16877
v 0.12051 1.24732 -0.16877
v 0.12064 1.2471 0.18242
v 0.12884 1.2493 0.18242
v 0.12064 1.2471 0.18242
v 0.12884 1.2493 0.18242
v 0.11463 1.2411 0.18242
v 0.12064 1.2471 0.18242
v 0.11463 1.2411 0.18242
v 0.11243 1.2329 0.18242
v 0.11243 1.2329 0.18242
v 0.11463 1.22469 0.18242
v 0.11463 1.22469 0.18242
v 0.12064 1.21869 0.18242
v 0.12064 1.21869 0.18242
v 0.12884 1.21649 0.18242
v 0.12064 1.21869 0.18242
v 0.12884 1.21649 0.18242
v 0.13704 1.21869 0.18242
v 0.13704 1.21869 0.18242
v 0.14305 1.22469 0.18242
v 0.13704 1.21869 0.18242
v 0.14305 1.22469 0.18242
v 0.14525 1.2329 0.18242
v 0.14525 1.2329 0.18242
v 0.14305 1.2411 0.18242
v 0.14305 1.2411 0.18242
v 0.13704 1.2471 0.18242
v 0.13704 1.2471 0.18242
v 0.13704 1.2471 0.18242
v 0.13479 1.2432 -0.16881
v 0.12884 1.24479 -0.16881
v 0.13479 1.2432 -0.16881
v 0.12884 1.24479 -0.16881
v 0.12289 1.2432 -0.16881
v 0.12289 1.2432 -0.16881
v 0.13479 1.2432 -0.16881
v 0.13914 1.23884 -0.16881
v 0.13914 1.23884 -0.16881
v 0.14073 1.2329 -0.16881
v 0.14073 1.2329 -0.16881
v 0.13914 1.22695 -0.16881
v 0.13914 1.22695 -0.16881
v 0.13479 1.22259 -0.16881
v 0.13479 1.22259 -0.16881
v 0.13479 1.22259 -0.16881
v 0.12884 1.221 -0.16881
v 0.12884 1.221 -0.16881
v 0.12289 1.22259 -0.16881
v 0.12289 1.22259 -0.16881
v 0.12289 1.22259 -0.16881
v 0.11854 1.22695 -0.16881
v 0.11854 1.22695 -0.16881
v 0.11695 1.2329 -0.16881
v 0.11695 1.2329 -0.16881
v 0.11854 1.23884 -0.16881
v 0.11854 1.23884 -0.16881
v 0.12289 1.2432 -0.16881
v 0.12295 1.2431 0.18247
v 0.12884 1.24468 0.18247
v 0.12295 1.2431 0.18247
v 0.12884 1.24468 0.18247
v 0.13473 1.2431 0.18247
v 0.13473 1.2431 0.18247
v 0.12295 1.2431 0.18247
v 0.11864 1.23879 0.18247
v 0.11864 1.23879 0.18247
v 0.11706 1.2329 0.18247
v 0.11706 1.2329 0.18247
v 0.11864 1.22701 0.18247
v 0.11864 1.22701 0.18247
v 0.12295 1.22269 0.18247
v 0.12295 1.22269 0.18247
v 0.12295 1.22269 0.18247
v 0.12884 1.22111 0.18247
v 0.12884 1.22111 0.18247
v 0.13473 1.22269 0.18247
v 0.13473 1.22269 0.18247
v 0.13473 1.22269 0.18247
v 0.13904 1.227 0.18247
v 0.13904 1.227 0.18247
v 0.14063 1.2329 0.18247
v 0.14063 1.2329 0.18247
v 0.13905 1.23879 0.18247
v 0.13905 1.23879 0.18247
v 0.13473 1.2431 0.18247
v 0.15984 1.71653 -0.17518
v 0.15984 1.7119 -0.17981
v 0.15788 1.71754 -0.17576
v 0.15901 1.71727 -0.17561
v 0.15901 1.71233 -0.18055
v 0.15788 1.71248 -0.18082
v 0.15901 1.71727 -0.17561
v 0.15901 1.71233 -0.18055
v 0.15984 1.70557 -0.1815
v 0.15788 1.71248 -0.18082
v 0.15901 1.71233 -0.18055
v 0.15901 1.70557 -0.18236
v 0.15788 1.70557 -0.18267
v 0.15901 1.70557 -0.18236
v 0.15984 1.69925 -0.17981
v 0.15901 1.69882 -0.18055
v 0.15788 1.69866 -0.18082
v 0.15901 1.69882 -0.18055
v 0.15984 1.69462 -0.17518
v 0.15788 1.69866 -0.18082
v 0.15901 1.69882 -0.18055
v 0.15901 1.69388 -0.17561
v 0.15788 1.69361 -0.17576
v 0.15901 1.69388 -0.17561
v 0.15984 1.69292 -0.16885
v 0.15901 1.69207 -0.16885
v 0.15788 1.69175 -0.16885
v 0.15901 1.69207 -0.16885
v 0.15984 1.69462 -0.16252
v 0.15901 1.69388 -0.16209
v 0.15788 1.69361 -0.16194
v 0.15901 1.69388 -0.16209
v 0.15984 1.69925 -0.1579
v 0.15901 1.69882 -0.15715
v 0.15788 1.69866 -0.15688
v 0.15901 1.69882 -0.15715
v 0.15984 1.70557 -0.1562
v 0.15788 1.69866 -0.15688
v 0.15901 1.69882 -0.15715
v 0.15901 1.70557 -0.15534
v 0.15788 1.70557 -0.15503
v 0.15901 1.70557 -0.15534
v 0.15984 1.7119 -0.1579
v 0.15901 1.71233 -0.15715
v 0.15788 1.71248 -0.15688
v 0.15901 1.71233 -0.15715
v 0.15984 1.71653 -0.16252
v 0.15788 1.71248 -0.15688
v 0.15901 1.71233 -0.15715
v 0.15901 1.71727 -0.16209
v 0.15788 1.71754 -0.16194
v 0.15901 1.71727 -0.16209
v 0.15984 1.71823 -0.16885
v 0.15901 1.71908 -0.16885
v 0.15788 1.7194 -0.16885
v 0.15901 1.71908 -0.16885
v -0.0501 1.71782 -0.17592
v -0.0501 1.71265 -0.1811
v -0.0501 1.71972 -0.16885
v -0.0501 1.70557 -0.18299
v -0.0501 1.6985 -0.1811
v -0.0501 1.69332 -0.17592
v -0.0501 1.69143 -0.16885
v -0.0501 1.69332 -0.16178
v -0.0501 1.6985 -0.1566
v -0.0501 1.70557 -0.15471
v -0.0501 1.71265 -0.1566
v -0.0501 1.71782 -0.16178
v -0.0501 1.71265 -0.1811
v -0.0501 1.71782 -0.17592
v -0.0501 1.70557 -0.18299
v -0.0501 1.71265 -0.1811
v -0.0501 1.6985 -0.1811
v -0.0501 1.69332 -0.17592
v -0.0501 1.6985 -0.1811
v -0.0501 1.69143 -0.16885
v -0.0501 1.69332 -0.16178
v -0.0501 1.6985 -0.1566
v -0.0501 1.70557 -0.15471
v -0.0501 1.6985 -0.1566
v -0.0501 1.71265 -0.1566
v -0.0501 1.71782 -0.16178
v -0.0501 1.71265 -0.1566
v -0.0501 1.71972 -0.16885
v 0.12019 0.94619 -0.16728
v 0.11385 0.93986 -0.16728
v 0.11407 0.93973 0.18094
v 0.12031 0.94598 0.18094
v 0.11153 0.93121 -0.16728
v 0.11179 0.93121 0.18094
v 0.11385 0.92255 -0.16728
v 0.11407 0.92268 0.18094
v 0.12019 0.91622 -0.16728
v 0.12031 0.91644 0.18094
v 0.12019 0.91622 -0.16728
v 0.12884 0.9139 -0.16728
v 0.12884 0.91415 0.18094
v 0.12031 0.91644 0.18094
v 0.13749 0.91622 -0.16728
v 0.13737 0.91644 0.18094
v 0.13749 0.91622 -0.16728
v 0.14382 0.92255 -0.16728
v 0.14361 0.92268 0.18094
v 0.13737 0.91644 0.18094
v 0.14614 0.93121 -0.16728
v 0.14589 0.93121 0.18094
v 0.14382 0.93986 -0.16728
v 0.14361 0.93973 0.18094
v 0.13749 0.94619 -0.16728
v 0.13737 0.94598 0.18094
v 0.13749 0.94619 -0.16728
v 0.12884 0.94851 -0.16728
v 0.12884 0.94826 0.18094
v 0.13737 0.94598 0.18094
v 0.12019 0.94619 -0.16728
v 0.12031 0.94598 0.18094
v 0.12884 0.94637 -0.16931
v 0.13642 0.94434 -0.16931
v 0.13555 0.94283 -0.16934
v 0.12884 0.94463 -0.16934
v 0.14197 0.93879 -0.16931
v 0.14046 0.93791 -0.16934
v 0.144 0.93121 -0.16931
v 0.14225 0.93121 -0.16934
v 0.14197 0.92363 -0.16931
v 0.14045 0.9245 -0.16934
v 0.13642 0.91808 -0.16931
v 0.13555 0.91959 -0.16934
v 0.12884 0.91604 -0.16931
v 0.12884 0.91779 -0.16934
v 0.12126 0.91808 -0.16931
v 0.12213 0.91958 -0.16934
v 0.11571 0.92363 -0.16931
v 0.11722 0.9245 -0.16934
v 0.11368 0.93121 -0.16931
v 0.11542 0.93121 -0.16934
v 0.11571 0.93879 -0.16931
v 0.11722 0.93792 -0.16934
v 0.12126 0.94434 -0.16931
v 0.12213 0.94283 -0.16934
v 0.12884 0.94612 0.18297
v 0.12139 0.94412 0.18297
v 0.12219 0.94273 0.18299
v 0.12884 0.94451 0.18299
v 0.11593 0.93866 0.18297
v 0.11732 0.93786 0.18299
v 0.11393 0.93121 0.18297
v 0.11553 0.93121 0.18299
v 0.11593 0.92375 0.18297
v 0.11732 0.92456 0.18299
v 0.12139 0.91829 0.18297
v 0.12219 0.91969 0.18299
v 0.12884 0.91629 0.18297
v 0.12884 0.9179 0.18299
v 0.1363 0.91829 0.18297
v 0.13549 0.91968 0.18299
v 0.14175 0.92375 0.18297
v 0.14036 0.92455 0.18299
v 0.14375 0.93121 0.18297
v 0.14215 0.93121 0.18299
v 0.14175 0.93866 0.18297
v 0.14036 0.93786 0.18299
v 0.1363 0.94412 0.18297
v 0.13549 0.94273 0.18299
v 0.13445 0.94093 -0.16732
v 0.13856 0.93682 -0.16732
v 0.13853 0.9368 -0.16264
v 0.13444 0.94091 -0.16264
v 0.14006 0.93121 -0.16732
v 0.14003 0.93121 -0.16264
v 0.13856 0.92559 -0.16732
v 0.13853 0.92561 -0.16264
v 0.13445 0.92148 -0.16732
v 0.13444 0.92151 -0.16264
v 0.13445 0.92148 -0.16732
v 0.12884 0.91998 -0.16732
v 0.12884 0.92001 -0.16264
v 0.13444 0.92151 -0.16264
v 0.12322 0.92148 -0.16732
v 0.12324 0.92151 -0.16264
v 0.12322 0.92148 -0.16732
v 0.11912 0.92559 -0.16732
v 0.11914 0.92561 -0.16264
v 0.12324 0.92151 -0.16264
v 0.11761 0.93121 -0.16732
v 0.11764 0.93121 -0.16264
v 0.11911 0.93682 -0.16732
v 0.11914 0.93681 -0.16264
v 0.12322 0.94093 -0.16732
v 0.12324 0.94091 -0.16264
v 0.12322 0.94093 -0.16732
v 0.12884 0.94244 -0.16732
v 0.12884 0.94241 -0.16264
v 0.12324 0.94091 -0.16264
v 0.13445 0.94093 -0.16732
v 0.13444 0.94091 -0.16264
v 0.12884 0.94232 0.18098
v 0.12328 0.94083 0.18098
v 0.1233 0.94081 0.17657
v 0.12884 0.94229 0.17657
v 0.12328 0.94083 0.18098
v 0.11922 0.93676 0.18098
v 0.11924 0.93675 0.17657
v 0.1233 0.94081 0.17657
v 0.11772 0.93121 0.18098
v 0.11775 0.93121 0.17657
v 0.11922 0.92565 0.18097
v 0.11924 0.92566 0.17657
v 0.12328 0.92158 0.18098
v 0.1233 0.92161 0.17657
v 0.12328 0.92158 0.18098
v 0.12884 0.92009 0.18098
v 0.12884 0.92012 0.17657
v 0.1233 0.92161 0.17657
v 0.1344 0.92158 0.18098
v 0.13439 0.9216 0.17657
v 0.1344 0.92158 0.18098
v 0.13847 0.92565 0.18098
v 0.13844 0.92566 0.17657
v 0.13439 0.9216 0.17657
v 0.13996 0.93121 0.18098
v 0.13993 0.93121 0.17657
v 0.13847 0.93677 0.18098
v 0.13844 0.93675 0.17657
v 0.1344 0.94084 0.18098
v 0.13439 0.94081 0.17657
v 0.1344 0.94084 0.18098
v 0.13439 0.94081 0.17657
v 0.12051 0.94563 -0.16877
v 0.11441 0.93954 -0.16876
v 0.12051 0.94563 -0.16877
v 0.11441 0.93954 -0.16876
v 0.11218 0.93121 -0.16876
v 0.11218 0.93121 -0.16876
v 0.11441 0.92288 -0.16876
v 0.11441 0.92288 -0.16876
v 0.12051 0.91678 -0.16877
v 0.12051 0.91678 -0.16877
v 0.12051 0.91678 -0.16877
v 0.12884 0.91455 -0.16877
v 0.12884 0.91455 -0.16877
v 0.13717 0.91678 -0.16877
v 0.13717 0.91678 -0.16877
v 0.13717 0.91678 -0.16877
v 0.14327 0.92288 -0.16876
v 0.14327 0.92288 -0.16876
v 0.1455 0.93121 -0.16876
v 0.1455 0.93121 -0.16876
v 0.14327 0.93954 -0.16876
v 0.14327 0.93954 -0.16876
v 0.13717 0.94563 -0.16877
v 0.13717 0.94563 -0.16877
v 0.13717 0.94563 -0.16877
v 0.12884 0.94787 -0.16877
v 0.12884 0.94787 -0.16877
v 0.12051 0.94563 -0.16877
v 0.12064 0.94542 0.18242
v 0.12884 0.94761 0.18242
v 0.12064 0.94542 0.18242
v 0.12884 0.94761 0.18242
v 0.11463 0.93941 0.18242
v 0.12064 0.94542 0.18242
v 0.11463 0.93941 0.18242
v 0.11243 0.93121 0.18242
v 0.11243 0.93121 0.18242
v 0.11463 0.923 0.18242
v 0.11463 0.923 0.18242
v 0.12064 0.917 0.18242
v 0.12064 0.917 0.18242
v 0.12884 0.9148 0.18242
v 0.12064 0.917 0.18242
v 0.12884 0.9148 0.18242
v 0.13704 0.917 0.18242
v 0.13704 0.917 0.18242
v 0.14305 0.923 0.18242
v 0.13704 0.917 0.18242
v 0.14305 0.923 0.18242
v 0.14525 0.93121 0.18242
v 0.14525 0.93121 0.18242
v 0.14305 0.93941 0.18242
v 0.14305 0.93941 0.18242
v 0.13704 0.94542 0.18242
v 0.13704 0.94542 0.18242
v 0.13704 0.94542 0.18242
v 0.13479 0.94151 -0.16881
v 0.12884 0.9431 -0.16881
v 0.13479 0.94151 -0.16881
v 0.12884 0.9431 -0.16881
v 0.12289 0.94151 -0.16881
v 0.12289 0.94151 -0.16881
v 0.13479 0.94151 -0.16881
v 0.13914 0.93715 -0.16881
v 0.13914 0.93715 -0.16881
v 0.14073 0.93121 -0.16881
v 0.14073 0.93121 -0.16881
v 0.13914 0.92526 -0.16881
v 0.13914 0.92526 -0.16881
v 0.13479 0.92091 -0.16881
v 0.13479 0.92091 -0.16881
v 0.13479 0.92091 -0.16881
v 0.12884 0.91931 -0.16881
v 0.12884 0.91931 -0.16881
v 0.12289 0.9209 -0.16881
v 0.12289 0.9209 -0.16881
v 0.12289 0.9209 -0.16881
v 0.11854 0.92526 -0.16881
v 0.11854 0.92526 -0.16881
v 0.11695 0.93121 -0.16881
v 0.11695 0.93121 -0.16881
v 0.11854 0.93716 -0.16881
v 0.11854 0.93716 -0.16881
v 0.12289 0.94151 -0.16881
v 0.12295 0.94141 0.18247
v 0.12884 0.94299 0.18247
v 0.12295 0.94141 0.18247
v 0.12884 0.94299 0.18247
v 0.13473 0.94141 0.18247
v 0.13473 0.94141 0.18247
v 0.12295 0.94141 0.18247
v 0.11864 0.9371 0.18247
v 0.11864 0.9371 0.18247
v 0.11706 0.93121 0.18247
v 0.11706 0.93121 0.18247
v 0.11864 0.92532 0.18247
v 0.11864 0.92532 0.18247
v 0.12295 0.921 0.18247
v 0.12295 0.921 0.18247
v 0.12295 0.921 0.18247
v 0.12884 0.91942 0.18247
v 0.12884 0.91942 0.18247
v 0.13473 0.921 0.18247
v 0.13473 0.921 0.18247
v 0.13473 0.921 0.18247
v 0.13904 0.92531 0.18247
v 0.13904 0.92531 0.18247
v 0.14063 0.93121 0.18247
v 0.14063 0.93121 0.18247
v 0.13905 0.9371 0.18247
v 0.13905 0.9371 0.18247
v 0.13473 0.94141 0.18247
v -0.06548 1.71266 -0.17269
v -0.06548 1.71031 -0.17504
v -0.06548 1.71266 -0.17269
v -0.06537 1.7127 -0.17271
v -0.06537 1.71033 -0.17508
v -0.06548 1.71031 -0.17504
v -0.06548 1.70148 -0.16629
v -0.06548 1.70388 -0.16391
v -0.06548 1.70148 -0.16629
v -0.06537 1.70147 -0.16624
v -0.06537 1.70386 -0.16387
v -0.06548 1.70388 -0.16391
v -0.04853 1.71268 -0.1727
v -0.04853 1.71032 -0.17506
v -0.04853 1.71032 -0.17506
v -0.04853 1.70709 -0.17592
v -0.06537 1.70709 -0.17595
v -0.06537 1.71033 -0.17508
v -0.04853 1.70387 -0.17506
v -0.06537 1.70386 -0.17508
v -0.04853 1.70147 -0.1727
v -0.06537 1.70147 -0.17271
v -0.04853 1.70147 -0.16625
v -0.04853 1.70387 -0.16389
v -0.04853 1.70709 -0.16303
v -0.06537 1.70709 -0.16301
v -0.04853 1.71032 -0.16389
v -0.06537 1.71033 -0.16387
v -0.04853 1.71032 -0.16389
v -0.04853 1.71268 -0.16625
v -0.06537 1.7127 -0.16624
v -0.06537 1.71033 -0.16387
v -0.04853 1.71354 -0.16948
v -0.06537 1.71356 -0.16948
v -0.06548 1.70709 -0.1759
v -0.06548 1.71031 -0.17504
v -0.06548 1.70709 -0.1759
v -0.06548 1.70388 -0.17504
v -0.06548 1.70388 -0.17504
v -0.06542 1.70155 -0.17269
v -0.06537 1.70386 -0.17508
v -0.06537 1.70147 -0.17271
v -0.06548 1.70709 -0.16305
v -0.06548 1.70709 -0.16305
v -0.06548 1.71031 -0.16391
v -0.06548 1.71031 -0.16391
v -0.06548 1.71266 -0.16626
v -0.06548 1.71031 -0.16391
v -0.06548 1.71266 -0.16626
v -0.06548 1.71352 -0.16948
v -0.06548 1.71352 -0.16948
v -0.06543 1.70143 -0.17263
v -0.06546 1.7015 -0.17264
v -0.06552 1.70147 -0.17256
v -0.06552 1.70153 -0.17258
v -0.06524 1.69598 -0.17267
v -0.06541 1.69605 -0.17267
v -0.0653 1.69616 -0.17271
v -0.06514 1.69609 -0.17271
v -0.06548 1.69621 -0.17266
v -0.06537 1.69633 -0.17271
v -0.06525 1.69598 -0.16629
v -0.06541 1.69605 -0.16629
v -0.06546 1.69601 -0.1664
v -0.06529 1.69594 -0.1664
v -0.06541 1.69605 -0.16629
v -0.06548 1.69621 -0.16629
v -0.06552 1.69617 -0.1664
v -0.06546 1.69601 -0.1664
v -0.06548 1.69621 -0.17266
v -0.06552 1.69617 -0.17256
v -0.06537 1.69633 -0.17271
v -0.0653 1.69594 -0.17256
v -0.04853 1.69594 -0.17255
v -0.04853 1.69594 -0.16948
v -0.06529 1.69594 -0.16948
v -0.04853 1.69594 -0.16641
v -0.06552 1.69617 -0.16948
v -0.06548 1.69621 -0.16629
v -0.06537 1.69633 -0.16624
v -0.06524 1.69598 -0.17267
v -0.04853 1.69598 -0.17265
v -0.04853 1.69609 -0.1727
v -0.04853 1.69598 -0.17265
v -0.06514 1.69609 -0.16624
v -0.06525 1.69598 -0.16629
v -0.04853 1.69598 -0.1663
v -0.04853 1.69609 -0.16625
v -0.04853 1.69598 -0.1663
v -0.06546 1.69601 -0.17256
v -0.06546 1.69601 -0.16948
v -0.06546 1.69601 -0.17256
v -0.06546 1.69601 -0.16948
v -0.06541 1.69605 -0.17267
v -0.06541 1.69605 -0.17267
v -0.0653 1.69616 -0.16624
v -0.06541 1.69605 -0.16629
v 0.12019 0.66481 -0.16728
v 0.11385 0.65848 -0.16728
v 0.11407 0.65835 0.18094
v 0.12031 0.66459 0.18094
v 0.11153 0.64982 -0.16728
v 0.11179 0.64982 0.18094
v 0.11385 0.64117 -0.16728
v 0.11407 0.6413 0.18094
v 0.12019 0.63484 -0.16728
v 0.12031 0.63505 0.18094
v 0.12019 0.63484 -0.16728
v 0.12884 0.63252 -0.16728
v 0.12884 0.63277 0.18094
v 0.12031 0.63505 0.18094
v 0.13749 0.63484 -0.16728
v 0.13737 0.63505 0.18094
v 0.13749 0.63484 -0.16728
v 0.14382 0.64117 -0.16728
v 0.14361 0.6413 0.18094
v 0.13737 0.63505 0.18094
v 0.14614 0.64982 -0.16728
v 0.14589 0.64982 0.18094
v 0.14382 0.65848 -0.16728
v 0.14361 0.65835 0.18094
v 0.13749 0.66481 -0.16728
v 0.13737 0.6646 0.18094
v 0.13749 0.66481 -0.16728
v 0.12884 0.66713 -0.16728
v 0.12884 0.66688 0.18094
v 0.13737 0.6646 0.18094
v 0.12019 0.66481 -0.16728
v 0.12031 0.66459 0.18094
v 0.12884 0.66499 -0.16931
v 0.13642 0.66295 -0.16931
v 0.13555 0.66144 -0.16934
v 0.12884 0.66324 -0.16934
v 0.14197 0.65741 -0.16931
v 0.14046 0.65653 -0.16934
v 0.144 0.64982 -0.16931
v 0.14225 0.64982 -0.16934
v 0.14197 0.64224 -0.16931
v 0.14045 0.64312 -0.16934
v 0.13642 0.63669 -0.16931
v 0.13555 0.6382 -0.16934
v 0.12884 0.63466 -0.16931
v 0.12884 0.6364 -0.16934
v 0.12126 0.63669 -0.16931
v 0.12213 0.6382 -0.16934
v 0.11571 0.64224 -0.16931
v 0.11722 0.64312 -0.16934
v 0.11368 0.64982 -0.16931
v 0.11542 0.64982 -0.16934
v 0.11571 0.65741 -0.16931
v 0.11722 0.65653 -0.16934
v 0.12126 0.66295 -0.16931
v 0.12213 0.66144 -0.16934
v 0.12884 0.66474 0.18297
v 0.12139 0.66274 0.18297
v 0.12219 0.66134 0.18299
v 0.12884 0.66313 0.18299
v 0.11593 0.65728 0.18297
v 0.11732 0.65647 0.18299
v 0.11393 0.64982 0.18297
v 0.11553 0.64982 0.18299
v 0.11593 0.64237 0.18297
v 0.11732 0.64317 0.18299
v 0.12139 0.63691 0.18297
v 0.12219 0.6383 0.18299
v 0.12884 0.63491 0.18297
v 0.12884 0.63652 0.18299
v 0.1363 0.63691 0.18297
v 0.13549 0.6383 0.18299
v 0.14175 0.64237 0.18297
v 0.14036 0.64317 0.18299
v 0.14375 0.64982 0.18297
v 0.14215 0.64982 0.18299
v 0.14175 0.65728 0.18297
v 0.14036 0.65648 0.18299
v 0.1363 0.66274 0.18297
v 0.13549 0.66135 0.18299
v 0.13445 0.65955 -0.16732
v 0.13856 0.65544 -0.16732
v 0.13853 0.65542 -0.16264
v 0.13444 0.65952 -0.16264
v 0.14006 0.64982 -0.16732
v 0.14003 0.64982 -0.16264
v 0.13856 0.64421 -0.16732
v 0.13853 0.64423 -0.16264
v 0.13445 0.6401 -0.16732
v 0.13444 0.64013 -0.16264
v 0.13445 0.6401 -0.16732
v 0.12884 0.63859 -0.16732
v 0.12884 0.63862 -0.16264
v 0.13444 0.64013 -0.16264
v 0.12322 0.6401 -0.16732
v 0.12324 0.64012 -0.16264
v 0.12322 0.6401 -0.16732
v 0.11912 0.64421 -0.16732
v 0.11914 0.64422 -0.16264
v 0.12324 0.64012 -0.16264
v 0.11761 0.64982 -0.16732
v 0.11764 0.64982 -0.16264
v 0.11911 0.65544 -0.16732
v 0.11914 0.65543 -0.16264
v 0.12322 0.65955 -0.16732
v 0.12324 0.65952 -0.16264
v 0.12322 0.65955 -0.16732
v 0.12884 0.66105 -0.16732
v 0.12884 0.66102 -0.16264
v 0.12324 0.65952 -0.16264
v 0.13445 0.65955 -0.16732
v 0.13444 0.65952 -0.16264
v 0.12884 0.66094 0.18098
v 0.12328 0.65945 0.18098
v 0.1233 0.65943 0.17657
v 0.12884 0.66091 0.17657
v 0.12328 0.65945 0.18098
v 0.11922 0.65538 0.18098
v 0.11924 0.65537 0.17657
v 0.1233 0.65943 0.17657
v 0.11772 0.64982 0.18098
v 0.11775 0.64982 0.17657
v 0.11922 0.64427 0.18097
v 0.11924 0.64428 0.17657
v 0.12328 0.6402 0.18098
v 0.1233 0.64022 0.17657
v 0.12328 0.6402 0.18098
v 0.12884 0.63871 0.18098
v 0.12884 0.63874 0.17657
v 0.1233 0.64022 0.17657
v 0.1344 0.64019 0.18098
v 0.13439 0.64022 0.17657
v 0.1344 0.64019 0.18098
v 0.13847 0.64426 0.18098
v 0.13844 0.64428 0.17657
v 0.13439 0.64022 0.17657
v 0.13996 0.64982 0.18098
v 0.13993 0.64982 0.17657
v 0.13847 0.65538 0.18098
v 0.13844 0.65537 0.17657
v 0.1344 0.65945 0.18098
v 0.13439 0.65943 0.17657
v 0.1344 0.65945 0.18098
v 0.13439 0.65943 0.17657
v 0.12051 0.66425 -0.16877
v 0.11441 0.65815 -0.16876
v 0.12051 0.66425 -0.16877
v 0.11441 0.65815 -0.16876
v 0.11218 0.64982 -0.16876
v 0.11218 0.64982 -0.16876
v 0.11441 0.6415 -0.16876
v 0.11441 0.6415 -0.16876
v 0.12051 0.6354 -0.16877
v 0.12051 0.6354 -0.16877
v 0.12051 0.6354 -0.16877
v 0.12884 0.63316 -0.16877
v 0.12884 0.63316 -0.16877
v 0.13717 0.6354 -0.16877
v 0.13717 0.6354 -0.16877
v 0.13717 0.6354 -0.16877
v 0.14327 0.64149 -0.16876
v 0.14327 0.64149 -0.16876
v 0.1455 0.64982 -0.16876
v 0.1455 0.64982 -0.16876
v 0.14327 0.65815 -0.16876
v 0.14327 0.65815 -0.16876
v 0.13717 0.66425 -0.16877
v 0.13717 0.66425 -0.16877
v 0.13717 0.66425 -0.16877
v 0.12884 0.66648 -0.16877
v 0.12884 0.66648 -0.16877
v 0.12051 0.66425 -0.16877
v 0.12064 0.66403 0.18242
v 0.12884 0.66623 0.18242
v 0.12064 0.66403 0.18242
v 0.12884 0.66623 0.18242
v 0.11463 0.65803 0.18242
v 0.12064 0.66403 0.18242
v 0.11463 0.65803 0.18242
v 0.11243 0.64982 0.18242
v 0.11243 0.64982 0.18242
v 0.11463 0.64162 0.18242
v 0.11463 0.64162 0.18242
v 0.12064 0.63562 0.18242
v 0.12064 0.63562 0.18242
v 0.12884 0.63342 0.18242
v 0.12064 0.63562 0.18242
v 0.12884 0.63342 0.18242
v 0.13704 0.63562 0.18242
v 0.13704 0.63562 0.18242
v 0.14305 0.64162 0.18242
v 0.13704 0.63562 0.18242
v 0.14305 0.64162 0.18242
v 0.14525 0.64982 0.18242
v 0.14525 0.64982 0.18242
v 0.14305 0.65803 0.18242
v 0.14305 0.65803 0.18242
v 0.13704 0.66403 0.18242
v 0.13704 0.66403 0.18242
v 0.13704 0.66403 0.18242
v 0.13479 0.66012 -0.16881
v 0.12884 0.66172 -0.16881
v 0.13479 0.66012 -0.16881
v 0.12884 0.66172 -0.16881
v 0.12289 0.66013 -0.16881
v 0.12289 0.66013 -0.16881
v 0.13479 0.66012 -0.16881
v 0.13914 0.65577 -0.16881
v 0.13914 0.65577 -0.16881
v 0.14073 0.64982 -0.16881
v 0.14073 0.64982 -0.16881
v 0.13914 0.64388 -0.16881
v 0.13914 0.64388 -0.16881
v 0.13479 0.63952 -0.16881
v 0.13479 0.63952 -0.16881
v 0.13479 0.63952 -0.16881
v 0.12884 0.63793 -0.16881
v 0.12884 0.63793 -0.16881
v 0.12289 0.63952 -0.16881
v 0.12289 0.63952 -0.16881
v 0.12289 0.63952 -0.16881
v 0.11854 0.64388 -0.16881
v 0.11854 0.64388 -0.16881
v 0.11695 0.64982 -0.16881
v 0.11695 0.64982 -0.16881
v 0.11854 0.65577 -0.16881
v 0.11854 0.65577 -0.16881
v 0.12289 0.66013 -0.16881
v 0.12295 0.66003 0.18247
v 0.12884 0.66161 0.18247
v 0.12295 0.66003 0.18247
v 0.12884 0.66161 0.18247
v 0.13473 0.66003 0.18247
v 0.13473 0.66003 0.18247
v 0.12295 0.66003 0.18247
v 0.11864 0.65571 0.18247
v 0.11864 0.65571 0.18247
v 0.11706 0.64982 0.18247
v 0.11706 0.64982 0.18247
v 0.11864 0.64393 0.18247
v 0.11864 0.64393 0.18247
v 0.12295 0.63962 0.18247
v 0.12295 0.63962 0.18247
v 0.12295 0.63962 0.18247
v 0.12884 0.63804 0.18247
v 0.12884 0.63804 0.18247
v 0.13473 0.63962 0.18247
v 0.13473 0.63962 0.18247
v 0.13473 0.63962 0.18247
v 0.13904 0.64393 0.18247
v 0.13904 0.64393 0.18247
v 0.14063 0.64982 0.18247
v 0.14063 0.64982 0.18247
v 0.13905 0.65572 0.18247
v 0.13905 0.65572 0.18247
v 0.13473 0.66003 0.18247
v 0.09552 1.48838 0.16357
v 0.09801 1.48952 0.16632
v 0.10282 1.47551 0.16361
v 0.10263 1.47179 0.16261
v 0.09212 1.48683 0.16256
v 0.09552 1.48838 0.16357
v 0.10244 1.46807 0.16361
v 0.08872 1.48529 0.16357
v 0.10244 1.46807 0.16361
v 0.10229 1.46535 0.16635
v 0.08623 1.48416 0.16631
v 0.08872 1.48529 0.16357
v 0.10224 1.46435 0.17009
v 0.08531 1.48375 0.17006
v 0.10228 1.46535 0.17384
v 0.08622 1.48418 0.17382
v 0.10242 1.46808 0.17658
v 0.08871 1.48531 0.17657
v 0.10242 1.46808 0.17658
v 0.1026 1.4718 0.17758
v 0.09211 1.48686 0.17757
v 0.08871 1.48531 0.17657
v 0.10279 1.47552 0.17658
v 0.09551 1.4884 0.17657
v 0.09801 1.48953 0.17382
v 0.09551 1.4884 0.17657
v 0.09892 1.48994 0.17007
v -0.01073 1.69036 0.16354
v -0.00978 1.69079 0.16744
v -0.01073 1.69036 0.17134
v -0.01333 1.68917 0.17419
v -0.01333 1.68917 0.17419
v -0.01688 1.68756 0.17524
v -0.02043 1.68595 0.17419
v -0.02043 1.68595 0.17419
v -0.02303 1.68476 0.17134
v -0.02398 1.68433 0.16744
v -0.02303 1.68476 0.16354
v -0.02043 1.68595 0.16068
v -0.02043 1.68595 0.16068
v -0.01688 1.68756 0.15964
v -0.01333 1.68917 0.16068
v -0.01333 1.68917 0.16068
v 0.13132 1.70015 0.16082
v 0.13132 1.6963 0.15697
v -0.05551 1.69646 0.1567
v -0.05551 1.70043 0.16066
v 0.13132 1.6963 0.15697
v 0.13132 1.69104 0.15556
v -0.05551 1.69104 0.15524
v -0.05551 1.69646 0.1567
v 0.13132 1.68578 0.15697
v -0.05551 1.68562 0.1567
v 0.13132 1.68578 0.15697
v 0.13132 1.68193 0.16082
v -0.05551 1.68165 0.16066
v -0.05551 1.68562 0.1567
v 0.13132 1.68052 0.16609
v -0.05551 1.6802 0.16609
v 0.13132 1.68193 0.17135
v -0.05551 1.68165 0.17151
v 0.13132 1.68578 0.1752
v -0.05551 1.68562 0.17548
v 0.13132 1.68578 0.1752
v 0.13132 1.69104 0.17661
v -0.05551 1.69104 0.17693
v -0.05551 1.68562 0.17548
v 0.13132 1.6963 0.1752
v -0.05551 1.69646 0.17548
v 0.13132 1.6963 0.1752
v 0.13132 1.70015 0.17135
v -0.05551 1.70043 0.17151
v -0.05551 1.69646 0.17548
v 0.13132 1.70156 0.16609
v -0.05551 1.70188 0.16609
v -0.07167 1.69892 0.16263
v -0.07167 1.69657 0.16028
v -0.07167 1.69892 0.16263
v -0.07156 1.69896 0.16261
v -0.07157 1.69659 0.16024
v -0.07167 1.69657 0.16028
v -0.07167 1.68775 0.16903
v -0.07168 1.69014 0.17141
v -0.07167 1.68775 0.16903
v -0.07156 1.68773 0.16908
v -0.07157 1.69012 0.17145
v -0.07168 1.69014 0.17141
v -0.05472 1.69894 0.16262
v -0.05472 1.69658 0.16026
v -0.05472 1.69658 0.16026
v -0.05472 1.69336 0.1594
v -0.07156 1.69336 0.15937
v -0.07157 1.69659 0.16024
v -0.05472 1.69013 0.16026
v -0.07157 1.69012 0.16024
v -0.05472 1.68773 0.16262
v -0.07156 1.68773 0.16261
v -0.05472 1.68773 0.16907
v -0.05472 1.69013 0.17143
v -0.05472 1.69336 0.17229
v -0.07156 1.69336 0.17231
v -0.05472 1.69658 0.17143
v -0.07156 1.69659 0.17145
v -0.05472 1.69658 0.17143
v -0.05472 1.69894 0.16907
v -0.07157 1.69896 0.16908
v -0.07156 1.69659 0.17145
v -0.05472 1.6998 0.16584
v -0.07157 1.69982 0.16584
v -0.07167 1.69336 0.15942
v -0.07167 1.69657 0.16028
v -0.07167 1.69336 0.15942
v -0.07167 1.69014 0.16028
v -0.07167 1.69014 0.16028
v -0.07162 1.68781 0.16263
v -0.07157 1.69012 0.16024
v -0.07156 1.68773 0.16261
v -0.07167 1.69336 0.17227
v -0.07167 1.69336 0.17227
v -0.07167 1.69657 0.17141
v -0.07167 1.69657 0.17141
v -0.07168 1.69892 0.16906
v -0.07167 1.69657 0.17141
v -0.07168 1.69892 0.16906
v -0.07167 1.69978 0.16584
v -0.07167 1.69978 0.16584
v -0.07162 1.68769 0.16269
v -0.07165 1.68776 0.16268
v -0.07172 1.68773 0.16276
v -0.07172 1.6878 0.16274
v -0.07143 1.68225 0.16266
v -0.0716 1.68231 0.16266
v -0.0715 1.68242 0.16261
v -0.07133 1.68236 0.16261
v -0.07167 1.68247 0.16266
v -0.07156 1.68259 0.16261
v -0.07144 1.68225 0.16903
v -0.0716 1.68231 0.16903
v -0.07165 1.68227 0.16892
v -0.07149 1.6822 0.16892
v -0.0716 1.68231 0.16903
v -0.07167 1.68248 0.16903
v -0.07172 1.68243 0.16892
v -0.07165 1.68227 0.16892
v -0.07167 1.68247 0.16266
v -0.07172 1.68243 0.16276
v -0.07156 1.68259 0.16261
v -0.07149 1.6822 0.16276
v -0.05472 1.6822 0.16278
v -0.05472 1.6822 0.16584
v -0.07149 1.6822 0.16584
v -0.05472 1.6822 0.16891
v -0.07172 1.68243 0.16584
v -0.07167 1.68248 0.16903
v -0.07156 1.68259 0.16908
v -0.07143 1.68225 0.16266
v -0.05472 1.68225 0.16267
v -0.05472 1.68236 0.16262
v -0.05472 1.68225 0.16267
v -0.07133 1.68236 0.16908
v -0.07144 1.68225 0.16903
v -0.05472 1.68225 0.16902
v -0.05472 1.68236 0.16907
v -0.05472 1.68225 0.16902
v -0.07165 1.68227 0.16276
v -0.07165 1.68227 0.16584
v -0.07165 1.68227 0.16276
v -0.07165 1.68227 0.16584
v -0.0716 1.68231 0.16266
v -0.0716 1.68231 0.16266
v -0.0715 1.68242 0.16908
v -0.0716 1.68231 0.16903
v 0.10393 1.0209 0.16653
v 0.10393 1.01705 0.16365
v -0.14074 1.01721 0.16137
v -0.14074 1.02118 0.16534
v 0.10393 1.01705 0.16365
v 0.10393 1.01178 0.16259
v -0.14074 1.01178 0.15992
v -0.14074 1.01721 0.16137
v 0.10393 1.00652 0.16365
v -0.14074 1.00636 0.16137
v 0.10393 1.00652 0.16365
v 0.10393 1.00267 0.16653
v -0.14074 1.00239 0.16534
v -0.14074 1.00636 0.16137
v 0.10393 1.00126 0.17047
v -0.14074 1.00094 0.17076
v 0.10393 1.00267 0.1744
v -0.14074 1.00239 0.17619
v 0.10393 1.00652 0.17728
v -0.14074 1.00636 0.18015
v 0.10393 1.00652 0.17728
v 0.10393 1.01178 0.17834
v -0.14074 1.01178 0.18161
v -0.14074 1.00636 0.18015
v 0.10393 1.01705 0.17728
v -0.14074 1.01721 0.18015
v 0.10393 1.01705 0.17728
v 0.10393 1.0209 0.1744
v -0.14074 1.02118 0.17619
v -0.14074 1.01721 0.18015
v 0.10393 1.02231 0.17047
v -0.14074 1.02263 0.17076
v -0.15999 1.01967 0.16731
v -0.15999 1.01731 0.16496
v -0.15999 1.01967 0.16731
v -0.15988 1.01971 0.16729
v -0.15988 1.01734 0.16492
v -0.15999 1.01731 0.16496
v -0.15999 1.00849 0.17371
v -0.15999 1.01089 0.17608
v -0.15999 1.00849 0.17371
v -0.15988 1.00847 0.17376
v -0.15988 1.01087 0.17612
v -0.15999 1.01089 0.17608
v -0.13995 1.01969 0.1673
v -0.13995 1.01733 0.16494
v -0.13995 1.01733 0.16494
v -0.13995 1.0141 0.16407
v -0.15988 1.0141 0.16405
v -0.15988 1.01734 0.16492
v -0.13995 1.01088 0.16494
v -0.15988 1.01087 0.16492
v -0.13995 1.00847 0.1673
v -0.15988 1.00847 0.16729
v -0.13995 1.00847 0.17375
v -0.13995 1.01088 0.17611
v -0.13995 1.0141 0.17697
v -0.15988 1.0141 0.17699
v -0.13995 1.01733 0.17611
v -0.15988 1.01734 0.17612
v -0.13995 1.01733 0.17611
v -0.13995 1.01969 0.17375
v -0.15988 1.01971 0.17376
v -0.15988 1.01734 0.17612
v -0.13995 1.02055 0.17052
v -0.15988 1.02057 0.17052
v -0.15999 1.0141 0.1641
v -0.15999 1.01731 0.16496
v -0.15999 1.0141 0.1641
v -0.15999 1.01089 0.16496
v -0.15999 1.01089 0.16496
v -0.15993 1.00856 0.16731
v -0.15988 1.01087 0.16492
v -0.15988 1.00847 0.16729
v -0.15999 1.0141 0.17695
v -0.15999 1.0141 0.17695
v -0.15999 1.01731 0.17608
v -0.15999 1.01731 0.17608
v -0.15999 1.01967 0.17373
v -0.15999 1.01731 0.17608
v -0.15999 1.01967 0.17373
v -0.15999 1.02053 0.17052
v -0.15999 1.02053 0.17052
v -0.15994 1.00844 0.16737
v -0.15997 1.0085 0.16736
v -0.16003 1.00847 0.16744
v -0.16003 1.00854 0.16742
v -0.15975 1.00299 0.16733
v -0.15992 1.00306 0.16733
v -0.15981 1.00317 0.16729
v -0.15965 1.0031 0.16729
v -0.15999 1.00322 0.16733
v -0.15988 1.00333 0.16729
v -0.15976 1.00299 0.17371
v -0.15992 1.00306 0.17371
v -0.15997 1.00301 0.1736
v -0.1598 1.00295 0.1736
v -0.15992 1.00306 0.17371
v -0.15999 1.00322 0.17371
v -0.16003 1.00318 0.1736
v -0.15997 1.00301 0.1736
v -0.15999 1.00322 0.16733
v -0.16003 1.00318 0.16744
v -0.15988 1.00333 0.16729
v -0.15981 1.00295 0.16744
v -0.13995 1.00295 0.16745
v -0.13995 1.00295 0.17052
v -0.1598 1.00295 0.17052
v -0.13995 1.00295 0.17359
v -0.16003 1.00318 0.17052
v -0.15999 1.00322 0.17371
v -0.15988 1.00333 0.17376
v -0.15975 1.00299 0.16733
v -0.13995 1.00299 0.16734
v -0.13995 1.0031 0.1673
v -0.13995 1.00299 0.16734
v -0.15965 1.0031 0.17376
v -0.15976 1.00299 0.17371
v -0.13995 1.00299 0.1737
v -0.13995 1.0031 0.17375
v -0.13995 1.00299 0.1737
v -0.15997 1.00301 0.16744
v -0.15997 1.00301 0.17052
v -0.15997 1.00301 0.16744
v -0.15997 1.00301 0.17052
v -0.15992 1.00306 0.16733
v -0.15992 1.00306 0.16733
v -0.15981 1.00317 0.17376
v -0.15992 1.00306 0.17371
v 0.0363 1.67893 0.16735
v 0.03578 1.67945 0.16735
v 0.03578 1.6933 -0.17021
v 0.03629 1.69277 -0.17032
v 0.06325 1.67945 0.16735
v 0.06273 1.67893 0.16735
v 0.06273 1.69277 -0.17032
v 0.06325 1.6933 -0.17021
v 0.03578 1.70202 0.16735
v 0.0363 1.70254 0.16735
v 0.06273 1.70254 0.16735
v 0.06325 1.70202 0.16735
v 0.03578 1.71503 -0.16385
v 0.0363 1.71511 -0.16436
v 0.06273 1.71511 -0.16436
v 0.06325 1.71503 -0.16385
v 0.06325 1.67945 0.16735
v 0.06325 1.6933 -0.17021
v 0.06325 1.71503 -0.16385
v 0.06325 1.70202 0.16735
v 0.03578 1.6933 -0.17021
v 0.03578 1.67945 0.16735
v 0.03578 1.70202 0.16735
v 0.03578 1.71503 -0.16385
v 0.10296 0.79899 0.16567
v 0.10282 0.79626 0.16292
v 0.09968 0.79659 0.16292
v 0.09994 0.79909 0.16566
v 0.10282 0.79626 0.16292
v 0.10263 0.79254 0.16192
v 0.09932 0.79317 0.16191
v 0.09968 0.79659 0.16292
v 0.10244 0.78882 0.16292
v 0.09896 0.78975 0.16292
v 0.10244 0.78882 0.16292
v 0.10229 0.78609 0.16566
v 0.09868 0.78725 0.16566
v 0.09896 0.78975 0.16292
v 0.10224 0.7851 0.16941
v 0.09858 0.78633 0.1694
v 0.10228 0.78609 0.17315
v 0.09867 0.78725 0.17314
v 0.10242 0.78882 0.17589
v 0.09893 0.78976 0.17589
v 0.10242 0.78882 0.17589
v 0.1026 0.79254 0.17689
v 0.09929 0.79317 0.17689
v 0.09893 0.78976 0.17589
v 0.10279 0.79626 0.17589
v 0.09966 0.79659 0.17589
v 0.10279 0.79626 0.17589
v 0.10294 0.79899 0.17315
v 0.09993 0.79909 0.17315
v 0.09966 0.79659 0.17589
v 0.103 0.79999 0.16941
v 0.10003 0.80001 0.1694
v -0.10393 1.00989 0.17681
v -0.10748 1.00828 0.17786
v -0.11103 1.00666 0.17681
v -0.11103 1.00666 0.17681
v -0.11363 1.00548 0.17396
v -0.11458 1.00505 0.17006
v -0.11363 1.00548 0.16615
v -0.11103 1.00666 0.1633
v -0.11103 1.00666 0.1633
v -0.10748 1.00828 0.16226
v -0.10393 1.00989 0.1633
v 0.10373 1.00267 -0.17375
v 0.10373 1.00267 -0.16587
v 0.10373 1.00126 -0.16981
v 0.10373 1.00652 -0.17663
v 0.10373 1.00652 -0.16299
v 0.10373 1.01178 -0.17768
v 0.10373 1.01178 -0.16193
v 0.10373 1.01705 -0.17663
v 0.10373 1.01705 -0.16299
v 0.10373 1.0209 -0.17375
v 0.10373 1.0209 -0.16587
v 0.10373 1.02231 -0.16981
v 0.11914 1.53252 -0.16264
v 0.11914 1.52132 -0.16264
v 0.11764 1.52692 -0.16264
v 0.12324 1.53662 -0.16264
v 0.12324 1.51722 -0.16264
v 0.12884 1.53812 -0.16264
v 0.12884 1.51572 -0.16264
v 0.13444 1.53662 -0.16264
v 0.13444 1.51723 -0.16264
v 0.13853 1.53252 -0.16264
v 0.13853 1.52133 -0.16264
v 0.14003 1.52692 -0.16264
v 0.11924 1.52138 0.17657
v 0.11924 1.53247 0.17657
v 0.11775 1.52692 0.17657
v 0.1233 1.51732 0.17657
v 0.1233 1.53652 0.17657
v 0.12884 1.53801 0.17657
v 0.12884 1.51584 0.17657
v 0.13439 1.51732 0.17657
v 0.13439 1.53653 0.17657
v 0.13844 1.52138 0.17657
v 0.13844 1.53247 0.17657
v 0.13993 1.52692 0.17657
v 0.10886 0.00034 0.17958
v 0.14574 0.05692 0.17723
v 0.14574 0.00014 0.17723
v 0.14574 0.00014 0.17723
v 0.10933 0.00041 0.17723
v 0.10889 0.00042 0.17723
v 0.10997 0.00041 0.17723
v 0.14574 0.00006 0.17958
v 0.14574 1.5269 0.17958
v 0.10941 0.00033 0.17958
v 0.11023 0.00032 0.17958
v 0.10886 0.00034 -0.15976
v 0.14574 0.05692 -0.16212
v 0.14574 0.00014 -0.16212
v 0.14574 0.00014 -0.16212
v 0.10933 0.00041 -0.16212
v 0.10889 0.00042 -0.16212
v 0.10997 0.00041 -0.16212
v 0.14574 0.00006 -0.15976
v 0.14574 1.5269 -0.15976
v 0.14574 0.00006 -0.15976
v 0.14574 0.00006 -0.15976
v 0.10941 0.00033 -0.15976
v 0.11023 0.00032 -0.15976
v 0.11914 0.36421 -0.16264
v 0.11914 0.35301 -0.16264
v 0.11764 0.35861 -0.16264
v 0.12324 0.36831 -0.16264
v 0.12324 0.34891 -0.16264
v 0.12884 0.36981 -0.16264
v 0.12884 0.34741 -0.16264
v 0.13444 0.36831 -0.16264
v 0.13444 0.34891 -0.16264
v 0.13853 0.36421 -0.16264
v 0.13853 0.35302 -0.16264
v 0.14003 0.35861 -0.16264
v 0.11924 0.35307 0.17657
v 0.11924 0.36416 0.17657
v 0.11775 0.35861 0.17657
v 0.1233 0.34901 0.17657
v 0.1233 0.36821 0.17657
v 0.12884 0.3697 0.17657
v 0.12884 0.34753 0.17657
v 0.13439 0.34901 0.17657
v 0.13439 0.36822 0.17657
v 0.13844 0.35307 0.17657
v 0.13844 0.36416 0.17657
v 0.13993 0.35861 0.17657
v 0.11914 0.06336 -0.16264
v 0.11914 0.05216 -0.16264
v 0.11764 0.05776 -0.16264
v 0.12324 0.06746 -0.16264
v 0.12324 0.04805 -0.16264
v 0.12884 0.06896 -0.16264
v 0.12884 0.04655 -0.16264
v 0.13444 0.06746 -0.16264
v 0.13444 0.04806 -0.16264
v 0.13853 0.06335 -0.16264
v 0.13853 0.05216 -0.16264
v 0.14003 0.05776 -0.16264
v 0.11924 0.05221 0.17657
v 0.11924 0.0633 0.17657
v 0.11775 0.05776 0.17657
v 0.1233 0.04816 0.17657
v 0.1233 0.06736 0.17657
v 0.12884 0.06884 0.17657
v 0.12884 0.04667 0.17657
v 0.13439 0.04815 0.17657
v 0.13439 0.06736 0.17657
v 0.13844 0.05221 0.17657
v 0.13844 0.0633 0.17657
v 0.13993 0.05776 0.17657
v 0.11914 1.2385 -0.16264
v 0.11914 1.2273 -0.16264
v 0.11764 1.2329 -0.16264
v 0.12324 1.2426 -0.16264
v 0.12324 1.22319 -0.16264
v 0.12884 1.2441 -0.16264
v 0.12884 1.22169 -0.16264
v 0.13444 1.24259 -0.16264
v 0.13444 1.2232 -0.16264
v 0.13853 1.23849 -0.16264
v 0.13853 1.2273 -0.16264
v 0.14003 1.2329 -0.16264
v 0.11924 1.22735 0.17657
v 0.11924 1.23844 0.17657
v 0.11775 1.2329 0.17657
v 0.1233 1.2233 0.17657
v 0.1233 1.2425 0.17657
v 0.12884 1.24398 0.17657
v 0.12884 1.22181 0.17657
v 0.13439 1.22329 0.17657
v 0.13439 1.2425 0.17657
v 0.13844 1.22735 0.17657
v 0.13844 1.23844 0.17657
v 0.13993 1.2329 0.17657
v 0.11914 0.93681 -0.16264
v 0.11914 0.92561 -0.16264
v 0.11764 0.93121 -0.16264
v 0.12324 0.94091 -0.16264
v 0.12324 0.92151 -0.16264
v 0.12884 0.94241 -0.16264
v 0.12884 0.92001 -0.16264
v 0.13444 0.94091 -0.16264
v 0.13444 0.92151 -0.16264
v 0.13853 0.9368 -0.16264
v 0.13853 0.92561 -0.16264
v 0.14003 0.93121 -0.16264
v 0.11924 0.92566 0.17657
v 0.11924 0.93675 0.17657
v 0.11775 0.93121 0.17657
v 0.1233 0.92161 0.17657
v 0.1233 0.94081 0.17657
v 0.12884 0.94229 0.17657
v 0.12884 0.92012 0.17657
v 0.13439 0.9216 0.17657
v 0.13439 0.94081 0.17657
v 0.13844 0.92566 0.17657
v 0.13844 0.93675 0.17657
v 0.13993 0.93121 0.17657
v 0.11914 0.65543 -0.16264
v 0.11914 0.64422 -0.16264
v 0.11764 0.64982 -0.16264
v 0.12324 0.65952 -0.16264
v 0.12324 0.64012 -0.16264
v 0.12884 0.66102 -0.16264
v 0.12884 0.63862 -0.16264
v 0.13444 0.65952 -0.16264
v 0.13444 0.64013 -0.16264
v 0.13853 0.65542 -0.16264
v 0.13853 0.64423 -0.16264
v 0.14003 0.64982 -0.16264
v 0.11924 0.64428 0.17657
v 0.11924 0.65537 0.17657
v 0.11775 0.64982 0.17657
v 0.1233 0.64022 0.17657
v 0.1233 0.65943 0.17657
v 0.12884 0.66091 0.17657
v 0.12884 0.63874 0.17657
v 0.13439 0.64022 0.17657
v 0.13439 0.65943 0.17657
v 0.13844 0.64428 0.17657
v 0.13844 0.65537 0.17657
v 0.13993 0.64982 0.17657
v 0.10393 1.00267 0.16653
v 0.10393 1.00267 0.1744
v 0.10393 1.00126 0.17047
v 0.10393 1.00652 0.16365
v 0.10393 1.00652 0.17728
v 0.10393 1.01178 0.16259
v 0.10393 1.01178 0.17834
v 0.10393 1.01705 0.16365
v 0.10393 1.01705 0.17728
v 0.10393 1.0209 0.16653
v 0.10393 1.0209 0.1744
v 0.10393 1.02231 0.17047
v -0.07172 1.6878 0.16274
v -0.06552 1.70153 -0.17258
v 0.14574 0.00014 -0.16212
v 0.14574 0.00014 -0.16212
v 0.14574 0.00014 0.17723
v 0.14574 0.00014 0.17723
v 0.11212 0.5642 0.17958
v 0.11212 0.5642 0.17723
v 0.11212 0.5642 -0.15976
v 0.11212 0.5642 -0.16212
v 0.11212 0.64972 0.17958
v 0.11212 0.64972 -0.15976
v 0.13783 2.2257 0.15316
v 0.13578 2.22537 0.17548
v 0.14574 0.64972 0.17958
v 0.14574 0.64972 0.17723
v 0.14574 0.64972 -0.15976
v 0.14574 0.64972 -0.16212
v 0.11212 0.05692 -0.15976
v 0.11212 0.05692 0.17958
v 0.14574 0.42789 -0.16212
v 0.14574 0.42789 0.17958
v 0.14574 0.42789 0.17723
v 0.14574 0.42789 -0.15976
v 0.12082 2.22553 0.16058
v 0.14574 1.23296 0.17958
v 0.14574 1.23296 0.17723
v 0.14574 1.23296 -0.15976
v 0.14574 1.23296 -0.16212
v -0.16003 1.00854 0.16742
v -0.16003 1.00854 -0.17285
v -0.16004 1.00861 -0.17291
v -0.16004 1.00861 0.16736
v 0.14574 0.49504 -0.16212
v 0.14574 0.49504 -0.15976
v 0.14574 0.49504 0.17958
v 0.14574 0.49504 0.17723
v 0.14574 0.71888 -0.15976
v 0.14574 0.71888 0.17958
v 0.14574 0.71888 0.17723
v 0.14574 0.71888 -0.16212
v 0.14574 0.00006 -0.15976
v 0.14574 0.00006 0.17958
v 0.14574 0.00006 0.17958
v 0.06273 1.69277 -0.17032
v 0.11212 0.71888 0.17958
v 0.11212 0.71888 -0.15976
v 0.06273 1.67893 0.16735
v -0.10393 1.00989 -0.16275
v -0.10393 1.00989 -0.17626
v -0.10393 1.00989 0.1633
v -0.10393 1.00989 0.17681
v 0.14574 1.08784 0.17958
v 0.14574 1.08784 0.17723
v 0.14574 1.08784 -0.15976
v 0.14574 1.08784 -0.16212
v -0.10133 1.01107 -0.1656
v -0.10133 1.01107 -0.17341
v -0.10133 1.01107 0.16615
v -0.10133 1.01107 0.17396
v 0.14574 1.59606 -0.16212
v 0.14574 1.59606 0.17723
v -0.06553 1.7016 -0.17263
v 0.14574 1.30211 0.17958
v 0.14574 1.30211 0.17723
v 0.14574 1.30211 -0.15976
v 0.14574 1.30211 -0.16212
v -0.07172 1.68786 0.16269
v 0.0363 1.67893 0.16735
v 0.06273 1.67943 0.16786
v 0.11758 2.22553 0.17347
v 0.03629 1.69277 -0.17032
v 0.06274 1.69336 -0.17075
v -0.10038 1.01151 -0.16951
v -0.10038 1.01151 0.17006
v 0.14574 1.5269 0.17958
v 0.14574 1.5269 0.17723
v 0.14574 1.5269 -0.15976
v 0.14574 1.5269 -0.16212
v 0.14574 0.5642 0.17958
v 0.14574 0.5642 0.17723
v 0.14574 0.5642 -0.15976
v 0.14574 0.5642 -0.16212
v 0.14574 1.45094 0.17958
v 0.14574 1.45094 0.17723
v 0.14574 1.45094 -0.15976
v 0.14574 1.45094 -0.16212
v 0.14574 1.38179 0.17958
v 0.14574 1.38179 0.17723
v 0.14574 1.38179 -0.15976
v 0.14574 1.38179 -0.16212
v 0.14574 1.157 0.17958
v 0.14574 1.157 0.17723
v 0.14574 1.157 -0.15976
v 0.14574 1.157 -0.16212
v 0.14574 1.0003 0.17958
v 0.14574 1.0003 0.17723
v 0.14574 1.0003 -0.15976
v 0.14574 1.0003 -0.16212
v 0.14574 0.93115 0.17958
v 0.14574 0.93115 0.17723
v 0.14574 0.93115 -0.15976
v 0.14574 0.93115 -0.16212
v 0.14574 0.85519 0.17958
v 0.14574 0.85519 0.17723
v 0.14574 0.85519 -0.15976
v 0.14574 0.85519 -0.16212
v 0.14574 0.78603 0.17958
v 0.14574 0.78603 0.17723
v 0.14574 0.78603 -0.15976
v 0.14574 0.78603 -0.16212
v 0.11212 0.12608 0.17958
v 0.11212 0.12608 0.17723
v 0.11212 0.12608 -0.15976
v 0.11212 0.12608 -0.16212
v 0.11212 0.21362 0.17958
v 0.11212 0.21362 0.17958
v 0.11212 0.21362 0.17723
v 0.11212 0.21362 -0.15976
v 0.11212 0.21362 -0.15976
v 0.11212 0.21362 -0.16212
v 0.11212 0.28278 0.17958
v 0.11212 0.28278 0.17723
v 0.11212 0.28278 0.17723
v 0.11212 0.28278 -0.15976
v 0.11212 0.28278 -0.16212
v 0.11212 0.28278 -0.16212
v 0.11212 0.35873 0.17958
v 0.11212 0.35873 0.17958
v 0.11212 0.35873 0.17723
v 0.11212 0.35873 -0.15976
v 0.11212 0.35873 -0.15976
v 0.11212 0.35873 -0.16212
v 0.11212 0.42789 0.17958
v 0.11212 0.42789 0.17723
v 0.11212 0.42789 0.17723
v 0.11212 0.42789 -0.15976
v 0.11212 0.42789 -0.16212
v 0.11212 0.42789 -0.16212
v 0.11212 0.49504 0.17958
v 0.11212 0.49504 0.17958
v 0.11212 0.49504 0.17723
v 0.11212 0.49504 -0.15976
v 0.11212 0.49504 -0.15976
v 0.11212 0.49504 -0.16212
v 0.14574 0.05692 -0.16212
v 0.14574 0.05692 0.17958
v 0.14574 0.05692 0.17723
v 0.14574 0.05692 -0.15976
v 0.14574 0.12608 -0.16212
v 0.14574 0.12608 0.17958
v 0.14574 0.12608 0.17723
v 0.14574 0.12608 -0.15976
v 0.14574 0.21362 -0.16212
v 0.14574 0.21362 0.17958
v 0.14574 0.21362 0.17723
v 0.14574 0.21362 -0.15976
v 0.14574 0.28278 -0.16212
v 0.14574 0.28278 0.17958
v 0.14574 0.28278 0.17723
v 0.14574 0.28278 -0.15976
v 0.14574 0.35873 -0.16212
v 0.14574 0.35873 0.17958
v 0.14574 0.35873 0.17723
v 0.14574 0.35873 -0.15976
v 0.14574 0.00006 -0.15976
v 0.14574 0.00006 0.17958
v 0.14574 0.00006 0.17958
vt 0.3362 0.5156
vt 0.3374 0.5144
vt 0.3345 0.5128
vt 0.3345 0.5161
vt 0.3329 0.5156
vt 0.3317 0.5144
vt 0.3312 0.5128
vt 0.3317 0.5111
vt 0.3329 0.5099
vt 0.3345 0.5095
vt 0.3362 0.5099
vt 0.3374 0.5111
vt 0.3378 0.5128
vt 0.2097 0.0645
vt 0.211 0.0634
vt 0.208 0.0618
vt 0.2114 0.0618
vt 0.211 0.0603
vt 0.2097 0.0591
vt 0.208 0.0587
vt 0.2063 0.0591
vt 0.205 0.0603
vt 0.2045 0.0618
vt 0.205 0.0634
vt 0.2063 0.0645
vt 0.208 0.0649
vt 0.1701 0.0208
vt 0.1684 0.0225
vt 0.1725 0.0249
vt 0.1677 0.0249
vt 0.1684 0.0273
vt 0.1701 0.029
vt 0.1725 0.0297
vt 0.1749 0.029
vt 0.1766 0.0273
vt 0.1773 0.0249
vt 0.1766 0.0225
vt 0.1749 0.0208
vt 0.1725 0.0201
vt 0.7803 0.6394
vt 0.7793 0.6404
vt 0.7817 0.6418
vt 0.7789 0.6418
vt 0.7793 0.6432
vt 0.7803 0.6442
vt 0.7817 0.6443
vt 0.783 0.6443
vt 0.7841 0.6432
vt 0.7845 0.6418
vt 0.7841 0.6404
vt 0.7831 0.6394
vt 0.7817 0.639
vt 0.564 0.8348
vt 0.5628 0.8336
vt 0.5611 0.8365
vt 0.5644 0.8365
vt 0.564 0.8381
vt 0.5628 0.8393
vt 0.5611 0.8397
vt 0.5595 0.8393
vt 0.5583 0.8381
vt 0.5578 0.8365
vt 0.5583 0.8348
vt 0.5595 0.8336
vt 0.5611 0.8332
vt 0.3615 0.5109
vt 0.3603 0.5097
vt 0.3587 0.5127
vt 0.3588 0.5092
vt 0.3572 0.5097
vt 0.3561 0.5109
vt 0.3556 0.5127
vt 0.3561 0.5144
vt 0.3572 0.5156
vt 0.3588 0.5161
vt 0.3603 0.5156
vt 0.3615 0.5144
vt 0.3619 0.5127
vt 0.2182 0.0366
vt 0.2199 0.0383
vt 0.2221 0.0344
vt 0.2176 0.0344
vt 0.2182 0.0321
vt 0.2199 0.0305
vt 0.2221 0.0299
vt 0.2244 0.0305
vt 0.226 0.0321
vt 0.2266 0.0344
vt 0.226 0.0366
vt 0.2244 0.0383
vt 0.2221 0.0389
vt 0.2764 0.0527
vt 0.2806 0.0503
vt 0.2789 0.0486
vt 0.2764 0.0479
vt 0.274 0.0486
vt 0.2723 0.0503
vt 0.2716 0.0527
vt 0.2723 0.0551
vt 0.274 0.0569
vt 0.2764 0.0576
vt 0.2789 0.0569
vt 0.2806 0.0551
vt 0.2813 0.0527
vt 0.135 0.3263
vt 0.136 0.356
vt 0.136 0.33
vt 0.135 0.2959
vt 0.136 0.3226
vt 0.136 0.2996
vt 0.136 0.2922
vt 0.1321 0.2592
vt 0.1387 0.2895
vt 0.1424 0.2885
vt 0.1461 0.2895
vt 0.1533 0.2592
vt 0.1488 0.2922
vt 0.1498 0.2959
vt 0.1488 0.6781
vt 0.1498 0.6818
vt 0.1488 0.6559
vt 0.1783 0.8671
vt 0.1757 0.998
vt 0.1783 0.8975
vt 0.1793 0.9272
vt 0.182 0.9245
vt 0.182 0.9039
vt 0.1783 0.9613
vt 0.1793 0.965
vt 0.1793 0.9576
vt 0.182 0.9549
vt 0.182 0.9373
vt 0.182 0.9677
vt 0.1857 0.9687
vt 0.1964 0.998
vt 0.1894 0.9677
vt 0.1921 0.965
vt 0.1931 0.9613
vt 0.1488 0.7839
vt 0.1488 0.8061
vt 0.1498 0.7802
vt 0.1348 0.9979
vt 0.135 0.9979
vt 0.135 0.973
vt 0.0059 0.3263
vt 0.0069 0.356
vt 0.0069 0.33
vt 0.0059 0.2959
vt 0.0069 0.3226
vt 0.0069 0.2996
vt 0.0069 0.2922
vt 0.003 0.2491
vt 0.0096 0.2895
vt 0.0133 0.2885
vt 0.017 0.2895
vt 0.0242 0.2491
vt 0.0197 0.2922
vt 0.0207 0.2959
vt 0.0197 0.6781
vt 0.0207 0.6818
vt 0.0197 0.6559
vt 0.0495 0.8569
vt 0.0468 0.998
vt 0.0495 0.8873
vt 0.0505 0.9171
vt 0.0532 0.9143
vt 0.0532 0.8937
vt 0.0495 0.9512
vt 0.0505 0.9549
vt 0.0505 0.9475
vt 0.0532 0.9448
vt 0.0532 0.9272
vt 0.0532 0.9576
vt 0.0569 0.9586
vt 0.0676 0.998
vt 0.0606 0.9576
vt 0.0633 0.9549
vt 0.0643 0.9512
vt 0.0197 0.7839
vt 0.0197 0.8061
vt 0.0207 0.7802
vt 0.0057 0.9979
vt 0.0059 0.9979
vt 0.0059 0.973
vt 0.2113 0.0534
vt 0.2132 0.0515
vt 0.2088 0.049
vt 0.2088 0.054
vt 0.2063 0.0534
vt 0.2044 0.0515
vt 0.2037 0.049
vt 0.2044 0.0464
vt 0.2063 0.0446
vt 0.2088 0.0439
vt 0.2113 0.0446
vt 0.2132 0.0464
vt 0.2138 0.049
vt 0.2557 0.0437
vt 0.2535 0.0459
vt 0.2587 0.0489
vt 0.2526 0.0489
vt 0.2535 0.052
vt 0.2557 0.0542
vt 0.2587 0.055
vt 0.2618 0.0542
vt 0.264 0.052
vt 0.2648 0.0489
vt 0.264 0.0459
vt 0.2618 0.0437
vt 0.2587 0.0428
vt 0.7932 0.6394
vt 0.7922 0.6404
vt 0.7946 0.6418
vt 0.7918 0.6418
vt 0.7922 0.6432
vt 0.7932 0.6442
vt 0.7946 0.6443
vt 0.7959 0.6443
vt 0.797 0.6432
vt 0.7973 0.6418
vt 0.797 0.6404
vt 0.796 0.6394
vt 0.7946 0.639
vt 0.4114 0.8348
vt 0.4102 0.8336
vt 0.4085 0.8365
vt 0.4118 0.8365
vt 0.4114 0.8381
vt 0.4102 0.8393
vt 0.4085 0.8397
vt 0.4069 0.8393
vt 0.4057 0.8381
vt 0.4053 0.8365
vt 0.4057 0.8348
vt 0.4069 0.8336
vt 0.4085 0.8332
vt 0.3494 0.5109
vt 0.3483 0.5097
vt 0.3467 0.5127
vt 0.3467 0.5092
vt 0.3452 0.5097
vt 0.344 0.5109
vt 0.3436 0.5127
vt 0.344 0.5144
vt 0.3452 0.5156
vt 0.3467 0.5161
vt 0.3483 0.5156
vt 0.3494 0.5144
vt 0.3498 0.5127
vt 0.1867 0.0208
vt 0.1849 0.0225
vt 0.1891 0.0249
vt 0.1843 0.0249
vt 0.1849 0.0273
vt 0.1867 0.029
vt 0.1891 0.0297
vt 0.1915 0.029
vt 0.1932 0.0273
vt 0.1938 0.0249
vt 0.1932 0.0225
vt 0.1915 0.0208
vt 0.1891 0.0201
vt 0.8061 0.6394
vt 0.8051 0.6404
vt 0.8075 0.6418
vt 0.8047 0.6418
vt 0.8051 0.6432
vt 0.8061 0.6442
vt 0.8075 0.6443
vt 0.8088 0.6443
vt 0.8099 0.6432
vt 0.8102 0.6418
vt 0.8099 0.6404
vt 0.8088 0.6394
vt 0.8075 0.639
vt 0.2033 0.0208
vt 0.2015 0.0225
vt 0.2056 0.0249
vt 0.2009 0.0249
vt 0.2015 0.0273
vt 0.2033 0.029
vt 0.2056 0.0297
vt 0.208 0.029
vt 0.2098 0.0273
vt 0.2104 0.0249
vt 0.2098 0.0225
vt 0.208 0.0208
vt 0.2056 0.0201
vt 0.819 0.6394
vt 0.8179 0.6404
vt 0.8203 0.6418
vt 0.8176 0.6418
vt 0.8179 0.6432
vt 0.819 0.6442
vt 0.8203 0.6443
vt 0.8217 0.6443
vt 0.8227 0.6432
vt 0.8231 0.6418
vt 0.8227 0.6404
vt 0.8217 0.6394
vt 0.8203 0.639
vt 0.2363 0.0433
vt 0.2366 0.0433
vt 0.2366 0.0431
vt 0.2366 0.0552
vt 0.2366 0.0549
vt 0.2363 0.0549
vt 0.2465 0.0431
vt 0.2465 0.0433
vt 0.2467 0.0433
vt 0.2467 0.0549
vt 0.2465 0.0549
vt 0.2465 0.0552
vt 0.6745 0.6938
vt 0.6747 0.6939
vt 0.6747 0.6937
vt 0.6864 0.6937
vt 0.6863 0.6939
vt 0.6866 0.6938
vt 0.2303 0.0428
vt 0.2303 0.0431
vt 0.2305 0.0431
vt 0.2305 0.0547
vt 0.2303 0.0547
vt 0.2303 0.0549
vt 0.3362 0.5156
vt 0.3374 0.5144
vt 0.3345 0.5128
vt 0.3345 0.5161
vt 0.3329 0.5156
vt 0.3317 0.5144
vt 0.3312 0.5128
vt 0.3317 0.5111
vt 0.3329 0.5099
vt 0.3345 0.5095
vt 0.3362 0.5099
vt 0.3374 0.5111
vt 0.3378 0.5128
vt 0.2097 0.0645
vt 0.211 0.0634
vt 0.208 0.0618
vt 0.2114 0.0618
vt 0.211 0.0603
vt 0.2097 0.0591
vt 0.208 0.0587
vt 0.2063 0.0591
vt 0.205 0.0603
vt 0.2045 0.0618
vt 0.205 0.0634
vt 0.2063 0.0645
vt 0.208 0.0649
vt 0.2099 0.1544
vt 0.2111 0.1543
vt 0.2111 0.1529
vt 0.2099 0.1531
vt 0.2493 0.1614
vt 0.2492 0.1598
vt 0.2477 0.1601
vt 0.2479 0.1616
vt 0.2491 0.1582
vt 0.2476 0.1586
vt 0.2303 0.1544
vt 0.2315 0.1543
vt 0.2315 0.1528
vt 0.2303 0.1529
vt 0.2332 0.1543
vt 0.2332 0.1527
vt 0.2348 0.1543
vt 0.2348 0.1527
vt 0.236 0.1544
vt 0.236 0.1529
vt 0.1492 0.2453
vt 0.1493 0.2437
vt 0.1479 0.2434
vt 0.1477 0.2449
vt 0.1494 0.242
vt 0.148 0.2419
vt 0.2054 0.1543
vt 0.2066 0.1544
vt 0.2066 0.1531
vt 0.2054 0.1529
vt 0.2083 0.1544
vt 0.2083 0.1531
vt 0.0585 0.1481
vt 0.0569 0.1488
vt 0.0553 0.1495
vt 0.2364 0.0605
vt 0.2352 0.0594
vt 0.2335 0.0589
vt 0.2317 0.0594
vt 0.2305 0.0605
vt 0.1552 0.254
vt 0.1568 0.2547
vt 0.1583 0.2554
vt 0.6114 0.8397
vt 0.6127 0.8397
vt 0.6137 0.7322
vt 0.6119 0.7322
vt 0.5949 0.8397
vt 0.5972 0.8397
vt 0.5972 0.7322
vt 0.5948 0.7322
vt 0.5995 0.8397
vt 0.5996 0.7322
vt 0.5818 0.8397
vt 0.583 0.8397
vt 0.5825 0.7322
vt 0.5808 0.7322
vt 0.5848 0.8397
vt 0.5849 0.7322
vt 0.5865 0.8397
vt 0.5873 0.7322
vt 0.5878 0.8397
vt 0.589 0.7322
vt 0.5703 0.8397
vt 0.5726 0.8397
vt 0.5726 0.7322
vt 0.5702 0.7322
vt 0.5749 0.8397
vt 0.575 0.7322
vt 0.6067 0.8397
vt 0.6079 0.8397
vt 0.6071 0.7322
vt 0.6054 0.7322
vt 0.6097 0.8397
vt 0.6095 0.7322
vt 0.7803 0.6394
vt 0.7792 0.6404
vt 0.6686 0.6461
vt 0.6686 0.6461
vt 0.6697 0.6461
vt 0.6696 0.6461
vt 0.7831 0.6443
vt 0.7841 0.6432
vt 0.6782 0.6431
vt 0.6782 0.6432
vt 0.6792 0.6432
vt 0.6793 0.6431
vt 0.6686 0.6549
vt 0.6697 0.6549
vt 0.6887 0.6519
vt 0.6901 0.6519
vt 0.6901 0.6432
vt 0.6887 0.6432
vt 0.6915 0.6519
vt 0.6915 0.6432
vt 0.6926 0.6519
vt 0.6926 0.6432
vt 0.6782 0.6519
vt 0.6792 0.6519
vt 0.6807 0.6519
vt 0.6807 0.6432
vt 0.6821 0.6519
vt 0.6821 0.6432
vt 0.6647 0.6549
vt 0.6658 0.6549
vt 0.6658 0.6461
vt 0.6647 0.6461
vt 0.6672 0.6549
vt 0.6672 0.6461
vt 0.7789 0.6418
vt 0.6887 0.6431
vt 0.6901 0.6431
vt 0.7792 0.6432
vt 0.6915 0.6431
vt 0.7803 0.6443
vt 0.7792 0.6432
vt 0.7803 0.6443
vt 0.7845 0.6418
vt 0.6807 0.6431
vt 0.7841 0.6404
vt 0.6821 0.6431
vt 0.7831 0.6394
vt 0.6648 0.6461
vt 0.6658 0.6461
vt 0.7817 0.639
vt 0.6672 0.6461
vt 0.7803 0.6443
vt 0.7803 0.6443
vt 0.7803 0.6443
vt 0.7803 0.6443
vt 0.695 0.6432
vt 0.6949 0.6432
vt 0.6949 0.6432
vt 0.6949 0.6433
vt 0.6949 0.6431
vt 0.6948 0.6432
vt 0.7412 0.6432
vt 0.7412 0.6432
vt 0.7411 0.6431
vt 0.7411 0.6432
vt 0.7831 0.6467
vt 0.7831 0.6466
vt 0.783 0.6466
vt 0.783 0.6467
vt 0.7803 0.6466
vt 0.7803 0.6466
vt 0.7803 0.6466
vt 0.7384 0.6432
vt 0.7384 0.6519
vt 0.7398 0.6519
vt 0.7398 0.6432
vt 0.7411 0.6519
vt 0.7817 0.6466
vt 0.6759 0.6431
vt 0.6759 0.6432
vt 0.7384 0.6432
vt 0.7384 0.6519
vt 0.6949 0.6519
vt 0.695 0.6519
vt 0.6758 0.6433
vt 0.6758 0.6432
vt 0.6758 0.6519
vt 0.6758 0.6519
vt 0.7412 0.6519
vt 0.7803 0.6467
vt 0.7817 0.6467
vt 0.7384 0.6431
vt 0.7398 0.6431
vt 0.7384 0.6432
vt 0.7803 0.6467
vt 0.6759 0.6432
vt 0.6758 0.6432
vt 0.564 0.8292
vt 0.5628 0.8287
vt 0.5386 0.7395
vt 0.5386 0.7379
vt 0.5339 0.7445
vt 0.5354 0.7452
vt 0.5385 0.7363
vt 0.5324 0.7438
vt 0.5445 0.8381
vt 0.5457 0.8393
vt 0.5456 0.831
vt 0.5444 0.8305
vt 0.5473 0.8397
vt 0.5473 0.8312
vt 0.549 0.8393
vt 0.549 0.831
vt 0.5502 0.8381
vt 0.5502 0.8305
vt 0.4755 0.8397
vt 0.4756 0.8381
vt 0.471 0.8315
vt 0.4695 0.8322
vt 0.4757 0.8365
vt 0.4725 0.8308
vt 0.5595 0.8287
vt 0.5583 0.8292
vt 0.5611 0.8285
vt 0.5618 0.7341
vt 0.5601 0.7339
vt 0.5584 0.7341
vt 0.5571 0.7346
vt 0.4216 0.7363
vt 0.42 0.737
vt 0.4185 0.7377
vt 0.5513 0.7361
vt 0.5501 0.7366
vt 0.5484 0.7368
vt 0.5466 0.7366
vt 0.5454 0.7361
vt 0.4815 0.8383
vt 0.483 0.839
vt 0.4846 0.8397
vt 0.5631 0.7346
vt 0.4607 0.8442
vt 0.4579 0.8442
vt 0.4579 0.9974
vt 0.4606 0.9974
vt 0.4541 0.8442
vt 0.4541 0.9974
vt 0.4503 0.8442
vt 0.4504 0.9974
vt 0.4475 0.8442
vt 0.4476 0.9974
vt 0.4678 0.9974
vt 0.4716 0.9974
vt 0.4716 0.8442
vt 0.4678 0.8442
vt 0.4754 0.9974
vt 0.4753 0.8442
vt 0.4825 0.9974
vt 0.4853 0.9974
vt 0.4853 0.8442
vt 0.4826 0.8442
vt 0.4891 0.9974
vt 0.4891 0.8442
vt 0.4929 0.9974
vt 0.4928 0.8442
vt 0.4957 0.9974
vt 0.4956 0.8442
vt 0.5104 0.8442
vt 0.5066 0.8442
vt 0.5066 0.9974
vt 0.5103 0.9974
vt 0.5027 0.8442
vt 0.5028 0.9974
vt 0.5358 0.7316
vt 0.5392 0.7307
vt 0.5388 0.7301
vt 0.5358 0.7309
vt 0.5416 0.7283
vt 0.541 0.7279
vt 0.5425 0.725
vt 0.5417 0.725
vt 0.5416 0.7216
vt 0.541 0.722
vt 0.5392 0.7192
vt 0.5388 0.7198
vt 0.5358 0.7183
vt 0.5358 0.7191
vt 0.5325 0.7192
vt 0.5329 0.7198
vt 0.5301 0.7216
vt 0.5307 0.722
vt 0.5292 0.725
vt 0.5299 0.725
vt 0.5301 0.7283
vt 0.5307 0.7279
vt 0.5325 0.7307
vt 0.5329 0.7301
vt 0.7834 0.6743
vt 0.7826 0.671
vt 0.7819 0.6713
vt 0.7827 0.6743
vt 0.7802 0.6686
vt 0.7798 0.6692
vt 0.7769 0.6677
vt 0.7769 0.6684
vt 0.7736 0.6686
vt 0.7739 0.6692
vt 0.7712 0.671
vt 0.7718 0.6713
vt 0.7703 0.6743
vt 0.771 0.6743
vt 0.7712 0.6775
vt 0.7718 0.6772
vt 0.7736 0.6799
vt 0.7739 0.6793
vt 0.7769 0.6808
vt 0.7769 0.6801
vt 0.7802 0.6799
vt 0.7798 0.6793
vt 0.7826 0.6775
vt 0.7819 0.6772
vt 0.3709 0.572
vt 0.3709 0.5738
vt 0.3729 0.5739
vt 0.3729 0.5721
vt 0.3709 0.5763
vt 0.3729 0.5763
vt 0.3709 0.5788
vt 0.3729 0.5788
vt 0.3709 0.5806
vt 0.3729 0.5806
vt 0.2954 0.0295
vt 0.2954 0.027
vt 0.2934 0.027
vt 0.2934 0.0295
vt 0.2954 0.0246
vt 0.2934 0.0246
vt 0.271 0.0424
vt 0.271 0.0406
vt 0.269 0.0406
vt 0.269 0.0424
vt 0.271 0.0381
vt 0.269 0.0381
vt 0.271 0.0356
vt 0.269 0.0356
vt 0.271 0.0338
vt 0.269 0.0338
vt 0.2855 0.0246
vt 0.2855 0.027
vt 0.2876 0.027
vt 0.2876 0.0246
vt 0.2855 0.0295
vt 0.2876 0.0295
vt 0.1085 0.0135
vt 0.1085 0.0111
vt 0.1065 0.0111
vt 0.1065 0.0135
vt 0.5734 0.6847
vt 0.5734 0.6865
vt 0.5753 0.6865
vt 0.5753 0.6847
vt 0.5734 0.6889
vt 0.5753 0.6889
vt 0.5734 0.6914
vt 0.5753 0.6914
vt 0.5734 0.6932
vt 0.5753 0.6932
vt 0.0988 0.0111
vt 0.0988 0.0135
vt 0.1007 0.0135
vt 0.1007 0.0111
vt 0.0988 0.016
vt 0.1007 0.016
vt 0.4734 0.6965
vt 0.4734 0.6947
vt 0.4715 0.6947
vt 0.4715 0.6965
vt 0.4734 0.6922
vt 0.4715 0.6922
vt 0.4734 0.6898
vt 0.4715 0.6898
vt 0.4734 0.688
vt 0.4715 0.688
vt 0.1085 0.016
vt 0.1065 0.016
vt 0.4605 0.8435
vt 0.4578 0.8435
vt 0.5322 0.7313
vt 0.5295 0.7286
vt 0.4541 0.8435
vt 0.5285 0.725
vt 0.4505 0.8435
vt 0.5295 0.7213
vt 0.4478 0.8435
vt 0.5322 0.7186
vt 0.4679 0.998
vt 0.4716 0.998
vt 0.5358 0.7176
vt 0.4752 0.998
vt 0.5395 0.7186
vt 0.4827 0.998
vt 0.4854 0.998
vt 0.5422 0.7213
vt 0.4891 0.998
vt 0.5432 0.725
vt 0.4928 0.998
vt 0.5422 0.7286
vt 0.4954 0.998
vt 0.5395 0.7313
vt 0.5102 0.8435
vt 0.5066 0.8435
vt 0.5358 0.7323
vt 0.5029 0.8435
vt 0.5029 0.998
vt 0.5066 0.998
vt 0.7831 0.6707
vt 0.7841 0.6743
vt 0.7805 0.668
vt 0.4604 0.998
vt 0.4577 0.998
vt 0.7769 0.6671
vt 0.4541 0.998
vt 0.7733 0.668
vt 0.4505 0.998
vt 0.7706 0.6707
vt 0.4479 0.998
vt 0.7697 0.6743
vt 0.468 0.8435
vt 0.4716 0.8435
vt 0.7706 0.6779
vt 0.4752 0.8435
vt 0.7733 0.6805
vt 0.4828 0.8435
vt 0.4855 0.8435
vt 0.7769 0.6815
vt 0.4891 0.8435
vt 0.7805 0.6805
vt 0.4927 0.8435
vt 0.7831 0.6779
vt 0.4953 0.8435
vt 0.5102 0.998
vt 0.5385 0.7295
vt 0.5358 0.7302
vt 0.2849 0.0297
vt 0.2849 0.027
vt 0.5332 0.7295
vt 0.2849 0.0244
vt 0.3702 0.5718
vt 0.3702 0.5737
vt 0.5404 0.7276
vt 0.3702 0.5763
vt 0.5411 0.725
vt 0.3702 0.5789
vt 0.5404 0.7223
vt 0.3702 0.5809
vt 0.5385 0.7204
vt 0.2961 0.0297
vt 0.2961 0.027
vt 0.5358 0.7197
vt 0.2961 0.0244
vt 0.5332 0.7204
vt 0.2717 0.0426
vt 0.2717 0.0407
vt 0.5313 0.7223
vt 0.2717 0.0381
vt 0.5306 0.725
vt 0.2717 0.0355
vt 0.5313 0.7276
vt 0.2717 0.0336
vt 0.7814 0.6717
vt 0.7821 0.6743
vt 0.1091 0.0109
vt 0.1091 0.0135
vt 0.7814 0.6769
vt 0.1091 0.0161
vt 0.5727 0.6845
vt 0.5727 0.6863
vt 0.7795 0.6698
vt 0.5727 0.6889
vt 0.7769 0.6691
vt 0.5727 0.6915
vt 0.7743 0.6698
vt 0.5727 0.6934
vt 0.7724 0.6717
vt 0.0981 0.0109
vt 0.0981 0.0135
vt 0.7717 0.6743
vt 0.0981 0.0161
vt 0.7724 0.6769
vt 0.4741 0.6967
vt 0.4741 0.6948
vt 0.7743 0.6788
vt 0.4741 0.6922
vt 0.7769 0.6795
vt 0.4741 0.6896
vt 0.7795 0.6788
vt 0.4741 0.6877
vt 0.3179 0.9978
vt 0.3179 0.998
vt 0.3196 0.998
vt 0.3196 0.9978
vt 0.2198 0.0384
vt 0.2181 0.0367
vt 0.3455 0.7365
vt 0.3455 0.7363
vt 0.3431 0.7363
vt 0.3431 0.7365
vt 0.2174 0.0344
vt 0.3408 0.7363
vt 0.3408 0.7365
vt 0.2181 0.032
vt 0.326 0.9978
vt 0.3261 0.998
vt 0.3278 0.998
vt 0.3278 0.9978
vt 0.2198 0.0303
vt 0.3302 0.998
vt 0.3302 0.9978
vt 0.2221 0.0297
vt 0.3325 0.998
vt 0.3326 0.9978
vt 0.2245 0.0303
vt 0.3342 0.998
vt 0.3343 0.9978
vt 0.2262 0.032
vt 0.3518 0.9978
vt 0.3519 0.998
vt 0.3542 0.998
vt 0.3542 0.9978
vt 0.2268 0.0344
vt 0.3565 0.998
vt 0.3566 0.9978
vt 0.2262 0.0367
vt 0.3114 0.9978
vt 0.3115 0.998
vt 0.3132 0.998
vt 0.3131 0.9978
vt 0.2245 0.0384
vt 0.3155 0.998
vt 0.3155 0.9978
vt 0.2221 0.0391
vt 0.4479 0.7178
vt 0.4477 0.717
vt 0.4453 0.717
vt 0.4455 0.7178
vt 0.4471 0.7164
vt 0.445 0.7164
vt 0.2793 0.0478
vt 0.2814 0.0499
vt 0.2821 0.0527
vt 0.4422 0.717
vt 0.4422 0.7178
vt 0.4422 0.7164
vt 0.2814 0.0556
vt 0.439 0.717
vt 0.4389 0.7178
vt 0.4393 0.7164
vt 0.2793 0.0577
vt 0.4367 0.717
vt 0.4365 0.7178
vt 0.4372 0.7164
vt 0.2764 0.0584
vt 0.4799 0.7179
vt 0.4797 0.7171
vt 0.4766 0.7171
vt 0.4766 0.7179
vt 0.2796 0.0582
vt 0.2764 0.0591
vt 0.2736 0.0577
vt 0.4734 0.7171
vt 0.4733 0.7179
vt 0.2733 0.0582
vt 0.2715 0.0556
vt 0.4663 0.7178
vt 0.4661 0.717
vt 0.4637 0.717
vt 0.4639 0.7178
vt 0.4655 0.7164
vt 0.4634 0.7164
vt 0.2707 0.0527
vt 0.4606 0.717
vt 0.4606 0.7178
vt 0.4606 0.7164
vt 0.2715 0.0499
vt 0.4574 0.717
vt 0.4573 0.7178
vt 0.4577 0.7164
vt 0.2736 0.0478
vt 0.4551 0.717
vt 0.4549 0.7178
vt 0.4556 0.7164
vt 0.2764 0.047
vt 0.4862 0.7317
vt 0.4863 0.7325
vt 0.4895 0.7325
vt 0.4895 0.7317
vt 0.2733 0.0472
vt 0.2764 0.0464
vt 0.2796 0.0472
vt 0.4926 0.7325
vt 0.4928 0.7317
vt 0.3196 0.7363
vt 0.3197 0.7363
vt 0.3179 0.7363
vt 0.3179 0.7363
vt 0.8981 0.6609
vt 0.898 0.6608
vt 0.8956 0.6615
vt 0.8956 0.6616
vt 0.3155 0.7363
vt 0.3155 0.7363
vt 0.3131 0.7363
vt 0.3131 0.7363
vt 0.3113 0.7363
vt 0.3114 0.7363
vt 0.898 0.6526
vt 0.8981 0.6525
vt 0.8956 0.6519
vt 0.8956 0.6519
vt 0.8932 0.6525
vt 0.8933 0.6526
vt 0.8914 0.6543
vt 0.8915 0.6543
vt 0.3326 0.7363
vt 0.3326 0.7363
vt 0.3302 0.7363
vt 0.3302 0.7363
vt 0.3277 0.7363
vt 0.3278 0.7363
vt 0.8915 0.6591
vt 0.8914 0.6591
vt 0.8932 0.6609
vt 0.8933 0.6608
vt 0.4478 0.7325
vt 0.4479 0.7324
vt 0.4455 0.7324
vt 0.4454 0.7325
vt 0.8989 0.6624
vt 0.8989 0.6623
vt 0.8956 0.6632
vt 0.8956 0.6633
vt 0.4422 0.7324
vt 0.4422 0.7325
vt 0.4389 0.7324
vt 0.4389 0.7325
vt 0.4365 0.7324
vt 0.4365 0.7325
vt 0.8989 0.6511
vt 0.8989 0.651
vt 0.8956 0.6501
vt 0.8956 0.6502
vt 0.8924 0.651
vt 0.8924 0.6511
vt 0.89 0.6534
vt 0.89 0.6535
vt 0.4638 0.7325
vt 0.4639 0.7324
vt 0.4606 0.7324
vt 0.4606 0.7325
vt 0.4573 0.7324
vt 0.4573 0.7325
vt 0.4549 0.7324
vt 0.455 0.7325
vt 0.8924 0.6623
vt 0.8924 0.6624
vt 0.3431 0.998
vt 0.3455 0.998
vt 0.3408 0.998
vt 0.326 0.7363
vt 0.3343 0.7363
vt 0.3542 0.7363
vt 0.3518 0.7363
vt 0.3566 0.7363
vt 0.8998 0.6591
vt 0.9013 0.66
vt 0.9005 0.6567
vt 0.9021 0.6567
vt 0.8998 0.6543
vt 0.9013 0.6535
vt 0.8908 0.6567
vt 0.8892 0.6567
vt 0.89 0.66
vt 0.4766 0.7325
vt 0.4799 0.7325
vt 0.4733 0.7325
vt 0.4663 0.7324
vt 0.4895 0.7171
vt 0.4862 0.7171
vt 0.4928 0.7171
vt 0.135 0.6818
vt 0.135 0.6522
vt 0.135 0.6218
vt 0.135 0.5884
vt 0.135 0.558
vt 0.135 0.5195
vt 0.135 0.489
vt 0.135 0.4556
vt 0.135 0.4252
vt 0.135 0.3901
vt 0.135 0.3597
vt 0.136 0.3634
vt 0.136 0.3865
vt 0.136 0.3938
vt 0.136 0.4215
vt 0.136 0.4289
vt 0.136 0.4519
vt 0.136 0.4593
vt 0.136 0.4853
vt 0.136 0.4927
vt 0.136 0.5158
vt 0.136 0.5232
vt 0.136 0.5543
vt 0.136 0.5617
vt 0.136 0.5847
vt 0.136 0.5921
vt 0.136 0.6181
vt 0.136 0.6255
vt 0.136 0.6485
vt 0.136 0.6559
vt 0.136 0.6781
vt 0.136 0.6855
vt 0.135 0.7122
vt 0.136 0.7085
vt 0.136 0.7159
vt 0.135 0.7498
vt 0.136 0.7461
vt 0.1387 0.3661
vt 0.1387 0.3837
vt 0.1387 0.3966
vt 0.1387 0.4188
vt 0.1387 0.4316
vt 0.1387 0.4492
vt 0.1387 0.462
vt 0.1387 0.4826
vt 0.1387 0.4954
vt 0.1387 0.5131
vt 0.1387 0.5259
vt 0.1387 0.5516
vt 0.1387 0.5644
vt 0.1387 0.582
vt 0.1387 0.5948
vt 0.1387 0.6154
vt 0.1387 0.6282
vt 0.1387 0.6458
vt 0.1387 0.6586
vt 0.1387 0.6754
vt 0.1387 0.6882
vt 0.1387 0.7058
vt 0.1387 0.3327
vt 0.1387 0.3533
vt 0.1387 0.3023
vt 0.1387 0.3199
vt 0.1387 0.7186
vt 0.1387 0.7434
vt 0.1424 0.3033
vt 0.1424 0.3189
vt 0.1424 0.3337
vt 0.1424 0.3523
vt 0.1424 0.3671
vt 0.1424 0.3828
vt 0.1424 0.3975
vt 0.1424 0.4178
vt 0.1424 0.4326
vt 0.1424 0.4482
vt 0.1424 0.463
vt 0.1424 0.4816
vt 0.1424 0.4964
vt 0.1424 0.5121
vt 0.1424 0.5269
vt 0.1424 0.5506
vt 0.1424 0.5654
vt 0.1424 0.581
vt 0.1424 0.5958
vt 0.1424 0.6144
vt 0.1424 0.6292
vt 0.1424 0.6448
vt 0.1424 0.6596
vt 0.1424 0.6744
vt 0.1424 0.6892
vt 0.1424 0.7048
vt 0.1424 0.7196
vt 0.1424 0.7424
vt 0.1461 0.7186
vt 0.1461 0.7434
vt 0.1461 0.3023
vt 0.1461 0.3199
vt 0.1461 0.3327
vt 0.1461 0.3533
vt 0.1461 0.3661
vt 0.1461 0.3837
vt 0.1461 0.3966
vt 0.1461 0.4188
vt 0.1461 0.4316
vt 0.1461 0.4492
vt 0.1461 0.462
vt 0.1461 0.4826
vt 0.1461 0.4954
vt 0.1461 0.5131
vt 0.1461 0.5259
vt 0.1461 0.5516
vt 0.1461 0.5644
vt 0.1461 0.582
vt 0.1461 0.5948
vt 0.1461 0.6154
vt 0.1461 0.6282
vt 0.1461 0.6458
vt 0.1461 0.6586
vt 0.1461 0.6754
vt 0.1461 0.6882
vt 0.1461 0.7058
vt 0.1488 0.7159
vt 0.1488 0.7461
vt 0.1488 0.2996
vt 0.1488 0.3226
vt 0.1488 0.33
vt 0.1488 0.356
vt 0.1488 0.3634
vt 0.1488 0.3865
vt 0.1488 0.3938
vt 0.1488 0.4215
vt 0.1488 0.4289
vt 0.1488 0.4519
vt 0.1488 0.4593
vt 0.1488 0.4853
vt 0.1488 0.4927
vt 0.1488 0.5158
vt 0.1488 0.5232
vt 0.1488 0.5543
vt 0.1488 0.5617
vt 0.1488 0.5847
vt 0.1488 0.5921
vt 0.1488 0.6181
vt 0.1488 0.6255
vt 0.1488 0.6485
vt 0.1488 0.6855
vt 0.1488 0.7085
vt 0.1498 0.7122
vt 0.1498 0.7498
vt 0.1498 0.3263
vt 0.1498 0.3597
vt 0.1498 0.3901
vt 0.1498 0.4252
vt 0.1498 0.4556
vt 0.1498 0.489
vt 0.1498 0.5195
vt 0.1498 0.558
vt 0.1498 0.5884
vt 0.1498 0.6218
vt 0.1498 0.6522
vt 0.1544 0.2592
vt 0.1533 0.998
vt 0.1544 0.998
vt 0.1615 0.2592
vt 0.1604 0.2592
vt 0.1604 0.998
vt 0.1615 0.998
vt 0.1679 0.2592
vt 0.1679 0.9978
vt 0.1783 0.545
vt 0.1793 0.5413
vt 0.1793 0.5111
vt 0.1783 0.5074
vt 0.1783 0.5754
vt 0.1783 0.605
vt 0.1793 0.5487
vt 0.1793 0.5717
vt 0.1793 0.5791
vt 0.1793 0.6013
vt 0.1783 0.6354
vt 0.1783 0.6688
vt 0.1793 0.6087
vt 0.1793 0.6317
vt 0.1793 0.6391
vt 0.1793 0.6651
vt 0.1783 0.6992
vt 0.1783 0.7378
vt 0.1793 0.6725
vt 0.1793 0.6955
vt 0.1793 0.7029
vt 0.1793 0.7341
vt 0.1783 0.7682
vt 0.1783 0.8016
vt 0.1793 0.7414
vt 0.1793 0.7645
vt 0.1793 0.7719
vt 0.1793 0.7979
vt 0.1783 0.832
vt 0.1793 0.8053
vt 0.1793 0.8283
vt 0.1793 0.8357
vt 0.1793 0.8634
vt 0.1793 0.8708
vt 0.1793 0.8938
vt 0.1793 0.9012
vt 0.1783 0.9309
vt 0.182 0.5514
vt 0.182 0.569
vt 0.182 0.5818
vt 0.182 0.5986
vt 0.182 0.6114
vt 0.182 0.629
vt 0.182 0.6418
vt 0.182 0.6624
vt 0.182 0.6752
vt 0.182 0.6928
vt 0.182 0.7056
vt 0.182 0.7313
vt 0.182 0.7442
vt 0.182 0.7618
vt 0.182 0.7746
vt 0.182 0.7952
vt 0.182 0.808
vt 0.182 0.8256
vt 0.182 0.8384
vt 0.182 0.8607
vt 0.182 0.8735
vt 0.182 0.8911
vt 0.1793 0.9346
vt 0.182 0.5386
vt 0.182 0.5138
vt 0.1857 0.5524
vt 0.1857 0.568
vt 0.1857 0.5828
vt 0.1857 0.5976
vt 0.1857 0.6124
vt 0.1857 0.628
vt 0.1857 0.6428
vt 0.1857 0.6614
vt 0.1857 0.6762
vt 0.1857 0.6918
vt 0.1857 0.7066
vt 0.1857 0.7304
vt 0.1857 0.7451
vt 0.1857 0.7608
vt 0.1857 0.7756
vt 0.1857 0.7942
vt 0.1857 0.809
vt 0.1857 0.8246
vt 0.1857 0.8394
vt 0.1857 0.8597
vt 0.1857 0.8745
vt 0.1857 0.8901
vt 0.1857 0.9049
vt 0.1857 0.9235
vt 0.1857 0.9383
vt 0.1857 0.9539
vt 0.1857 0.5376
vt 0.1894 0.5386
vt 0.1894 0.5138
vt 0.1857 0.5148
vt 0.1894 0.5514
vt 0.1894 0.569
vt 0.1894 0.5818
vt 0.1894 0.5986
vt 0.1894 0.6114
vt 0.1894 0.629
vt 0.1894 0.6418
vt 0.1894 0.6624
vt 0.1894 0.6752
vt 0.1894 0.6928
vt 0.1894 0.7056
vt 0.1894 0.7313
vt 0.1894 0.7442
vt 0.1894 0.7618
vt 0.1894 0.7746
vt 0.1894 0.7952
vt 0.1894 0.808
vt 0.1894 0.8256
vt 0.1894 0.8384
vt 0.1894 0.8607
vt 0.1894 0.8735
vt 0.1894 0.8911
vt 0.1894 0.9039
vt 0.1894 0.9245
vt 0.1894 0.9373
vt 0.1894 0.9549
vt 0.1921 0.5413
vt 0.1921 0.5111
vt 0.1921 0.5487
vt 0.1921 0.5717
vt 0.1921 0.5791
vt 0.1921 0.6013
vt 0.1921 0.6087
vt 0.1921 0.6317
vt 0.1921 0.6391
vt 0.1921 0.6651
vt 0.1921 0.6725
vt 0.1921 0.6955
vt 0.1921 0.7029
vt 0.1921 0.7341
vt 0.1921 0.7414
vt 0.1921 0.7645
vt 0.1921 0.7719
vt 0.1921 0.7979
vt 0.1921 0.8053
vt 0.1921 0.8283
vt 0.1921 0.8357
vt 0.1921 0.8634
vt 0.1921 0.8708
vt 0.1921 0.8938
vt 0.1921 0.9012
vt 0.1921 0.9272
vt 0.1921 0.9346
vt 0.1921 0.9576
vt 0.1964 0.2592
vt 0.1931 0.2593
vt 0.1931 0.545
vt 0.1931 0.5074
vt 0.1931 0.5754
vt 0.1931 0.605
vt 0.1931 0.6354
vt 0.1931 0.6688
vt 0.1931 0.6992
vt 0.1931 0.7378
vt 0.1931 0.7682
vt 0.1931 0.8016
vt 0.1931 0.832
vt 0.1931 0.8671
vt 0.1931 0.8975
vt 0.1931 0.9309
vt 0.1751 0.998
vt 0.1757 0.2594
vt 0.1751 0.2594
vt 0.2327 0.2594
vt 0.2322 0.2594
vt 0.2322 0.998
vt 0.2327 0.998
vt 0.2389 0.2594
vt 0.2389 0.9978
vt 0.3776 0.7269
vt 0.3786 0.7267
vt 0.3786 0.706
vt 0.3776 0.7057
vt 0.9224 0.6414
vt 0.9235 0.6414
vt 0.9235 0.6377
vt 0.9224 0.6377
vt 0.8823 0.6633
vt 0.8834 0.6633
vt 0.8834 0.6606
vt 0.8823 0.6606
vt 0.8834 0.6569
vt 0.8823 0.6569
vt 0.8834 0.6532
vt 0.8823 0.6532
vt 0.8834 0.6505
vt 0.8823 0.6505
vt 0.9308 0.6377
vt 0.9298 0.6377
vt 0.9298 0.6414
vt 0.9308 0.6414
vt 0.9298 0.6451
vt 0.9308 0.6451
vt 0.8765 0.6505
vt 0.8755 0.6505
vt 0.8755 0.6532
vt 0.8765 0.6532
vt 0.8755 0.6569
vt 0.8765 0.6569
vt 0.8755 0.6606
vt 0.8765 0.6606
vt 0.8755 0.6633
vt 0.8765 0.6633
vt 0.9224 0.6451
vt 0.9235 0.6451
vt 0.9372 0.6414
vt 0.9382 0.6414
vt 0.9382 0.6377
vt 0.9372 0.6377
vt 0.8687 0.6633
vt 0.8697 0.6633
vt 0.8697 0.6606
vt 0.8687 0.6606
vt 0.8697 0.6569
vt 0.8687 0.6569
vt 0.8697 0.6532
vt 0.8687 0.6532
vt 0.8697 0.6505
vt 0.8687 0.6505
vt 0.9426 0.6265
vt 0.9416 0.6265
vt 0.9416 0.6302
vt 0.9426 0.6302
vt 0.9416 0.6339
vt 0.9426 0.6339
vt 0.8629 0.6505
vt 0.8618 0.6505
vt 0.8618 0.6532
vt 0.8629 0.6532
vt 0.8618 0.6569
vt 0.8629 0.6569
vt 0.8618 0.6606
vt 0.8629 0.6606
vt 0.8618 0.6633
vt 0.8629 0.6633
vt 0.9372 0.6451
vt 0.9382 0.6451
vt 0.9347 0.6302
vt 0.9358 0.6302
vt 0.9358 0.6265
vt 0.9347 0.6265
vt 0.855 0.6633
vt 0.856 0.6633
vt 0.856 0.6606
vt 0.855 0.6606
vt 0.856 0.6569
vt 0.855 0.6569
vt 0.856 0.6532
vt 0.855 0.6532
vt 0.856 0.6505
vt 0.855 0.6505
vt 0.9289 0.6265
vt 0.9279 0.6265
vt 0.9279 0.6302
vt 0.9289 0.6302
vt 0.9279 0.6339
vt 0.9289 0.6339
vt 0.8492 0.6505
vt 0.8482 0.6505
vt 0.8482 0.6532
vt 0.8492 0.6532
vt 0.8482 0.6569
vt 0.8492 0.6569
vt 0.8482 0.6606
vt 0.8492 0.6606
vt 0.8482 0.6633
vt 0.8492 0.6633
vt 0.9347 0.6339
vt 0.9358 0.6339
vt 0.9211 0.6302
vt 0.9221 0.6302
vt 0.9221 0.6265
vt 0.9211 0.6265
vt 0.8413 0.6633
vt 0.8424 0.6633
vt 0.8424 0.6606
vt 0.8413 0.6606
vt 0.8424 0.6569
vt 0.8413 0.6569
vt 0.8424 0.6532
vt 0.8413 0.6532
vt 0.8424 0.6505
vt 0.8413 0.6505
vt 0.9153 0.6265
vt 0.9142 0.6265
vt 0.9142 0.6302
vt 0.9153 0.6302
vt 0.9142 0.6339
vt 0.9153 0.6339
vt 0.8355 0.6505
vt 0.8345 0.6505
vt 0.8345 0.6532
vt 0.8355 0.6532
vt 0.8345 0.6569
vt 0.8355 0.6569
vt 0.8345 0.6606
vt 0.8355 0.6606
vt 0.8345 0.6633
vt 0.8355 0.6633
vt 0.9211 0.6339
vt 0.9221 0.6339
vt 0.9074 0.6302
vt 0.9084 0.6302
vt 0.9084 0.6265
vt 0.9074 0.6265
vt 0.8277 0.6633
vt 0.8287 0.6633
vt 0.8287 0.6606
vt 0.8277 0.6606
vt 0.8287 0.6569
vt 0.8277 0.6569
vt 0.8287 0.6532
vt 0.8277 0.6532
vt 0.8287 0.6505
vt 0.8277 0.6505
vt 0.9016 0.6265
vt 0.9006 0.6265
vt 0.9006 0.6302
vt 0.9016 0.6302
vt 0.9006 0.6339
vt 0.9016 0.6339
vt 0.8219 0.6505
vt 0.8208 0.6505
vt 0.8208 0.6532
vt 0.8219 0.6532
vt 0.8208 0.6569
vt 0.8219 0.6569
vt 0.8208 0.6606
vt 0.8219 0.6606
vt 0.8208 0.6633
vt 0.8219 0.6633
vt 0.9074 0.6339
vt 0.9084 0.6339
vt 0.8937 0.6314
vt 0.8948 0.6314
vt 0.8948 0.6277
vt 0.8937 0.6277
vt 0.814 0.6633
vt 0.815 0.6633
vt 0.815 0.6606
vt 0.814 0.6606
vt 0.815 0.6569
vt 0.814 0.6569
vt 0.815 0.6532
vt 0.814 0.6532
vt 0.815 0.6505
vt 0.814 0.6505
vt 0.8879 0.6277
vt 0.8869 0.6277
vt 0.8869 0.6314
vt 0.8879 0.6314
vt 0.8869 0.6351
vt 0.8879 0.6351
vt 0.8082 0.6505
vt 0.8072 0.6505
vt 0.8072 0.6532
vt 0.8082 0.6532
vt 0.8072 0.6569
vt 0.8082 0.6569
vt 0.8072 0.6606
vt 0.8082 0.6606
vt 0.8072 0.6633
vt 0.8082 0.6633
vt 0.8937 0.6351
vt 0.8948 0.6351
vt 0.8801 0.6318
vt 0.8811 0.6318
vt 0.8811 0.6281
vt 0.8801 0.6281
vt 0.8003 0.6633
vt 0.8014 0.6633
vt 0.8014 0.6606
vt 0.8003 0.6606
vt 0.8014 0.6569
vt 0.8003 0.6569
vt 0.8014 0.6532
vt 0.8003 0.6532
vt 0.8014 0.6505
vt 0.8003 0.6505
vt 0.8743 0.6281
vt 0.8732 0.6281
vt 0.8732 0.6318
vt 0.8743 0.6318
vt 0.8732 0.6355
vt 0.8743 0.6355
vt 0.7945 0.6505
vt 0.7935 0.6505
vt 0.7935 0.6532
vt 0.7945 0.6532
vt 0.7935 0.6569
vt 0.7945 0.6569
vt 0.7935 0.6606
vt 0.7945 0.6606
vt 0.7935 0.6633
vt 0.7945 0.6633
vt 0.8801 0.6355
vt 0.8811 0.6355
vt 0.8664 0.6318
vt 0.8674 0.6318
vt 0.8674 0.6281
vt 0.8664 0.6281
vt 0.7867 0.6633
vt 0.7877 0.6633
vt 0.7877 0.6606
vt 0.7867 0.6606
vt 0.7877 0.6569
vt 0.7867 0.6569
vt 0.7877 0.6532
vt 0.7867 0.6532
vt 0.7877 0.6505
vt 0.7867 0.6505
vt 0.8606 0.6281
vt 0.8596 0.6281
vt 0.8596 0.6318
vt 0.8606 0.6318
vt 0.8596 0.6355
vt 0.8606 0.6355
vt 0.7809 0.6505
vt 0.7798 0.6505
vt 0.7798 0.6532
vt 0.7809 0.6532
vt 0.7798 0.6569
vt 0.7809 0.6569
vt 0.7798 0.6606
vt 0.7809 0.6606
vt 0.7798 0.6633
vt 0.7809 0.6633
vt 0.8664 0.6355
vt 0.8674 0.6355
vt 0.8527 0.6318
vt 0.8538 0.6318
vt 0.8538 0.6281
vt 0.8527 0.6281
vt 0.773 0.6633
vt 0.774 0.6633
vt 0.774 0.6606
vt 0.773 0.6606
vt 0.774 0.6569
vt 0.773 0.6569
vt 0.774 0.6532
vt 0.773 0.6532
vt 0.774 0.6505
vt 0.773 0.6505
vt 0.8469 0.6281
vt 0.8459 0.6281
vt 0.8459 0.6318
vt 0.8469 0.6318
vt 0.8459 0.6355
vt 0.8469 0.6355
vt 0.7672 0.6505
vt 0.7662 0.6505
vt 0.7662 0.6532
vt 0.7672 0.6532
vt 0.7662 0.6569
vt 0.7672 0.6569
vt 0.7662 0.6606
vt 0.7672 0.6606
vt 0.7662 0.6633
vt 0.7672 0.6633
vt 0.8527 0.6355
vt 0.8538 0.6355
vt 0.8391 0.6318
vt 0.8401 0.6318
vt 0.8401 0.6281
vt 0.8391 0.6281
vt 0.7593 0.6633
vt 0.7604 0.6633
vt 0.7604 0.6606
vt 0.7593 0.6606
vt 0.7604 0.6569
vt 0.7593 0.6569
vt 0.7604 0.6532
vt 0.7593 0.6532
vt 0.7604 0.6505
vt 0.7593 0.6505
vt 0.8333 0.6281
vt 0.8322 0.6281
vt 0.8322 0.6318
vt 0.8333 0.6318
vt 0.8322 0.6355
vt 0.8333 0.6355
vt 0.7535 0.6505
vt 0.7525 0.6505
vt 0.7525 0.6532
vt 0.7535 0.6532
vt 0.7525 0.6569
vt 0.7535 0.6569
vt 0.7525 0.6606
vt 0.7535 0.6606
vt 0.7525 0.6633
vt 0.7535 0.6633
vt 0.8391 0.6355
vt 0.8401 0.6355
vt 0.8254 0.6315
vt 0.8265 0.6315
vt 0.8265 0.6278
vt 0.8254 0.6278
vt 0.7457 0.6633
vt 0.7467 0.6633
vt 0.7467 0.6606
vt 0.7457 0.6606
vt 0.7467 0.6569
vt 0.7457 0.6569
vt 0.7467 0.6532
vt 0.7457 0.6532
vt 0.7467 0.6505
vt 0.7457 0.6505
vt 0.8196 0.6278
vt 0.8186 0.6278
vt 0.8186 0.6315
vt 0.8196 0.6315
vt 0.8186 0.6352
vt 0.8196 0.6352
vt 0.7399 0.6557
vt 0.7388 0.6557
vt 0.7388 0.6584
vt 0.7399 0.6584
vt 0.7388 0.6621
vt 0.7399 0.6621
vt 0.7388 0.6658
vt 0.7399 0.6658
vt 0.7388 0.6685
vt 0.7399 0.6685
vt 0.8254 0.6352
vt 0.8265 0.6352
vt 0.8117 0.6315
vt 0.8128 0.6315
vt 0.8128 0.6278
vt 0.8117 0.6278
vt 0.732 0.6685
vt 0.733 0.6685
vt 0.733 0.6658
vt 0.732 0.6658
vt 0.733 0.6621
vt 0.732 0.6621
vt 0.733 0.6584
vt 0.732 0.6584
vt 0.733 0.6557
vt 0.732 0.6557
vt 0.806 0.6278
vt 0.8049 0.6278
vt 0.8049 0.6315
vt 0.806 0.6315
vt 0.8049 0.6352
vt 0.806 0.6352
vt 0.7262 0.6557
vt 0.7252 0.6557
vt 0.7252 0.6584
vt 0.7262 0.6584
vt 0.7252 0.6621
vt 0.7262 0.6621
vt 0.7252 0.6658
vt 0.7262 0.6658
vt 0.7252 0.6685
vt 0.7262 0.6685
vt 0.8117 0.6352
vt 0.8128 0.6352
vt 0.7981 0.6315
vt 0.7991 0.6315
vt 0.7991 0.6278
vt 0.7981 0.6278
vt 0.7183 0.6685
vt 0.7194 0.6685
vt 0.7194 0.6658
vt 0.7183 0.6658
vt 0.7194 0.6621
vt 0.7183 0.6621
vt 0.7194 0.6584
vt 0.7183 0.6584
vt 0.7194 0.6557
vt 0.7183 0.6557
vt 0.7923 0.6278
vt 0.7913 0.6278
vt 0.7913 0.6315
vt 0.7923 0.6315
vt 0.7913 0.6352
vt 0.7923 0.6352
vt 0.7126 0.6557
vt 0.7115 0.6557
vt 0.7115 0.6584
vt 0.7126 0.6584
vt 0.7115 0.6621
vt 0.7126 0.6621
vt 0.7115 0.6658
vt 0.7126 0.6658
vt 0.7115 0.6685
vt 0.7126 0.6685
vt 0.7981 0.6352
vt 0.7991 0.6352
vt 0.7844 0.6315
vt 0.7855 0.6315
vt 0.7855 0.6278
vt 0.7844 0.6278
vt 0.7047 0.6685
vt 0.7057 0.6685
vt 0.7057 0.6658
vt 0.7047 0.6658
vt 0.7057 0.6621
vt 0.7047 0.6621
vt 0.7057 0.6584
vt 0.7047 0.6584
vt 0.7057 0.6557
vt 0.7047 0.6557
vt 0.7786 0.6278
vt 0.7776 0.6278
vt 0.7776 0.6315
vt 0.7786 0.6315
vt 0.7776 0.6352
vt 0.7786 0.6352
vt 0.6989 0.6557
vt 0.6979 0.6557
vt 0.6979 0.6584
vt 0.6989 0.6584
vt 0.6979 0.6621
vt 0.6989 0.6621
vt 0.6979 0.6658
vt 0.6989 0.6658
vt 0.6979 0.6685
vt 0.6989 0.6685
vt 0.7844 0.6352
vt 0.7855 0.6352
vt 0.3789 0.7054
vt 0.3781 0.7046
vt 0.3789 0.7273
vt 0.3781 0.7281
vt 0.3794 0.7051
vt 0.3792 0.7041
vt 0.3792 0.7286
vt 0.3794 0.7275
vt 0.3856 0.7051
vt 0.3856 0.7041
vt 0.2524 0.998
vt 0.2534 0.998
vt 0.2534 0.2596
vt 0.2524 0.2596
vt 0.3856 0.7286
vt 0.3856 0.7275
vt 0.136 0.9693
vt 0.136 0.9462
vt 0.135 0.9425
vt 0.136 0.9388
vt 0.136 0.9077
vt 0.135 0.904
vt 0.136 0.9003
vt 0.136 0.8773
vt 0.135 0.8736
vt 0.136 0.8699
vt 0.136 0.8439
vt 0.135 0.8402
vt 0.136 0.8365
vt 0.136 0.8135
vt 0.135 0.8098
vt 0.136 0.8061
vt 0.136 0.7839
vt 0.135 0.7802
vt 0.136 0.7765
vt 0.136 0.7535
vt 0.1387 0.9666
vt 0.1387 0.9489
vt 0.1387 0.9361
vt 0.1387 0.9104
vt 0.1387 0.8976
vt 0.1387 0.88
vt 0.1387 0.8672
vt 0.1387 0.8466
vt 0.1387 0.8338
vt 0.1387 0.8162
vt 0.1387 0.8034
vt 0.1387 0.7866
vt 0.1387 0.7738
vt 0.1387 0.7562
vt 0.1424 0.9656
vt 0.1424 0.9499
vt 0.1424 0.9352
vt 0.1424 0.9114
vt 0.1424 0.8966
vt 0.1424 0.881
vt 0.1424 0.8662
vt 0.1424 0.8476
vt 0.1424 0.8328
vt 0.1424 0.8172
vt 0.1424 0.8024
vt 0.1424 0.7876
vt 0.1424 0.7728
vt 0.1424 0.7572
vt 0.1461 0.9666
vt 0.1461 0.9489
vt 0.1461 0.9361
vt 0.1461 0.9104
vt 0.1461 0.8976
vt 0.1461 0.88
vt 0.1461 0.8672
vt 0.1461 0.8466
vt 0.1461 0.8338
vt 0.1461 0.8162
vt 0.1461 0.8034
vt 0.1461 0.7866
vt 0.1461 0.7738
vt 0.1461 0.7562
vt 0.1488 0.9693
vt 0.1488 0.9462
vt 0.1488 0.9388
vt 0.1488 0.9077
vt 0.1488 0.9003
vt 0.1488 0.8773
vt 0.1488 0.8699
vt 0.1488 0.8439
vt 0.1488 0.8365
vt 0.1488 0.8135
vt 0.1488 0.7765
vt 0.1488 0.7535
vt 0.1498 0.973
vt 0.1498 0.9425
vt 0.1498 0.904
vt 0.1498 0.8736
vt 0.1498 0.8402
vt 0.1498 0.8098
vt 0.1793 0.5037
vt 0.1793 0.4807
vt 0.1783 0.477
vt 0.1793 0.4733
vt 0.1793 0.4511
vt 0.1783 0.4474
vt 0.1793 0.4437
vt 0.1793 0.4207
vt 0.1783 0.417
vt 0.1793 0.4133
vt 0.1793 0.3873
vt 0.1783 0.3836
vt 0.1793 0.3799
vt 0.1793 0.3569
vt 0.1783 0.3532
vt 0.1793 0.3495
vt 0.1793 0.3184
vt 0.1783 0.3147
vt 0.1783 0.2842
vt 0.1783 0.2594
vt 0.1779 0.2594
vt 0.1793 0.311
vt 0.1793 0.2879
vt 0.1793 0.2805
vt 0.1793 0.2594
vt 0.182 0.501
vt 0.182 0.4834
vt 0.182 0.4706
vt 0.182 0.4538
vt 0.182 0.441
vt 0.182 0.4234
vt 0.182 0.4106
vt 0.182 0.39
vt 0.182 0.3772
vt 0.182 0.3596
vt 0.182 0.3468
vt 0.182 0.3211
vt 0.182 0.3083
vt 0.182 0.2906
vt 0.182 0.2778
vt 0.182 0.2593
vt 0.1857 0.5
vt 0.1857 0.4844
vt 0.1857 0.4696
vt 0.1857 0.4548
vt 0.1857 0.44
vt 0.1857 0.4244
vt 0.1857 0.4096
vt 0.1857 0.391
vt 0.1857 0.3762
vt 0.1857 0.3606
vt 0.1857 0.3458
vt 0.1857 0.3221
vt 0.1857 0.3073
vt 0.1857 0.2916
vt 0.1857 0.2768
vt 0.1857 0.2593
vt 0.1894 0.501
vt 0.1894 0.4834
vt 0.1894 0.4706
vt 0.1894 0.4538
vt 0.1894 0.441
vt 0.1894 0.4234
vt 0.1894 0.4106
vt 0.1894 0.39
vt 0.1894 0.3772
vt 0.1894 0.3596
vt 0.1894 0.3468
vt 0.1894 0.3211
vt 0.1894 0.3083
vt 0.1894 0.2906
vt 0.1894 0.2778
vt 0.1894 0.2593
vt 0.1921 0.5037
vt 0.1921 0.4807
vt 0.1921 0.4733
vt 0.1921 0.4511
vt 0.1921 0.4437
vt 0.1921 0.4207
vt 0.1921 0.4133
vt 0.1921 0.3873
vt 0.1921 0.3799
vt 0.1921 0.3569
vt 0.1921 0.3495
vt 0.1921 0.3184
vt 0.1921 0.311
vt 0.1921 0.2879
vt 0.1921 0.2805
vt 0.1921 0.2593
vt 0.1931 0.477
vt 0.1931 0.4474
vt 0.1931 0.417
vt 0.1931 0.3836
vt 0.1931 0.3532
vt 0.1931 0.3147
vt 0.1931 0.2842
vt 0.1931 0.2593
vt 0.7718 0.6312
vt 0.7718 0.6275
vt 0.7708 0.6275
vt 0.7708 0.6312
vt 0.691 0.6557
vt 0.691 0.6584
vt 0.6921 0.6584
vt 0.6921 0.6557
vt 0.691 0.6621
vt 0.6921 0.6621
vt 0.691 0.6658
vt 0.6921 0.6658
vt 0.691 0.6685
vt 0.6921 0.6685
vt 0.7639 0.6275
vt 0.7639 0.6312
vt 0.765 0.6312
vt 0.765 0.6275
vt 0.7639 0.6349
vt 0.765 0.6349
vt 0.6852 0.6685
vt 0.6852 0.6658
vt 0.6842 0.6658
vt 0.6842 0.6685
vt 0.6852 0.6621
vt 0.6842 0.6621
vt 0.6852 0.6584
vt 0.6842 0.6584
vt 0.6852 0.6557
vt 0.6842 0.6557
vt 0.7718 0.6349
vt 0.7708 0.6349
vt 0.7581 0.6312
vt 0.7581 0.6275
vt 0.7571 0.6275
vt 0.7571 0.6312
vt 0.6774 0.6587
vt 0.6774 0.6614
vt 0.6784 0.6614
vt 0.6784 0.6587
vt 0.6774 0.6651
vt 0.6784 0.6651
vt 0.6774 0.6688
vt 0.6784 0.6688
vt 0.6774 0.6715
vt 0.6784 0.6715
vt 0.7503 0.6267
vt 0.7503 0.6304
vt 0.7513 0.6304
vt 0.7513 0.6267
vt 0.7503 0.6341
vt 0.7513 0.6341
vt 0.6716 0.6715
vt 0.6716 0.6688
vt 0.6705 0.6688
vt 0.6705 0.6715
vt 0.6716 0.6651
vt 0.6705 0.6651
vt 0.6716 0.6614
vt 0.6705 0.6614
vt 0.6716 0.6587
vt 0.6705 0.6587
vt 0.7581 0.6349
vt 0.7571 0.6349
vt 0.7445 0.6304
vt 0.7445 0.6267
vt 0.7434 0.6267
vt 0.7434 0.6304
vt 0.6637 0.6587
vt 0.6637 0.6614
vt 0.6647 0.6614
vt 0.6647 0.6587
vt 0.6637 0.6651
vt 0.6647 0.6651
vt 0.6637 0.6688
vt 0.6647 0.6688
vt 0.6637 0.6715
vt 0.6647 0.6715
vt 0.7366 0.632
vt 0.7366 0.6357
vt 0.7376 0.6357
vt 0.7376 0.632
vt 0.7366 0.6394
vt 0.7376 0.6394
vt 0.6579 0.6715
vt 0.6579 0.6688
vt 0.6569 0.6688
vt 0.6569 0.6715
vt 0.6579 0.6651
vt 0.6569 0.6651
vt 0.6579 0.6614
vt 0.6569 0.6614
vt 0.6579 0.6587
vt 0.6569 0.6587
vt 0.7445 0.6341
vt 0.7434 0.6341
vt 0.7308 0.6357
vt 0.7308 0.632
vt 0.7298 0.632
vt 0.7298 0.6357
vt 0.65 0.6971
vt 0.65 0.6998
vt 0.6511 0.6998
vt 0.6511 0.6971
vt 0.65 0.7035
vt 0.6511 0.7035
vt 0.65 0.7072
vt 0.6511 0.7072
vt 0.65 0.7099
vt 0.6511 0.7099
vt 0.7229 0.632
vt 0.7229 0.6357
vt 0.724 0.6357
vt 0.724 0.632
vt 0.7229 0.6394
vt 0.724 0.6394
vt 0.6442 0.7099
vt 0.6442 0.7072
vt 0.6432 0.7072
vt 0.6432 0.7099
vt 0.6442 0.7035
vt 0.6432 0.7035
vt 0.6442 0.6998
vt 0.6432 0.6998
vt 0.6442 0.6971
vt 0.6432 0.6971
vt 0.7308 0.6394
vt 0.7298 0.6394
vt 0.7171 0.6357
vt 0.7171 0.632
vt 0.7161 0.632
vt 0.7161 0.6357
vt 0.6364 0.6971
vt 0.6364 0.6998
vt 0.6374 0.6998
vt 0.6374 0.6971
vt 0.6364 0.7035
vt 0.6374 0.7035
vt 0.6364 0.7072
vt 0.6374 0.7072
vt 0.6364 0.7099
vt 0.6374 0.7099
vt 0.7093 0.632
vt 0.7093 0.6357
vt 0.7103 0.6357
vt 0.7103 0.632
vt 0.7093 0.6394
vt 0.7103 0.6394
vt 0.6306 0.7099
vt 0.6306 0.7072
vt 0.6295 0.7072
vt 0.6295 0.7099
vt 0.6306 0.7035
vt 0.6295 0.7035
vt 0.6306 0.6998
vt 0.6295 0.6998
vt 0.6306 0.6971
vt 0.6295 0.6971
vt 0.7171 0.6394
vt 0.7161 0.6394
vt 0.7035 0.6357
vt 0.7035 0.632
vt 0.7024 0.632
vt 0.7024 0.6357
vt 0.6227 0.6971
vt 0.6227 0.6998
vt 0.6237 0.6998
vt 0.6237 0.6971
vt 0.6227 0.7035
vt 0.6237 0.7035
vt 0.6227 0.7072
vt 0.6237 0.7072
vt 0.6227 0.7099
vt 0.6237 0.7099
vt 0.6956 0.632
vt 0.6956 0.6357
vt 0.6966 0.6357
vt 0.6966 0.632
vt 0.6956 0.6394
vt 0.6966 0.6394
vt 0.6169 0.7099
vt 0.6169 0.7072
vt 0.6159 0.7072
vt 0.6159 0.7099
vt 0.6169 0.7035
vt 0.6159 0.7035
vt 0.6169 0.6998
vt 0.6159 0.6998
vt 0.6169 0.6971
vt 0.6159 0.6971
vt 0.7035 0.6394
vt 0.7024 0.6394
vt 0.6898 0.6357
vt 0.6898 0.632
vt 0.6888 0.632
vt 0.6888 0.6357
vt 0.609 0.6972
vt 0.609 0.6999
vt 0.6101 0.6999
vt 0.6101 0.6972
vt 0.609 0.7036
vt 0.6101 0.7036
vt 0.609 0.7073
vt 0.6101 0.7073
vt 0.609 0.71
vt 0.6101 0.71
vt 0.6819 0.632
vt 0.6819 0.6357
vt 0.683 0.6357
vt 0.683 0.632
vt 0.6819 0.6394
vt 0.683 0.6394
vt 0.6032 0.71
vt 0.6032 0.7073
vt 0.6022 0.7073
vt 0.6022 0.71
vt 0.6032 0.7036
vt 0.6022 0.7036
vt 0.6032 0.6999
vt 0.6022 0.6999
vt 0.6032 0.6972
vt 0.6022 0.6972
vt 0.6898 0.6394
vt 0.6888 0.6394
vt 0.6761 0.6357
vt 0.6761 0.632
vt 0.6751 0.632
vt 0.6751 0.6357
vt 0.5954 0.6972
vt 0.5954 0.6999
vt 0.5964 0.6999
vt 0.5964 0.6972
vt 0.5954 0.7036
vt 0.5964 0.7036
vt 0.5954 0.7073
vt 0.5964 0.7073
vt 0.5954 0.71
vt 0.5964 0.71
vt 0.6683 0.6349
vt 0.6683 0.6386
vt 0.6693 0.6386
vt 0.6693 0.6349
vt 0.6683 0.6423
vt 0.6693 0.6423
vt 0.5896 0.71
vt 0.5896 0.7073
vt 0.5885 0.7073
vt 0.5885 0.71
vt 0.5896 0.7036
vt 0.5885 0.7036
vt 0.5896 0.6999
vt 0.5885 0.6999
vt 0.5896 0.6972
vt 0.5885 0.6972
vt 0.6761 0.6394
vt 0.6751 0.6394
vt 0.1309 0.2592
vt 0.1309 0.9978
vt 0.1321 0.9978
vt 0.2238 0.2594
vt 0.2238 0.998
vt 0.2249 0.998
vt 0.2249 0.2594
vt 0.2174 0.2594
vt 0.2174 0.9978
vt 0.197 0.998
vt 0.197 0.2592
vt 0.2107 0.2592
vt 0.2107 0.998
vt 0.2113 0.998
vt 0.2113 0.2592
vt 0.2045 0.2592
vt 0.2045 0.9978
vt 0.2461 0.998
vt 0.2461 0.2595
vt 0.245 0.2595
vt 0.245 0.998
vt 0.136 0.9979
vt 0.136 0.9767
vt 0.1387 0.9979
vt 0.1387 0.9794
vt 0.1424 0.9979
vt 0.1424 0.9804
vt 0.1461 0.998
vt 0.1461 0.9794
vt 0.1488 0.998
vt 0.1488 0.9767
vt 0.1498 0.998
vt 0.7619 0.6467
vt 0.7619 0.6403
vt 0.7609 0.6406
vt 0.7609 0.6467
vt 0.7614 0.6392
vt 0.7606 0.64
vt 0.7603 0.6387
vt 0.7601 0.6397
vt 0.7568 0.6387
vt 0.7568 0.6397
vt 0.2608 0.998
vt 0.2608 0.998
vt 0.2598 0.998
vt 0.2598 0.998
vt 0.2608 0.998
vt 0.0665 0.0061
vt 0.0665 0.0061
vt 0.0665 0.0072
vt 0.0665 0.0072
vt 0.415 0.7325
vt 0.415 0.7315
vt 0.414 0.7315
vt 0.414 0.7325
vt 0.415 0.7288
vt 0.414 0.7288
vt 0.415 0.7251
vt 0.414 0.7251
vt 0.415 0.7214
vt 0.414 0.7214
vt 0.415 0.7187
vt 0.414 0.7187
vt 0.415 0.7177
vt 0.414 0.7177
vt 0.415 0.7175
vt 0.414 0.7172
vt 0.415 0.7169
vt 0.414 0.7168
vt 0.415 0.7165
vt 0.414 0.7165
vt 0.415 0.7163
vt 0.414 0.7163
vt 0.415 0.7148
vt 0.414 0.715
vt 0.4145 0.7137
vt 0.4138 0.7145
vt 0.4134 0.7132
vt 0.4132 0.7142
vt 0.407 0.7132
vt 0.407 0.7142
vt 0.0059 0.6818
vt 0.0059 0.6522
vt 0.0059 0.6218
vt 0.0059 0.5884
vt 0.0059 0.558
vt 0.0059 0.5195
vt 0.0059 0.489
vt 0.0059 0.4556
vt 0.0059 0.4252
vt 0.0059 0.3901
vt 0.0059 0.3597
vt 0.0069 0.3634
vt 0.0069 0.3865
vt 0.0069 0.3938
vt 0.0069 0.4215
vt 0.0069 0.4289
vt 0.0069 0.4519
vt 0.0069 0.4593
vt 0.0069 0.4853
vt 0.0069 0.4927
vt 0.0069 0.5158
vt 0.0069 0.5232
vt 0.0069 0.5543
vt 0.0069 0.5617
vt 0.0069 0.5847
vt 0.0069 0.5921
vt 0.0069 0.6181
vt 0.0069 0.6255
vt 0.0069 0.6485
vt 0.0069 0.6559
vt 0.0069 0.6781
vt 0.0069 0.6855
vt 0.0059 0.7122
vt 0.0069 0.7085
vt 0.0069 0.7159
vt 0.0059 0.7498
vt 0.0069 0.7461
vt 0.0096 0.3661
vt 0.0096 0.3837
vt 0.0096 0.3966
vt 0.0096 0.4188
vt 0.0096 0.4316
vt 0.0096 0.4492
vt 0.0096 0.462
vt 0.0096 0.4826
vt 0.0096 0.4954
vt 0.0096 0.5131
vt 0.0096 0.5259
vt 0.0096 0.5516
vt 0.0096 0.5644
vt 0.0096 0.582
vt 0.0096 0.5948
vt 0.0096 0.6154
vt 0.0096 0.6282
vt 0.0096 0.6458
vt 0.0096 0.6586
vt 0.0096 0.6754
vt 0.0096 0.6882
vt 0.0096 0.7058
vt 0.0096 0.3327
vt 0.0096 0.3533
vt 0.0096 0.3023
vt 0.0096 0.3199
vt 0.0096 0.7186
vt 0.0096 0.7434
vt 0.0133 0.3033
vt 0.0133 0.3189
vt 0.0133 0.3337
vt 0.0133 0.3523
vt 0.0133 0.3671
vt 0.0133 0.3828
vt 0.0133 0.3975
vt 0.0133 0.4178
vt 0.0133 0.4326
vt 0.0133 0.4482
vt 0.0133 0.463
vt 0.0133 0.4816
vt 0.0133 0.4964
vt 0.0133 0.5121
vt 0.0133 0.5269
vt 0.0133 0.5506
vt 0.0133 0.5654
vt 0.0133 0.581
vt 0.0133 0.5958
vt 0.0133 0.6144
vt 0.0133 0.6292
vt 0.0133 0.6448
vt 0.0133 0.6596
vt 0.0133 0.6744
vt 0.0133 0.6892
vt 0.0133 0.7048
vt 0.0133 0.7196
vt 0.0133 0.7424
vt 0.017 0.7186
vt 0.017 0.7434
vt 0.017 0.3023
vt 0.017 0.3199
vt 0.017 0.3327
vt 0.017 0.3533
vt 0.017 0.3661
vt 0.017 0.3837
vt 0.017 0.3966
vt 0.017 0.4188
vt 0.017 0.4316
vt 0.017 0.4492
vt 0.017 0.462
vt 0.017 0.4826
vt 0.017 0.4954
vt 0.017 0.5131
vt 0.017 0.5259
vt 0.017 0.5516
vt 0.017 0.5644
vt 0.017 0.582
vt 0.017 0.5948
vt 0.017 0.6154
vt 0.017 0.6282
vt 0.017 0.6458
vt 0.017 0.6586
vt 0.017 0.6754
vt 0.017 0.6882
vt 0.017 0.7058
vt 0.0197 0.7159
vt 0.0197 0.7461
vt 0.0197 0.2996
vt 0.0197 0.3226
vt 0.0197 0.33
vt 0.0197 0.356
vt 0.0197 0.3634
vt 0.0197 0.3865
vt 0.0197 0.3938
vt 0.0197 0.4215
vt 0.0197 0.4289
vt 0.0197 0.4519
vt 0.0197 0.4593
vt 0.0197 0.4853
vt 0.0197 0.4927
vt 0.0197 0.5158
vt 0.0197 0.5232
vt 0.0197 0.5543
vt 0.0197 0.5617
vt 0.0197 0.5847
vt 0.0197 0.5921
vt 0.0197 0.6181
vt 0.0197 0.6255
vt 0.0197 0.6485
vt 0.0197 0.6855
vt 0.0197 0.7085
vt 0.0207 0.7122
vt 0.0207 0.7498
vt 0.0207 0.3263
vt 0.0207 0.3597
vt 0.0207 0.3901
vt 0.0207 0.4252
vt 0.0207 0.4556
vt 0.0207 0.489
vt 0.0207 0.5195
vt 0.0207 0.558
vt 0.0207 0.5884
vt 0.0207 0.6218
vt 0.0207 0.6522
vt 0.0254 0.2491
vt 0.0242 0.998
vt 0.0254 0.998
vt 0.0327 0.2491
vt 0.0315 0.2491
vt 0.0315 0.998
vt 0.0327 0.998
vt 0.039 0.2491
vt 0.039 0.9978
vt 0.0495 0.5349
vt 0.0505 0.5312
vt 0.0505 0.501
vt 0.0495 0.4973
vt 0.0495 0.5653
vt 0.0495 0.5948
vt 0.0505 0.5386
vt 0.0505 0.5616
vt 0.0505 0.569
vt 0.0505 0.5911
vt 0.0495 0.6253
vt 0.0495 0.6587
vt 0.0505 0.5985
vt 0.0505 0.6216
vt 0.0505 0.629
vt 0.0505 0.655
vt 0.0495 0.6891
vt 0.0495 0.7276
vt 0.0505 0.6624
vt 0.0505 0.6854
vt 0.0505 0.6928
vt 0.0505 0.7239
vt 0.0495 0.758
vt 0.0495 0.7914
vt 0.0505 0.7313
vt 0.0505 0.7543
vt 0.0505 0.7617
vt 0.0505 0.7877
vt 0.0495 0.8219
vt 0.0505 0.7951
vt 0.0505 0.8182
vt 0.0505 0.8256
vt 0.0505 0.8532
vt 0.0505 0.8606
vt 0.0505 0.8836
vt 0.0505 0.891
vt 0.0495 0.9208
vt 0.0532 0.5413
vt 0.0532 0.5589
vt 0.0532 0.5717
vt 0.0532 0.5884
vt 0.0532 0.6012
vt 0.0532 0.6189
vt 0.0532 0.6317
vt 0.0532 0.6523
vt 0.0532 0.6651
vt 0.0532 0.6827
vt 0.0532 0.6955
vt 0.0532 0.7212
vt 0.0532 0.734
vt 0.0532 0.7516
vt 0.0532 0.7644
vt 0.0532 0.785
vt 0.0532 0.7978
vt 0.0532 0.8155
vt 0.0532 0.8283
vt 0.0532 0.8505
vt 0.0532 0.8633
vt 0.0532 0.8809
vt 0.0505 0.9245
vt 0.0532 0.5285
vt 0.0532 0.5037
vt 0.0569 0.5423
vt 0.0569 0.5579
vt 0.0569 0.5727
vt 0.0569 0.5874
vt 0.0569 0.6022
vt 0.0569 0.6179
vt 0.0569 0.6327
vt 0.0569 0.6513
vt 0.0569 0.6661
vt 0.0569 0.6817
vt 0.0569 0.6965
vt 0.0569 0.7202
vt 0.0569 0.735
vt 0.0569 0.7506
vt 0.0569 0.7654
vt 0.0569 0.7841
vt 0.0569 0.7988
vt 0.0569 0.8145
vt 0.0569 0.8293
vt 0.0569 0.8495
vt 0.0569 0.8643
vt 0.0569 0.8799
vt 0.0569 0.8947
vt 0.0569 0.9134
vt 0.0569 0.9281
vt 0.0569 0.9438
vt 0.0569 0.5275
vt 0.0606 0.5285
vt 0.0606 0.5037
vt 0.0569 0.5046
vt 0.0606 0.5413
vt 0.0606 0.5589
vt 0.0606 0.5717
vt 0.0606 0.5884
vt 0.0606 0.6012
vt 0.0606 0.6189
vt 0.0606 0.6317
vt 0.0606 0.6523
vt 0.0606 0.6651
vt 0.0606 0.6827
vt 0.0606 0.6955
vt 0.0606 0.7212
vt 0.0606 0.734
vt 0.0606 0.7516
vt 0.0606 0.7644
vt 0.0606 0.785
vt 0.0606 0.7978
vt 0.0606 0.8155
vt 0.0606 0.8283
vt 0.0606 0.8505
vt 0.0606 0.8633
vt 0.0606 0.8809
vt 0.0606 0.8937
vt 0.0606 0.9143
vt 0.0606 0.9272
vt 0.0606 0.9448
vt 0.0633 0.5312
vt 0.0633 0.501
vt 0.0633 0.5386
vt 0.0633 0.5616
vt 0.0633 0.569
vt 0.0633 0.5911
vt 0.0633 0.5985
vt 0.0633 0.6216
vt 0.0633 0.629
vt 0.0633 0.655
vt 0.0633 0.6624
vt 0.0633 0.6854
vt 0.0633 0.6928
vt 0.0633 0.7239
vt 0.0633 0.7313
vt 0.0633 0.7543
vt 0.0633 0.7617
vt 0.0633 0.7877
vt 0.0633 0.7951
vt 0.0633 0.8182
vt 0.0633 0.8256
vt 0.0633 0.8532
vt 0.0633 0.8606
vt 0.0633 0.8836
vt 0.0633 0.891
vt 0.0633 0.9171
vt 0.0633 0.9245
vt 0.0633 0.9475
vt 0.0676 0.2491
vt 0.0643 0.2491
vt 0.0643 0.5349
vt 0.0643 0.4973
vt 0.0643 0.5653
vt 0.0643 0.5948
vt 0.0643 0.6253
vt 0.0643 0.6587
vt 0.0643 0.6891
vt 0.0643 0.7276
vt 0.0643 0.758
vt 0.0643 0.7914
vt 0.0643 0.8219
vt 0.0643 0.8569
vt 0.0643 0.8873
vt 0.0643 0.9208
vt 0.0462 0.998
vt 0.0468 0.2492
vt 0.0462 0.2493
vt 0.1039 0.2493
vt 0.1033 0.2493
vt 0.1033 0.998
vt 0.1039 0.998
vt 0.11 0.2493
vt 0.11 0.9978
vt 0.3923 0.7359
vt 0.3933 0.7357
vt 0.3933 0.7149
vt 0.3923 0.7147
vt 0.6614 0.6384
vt 0.6625 0.6384
vt 0.6625 0.6347
vt 0.6614 0.6347
vt 0.5817 0.71
vt 0.5827 0.71
vt 0.5827 0.7073
vt 0.5817 0.7073
vt 0.5827 0.7036
vt 0.5817 0.7036
vt 0.5827 0.6999
vt 0.5817 0.6999
vt 0.5827 0.6972
vt 0.5817 0.6972
vt 0.6556 0.6347
vt 0.6546 0.6347
vt 0.6546 0.6384
vt 0.6556 0.6384
vt 0.6546 0.6421
vt 0.6556 0.6421
vt 0.5759 0.6972
vt 0.5749 0.6972
vt 0.5749 0.6999
vt 0.5759 0.6999
vt 0.5749 0.7036
vt 0.5759 0.7036
vt 0.5749 0.7073
vt 0.5759 0.7073
vt 0.5749 0.71
vt 0.5759 0.71
vt 0.6614 0.6421
vt 0.6625 0.6421
vt 0.6478 0.6769
vt 0.6488 0.6769
vt 0.6488 0.6732
vt 0.6478 0.6732
vt 0.568 0.71
vt 0.5691 0.71
vt 0.5691 0.7073
vt 0.568 0.7073
vt 0.5691 0.7036
vt 0.568 0.7036
vt 0.5691 0.6999
vt 0.568 0.6999
vt 0.5691 0.6972
vt 0.568 0.6972
vt 0.642 0.6732
vt 0.6409 0.6732
vt 0.6409 0.6769
vt 0.642 0.6769
vt 0.6409 0.6806
vt 0.642 0.6806
vt 0.5622 0.6972
vt 0.5612 0.6972
vt 0.5612 0.6999
vt 0.5622 0.6999
vt 0.5612 0.7036
vt 0.5622 0.7036
vt 0.5612 0.7073
vt 0.5622 0.7073
vt 0.5612 0.71
vt 0.5622 0.71
vt 0.6478 0.6806
vt 0.6488 0.6806
vt 0.6341 0.6769
vt 0.6352 0.6769
vt 0.6352 0.6732
vt 0.6341 0.6732
vt 0.5544 0.71
vt 0.5554 0.71
vt 0.5554 0.7073
vt 0.5544 0.7073
vt 0.5554 0.7036
vt 0.5544 0.7036
vt 0.5554 0.6999
vt 0.5544 0.6999
vt 0.5554 0.6972
vt 0.5544 0.6972
vt 0.6283 0.6732
vt 0.6273 0.6732
vt 0.6273 0.6769
vt 0.6283 0.6769
vt 0.6273 0.6806
vt 0.6283 0.6806
vt 0.5486 0.6972
vt 0.5475 0.6972
vt 0.5475 0.6999
vt 0.5486 0.6999
vt 0.5475 0.7036
vt 0.5486 0.7036
vt 0.5475 0.7073
vt 0.5486 0.7073
vt 0.5475 0.71
vt 0.5486 0.71
vt 0.6341 0.6806
vt 0.6352 0.6806
vt 0.6205 0.6769
vt 0.6215 0.6769
vt 0.6215 0.6732
vt 0.6205 0.6732
vt 0.5407 0.7139
vt 0.5418 0.7139
vt 0.5418 0.7112
vt 0.5407 0.7112
vt 0.5418 0.7075
vt 0.5407 0.7075
vt 0.5418 0.7038
vt 0.5407 0.7038
vt 0.5418 0.7011
vt 0.5407 0.7011
vt 0.6147 0.6732
vt 0.6136 0.6732
vt 0.6136 0.6769
vt 0.6147 0.6769
vt 0.6136 0.6806
vt 0.6147 0.6806
vt 0.5349 0.7011
vt 0.5339 0.7011
vt 0.5339 0.7038
vt 0.5349 0.7038
vt 0.5339 0.7075
vt 0.5349 0.7075
vt 0.5339 0.7112
vt 0.5349 0.7112
vt 0.5339 0.7139
vt 0.5349 0.7139
vt 0.6205 0.6806
vt 0.6215 0.6806
vt 0.6068 0.6769
vt 0.6078 0.6769
vt 0.6078 0.6732
vt 0.6068 0.6732
vt 0.5271 0.7139
vt 0.5281 0.7139
vt 0.5281 0.7112
vt 0.5271 0.7112
vt 0.5281 0.7075
vt 0.5271 0.7075
vt 0.5281 0.7038
vt 0.5271 0.7038
vt 0.5281 0.7011
vt 0.5271 0.7011
vt 0.601 0.6733
vt 0.6 0.6733
vt 0.6 0.677
vt 0.601 0.677
vt 0.6 0.6807
vt 0.601 0.6807
vt 0.5213 0.7013
vt 0.5202 0.7013
vt 0.5202 0.704
vt 0.5213 0.704
vt 0.5202 0.7077
vt 0.5213 0.7077
vt 0.5202 0.7114
vt 0.5213 0.7114
vt 0.5202 0.7141
vt 0.5213 0.7141
vt 0.6068 0.6806
vt 0.6078 0.6806
vt 0.5931 0.677
vt 0.5942 0.677
vt 0.5942 0.6733
vt 0.5931 0.6733
vt 0.5134 0.7141
vt 0.5144 0.7141
vt 0.5144 0.7114
vt 0.5134 0.7114
vt 0.5144 0.7077
vt 0.5134 0.7077
vt 0.5144 0.704
vt 0.5134 0.704
vt 0.5144 0.7013
vt 0.5134 0.7013
vt 0.5873 0.6733
vt 0.5863 0.6733
vt 0.5863 0.677
vt 0.5873 0.677
vt 0.5863 0.6807
vt 0.5873 0.6807
vt 0.5076 0.7013
vt 0.5066 0.7013
vt 0.5066 0.704
vt 0.5076 0.704
vt 0.5066 0.7077
vt 0.5076 0.7077
vt 0.5066 0.7114
vt 0.5076 0.7114
vt 0.5066 0.7141
vt 0.5076 0.7141
vt 0.5931 0.6807
vt 0.5942 0.6807
vt 0.5795 0.677
vt 0.5805 0.677
vt 0.5805 0.6733
vt 0.5795 0.6733
vt 0.4997 0.7134
vt 0.5008 0.7134
vt 0.5008 0.7107
vt 0.4997 0.7107
vt 0.5008 0.707
vt 0.4997 0.707
vt 0.5008 0.7033
vt 0.4997 0.7033
vt 0.5008 0.7006
vt 0.4997 0.7006
vt 0.5737 0.6733
vt 0.5726 0.6733
vt 0.5726 0.677
vt 0.5737 0.677
vt 0.5726 0.6807
vt 0.5737 0.6807
vt 0.4939 0.7005
vt 0.4929 0.7005
vt 0.4929 0.7032
vt 0.4939 0.7032
vt 0.4929 0.7069
vt 0.4939 0.7069
vt 0.4929 0.7106
vt 0.4939 0.7106
vt 0.4929 0.7133
vt 0.4939 0.7133
vt 0.5795 0.6807
vt 0.5805 0.6807
vt 0.5658 0.677
vt 0.5668 0.677
vt 0.5668 0.6733
vt 0.5658 0.6733
vt 0.4861 0.7133
vt 0.4871 0.7133
vt 0.4871 0.7106
vt 0.4861 0.7106
vt 0.4871 0.7069
vt 0.4861 0.7069
vt 0.4871 0.7032
vt 0.4861 0.7032
vt 0.4871 0.7005
vt 0.4861 0.7005
vt 0.56 0.6733
vt 0.559 0.6733
vt 0.559 0.677
vt 0.56 0.677
vt 0.559 0.6807
vt 0.56 0.6807
vt 0.4803 0.7005
vt 0.4792 0.7005
vt 0.4792 0.7032
vt 0.4803 0.7032
vt 0.4792 0.7069
vt 0.4803 0.7069
vt 0.4792 0.7106
vt 0.4803 0.7106
vt 0.4792 0.7133
vt 0.4803 0.7133
vt 0.5658 0.6807
vt 0.5668 0.6807
vt 0.5521 0.677
vt 0.5532 0.677
vt 0.5532 0.6733
vt 0.5521 0.6733
vt 0.4724 0.7133
vt 0.4734 0.7133
vt 0.4734 0.7106
vt 0.4724 0.7106
vt 0.4734 0.7069
vt 0.4724 0.7069
vt 0.4734 0.7032
vt 0.4724 0.7032
vt 0.4734 0.7005
vt 0.4724 0.7005
vt 0.5463 0.6733
vt 0.5453 0.6733
vt 0.5453 0.677
vt 0.5463 0.677
vt 0.5453 0.6807
vt 0.5463 0.6807
vt 0.4666 0.6998
vt 0.4656 0.6998
vt 0.4656 0.7025
vt 0.4666 0.7025
vt 0.4656 0.7062
vt 0.4666 0.7062
vt 0.4656 0.7099
vt 0.4666 0.7099
vt 0.4656 0.7126
vt 0.4666 0.7126
vt 0.5521 0.6807
vt 0.5532 0.6807
vt 0.5385 0.6808
vt 0.5395 0.6808
vt 0.5395 0.6771
vt 0.5385 0.6771
vt 0.4587 0.7126
vt 0.4598 0.7126
vt 0.4598 0.7099
vt 0.4587 0.7099
vt 0.4598 0.7062
vt 0.4587 0.7062
vt 0.4598 0.7025
vt 0.4587 0.7025
vt 0.4598 0.6998
vt 0.4587 0.6998
vt 0.5327 0.6771
vt 0.5316 0.6771
vt 0.5316 0.6808
vt 0.5327 0.6808
vt 0.5316 0.6845
vt 0.5327 0.6845
vt 0.4529 0.6998
vt 0.4519 0.6998
vt 0.4519 0.7025
vt 0.4529 0.7025
vt 0.4519 0.7062
vt 0.4529 0.7062
vt 0.4519 0.7099
vt 0.4529 0.7099
vt 0.4519 0.7126
vt 0.4529 0.7126
vt 0.5385 0.6845
vt 0.5395 0.6845
vt 0.5248 0.6808
vt 0.5258 0.6808
vt 0.5258 0.6771
vt 0.5248 0.6771
vt 0.4451 0.7126
vt 0.4461 0.7126
vt 0.4461 0.7099
vt 0.4451 0.7099
vt 0.4461 0.7062
vt 0.4451 0.7062
vt 0.4461 0.7025
vt 0.4451 0.7025
vt 0.4461 0.6998
vt 0.4451 0.6998
vt 0.519 0.6774
vt 0.518 0.6774
vt 0.518 0.6811
vt 0.519 0.6811
vt 0.518 0.6847
vt 0.519 0.6847
vt 0.4393 0.6998
vt 0.4382 0.6998
vt 0.4382 0.7025
vt 0.4393 0.7025
vt 0.4382 0.7062
vt 0.4393 0.7062
vt 0.4382 0.7099
vt 0.4393 0.7099
vt 0.4382 0.7126
vt 0.4393 0.7126
vt 0.5248 0.6845
vt 0.5258 0.6845
vt 0.5111 0.6811
vt 0.5122 0.6811
vt 0.5122 0.6774
vt 0.5111 0.6774
vt 0.4314 0.7094
vt 0.4324 0.7094
vt 0.4324 0.7067
vt 0.4314 0.7067
vt 0.4324 0.703
vt 0.4314 0.703
vt 0.4324 0.6993
vt 0.4314 0.6993
vt 0.4324 0.6966
vt 0.4314 0.6966
vt 0.5053 0.6767
vt 0.5043 0.6767
vt 0.5043 0.6804
vt 0.5053 0.6804
vt 0.5043 0.6841
vt 0.5053 0.6841
vt 0.4256 0.6966
vt 0.4246 0.6966
vt 0.4246 0.6993
vt 0.4256 0.6993
vt 0.4246 0.703
vt 0.4256 0.703
vt 0.4246 0.7067
vt 0.4256 0.7067
vt 0.4246 0.7094
vt 0.4256 0.7094
vt 0.5111 0.6847
vt 0.5122 0.6847
vt 0.4975 0.6804
vt 0.4985 0.6804
vt 0.4985 0.6767
vt 0.4975 0.6767
vt 0.4177 0.7094
vt 0.4188 0.7094
vt 0.4188 0.7067
vt 0.4177 0.7067
vt 0.4188 0.703
vt 0.4177 0.703
vt 0.4188 0.6993
vt 0.4177 0.6993
vt 0.4188 0.6966
vt 0.4177 0.6966
vt 0.4917 0.6766
vt 0.4906 0.6766
vt 0.4906 0.6803
vt 0.4917 0.6803
vt 0.4906 0.684
vt 0.4917 0.684
vt 0.4119 0.6966
vt 0.4109 0.6966
vt 0.4109 0.6993
vt 0.4119 0.6993
vt 0.4109 0.703
vt 0.4119 0.703
vt 0.4109 0.7067
vt 0.4119 0.7067
vt 0.4109 0.7094
vt 0.4119 0.7094
vt 0.4975 0.6841
vt 0.4985 0.6841
vt 0.4838 0.6803
vt 0.4849 0.6803
vt 0.4849 0.6766
vt 0.4838 0.6766
vt 0.4041 0.7093
vt 0.4051 0.7093
vt 0.4051 0.7066
vt 0.4041 0.7066
vt 0.4051 0.7029
vt 0.4041 0.7029
vt 0.4051 0.6992
vt 0.4041 0.6992
vt 0.4051 0.6965
vt 0.4041 0.6965
vt 0.478 0.6766
vt 0.477 0.6766
vt 0.477 0.6803
vt 0.478 0.6803
vt 0.477 0.684
vt 0.478 0.684
vt 0.3983 0.6965
vt 0.3972 0.6965
vt 0.3972 0.6992
vt 0.3983 0.6992
vt 0.3972 0.7029
vt 0.3983 0.7029
vt 0.3972 0.7066
vt 0.3983 0.7066
vt 0.3972 0.7093
vt 0.3983 0.7093
vt 0.4838 0.684
vt 0.4849 0.684
vt 0.3936 0.7143
vt 0.3928 0.7135
vt 0.3936 0.7362
vt 0.3928 0.737
vt 0.3942 0.7141
vt 0.3939 0.7131
vt 0.3939 0.7375
vt 0.3942 0.7365
vt 0.4003 0.7141
vt 0.4003 0.7131
vt 0.1236 0.998
vt 0.1246 0.998
vt 0.1246 0.2495
vt 0.1236 0.2495
vt 0.4003 0.7375
vt 0.4003 0.7365
vt 0.0069 0.9693
vt 0.0069 0.9462
vt 0.0059 0.9425
vt 0.0069 0.9388
vt 0.0069 0.9077
vt 0.0059 0.904
vt 0.0069 0.9003
vt 0.0069 0.8773
vt 0.0059 0.8736
vt 0.0069 0.8699
vt 0.0069 0.8439
vt 0.0059 0.8402
vt 0.0069 0.8365
vt 0.0069 0.8135
vt 0.0059 0.8098
vt 0.0069 0.8061
vt 0.0069 0.7839
vt 0.0059 0.7802
vt 0.0069 0.7765
vt 0.0069 0.7535
vt 0.0096 0.9666
vt 0.0096 0.9489
vt 0.0096 0.9361
vt 0.0096 0.9104
vt 0.0096 0.8976
vt 0.0096 0.88
vt 0.0096 0.8672
vt 0.0096 0.8466
vt 0.0096 0.8338
vt 0.0096 0.8162
vt 0.0096 0.8034
vt 0.0096 0.7866
vt 0.0096 0.7738
vt 0.0096 0.7562
vt 0.0133 0.9656
vt 0.0133 0.9499
vt 0.0133 0.9352
vt 0.0133 0.9114
vt 0.0133 0.8966
vt 0.0133 0.881
vt 0.0133 0.8662
vt 0.0133 0.8476
vt 0.0133 0.8328
vt 0.0133 0.8172
vt 0.0133 0.8024
vt 0.0133 0.7876
vt 0.0133 0.7728
vt 0.0133 0.7572
vt 0.017 0.9666
vt 0.017 0.9489
vt 0.017 0.9361
vt 0.017 0.9104
vt 0.017 0.8976
vt 0.017 0.88
vt 0.017 0.8672
vt 0.017 0.8466
vt 0.017 0.8338
vt 0.017 0.8162
vt 0.017 0.8034
vt 0.017 0.7866
vt 0.017 0.7738
vt 0.017 0.7562
vt 0.0197 0.9693
vt 0.0197 0.9462
vt 0.0197 0.9388
vt 0.0197 0.9077
vt 0.0197 0.9003
vt 0.0197 0.8773
vt 0.0197 0.8699
vt 0.0197 0.8439
vt 0.0197 0.8365
vt 0.0197 0.8135
vt 0.0197 0.7765
vt 0.0197 0.7535
vt 0.0207 0.973
vt 0.0207 0.9425
vt 0.0207 0.904
vt 0.0207 0.8736
vt 0.0207 0.8402
vt 0.0207 0.8098
vt 0.0505 0.4936
vt 0.0505 0.4705
vt 0.0495 0.4668
vt 0.0505 0.4631
vt 0.0505 0.441
vt 0.0495 0.4373
vt 0.0505 0.4336
vt 0.0505 0.4106
vt 0.0495 0.4069
vt 0.0505 0.4032
vt 0.0505 0.3772
vt 0.0495 0.3735
vt 0.0505 0.3698
vt 0.0505 0.3467
vt 0.0495 0.343
vt 0.0505 0.3393
vt 0.0505 0.3082
vt 0.0495 0.3045
vt 0.0495 0.2741
vt 0.0495 0.2492
vt 0.049 0.2492
vt 0.0505 0.3008
vt 0.0505 0.2778
vt 0.0505 0.2704
vt 0.0505 0.2492
vt 0.0532 0.4908
vt 0.0532 0.4732
vt 0.0532 0.4604
vt 0.0532 0.4437
vt 0.0532 0.4309
vt 0.0532 0.4133
vt 0.0532 0.4005
vt 0.0532 0.3799
vt 0.0532 0.367
vt 0.0532 0.3494
vt 0.0532 0.3366
vt 0.0532 0.3109
vt 0.0532 0.2981
vt 0.0532 0.2805
vt 0.0532 0.2677
vt 0.0532 0.2492
vt 0.0569 0.4899
vt 0.0569 0.4742
vt 0.0569 0.4594
vt 0.0569 0.4447
vt 0.0569 0.4299
vt 0.0569 0.4143
vt 0.0569 0.3995
vt 0.0569 0.3808
vt 0.0569 0.3661
vt 0.0569 0.3504
vt 0.0569 0.3356
vt 0.0569 0.3119
vt 0.0569 0.2971
vt 0.0569 0.2815
vt 0.0569 0.2667
vt 0.0569 0.2492
vt 0.0606 0.4908
vt 0.0606 0.4732
vt 0.0606 0.4604
vt 0.0606 0.4437
vt 0.0606 0.4309
vt 0.0606 0.4133
vt 0.0606 0.4005
vt 0.0606 0.3799
vt 0.0606 0.367
vt 0.0606 0.3494
vt 0.0606 0.3366
vt 0.0606 0.3109
vt 0.0606 0.2981
vt 0.0606 0.2805
vt 0.0606 0.2677
vt 0.0606 0.2491
vt 0.0633 0.4936
vt 0.0633 0.4705
vt 0.0633 0.4631
vt 0.0633 0.441
vt 0.0633 0.4336
vt 0.0633 0.4106
vt 0.0633 0.4032
vt 0.0633 0.3772
vt 0.0633 0.3698
vt 0.0633 0.3467
vt 0.0633 0.3393
vt 0.0633 0.3082
vt 0.0633 0.3008
vt 0.0633 0.2778
vt 0.0633 0.2704
vt 0.0633 0.2491
vt 0.0643 0.4668
vt 0.0643 0.4373
vt 0.0643 0.4069
vt 0.0643 0.3735
vt 0.0643 0.343
vt 0.0643 0.3045
vt 0.0643 0.2741
vt 0.0643 0.2491
vt 0.4712 0.6803
vt 0.4712 0.6766
vt 0.4702 0.6766
vt 0.4702 0.6803
vt 0.3904 0.6965
vt 0.3904 0.6992
vt 0.3915 0.6992
vt 0.3915 0.6965
vt 0.3904 0.7029
vt 0.3915 0.7029
vt 0.3904 0.7066
vt 0.3915 0.7066
vt 0.3904 0.7093
vt 0.3915 0.7093
vt 0.4633 0.6759
vt 0.4633 0.6796
vt 0.4644 0.6796
vt 0.4644 0.6759
vt 0.4633 0.6833
vt 0.4644 0.6833
vt 0.3846 0.7003
vt 0.3846 0.6976
vt 0.3836 0.6976
vt 0.3836 0.7003
vt 0.3846 0.6939
vt 0.3836 0.6939
vt 0.3846 0.6902
vt 0.3836 0.6902
vt 0.3846 0.6875
vt 0.3836 0.6875
vt 0.4712 0.684
vt 0.4702 0.684
vt 0.4575 0.6795
vt 0.4575 0.6758
vt 0.4565 0.6758
vt 0.4565 0.6795
vt 0.3768 0.6875
vt 0.3768 0.6902
vt 0.3778 0.6902
vt 0.3778 0.6875
vt 0.3768 0.6939
vt 0.3778 0.6939
vt 0.3768 0.6976
vt 0.3778 0.6976
vt 0.3768 0.7003
vt 0.3778 0.7003
vt 0.4497 0.6758
vt 0.4497 0.6795
vt 0.4507 0.6795
vt 0.4507 0.6758
vt 0.4497 0.6832
vt 0.4507 0.6832
vt 0.371 0.5974
vt 0.371 0.5947
vt 0.3699 0.5947
vt 0.3699 0.5974
vt 0.371 0.591
vt 0.3699 0.591
vt 0.371 0.5873
vt 0.3699 0.5873
vt 0.371 0.5846
vt 0.3699 0.5846
vt 0.4575 0.6832
vt 0.4565 0.6832
vt 0.4439 0.6795
vt 0.4439 0.6758
vt 0.4428 0.6758
vt 0.4428 0.6795
vt 0.3631 0.5327
vt 0.3631 0.5354
vt 0.3641 0.5354
vt 0.3641 0.5327
vt 0.3631 0.5391
vt 0.3641 0.5391
vt 0.3631 0.5428
vt 0.3641 0.5428
vt 0.3631 0.5455
vt 0.3641 0.5455
vt 0.436 0.6726
vt 0.436 0.6763
vt 0.437 0.6763
vt 0.437 0.6726
vt 0.436 0.68
vt 0.437 0.68
vt 0.3573 0.5455
vt 0.3573 0.5428
vt 0.3563 0.5428
vt 0.3563 0.5455
vt 0.3573 0.5391
vt 0.3563 0.5391
vt 0.3573 0.5354
vt 0.3563 0.5354
vt 0.3573 0.5327
vt 0.3563 0.5327
vt 0.4439 0.6832
vt 0.4428 0.6832
vt 0.4302 0.6763
vt 0.4302 0.6726
vt 0.4292 0.6726
vt 0.4292 0.6763
vt 0.3494 0.5327
vt 0.3494 0.5354
vt 0.3505 0.5354
vt 0.3505 0.5327
vt 0.3494 0.5391
vt 0.3505 0.5391
vt 0.3494 0.5428
vt 0.3505 0.5428
vt 0.3494 0.5455
vt 0.3505 0.5455
vt 0.4223 0.6726
vt 0.4223 0.6763
vt 0.4234 0.6763
vt 0.4234 0.6726
vt 0.4223 0.68
vt 0.4234 0.68
vt 0.3436 0.5455
vt 0.3436 0.5428
vt 0.3426 0.5428
vt 0.3426 0.5455
vt 0.3436 0.5391
vt 0.3426 0.5391
vt 0.3436 0.5354
vt 0.3426 0.5354
vt 0.3436 0.5327
vt 0.3426 0.5327
vt 0.4302 0.68
vt 0.4292 0.68
vt 0.4165 0.6763
vt 0.4165 0.6726
vt 0.4155 0.6726
vt 0.4155 0.6763
vt 0.3358 0.5327
vt 0.3358 0.5354
vt 0.3368 0.5354
vt 0.3368 0.5327
vt 0.3358 0.5391
vt 0.3368 0.5391
vt 0.3358 0.5428
vt 0.3368 0.5428
vt 0.3358 0.5455
vt 0.3368 0.5455
vt 0.4087 0.6725
vt 0.4087 0.6762
vt 0.4097 0.6762
vt 0.4097 0.6725
vt 0.4087 0.6799
vt 0.4097 0.6799
vt 0.33 0.5455
vt 0.33 0.5428
vt 0.3289 0.5428
vt 0.3289 0.5455
vt 0.33 0.5391
vt 0.3289 0.5391
vt 0.33 0.5354
vt 0.3289 0.5354
vt 0.33 0.5327
vt 0.3289 0.5327
vt 0.4165 0.68
vt 0.4155 0.68
vt 0.4029 0.6762
vt 0.4029 0.6725
vt 0.4018 0.6725
vt 0.4018 0.6762
vt 0.3221 0.5327
vt 0.3221 0.5354
vt 0.3231 0.5354
vt 0.3231 0.5327
vt 0.3221 0.5391
vt 0.3231 0.5391
vt 0.3221 0.5428
vt 0.3231 0.5428
vt 0.3221 0.5455
vt 0.3231 0.5455
vt 0.395 0.6725
vt 0.395 0.6762
vt 0.396 0.6762
vt 0.396 0.6725
vt 0.395 0.6799
vt 0.396 0.6799
vt 0.3163 0.0591
vt 0.3163 0.0564
vt 0.3153 0.0564
vt 0.3153 0.0591
vt 0.3163 0.0527
vt 0.3153 0.0527
vt 0.3163 0.049
vt 0.3153 0.049
vt 0.3163 0.0463
vt 0.3153 0.0463
vt 0.4029 0.6799
vt 0.4018 0.6799
vt 0.3892 0.6762
vt 0.3892 0.6725
vt 0.3882 0.6725
vt 0.3882 0.6762
vt 0.3084 0.0463
vt 0.3084 0.049
vt 0.3095 0.049
vt 0.3095 0.0463
vt 0.3084 0.0527
vt 0.3095 0.0527
vt 0.3084 0.0564
vt 0.3095 0.0564
vt 0.3084 0.0591
vt 0.3095 0.0591
vt 0.3813 0.6635
vt 0.3813 0.6672
vt 0.3824 0.6672
vt 0.3824 0.6635
vt 0.3813 0.6709
vt 0.3824 0.6709
vt 0.3026 0.0591
vt 0.3026 0.0564
vt 0.3016 0.0564
vt 0.3016 0.0591
vt 0.3026 0.0527
vt 0.3016 0.0527
vt 0.3026 0.049
vt 0.3016 0.049
vt 0.3026 0.0463
vt 0.3016 0.0463
vt 0.3892 0.6799
vt 0.3882 0.6799
vt 0.3755 0.5643
vt 0.3755 0.5606
vt 0.3745 0.5606
vt 0.3745 0.5643
vt 0.2948 0.0463
vt 0.2948 0.049
vt 0.2958 0.049
vt 0.2958 0.0463
vt 0.2948 0.0527
vt 0.2958 0.0527
vt 0.2948 0.0564
vt 0.2958 0.0564
vt 0.2948 0.0591
vt 0.2958 0.0591
vt 0.3677 0.5087
vt 0.3677 0.5124
vt 0.3687 0.5124
vt 0.3687 0.5087
vt 0.3677 0.5161
vt 0.3687 0.5161
vt 0.289 0.0591
vt 0.289 0.0564
vt 0.2879 0.0564
vt 0.2879 0.0591
vt 0.289 0.0527
vt 0.2879 0.0527
vt 0.289 0.049
vt 0.2879 0.049
vt 0.289 0.0463
vt 0.2879 0.0463
vt 0.3755 0.568
vt 0.3745 0.568
vt 0.0019 0.2491
vt 0.0019 0.9978
vt 0.003 0.9978
vt 0.0949 0.2492
vt 0.0949 0.998
vt 0.0961 0.998
vt 0.0961 0.2492
vt 0.0886 0.2492
vt 0.0886 0.9978
vt 0.0681 0.998
vt 0.0681 0.2491
vt 0.0818 0.2491
vt 0.0818 0.998
vt 0.0824 0.998
vt 0.0824 0.2491
vt 0.0757 0.2491
vt 0.0757 0.9978
vt 0.1172 0.998
vt 0.1172 0.2493
vt 0.1162 0.2493
vt 0.1162 0.998
vt 0.0069 0.9979
vt 0.0069 0.9767
vt 0.0096 0.9979
vt 0.0096 0.9794
vt 0.0133 0.9979
vt 0.0133 0.9804
vt 0.017 0.998
vt 0.017 0.9794
vt 0.0197 0.998
vt 0.0197 0.9767
vt 0.0207 0.998
vt 0.773 0.6467
vt 0.773 0.6403
vt 0.7719 0.6406
vt 0.7719 0.6467
vt 0.7725 0.6392
vt 0.7717 0.64
vt 0.7713 0.6387
vt 0.7711 0.6397
vt 0.7678 0.6387
vt 0.7678 0.6397
vt 0.0739 0.0072
vt 0.0739 0.0072
vt 0.0739 0.0061
vt 0.0739 0.0061
vt 0.0739 0.0072
vt 0.0812 0.0061
vt 0.0812 0.0061
vt 0.0813 0.0072
vt 0.0813 0.0072
vt 0.4298 0.7325
vt 0.4298 0.7315
vt 0.4287 0.7315
vt 0.4287 0.7325
vt 0.4298 0.7288
vt 0.4287 0.7288
vt 0.4298 0.7251
vt 0.4287 0.7251
vt 0.4298 0.7214
vt 0.4287 0.7214
vt 0.4298 0.7187
vt 0.4287 0.7187
vt 0.4298 0.7177
vt 0.4287 0.7177
vt 0.4298 0.7175
vt 0.4287 0.7172
vt 0.4298 0.7169
vt 0.4287 0.7168
vt 0.4298 0.7165
vt 0.4287 0.7165
vt 0.4298 0.7163
vt 0.4287 0.7163
vt 0.4298 0.7148
vt 0.4287 0.715
vt 0.4293 0.7137
vt 0.4285 0.7145
vt 0.4281 0.7132
vt 0.4279 0.7142
vt 0.4218 0.7132
vt 0.4218 0.7142
vt 0.5307 0.8442
vt 0.5279 0.8442
vt 0.5278 0.9974
vt 0.5306 0.9974
vt 0.5241 0.8442
vt 0.5241 0.9974
vt 0.5203 0.8442
vt 0.5203 0.9974
vt 0.5175 0.8442
vt 0.5176 0.9974
vt 0.5377 0.9974
vt 0.5415 0.9974
vt 0.5415 0.8442
vt 0.5378 0.8442
vt 0.5453 0.9974
vt 0.5453 0.8442
vt 0.5524 0.9974
vt 0.5552 0.9974
vt 0.5553 0.8442
vt 0.5525 0.8442
vt 0.559 0.9974
vt 0.559 0.8442
vt 0.5628 0.9974
vt 0.5628 0.8442
vt 0.5656 0.9974
vt 0.5655 0.8442
vt 0.5803 0.8442
vt 0.5765 0.8442
vt 0.5765 0.9974
vt 0.5803 0.9974
vt 0.5727 0.8442
vt 0.5728 0.9974
vt 0.5579 0.7278
vt 0.5613 0.7269
vt 0.5609 0.7262
vt 0.5579 0.727
vt 0.5637 0.7244
vt 0.563 0.7241
vt 0.5646 0.7211
vt 0.5638 0.7211
vt 0.5637 0.7178
vt 0.563 0.7182
vt 0.5613 0.7153
vt 0.5609 0.716
vt 0.5579 0.7144
vt 0.5579 0.7152
vt 0.5546 0.7153
vt 0.555 0.716
vt 0.5522 0.7178
vt 0.5528 0.7182
vt 0.5513 0.7211
vt 0.552 0.7211
vt 0.5522 0.7244
vt 0.5528 0.7241
vt 0.5546 0.7269
vt 0.555 0.7262
vt 0.8037 0.6743
vt 0.8028 0.671
vt 0.8022 0.6713
vt 0.803 0.6743
vt 0.8004 0.6686
vt 0.8 0.6692
vt 0.7971 0.6677
vt 0.7971 0.6684
vt 0.7938 0.6686
vt 0.7942 0.6692
vt 0.7914 0.671
vt 0.7921 0.6713
vt 0.7906 0.6743
vt 0.7913 0.6743
vt 0.7914 0.6775
vt 0.7921 0.6772
vt 0.7938 0.6799
vt 0.7942 0.6793
vt 0.7971 0.6808
vt 0.7971 0.6801
vt 0.8004 0.6799
vt 0.8001 0.6793
vt 0.8028 0.6775
vt 0.8022 0.6772
vt 0.3801 0.6749
vt 0.3801 0.6768
vt 0.3821 0.6768
vt 0.3821 0.675
vt 0.3801 0.6792
vt 0.3821 0.6792
vt 0.3801 0.6817
vt 0.3821 0.6817
vt 0.3801 0.6835
vt 0.3821 0.6835
vt 0.2784 0.0296
vt 0.2784 0.0272
vt 0.2764 0.0272
vt 0.2764 0.0296
vt 0.2784 0.0247
vt 0.2764 0.0247
vt 0.2802 0.0424
vt 0.2802 0.0406
vt 0.2782 0.0406
vt 0.2782 0.0424
vt 0.2802 0.0381
vt 0.2782 0.0381
vt 0.2802 0.0356
vt 0.2782 0.0356
vt 0.2802 0.0338
vt 0.2782 0.0338
vt 0.2685 0.0247
vt 0.2685 0.0272
vt 0.2706 0.0272
vt 0.2706 0.0247
vt 0.2685 0.0296
vt 0.2706 0.0296
vt 0.0917 0.0135
vt 0.0917 0.0111
vt 0.0897 0.0111
vt 0.0897 0.0135
vt 0.5826 0.6847
vt 0.5826 0.6865
vt 0.5845 0.6865
vt 0.5845 0.6847
vt 0.5826 0.6889
vt 0.5845 0.6889
vt 0.5826 0.6914
vt 0.5845 0.6914
vt 0.5826 0.6932
vt 0.5845 0.6932
vt 0.082 0.0111
vt 0.082 0.0135
vt 0.0839 0.0135
vt 0.0839 0.0111
vt 0.082 0.016
vt 0.0839 0.016
vt 0.4826 0.6965
vt 0.4826 0.6947
vt 0.4807 0.6947
vt 0.4807 0.6965
vt 0.4826 0.6922
vt 0.4807 0.6922
vt 0.4826 0.6898
vt 0.4807 0.6898
vt 0.4826 0.688
vt 0.4807 0.688
vt 0.0917 0.016
vt 0.0897 0.016
vt 0.5304 0.8435
vt 0.5277 0.8435
vt 0.5543 0.7275
vt 0.5516 0.7248
vt 0.5241 0.8435
vt 0.5506 0.7211
vt 0.5204 0.8435
vt 0.5516 0.7174
vt 0.5177 0.8435
vt 0.5543 0.7148
vt 0.5379 0.998
vt 0.5415 0.998
vt 0.5579 0.7138
vt 0.5452 0.998
vt 0.5616 0.7148
vt 0.5527 0.998
vt 0.5554 0.998
vt 0.5643 0.7174
vt 0.559 0.998
vt 0.5653 0.7211
vt 0.5627 0.998
vt 0.5643 0.7248
vt 0.5654 0.998
vt 0.5616 0.7275
vt 0.5802 0.8435
vt 0.5765 0.8435
vt 0.5579 0.7284
vt 0.5728 0.8435
vt 0.5729 0.998
vt 0.5765 0.998
vt 0.8034 0.6707
vt 0.8043 0.6743
vt 0.8007 0.668
vt 0.5303 0.998
vt 0.5277 0.998
vt 0.7971 0.6671
vt 0.5241 0.998
vt 0.7935 0.668
vt 0.5205 0.998
vt 0.7909 0.6707
vt 0.5178 0.998
vt 0.7899 0.6743
vt 0.5379 0.8435
vt 0.5415 0.8435
vt 0.7909 0.6779
vt 0.5451 0.8435
vt 0.7935 0.6805
vt 0.5528 0.8435
vt 0.5554 0.8435
vt 0.7971 0.6815
vt 0.559 0.8435
vt 0.8007 0.6805
vt 0.5627 0.8435
vt 0.8034 0.6779
vt 0.5653 0.8435
vt 0.5801 0.998
vt 0.5606 0.7256
vt 0.5579 0.7263
vt 0.2678 0.0298
vt 0.2678 0.0272
vt 0.5553 0.7256
vt 0.2678 0.0246
vt 0.3794 0.6747
vt 0.3794 0.6766
vt 0.5625 0.7237
vt 0.3794 0.6792
vt 0.5632 0.7211
vt 0.3794 0.6818
vt 0.5625 0.7185
vt 0.3794 0.6838
vt 0.5606 0.7166
vt 0.2791 0.0298
vt 0.2791 0.0272
vt 0.5579 0.7159
vt 0.2791 0.0246
vt 0.5553 0.7166
vt 0.2809 0.0426
vt 0.2809 0.0407
vt 0.5534 0.7185
vt 0.2809 0.0381
vt 0.5527 0.7211
vt 0.2809 0.0355
vt 0.5534 0.7237
vt 0.2809 0.0336
vt 0.8016 0.6717
vt 0.8023 0.6743
vt 0.0923 0.0109
vt 0.0923 0.0135
vt 0.8016 0.6769
vt 0.0923 0.0161
vt 0.5819 0.6845
vt 0.5819 0.6863
vt 0.7997 0.6698
vt 0.5819 0.6889
vt 0.7971 0.6691
vt 0.5819 0.6915
vt 0.7945 0.6698
vt 0.5819 0.6934
vt 0.7926 0.6717
vt 0.0813 0.0109
vt 0.0813 0.0135
vt 0.7919 0.6743
vt 0.0813 0.0161
vt 0.7926 0.6769
vt 0.4833 0.6967
vt 0.4833 0.6948
vt 0.7945 0.6788
vt 0.4833 0.6922
vt 0.7971 0.6795
vt 0.4833 0.6896
vt 0.7997 0.6788
vt 0.4833 0.6877
vt 0.6006 0.8442
vt 0.5978 0.8442
vt 0.5978 0.9974
vt 0.6005 0.9974
vt 0.594 0.8442
vt 0.594 0.9974
vt 0.5902 0.8442
vt 0.5903 0.9974
vt 0.5874 0.8442
vt 0.5875 0.9974
vt 0.6077 0.9974
vt 0.6115 0.9974
vt 0.6115 0.8442
vt 0.6077 0.8442
vt 0.6153 0.9974
vt 0.6152 0.8442
vt 0.6224 0.9974
vt 0.6252 0.9974
vt 0.6252 0.8442
vt 0.6225 0.8442
vt 0.629 0.9974
vt 0.629 0.8442
vt 0.6328 0.9974
vt 0.6327 0.8442
vt 0.6356 0.9974
vt 0.6355 0.8442
vt 0.6503 0.8442
vt 0.6465 0.8442
vt 0.6465 0.9974
vt 0.6502 0.9974
vt 0.6426 0.8442
vt 0.6427 0.9974
vt 0.58 0.7278
vt 0.5834 0.7269
vt 0.583 0.7262
vt 0.58 0.727
vt 0.5858 0.7244
vt 0.5851 0.7241
vt 0.5867 0.7211
vt 0.5859 0.7211
vt 0.5858 0.7178
vt 0.5851 0.7182
vt 0.5834 0.7153
vt 0.583 0.716
vt 0.58 0.7144
vt 0.58 0.7152
vt 0.5767 0.7153
vt 0.5771 0.716
vt 0.5742 0.7178
vt 0.5749 0.7182
vt 0.5734 0.7211
vt 0.5741 0.7211
vt 0.5742 0.7244
vt 0.5749 0.7241
vt 0.5767 0.7269
vt 0.5771 0.7262
vt 0.8239 0.6743
vt 0.8231 0.671
vt 0.8224 0.6713
vt 0.8232 0.6743
vt 0.8207 0.6686
vt 0.8203 0.6692
vt 0.8174 0.6677
vt 0.8174 0.6684
vt 0.8141 0.6686
vt 0.8144 0.6692
vt 0.8117 0.671
vt 0.8123 0.6713
vt 0.8108 0.6743
vt 0.8115 0.6743
vt 0.8117 0.6775
vt 0.8123 0.6772
vt 0.8141 0.6799
vt 0.8144 0.6793
vt 0.8174 0.6808
vt 0.8174 0.6801
vt 0.8207 0.6799
vt 0.8203 0.6793
vt 0.8231 0.6775
vt 0.8224 0.6772
vt 0.3893 0.6839
vt 0.3893 0.6857
vt 0.3913 0.6857
vt 0.3913 0.6839
vt 0.3893 0.6882
vt 0.3913 0.6882
vt 0.3893 0.6906
vt 0.3913 0.6906
vt 0.3893 0.6925
vt 0.3913 0.6924
vt 0.2614 0.026
vt 0.2614 0.0235
vt 0.2593 0.0235
vt 0.2593 0.026
vt 0.2614 0.021
vt 0.2593 0.021
vt 0.2894 0.0422
vt 0.2894 0.0404
vt 0.2874 0.0404
vt 0.2874 0.0422
vt 0.2894 0.038
vt 0.2874 0.038
vt 0.2894 0.0355
vt 0.2874 0.0355
vt 0.2894 0.0337
vt 0.2874 0.0337
vt 0.2515 0.0208
vt 0.2515 0.0233
vt 0.2535 0.0233
vt 0.2535 0.0208
vt 0.2515 0.0258
vt 0.2535 0.0258
vt 0.0749 0.0135
vt 0.0749 0.0111
vt 0.073 0.0111
vt 0.073 0.0135
vt 0.5918 0.6847
vt 0.5918 0.6865
vt 0.5937 0.6865
vt 0.5937 0.6847
vt 0.5918 0.6889
vt 0.5937 0.6889
vt 0.5918 0.6914
vt 0.5937 0.6914
vt 0.5918 0.6932
vt 0.5937 0.6932
vt 0.0652 0.0111
vt 0.0652 0.0135
vt 0.0672 0.0135
vt 0.0672 0.0111
vt 0.0652 0.016
vt 0.0672 0.016
vt 0.4918 0.6965
vt 0.4918 0.6947
vt 0.4899 0.6947
vt 0.4899 0.6965
vt 0.4918 0.6922
vt 0.4899 0.6922
vt 0.4918 0.6898
vt 0.4899 0.6898
vt 0.4918 0.688
vt 0.4899 0.688
vt 0.0749 0.016
vt 0.073 0.016
vt 0.6004 0.8435
vt 0.5977 0.8435
vt 0.5764 0.7275
vt 0.5737 0.7248
vt 0.594 0.8435
vt 0.5727 0.7211
vt 0.5904 0.8435
vt 0.5737 0.7174
vt 0.5877 0.8435
vt 0.5764 0.7148
vt 0.6078 0.998
vt 0.6115 0.998
vt 0.58 0.7138
vt 0.6151 0.998
vt 0.5837 0.7148
vt 0.6226 0.998
vt 0.6253 0.998
vt 0.5864 0.7174
vt 0.629 0.998
vt 0.5874 0.7211
vt 0.6327 0.998
vt 0.5864 0.7248
vt 0.6353 0.998
vt 0.5837 0.7275
vt 0.6501 0.8435
vt 0.6465 0.8435
vt 0.58 0.7284
vt 0.6428 0.8435
vt 0.6428 0.998
vt 0.6465 0.998
vt 0.8236 0.6707
vt 0.8246 0.6743
vt 0.821 0.668
vt 0.6003 0.998
vt 0.5976 0.998
vt 0.8174 0.6671
vt 0.594 0.998
vt 0.8138 0.668
vt 0.5904 0.998
vt 0.8111 0.6707
vt 0.5878 0.998
vt 0.8102 0.6743
vt 0.6079 0.8435
vt 0.6115 0.8435
vt 0.8111 0.6779
vt 0.6151 0.8435
vt 0.8138 0.6805
vt 0.6227 0.8435
vt 0.6254 0.8435
vt 0.8174 0.6815
vt 0.629 0.8435
vt 0.821 0.6805
vt 0.6326 0.8435
vt 0.8236 0.6779
vt 0.6352 0.8435
vt 0.6501 0.998
vt 0.5826 0.7256
vt 0.58 0.7263
vt 0.2508 0.0259
vt 0.2508 0.0233
vt 0.5774 0.7256
vt 0.2508 0.0207
vt 0.3886 0.6836
vt 0.3886 0.6856
vt 0.5846 0.7237
vt 0.3886 0.6882
vt 0.5853 0.7211
vt 0.3886 0.6908
vt 0.5846 0.7185
vt 0.3886 0.6927
vt 0.5826 0.7166
vt 0.262 0.0261
vt 0.262 0.0235
vt 0.58 0.7159
vt 0.262 0.0209
vt 0.5774 0.7166
vt 0.2901 0.0425
vt 0.2901 0.0406
vt 0.5755 0.7185
vt 0.2901 0.038
vt 0.5748 0.7211
vt 0.2901 0.0353
vt 0.5755 0.7237
vt 0.2901 0.0334
vt 0.8219 0.6717
vt 0.8226 0.6743
vt 0.0756 0.0109
vt 0.0756 0.0135
vt 0.8219 0.6769
vt 0.0756 0.0161
vt 0.5911 0.6845
vt 0.5911 0.6863
vt 0.82 0.6698
vt 0.5911 0.6889
vt 0.8174 0.6691
vt 0.5911 0.6915
vt 0.8148 0.6698
vt 0.5911 0.6934
vt 0.8129 0.6717
vt 0.0646 0.0109
vt 0.0646 0.0135
vt 0.8122 0.6743
vt 0.0646 0.0161
vt 0.8129 0.6769
vt 0.4925 0.6967
vt 0.4925 0.6948
vt 0.8148 0.6788
vt 0.4925 0.6922
vt 0.8174 0.6795
vt 0.4925 0.6896
vt 0.82 0.6788
vt 0.4925 0.6877
vt 0.8804 0.8442
vt 0.8776 0.8442
vt 0.8776 0.9974
vt 0.8803 0.9974
vt 0.8738 0.8442
vt 0.8738 0.9974
vt 0.87 0.8442
vt 0.8701 0.9974
vt 0.8672 0.8442
vt 0.8673 0.9974
vt 0.8875 0.9974
vt 0.8913 0.9974
vt 0.8913 0.8442
vt 0.8875 0.8442
vt 0.8951 0.9974
vt 0.895 0.8442
vt 0.9022 0.9974
vt 0.905 0.9974
vt 0.905 0.8442
vt 0.9023 0.8442
vt 0.9088 0.9974
vt 0.9088 0.8442
vt 0.9126 0.9974
vt 0.9125 0.8442
vt 0.9154 0.9974
vt 0.9153 0.8442
vt 0.9301 0.8442
vt 0.9262 0.8442
vt 0.9262 0.9974
vt 0.93 0.9974
vt 0.9224 0.8442
vt 0.9225 0.9974
vt 0.6684 0.6892
vt 0.6717 0.6883
vt 0.6713 0.6877
vt 0.6684 0.6885
vt 0.6742 0.6859
vt 0.6735 0.6855
vt 0.6751 0.6826
vt 0.6743 0.6826
vt 0.6742 0.6792
vt 0.6735 0.6796
vt 0.6717 0.6768
vt 0.6713 0.6774
vt 0.6684 0.6759
vt 0.6684 0.6767
vt 0.665 0.6768
vt 0.6654 0.6774
vt 0.6626 0.6792
vt 0.6633 0.6796
vt 0.6617 0.6826
vt 0.6625 0.6826
vt 0.6626 0.6859
vt 0.6633 0.6855
vt 0.665 0.6883
vt 0.6654 0.6877
vt 0.9049 0.6743
vt 0.904 0.671
vt 0.9034 0.6713
vt 0.9042 0.6743
vt 0.9016 0.6686
vt 0.9013 0.6692
vt 0.8984 0.6677
vt 0.8984 0.6684
vt 0.8951 0.6686
vt 0.8954 0.6692
vt 0.8927 0.671
vt 0.8933 0.6713
vt 0.8918 0.6743
vt 0.8925 0.6743
vt 0.8927 0.6775
vt 0.8933 0.6772
vt 0.8951 0.6799
vt 0.8954 0.6793
vt 0.8984 0.6808
vt 0.8984 0.6801
vt 0.9016 0.6799
vt 0.9013 0.6793
vt 0.904 0.6775
vt 0.9034 0.6772
vt 0.4261 0.684
vt 0.4261 0.6858
vt 0.4282 0.6858
vt 0.4282 0.684
vt 0.4261 0.6883
vt 0.4282 0.6883
vt 0.4261 0.6908
vt 0.4282 0.6908
vt 0.4261 0.6926
vt 0.4282 0.6926
vt 0.1933 0.0162
vt 0.1933 0.0137
vt 0.1913 0.0137
vt 0.1913 0.0162
vt 0.1933 0.0113
vt 0.1913 0.0113
vt 0.3263 0.5287
vt 0.3263 0.5269
vt 0.3242 0.5268
vt 0.3242 0.5287
vt 0.3263 0.5244
vt 0.3242 0.5244
vt 0.3263 0.5219
vt 0.3242 0.5219
vt 0.3263 0.5201
vt 0.3242 0.5201
vt 0.1834 0.0113
vt 0.1834 0.0137
vt 0.1855 0.0137
vt 0.1855 0.0113
vt 0.1834 0.0162
vt 0.1855 0.0162
vt 0.0078 0.0136
vt 0.0078 0.0112
vt 0.0059 0.0112
vt 0.0059 0.0136
vt 0.6286 0.6846
vt 0.6286 0.6864
vt 0.6305 0.6864
vt 0.6305 0.6846
vt 0.6286 0.6889
vt 0.6305 0.6889
vt 0.6286 0.6913
vt 0.6305 0.6913
vt 0.6286 0.6931
vt 0.6305 0.6931
vt 0.0025 0.0022
vt 0.0025 0.0047
vt 0.0045 0.0047
vt 0.0045 0.0022
vt 0.0025 0.0071
vt 0.0045 0.0071
vt 0.5286 0.697
vt 0.5286 0.6952
vt 0.5267 0.6952
vt 0.5267 0.697
vt 0.5286 0.6928
vt 0.5267 0.6928
vt 0.5286 0.6903
vt 0.5267 0.6904
vt 0.5286 0.6886
vt 0.5267 0.6886
vt 0.0078 0.0161
vt 0.0059 0.0161
vt 0.8802 0.8435
vt 0.8775 0.8435
vt 0.6647 0.6889
vt 0.662 0.6862
vt 0.8738 0.8435
vt 0.6611 0.6826
vt 0.8701 0.8435
vt 0.662 0.6789
vt 0.8675 0.8435
vt 0.6647 0.6762
vt 0.8876 0.998
vt 0.8913 0.998
vt 0.6684 0.6752
vt 0.8949 0.998
vt 0.672 0.6762
vt 0.9024 0.998
vt 0.9051 0.998
vt 0.6747 0.6789
vt 0.9088 0.998
vt 0.6757 0.6826
vt 0.9124 0.998
vt 0.6747 0.6862
vt 0.9151 0.998
vt 0.672 0.6889
vt 0.9299 0.8435
vt 0.9262 0.8435
vt 0.6684 0.6899
vt 0.9226 0.8435
vt 0.9226 0.998
vt 0.9262 0.998
vt 0.9046 0.6707
vt 0.9056 0.6743
vt 0.902 0.668
vt 0.8801 0.998
vt 0.8774 0.998
vt 0.8984 0.6671
vt 0.8738 0.998
vt 0.8948 0.668
vt 0.8702 0.998
vt 0.8921 0.6707
vt 0.8676 0.998
vt 0.8911 0.6743
vt 0.8877 0.8435
vt 0.8913 0.8435
vt 0.8921 0.6779
vt 0.8949 0.8435
vt 0.8948 0.6805
vt 0.9025 0.8435
vt 0.9052 0.8435
vt 0.8984 0.6815
vt 0.9088 0.8435
vt 0.902 0.6805
vt 0.9124 0.8435
vt 0.9046 0.6779
vt 0.915 0.8435
vt 0.9299 0.998
vt 0.671 0.6871
vt 0.6684 0.6878
vt 0.1827 0.0163
vt 0.1827 0.0137
vt 0.6658 0.6871
vt 0.1827 0.0111
vt 0.4254 0.6838
vt 0.4254 0.6857
vt 0.6729 0.6852
vt 0.4254 0.6883
vt 0.6736 0.6826
vt 0.4254 0.6909
vt 0.6729 0.6799
vt 0.4254 0.6928
vt 0.671 0.678
vt 0.194 0.0163
vt 0.194 0.0137
vt 0.6684 0.6773
vt 0.194 0.0111
vt 0.6658 0.678
vt 0.3269 0.5289
vt 0.3269 0.527
vt 0.6639 0.6799
vt 0.3269 0.5244
vt 0.6631 0.6826
vt 0.3269 0.5218
vt 0.6638 0.6852
vt 0.3269 0.5199
vt 0.9029 0.6717
vt 0.9035 0.6743
vt 0.0084 0.011
vt 0.0084 0.0136
vt 0.9029 0.6769
vt 0.0084 0.0162
vt 0.6279 0.6844
vt 0.6279 0.6863
vt 0.901 0.6698
vt 0.6279 0.6889
vt 0.8984 0.6691
vt 0.6279 0.6914
vt 0.8958 0.6698
vt 0.6279 0.6933
vt 0.8939 0.6717
vt 0.0019 0.0021
vt 0.0019 0.0047
vt 0.8932 0.6743
vt 0.0019 0.0073
vt 0.8939 0.6769
vt 0.5293 0.6973
vt 0.5293 0.6954
vt 0.8958 0.6788
vt 0.5293 0.6928
vt 0.8984 0.6795
vt 0.5293 0.6902
vt 0.901 0.6788
vt 0.5293 0.6883
vt 0.2136 0.0518
vt 0.2116 0.0538
vt 0.2645 0.1543
vt 0.2645 0.1548
vt 0.2666 0.1548
vt 0.2667 0.1543
vt 0.2139 0.0519
vt 0.2118 0.0541
vt 0.2088 0.0545
vt 0.2746 0.1543
vt 0.2746 0.1548
vt 0.2776 0.1548
vt 0.2776 0.1543
vt 0.2088 0.0549
vt 0.206 0.0538
vt 0.2806 0.1548
vt 0.2806 0.1543
vt 0.2058 0.0541
vt 0.204 0.0518
vt 0.2875 0.1543
vt 0.2876 0.1548
vt 0.2898 0.1548
vt 0.2897 0.1543
vt 0.2036 0.0519
vt 0.2032 0.049
vt 0.2928 0.1548
vt 0.2928 0.1543
vt 0.2029 0.049
vt 0.204 0.0462
vt 0.2957 0.1548
vt 0.2958 0.1543
vt 0.2036 0.046
vt 0.206 0.0442
vt 0.2979 0.1548
vt 0.298 0.1543
vt 0.2058 0.0438
vt 0.2088 0.0434
vt 0.3059 0.1543
vt 0.3059 0.1548
vt 0.3089 0.1548
vt 0.3089 0.1543
vt 0.2088 0.043
vt 0.2116 0.0442
vt 0.3119 0.1548
vt 0.3119 0.1543
vt 0.2118 0.0438
vt 0.2136 0.0462
vt 0.2562 0.1543
vt 0.2563 0.1548
vt 0.2585 0.1548
vt 0.2584 0.1543
vt 0.2139 0.046
vt 0.2144 0.049
vt 0.2615 0.1548
vt 0.2615 0.1543
vt 0.2147 0.049
vt 0.2556 0.0436
vt 0.2533 0.0458
vt 0.2587 0.0427
vt 0.2525 0.0489
vt 0.2533 0.0521
vt 0.2556 0.0543
vt 0.2587 0.0552
vt 0.2618 0.0543
vt 0.2641 0.0521
vt 0.265 0.0489
vt 0.2641 0.0458
vt 0.2618 0.0436
vt 0.2669 0.0628
vt 0.2646 0.0628
vt 0.2776 0.0628
vt 0.2745 0.0628
vt 0.2807 0.0628
vt 0.2897 0.0628
vt 0.2874 0.0628
vt 0.2928 0.0628
vt 0.2959 0.0628
vt 0.2982 0.0628
vt 0.3089 0.0628
vt 0.3058 0.0628
vt 0.312 0.0628
vt 0.2584 0.0628
vt 0.2561 0.0628
vt 0.2615 0.0628
vt 0.8778 0.6859
vt 0.875 0.6859
vt 0.875 0.8391
vt 0.8777 0.8391
vt 0.8712 0.6859
vt 0.8712 0.8391
vt 0.8674 0.6859
vt 0.8675 0.8391
vt 0.8646 0.6859
vt 0.8647 0.8391
vt 0.8512 0.8391
vt 0.855 0.8391
vt 0.855 0.6859
vt 0.8513 0.6859
vt 0.8588 0.8391
vt 0.8588 0.6859
vt 0.8323 0.8391
vt 0.835 0.8391
vt 0.8351 0.6859
vt 0.8323 0.6859
vt 0.8388 0.8391
vt 0.8388 0.6859
vt 0.8427 0.8391
vt 0.8426 0.6859
vt 0.8454 0.8391
vt 0.8453 0.6859
vt 0.8265 0.6859
vt 0.8227 0.6859
vt 0.8227 0.8391
vt 0.8264 0.8391
vt 0.8188 0.6859
vt 0.8189 0.8391
vt 0.7126 0.6863
vt 0.7159 0.6854
vt 0.7155 0.6847
vt 0.7126 0.6855
vt 0.7183 0.683
vt 0.7177 0.6826
vt 0.7192 0.6796
vt 0.7185 0.6796
vt 0.7183 0.6763
vt 0.7177 0.6767
vt 0.7159 0.6738
vt 0.7155 0.6745
vt 0.7126 0.6729
vt 0.7126 0.6737
vt 0.7092 0.6738
vt 0.7096 0.6745
vt 0.7068 0.6763
vt 0.7074 0.6767
vt 0.7059 0.6796
vt 0.7067 0.6796
vt 0.7068 0.683
vt 0.7074 0.6826
vt 0.7092 0.6854
vt 0.7096 0.6847
vt 0.9419 0.6561
vt 0.9411 0.6528
vt 0.9405 0.6531
vt 0.9412 0.6561
vt 0.9387 0.6504
vt 0.9383 0.651
vt 0.9354 0.6495
vt 0.9354 0.6502
vt 0.9321 0.6504
vt 0.9325 0.651
vt 0.9297 0.6528
vt 0.9303 0.6531
vt 0.9288 0.6561
vt 0.9295 0.6561
vt 0.9297 0.6593
vt 0.9303 0.659
vt 0.9321 0.6617
vt 0.9325 0.6611
vt 0.9354 0.6626
vt 0.9354 0.6619
vt 0.9387 0.6617
vt 0.9383 0.6611
vt 0.9411 0.6593
vt 0.9405 0.659
vt 0.4445 0.6872
vt 0.4445 0.689
vt 0.4466 0.689
vt 0.4466 0.6872
vt 0.4445 0.6915
vt 0.4466 0.6915
vt 0.4445 0.694
vt 0.4466 0.694
vt 0.4445 0.6958
vt 0.4466 0.6958
vt 0.1593 0.016
vt 0.1593 0.0135
vt 0.1572 0.0135
vt 0.1572 0.016
vt 0.1593 0.011
vt 0.1572 0.0111
vt 0.3447 0.5287
vt 0.3447 0.5269
vt 0.3426 0.5268
vt 0.3426 0.5287
vt 0.3447 0.5244
vt 0.3426 0.5244
vt 0.3447 0.5219
vt 0.3426 0.5219
vt 0.3447 0.5201
vt 0.3426 0.5201
vt 0.1494 0.011
vt 0.1494 0.0135
vt 0.1514 0.0135
vt 0.1514 0.0111
vt 0.1494 0.016
vt 0.1514 0.016
vt 0.0316 0.0046
vt 0.0316 0.0021
vt 0.0297 0.0021
vt 0.0297 0.0046
vt 0.647 0.6846
vt 0.647 0.6864
vt 0.6489 0.6864
vt 0.6489 0.6846
vt 0.647 0.6889
vt 0.6489 0.6889
vt 0.647 0.6913
vt 0.6489 0.6913
vt 0.647 0.6931
vt 0.6489 0.6931
vt 0.0395 0.0021
vt 0.0395 0.0046
vt 0.0415 0.0046
vt 0.0415 0.0021
vt 0.0395 0.007
vt 0.0415 0.007
vt 0.547 0.6932
vt 0.547 0.6914
vt 0.5451 0.6914
vt 0.5451 0.6932
vt 0.547 0.6889
vt 0.5451 0.6889
vt 0.547 0.6865
vt 0.5451 0.6865
vt 0.547 0.6847
vt 0.5451 0.6847
vt 0.0316 0.007
vt 0.0297 0.007
vt 0.8776 0.6853
vt 0.8749 0.6853
vt 0.7089 0.686
vt 0.7062 0.6833
vt 0.8712 0.6853
vt 0.7052 0.6796
vt 0.8676 0.6853
vt 0.7062 0.676
vt 0.8649 0.6853
vt 0.7089 0.6733
vt 0.8514 0.8397
vt 0.855 0.8397
vt 0.7126 0.6723
vt 0.8587 0.8397
vt 0.7162 0.6733
vt 0.8325 0.8397
vt 0.8352 0.8397
vt 0.7189 0.676
vt 0.8388 0.8397
vt 0.7199 0.6796
vt 0.8425 0.8397
vt 0.7189 0.6833
vt 0.8452 0.8397
vt 0.7162 0.686
vt 0.8263 0.6853
vt 0.8227 0.6853
vt 0.7126 0.6869
vt 0.819 0.6853
vt 0.819 0.8397
vt 0.8227 0.8397
vt 0.9416 0.6525
vt 0.9426 0.6561
vt 0.939 0.6498
vt 0.8775 0.8397
vt 0.8748 0.8397
vt 0.9354 0.6488
vt 0.8712 0.8397
vt 0.9318 0.6498
vt 0.8676 0.8397
vt 0.9291 0.6525
vt 0.865 0.8397
vt 0.9282 0.6561
vt 0.8514 0.6853
vt 0.855 0.6853
vt 0.9291 0.6597
vt 0.8586 0.6853
vt 0.9318 0.6623
vt 0.8326 0.6853
vt 0.8352 0.6853
vt 0.9354 0.6633
vt 0.8388 0.6853
vt 0.939 0.6623
vt 0.8425 0.6853
vt 0.9416 0.6597
vt 0.8451 0.6853
vt 0.8263 0.8397
vt 0.7152 0.6842
vt 0.7126 0.6849
vt 0.1487 0.0161
vt 0.1487 0.0135
vt 0.7099 0.6842
vt 0.1487 0.0109
vt 0.4438 0.687
vt 0.4438 0.6889
vt 0.7171 0.6822
vt 0.4438 0.6915
vt 0.7178 0.6796
vt 0.4438 0.6941
vt 0.7171 0.677
vt 0.4438 0.696
vt 0.7152 0.6751
vt 0.1599 0.0161
vt 0.1599 0.0135
vt 0.7126 0.6744
vt 0.1599 0.0109
vt 0.7099 0.6751
vt 0.3453 0.5289
vt 0.3453 0.527
vt 0.708 0.677
vt 0.3453 0.5244
vt 0.7073 0.6796
vt 0.3453 0.5218
vt 0.708 0.6822
vt 0.3453 0.5199
vt 0.9399 0.6535
vt 0.9406 0.6561
vt 0.0323 0.002
vt 0.0323 0.0046
vt 0.9399 0.6587
vt 0.0323 0.0072
vt 0.6463 0.6844
vt 0.6463 0.6863
vt 0.938 0.6516
vt 0.6463 0.6889
vt 0.9354 0.6509
vt 0.6463 0.6914
vt 0.9328 0.6516
vt 0.6463 0.6933
vt 0.9309 0.6535
vt 0.0389 0.002
vt 0.0389 0.0046
vt 0.9302 0.6561
vt 0.0389 0.0072
vt 0.9309 0.6587
vt 0.5477 0.6934
vt 0.5477 0.6915
vt 0.9328 0.6606
vt 0.5477 0.6889
vt 0.9354 0.6612
vt 0.5477 0.6863
vt 0.938 0.6606
vt 0.5477 0.6844
vt 0.7932 0.6394
vt 0.7921 0.6404
vt 0.8343 0.6392
vt 0.8343 0.6393
vt 0.8353 0.6393
vt 0.8353 0.6392
vt 0.796 0.6443
vt 0.797 0.6432
vt 0.8439 0.6392
vt 0.8439 0.6393
vt 0.8449 0.6393
vt 0.8449 0.6392
vt 0.8343 0.6467
vt 0.8353 0.6467
vt 0.8543 0.6467
vt 0.8558 0.6467
vt 0.8558 0.6393
vt 0.8543 0.6393
vt 0.8572 0.6467
vt 0.8572 0.6393
vt 0.8582 0.6467
vt 0.8582 0.6393
vt 0.8439 0.6467
vt 0.8449 0.6467
vt 0.8463 0.6467
vt 0.8463 0.6393
vt 0.8478 0.6467
vt 0.8478 0.6393
vt 0.8304 0.6467
vt 0.8314 0.6467
vt 0.8314 0.6393
vt 0.8304 0.6393
vt 0.8329 0.6467
vt 0.8329 0.6393
vt 0.7917 0.6418
vt 0.8543 0.6392
vt 0.8558 0.6392
vt 0.7921 0.6432
vt 0.8572 0.6392
vt 0.7932 0.6443
vt 0.7921 0.6432
vt 0.7931 0.6443
vt 0.7974 0.6418
vt 0.8463 0.6392
vt 0.797 0.6404
vt 0.8477 0.6392
vt 0.796 0.6394
vt 0.8304 0.6392
vt 0.8315 0.6392
vt 0.7946 0.639
vt 0.8329 0.6392
vt 0.7932 0.6443
vt 0.7932 0.6443
vt 0.7932 0.6443
vt 0.7932 0.6443
vt 0.8606 0.6393
vt 0.8606 0.6393
vt 0.8606 0.6393
vt 0.8606 0.6394
vt 0.8605 0.6392
vt 0.8605 0.6393
vt 0.9068 0.6377
vt 0.9068 0.6376
vt 0.9068 0.6376
vt 0.9068 0.6377
vt 0.796 0.6467
vt 0.796 0.6466
vt 0.7959 0.6466
vt 0.7959 0.6467
vt 0.7932 0.6466
vt 0.7932 0.6466
vt 0.7931 0.6466
vt 0.9041 0.6377
vt 0.9041 0.6451
vt 0.9054 0.6451
vt 0.9054 0.6377
vt 0.9068 0.6451
vt 0.7946 0.6466
vt 0.8415 0.6392
vt 0.8416 0.6393
vt 0.904 0.6377
vt 0.904 0.6451
vt 0.8606 0.6467
vt 0.8606 0.6467
vt 0.8415 0.6394
vt 0.8414 0.6393
vt 0.8414 0.6467
vt 0.8415 0.6467
vt 0.9068 0.6451
vt 0.7932 0.6467
vt 0.7946 0.6467
vt 0.9041 0.6376
vt 0.9054 0.6376
vt 0.904 0.6376
vt 0.7932 0.6467
vt 0.8415 0.6393
vt 0.8415 0.6393
vt 0.8131 0.6859
vt 0.8103 0.6859
vt 0.8102 0.8391
vt 0.813 0.8391
vt 0.8065 0.6859
vt 0.8065 0.8391
vt 0.8027 0.6859
vt 0.8027 0.8391
vt 0.7999 0.6859
vt 0.8 0.8391
vt 0.7865 0.8391
vt 0.7903 0.8391
vt 0.7903 0.6859
vt 0.7865 0.6859
vt 0.7941 0.8391
vt 0.794 0.6859
vt 0.7675 0.8391
vt 0.7703 0.8391
vt 0.7703 0.6859
vt 0.7676 0.6859
vt 0.7741 0.8391
vt 0.7741 0.6859
vt 0.7779 0.8391
vt 0.7778 0.6859
vt 0.7807 0.8391
vt 0.7806 0.6859
vt 0.7617 0.6859
vt 0.7579 0.6859
vt 0.7579 0.8391
vt 0.7616 0.8391
vt 0.7541 0.6859
vt 0.7541 0.8391
vt 0.7346 0.6863
vt 0.738 0.6854
vt 0.7376 0.6847
vt 0.7346 0.6855
vt 0.7404 0.683
vt 0.7398 0.6826
vt 0.7413 0.6796
vt 0.7405 0.6796
vt 0.7404 0.6763
vt 0.7398 0.6767
vt 0.738 0.6738
vt 0.7376 0.6745
vt 0.7346 0.6729
vt 0.7346 0.6737
vt 0.7313 0.6738
vt 0.7317 0.6745
vt 0.7289 0.6763
vt 0.7295 0.6767
vt 0.728 0.6796
vt 0.7287 0.6796
vt 0.7289 0.683
vt 0.7295 0.6826
vt 0.7313 0.6854
vt 0.7317 0.6847
vt 0.9217 0.6561
vt 0.9208 0.6528
vt 0.9202 0.6531
vt 0.921 0.6561
vt 0.9184 0.6504
vt 0.9181 0.651
vt 0.9152 0.6495
vt 0.9152 0.6502
vt 0.9119 0.6504
vt 0.9122 0.651
vt 0.9095 0.6528
vt 0.9101 0.6531
vt 0.9086 0.6561
vt 0.9093 0.6561
vt 0.9095 0.6593
vt 0.9101 0.659
vt 0.9119 0.6617
vt 0.9122 0.6611
vt 0.9152 0.6626
vt 0.9152 0.6619
vt 0.9184 0.6617
vt 0.9181 0.6611
vt 0.9208 0.6593
vt 0.9202 0.659
vt 0.4537 0.6872
vt 0.4537 0.689
vt 0.4558 0.689
vt 0.4558 0.6872
vt 0.4537 0.6915
vt 0.4558 0.6915
vt 0.4537 0.694
vt 0.4558 0.694
vt 0.4537 0.6958
vt 0.4558 0.6958
vt 0.1423 0.016
vt 0.1423 0.0135
vt 0.1402 0.0135
vt 0.1402 0.016
vt 0.1423 0.011
vt 0.1402 0.0111
vt 0.3539 0.5287
vt 0.3539 0.5269
vt 0.3518 0.5268
vt 0.3518 0.5287
vt 0.3539 0.5244
vt 0.3518 0.5244
vt 0.3539 0.5219
vt 0.3518 0.5219
vt 0.3539 0.5201
vt 0.3518 0.5201
vt 0.1323 0.011
vt 0.1323 0.0135
vt 0.1344 0.0135
vt 0.1344 0.0111
vt 0.1323 0.016
vt 0.1344 0.016
vt 0.05 0.0046
vt 0.05 0.0021
vt 0.0481 0.0021
vt 0.0481 0.0046
vt 0.6562 0.6462
vt 0.6562 0.6479
vt 0.6581 0.648
vt 0.6581 0.6462
vt 0.6562 0.6504
vt 0.6581 0.6504
vt 0.6562 0.6528
vt 0.6581 0.6528
vt 0.6562 0.6546
vt 0.6581 0.6546
vt 0.0579 0.0021
vt 0.0579 0.0046
vt 0.0599 0.0046
vt 0.0599 0.0021
vt 0.0579 0.007
vt 0.0599 0.007
vt 0.5562 0.6932
vt 0.5562 0.6914
vt 0.5543 0.6914
vt 0.5543 0.6932
vt 0.5562 0.6889
vt 0.5543 0.6889
vt 0.5562 0.6865
vt 0.5543 0.6865
vt 0.5562 0.6847
vt 0.5543 0.6847
vt 0.05 0.007
vt 0.0481 0.007
vt 0.8128 0.6853
vt 0.8101 0.6853
vt 0.731 0.686
vt 0.7283 0.6833
vt 0.8065 0.6853
vt 0.7273 0.6796
vt 0.8028 0.6853
vt 0.7283 0.676
vt 0.8001 0.6853
vt 0.731 0.6733
vt 0.7866 0.8397
vt 0.7903 0.8397
vt 0.7346 0.6723
vt 0.7939 0.8397
vt 0.7383 0.6733
vt 0.7677 0.8397
vt 0.7704 0.8397
vt 0.741 0.676
vt 0.7741 0.8397
vt 0.742 0.6796
vt 0.7777 0.8397
vt 0.741 0.6833
vt 0.7804 0.8397
vt 0.7383 0.686
vt 0.7615 0.6853
vt 0.7579 0.6853
vt 0.7346 0.6869
vt 0.7542 0.6853
vt 0.7543 0.8397
vt 0.7579 0.8397
vt 0.9214 0.6525
vt 0.9224 0.6561
vt 0.9188 0.6498
vt 0.8127 0.8397
vt 0.8101 0.8397
vt 0.9152 0.6488
vt 0.8065 0.8397
vt 0.9115 0.6498
vt 0.8028 0.8397
vt 0.9089 0.6525
vt 0.8002 0.8397
vt 0.9079 0.6561
vt 0.7867 0.6853
vt 0.7903 0.6853
vt 0.9089 0.6597
vt 0.7939 0.6853
vt 0.9115 0.6623
vt 0.7678 0.6853
vt 0.7705 0.6853
vt 0.9152 0.6633
vt 0.7741 0.6853
vt 0.9188 0.6623
vt 0.7777 0.6853
vt 0.9214 0.6597
vt 0.7803 0.6853
vt 0.7615 0.8397
vt 0.7373 0.6842
vt 0.7346 0.6849
vt 0.1317 0.0161
vt 0.1317 0.0135
vt 0.732 0.6842
vt 0.1317 0.0109
vt 0.453 0.687
vt 0.453 0.6889
vt 0.7392 0.6822
vt 0.453 0.6915
vt 0.7399 0.6796
vt 0.453 0.6941
vt 0.7392 0.677
vt 0.453 0.696
vt 0.7373 0.6751
vt 0.1429 0.0161
vt 0.1429 0.0135
vt 0.7346 0.6744
vt 0.1429 0.0109
vt 0.732 0.6751
vt 0.3545 0.5289
vt 0.3545 0.527
vt 0.7301 0.677
vt 0.3545 0.5244
vt 0.7294 0.6796
vt 0.3545 0.5218
vt 0.7301 0.6822
vt 0.3545 0.5199
vt 0.9196 0.6535
vt 0.9203 0.6561
vt 0.0507 0.002
vt 0.0507 0.0046
vt 0.9196 0.6587
vt 0.0507 0.0072
vt 0.6555 0.6459
vt 0.6555 0.6478
vt 0.9177 0.6516
vt 0.6555 0.6504
vt 0.9152 0.6509
vt 0.6555 0.653
vt 0.9126 0.6516
vt 0.6555 0.6549
vt 0.9107 0.6535
vt 0.0573 0.002
vt 0.0573 0.0046
vt 0.91 0.6561
vt 0.0573 0.0072
vt 0.9107 0.6587
vt 0.5569 0.6934
vt 0.5569 0.6915
vt 0.9126 0.6606
vt 0.5569 0.6889
vt 0.9152 0.6612
vt 0.5569 0.6863
vt 0.9177 0.6606
vt 0.5569 0.6844
vt 0.4114 0.8292
vt 0.4102 0.8287
vt 0.3693 0.6385
vt 0.3692 0.6369
vt 0.3646 0.6435
vt 0.3661 0.6442
vt 0.3691 0.6352
vt 0.3631 0.6428
vt 0.3764 0.8282
vt 0.3776 0.8294
vt 0.3776 0.8211
vt 0.3764 0.8206
vt 0.3792 0.8298
vt 0.3792 0.8213
vt 0.3809 0.8294
vt 0.3809 0.8211
vt 0.3821 0.8282
vt 0.3821 0.8206
vt 0.3091 0.2559
vt 0.3092 0.2542
vt 0.3046 0.2476
vt 0.3031 0.2483
vt 0.3093 0.2526
vt 0.3061 0.2469
vt 0.4069 0.8287
vt 0.4057 0.8292
vt 0.4086 0.8285
vt 0.4114 0.7403
vt 0.4097 0.7401
vt 0.408 0.7403
vt 0.4067 0.7408
vt 0.2582 0.1586
vt 0.2566 0.1593
vt 0.2551 0.16
vt 0.381 0.7323
vt 0.3798 0.7328
vt 0.3781 0.733
vt 0.3763 0.7328
vt 0.3751 0.7323
vt 0.3151 0.7311
vt 0.3166 0.7318
vt 0.3182 0.7325
vt 0.4127 0.7408
vt 0.3251 0.6315
vt 0.3268 0.6315
vt 0.3269 0.5493
vt 0.3252 0.5493
vt 0.3335 0.6315
vt 0.3358 0.6315
vt 0.3358 0.5493
vt 0.3334 0.5493
vt 0.3381 0.6315
vt 0.3382 0.5493
vt 0.3446 0.6315
vt 0.3463 0.6315
vt 0.3462 0.5493
vt 0.3444 0.5493
vt 0.3486 0.6315
vt 0.3486 0.5493
vt 0.3509 0.6315
vt 0.351 0.5493
vt 0.3526 0.6315
vt 0.3527 0.5493
vt 0.3592 0.6315
vt 0.3616 0.6315
vt 0.3616 0.5493
vt 0.3592 0.5493
vt 0.3639 0.6315
vt 0.3639 0.5493
vt 0.3188 0.6315
vt 0.3205 0.6315
vt 0.3204 0.5493
vt 0.3187 0.5493
vt 0.3228 0.6315
vt 0.3228 0.5493
vt 0.806 0.6394
vt 0.805 0.6404
vt 0.8711 0.6392
vt 0.8711 0.6393
vt 0.8721 0.6393
vt 0.8721 0.6392
vt 0.8089 0.6443
vt 0.8099 0.6432
vt 0.8807 0.6392
vt 0.8807 0.6393
vt 0.8817 0.6393
vt 0.8817 0.6392
vt 0.8711 0.6467
vt 0.8721 0.6467
vt 0.8912 0.6464
vt 0.8926 0.6464
vt 0.8926 0.639
vt 0.8911 0.639
vt 0.894 0.6464
vt 0.894 0.639
vt 0.895 0.6464
vt 0.895 0.639
vt 0.8807 0.6467
vt 0.8817 0.6467
vt 0.8831 0.6467
vt 0.8831 0.6393
vt 0.8846 0.6467
vt 0.8846 0.6393
vt 0.8672 0.6467
vt 0.8683 0.6467
vt 0.8683 0.6393
vt 0.8672 0.6393
vt 0.8697 0.6467
vt 0.8697 0.6393
vt 0.8046 0.6418
vt 0.8912 0.6389
vt 0.8926 0.6389
vt 0.805 0.6432
vt 0.894 0.6389
vt 0.806 0.6443
vt 0.805 0.6432
vt 0.806 0.6443
vt 0.8103 0.6418
vt 0.8831 0.6392
vt 0.8099 0.6404
vt 0.8846 0.6392
vt 0.8089 0.6394
vt 0.8672 0.6392
vt 0.8683 0.6392
vt 0.8075 0.639
vt 0.8697 0.6392
vt 0.8061 0.6443
vt 0.8061 0.6443
vt 0.8061 0.6443
vt 0.8061 0.6443
vt 0.8975 0.639
vt 0.8974 0.6389
vt 0.8974 0.639
vt 0.8974 0.6391
vt 0.8974 0.6389
vt 0.8973 0.639
vt 0.916 0.6377
vt 0.916 0.6376
vt 0.916 0.6376
vt 0.916 0.6377
vt 0.8089 0.6467
vt 0.8089 0.6466
vt 0.8088 0.6466
vt 0.8088 0.6467
vt 0.8061 0.6466
vt 0.8061 0.6466
vt 0.806 0.6466
vt 0.9133 0.6377
vt 0.9133 0.6451
vt 0.9146 0.6451
vt 0.9146 0.6377
vt 0.916 0.6451
vt 0.8075 0.6466
vt 0.8784 0.6392
vt 0.8784 0.6393
vt 0.9132 0.6377
vt 0.9132 0.6451
vt 0.8974 0.6464
vt 0.8975 0.6464
vt 0.8783 0.6394
vt 0.8783 0.6393
vt 0.8783 0.6467
vt 0.8783 0.6467
vt 0.916 0.6451
vt 0.8061 0.6467
vt 0.8075 0.6467
vt 0.9133 0.6376
vt 0.9146 0.6376
vt 0.9132 0.6376
vt 0.8061 0.6467
vt 0.8783 0.6393
vt 0.8783 0.6393
vt 0.6606 0.8397
vt 0.6619 0.8397
vt 0.6629 0.7321
vt 0.6612 0.7321
vt 0.6442 0.8397
vt 0.6465 0.8397
vt 0.6465 0.7321
vt 0.6441 0.7321
vt 0.6488 0.8397
vt 0.6489 0.7321
vt 0.631 0.8397
vt 0.6323 0.8397
vt 0.6318 0.7321
vt 0.63 0.7321
vt 0.634 0.8397
vt 0.6342 0.7321
vt 0.6358 0.8397
vt 0.6365 0.7321
vt 0.637 0.8397
vt 0.6383 0.7321
vt 0.6195 0.8397
vt 0.6218 0.8397
vt 0.6218 0.7321
vt 0.6195 0.7321
vt 0.6242 0.8397
vt 0.6242 0.7321
vt 0.6559 0.8397
vt 0.6572 0.8397
vt 0.6564 0.7321
vt 0.6546 0.7321
vt 0.6589 0.8397
vt 0.6588 0.7321
vt 0.8189 0.6394
vt 0.8179 0.6404
vt 0.7054 0.6431
vt 0.7054 0.6432
vt 0.7065 0.6432
vt 0.7065 0.6431
vt 0.8217 0.6443
vt 0.8228 0.6432
vt 0.715 0.6431
vt 0.715 0.6432
vt 0.7161 0.6432
vt 0.7161 0.6431
vt 0.7054 0.6519
vt 0.7065 0.6519
vt 0.7255 0.6519
vt 0.7269 0.6519
vt 0.7269 0.6432
vt 0.7255 0.6432
vt 0.7283 0.6519
vt 0.7283 0.6432
vt 0.7294 0.6519
vt 0.7294 0.6432
vt 0.715 0.6519
vt 0.7161 0.6519
vt 0.7175 0.6519
vt 0.7175 0.6432
vt 0.7189 0.6519
vt 0.7189 0.6432
vt 0.7016 0.6519
vt 0.7026 0.6519
vt 0.7026 0.6432
vt 0.7015 0.6432
vt 0.704 0.6519
vt 0.704 0.6432
vt 0.8175 0.6418
vt 0.7255 0.6431
vt 0.7269 0.6431
vt 0.8179 0.6432
vt 0.7283 0.6431
vt 0.8189 0.6443
vt 0.8179 0.6432
vt 0.8189 0.6443
vt 0.8232 0.6418
vt 0.7175 0.6431
vt 0.8228 0.6404
vt 0.7189 0.6431
vt 0.8218 0.6394
vt 0.7016 0.6431
vt 0.7026 0.6431
vt 0.8203 0.639
vt 0.704 0.6431
vt 0.819 0.6443
vt 0.8189 0.6443
vt 0.819 0.6443
vt 0.819 0.6443
vt 0.7318 0.6432
vt 0.7318 0.6432
vt 0.7317 0.6432
vt 0.7317 0.6433
vt 0.7317 0.6431
vt 0.7316 0.6432
vt 0.7504 0.638
vt 0.7504 0.6379
vt 0.7503 0.6379
vt 0.7503 0.638
vt 0.8217 0.6467
vt 0.8217 0.6466
vt 0.8217 0.6466
vt 0.8217 0.6467
vt 0.8189 0.6466
vt 0.819 0.6466
vt 0.8189 0.6466
vt 0.7476 0.638
vt 0.7476 0.6467
vt 0.749 0.6467
vt 0.749 0.638
vt 0.7503 0.6467
vt 0.8203 0.6466
vt 0.7127 0.6431
vt 0.7127 0.6432
vt 0.7476 0.638
vt 0.7476 0.6467
vt 0.7317 0.6519
vt 0.7318 0.6519
vt 0.7126 0.6433
vt 0.7126 0.6432
vt 0.7126 0.6519
vt 0.7126 0.6519
vt 0.7504 0.6467
vt 0.819 0.6467
vt 0.8203 0.6467
vt 0.7476 0.6379
vt 0.749 0.6379
vt 0.7476 0.6379
vt 0.8189 0.6467
vt 0.7127 0.6432
vt 0.7126 0.6432
vt 0.7364 0.6909
vt 0.7362 0.691
vt 0.7362 0.8394
vt 0.7364 0.8395
vt 0.7483 0.691
vt 0.7481 0.6909
vt 0.7481 0.8395
vt 0.7483 0.8394
vt 0.6745 0.8395
vt 0.6747 0.8395
vt 0.6864 0.8395
vt 0.6866 0.8395
vt 0.2207 0.0428
vt 0.2207 0.0431
vt 0.2207 0.0547
vt 0.2207 0.0549
vt 0.7145 0.6909
vt 0.7206 0.8394
vt 0.7302 0.8366
vt 0.7245 0.6909
vt 0.6987 0.691
vt 0.6926 0.8395
vt 0.7025 0.8395
vt 0.7083 0.6938
vt 0.2099 0.1544
vt 0.2111 0.1543
vt 0.2111 0.1529
vt 0.2099 0.1531
vt 0.2493 0.1614
vt 0.2492 0.1598
vt 0.2477 0.1601
vt 0.2479 0.1616
vt 0.2491 0.1582
vt 0.2476 0.1586
vt 0.2303 0.1544
vt 0.2315 0.1543
vt 0.2315 0.1528
vt 0.2303 0.1529
vt 0.2332 0.1543
vt 0.2332 0.1527
vt 0.2348 0.1543
vt 0.2348 0.1527
vt 0.236 0.1544
vt 0.236 0.1529
vt 0.1492 0.2453
vt 0.1493 0.2437
vt 0.1479 0.2434
vt 0.1477 0.2449
vt 0.1494 0.242
vt 0.148 0.2419
vt 0.2054 0.1543
vt 0.2066 0.1544
vt 0.2066 0.1531
vt 0.2054 0.1529
vt 0.2083 0.1544
vt 0.2083 0.1531
vt 0.0585 0.1481
vt 0.0569 0.1488
vt 0.0553 0.1495
vt 0.2364 0.0605
vt 0.2352 0.0594
vt 0.2335 0.0589
vt 0.2317 0.0594
vt 0.2305 0.0605
vt 0.1552 0.254
vt 0.1568 0.2547
vt 0.1583 0.2554
vt 0.2392 0.0384
vt 0.2357 0.0384
vt 0.2375 0.0391
vt 0.2405 0.0368
vt 0.2345 0.0368
vt 0.2409 0.0344
vt 0.234 0.0344
vt 0.2405 0.0321
vt 0.2345 0.0321
vt 0.2392 0.0304
vt 0.2357 0.0304
vt 0.2375 0.0298
vt 0.1722 0.0408
vt 0.1722 0.0359
vt 0.1716 0.0384
vt 0.174 0.0426
vt 0.174 0.0341
vt 0.1765 0.0433
vt 0.1765 0.0334
vt 0.1789 0.0426
vt 0.1789 0.0341
vt 0.1808 0.0408
vt 0.1808 0.0359
vt 0.1814 0.0384
vt 0.0043 0.0207
vt 0.0092 0.0207
vt 0.0068 0.02
vt 0.0025 0.0224
vt 0.011 0.0224
vt 0.0116 0.0249
vt 0.0019 0.0249
vt 0.0025 0.0273
vt 0.011 0.0273
vt 0.0043 0.0291
vt 0.0092 0.0291
vt 0.0068 0.0298
vt 0.1335 0.9979
vt 0.3702 0.931
vt 0.3702 0.8988
vt 0.3702 0.9225
vt 0.1771 0.2594
vt 0.1769 0.2594
vt 0.1774 0.2594
vt 0.1498 0.998
vt 0.2608 0.3263
vt 0.1338 0.9979
vt 0.1341 0.9979
vt 0.0045 0.9979
vt 0.6687 0.805
vt 0.6687 0.7728
vt 0.6687 0.7964
vt 0.0483 0.2492
vt 0.0481 0.2492
vt 0.0486 0.2492
vt 0.0207 0.998
vt 0.2671 0.3263
vt 0.2671 0.998
vt 0.2671 0.998
vt 0.0047 0.9979
vt 0.0051 0.9979
vt 0.1566 0.0408
vt 0.1566 0.0359
vt 0.1559 0.0384
vt 0.1584 0.0426
vt 0.1584 0.0341
vt 0.1608 0.0433
vt 0.1608 0.0334
vt 0.1633 0.0426
vt 0.1633 0.0341
vt 0.1651 0.0408
vt 0.1651 0.0359
vt 0.1658 0.0384
vt 0.0211 0.0206
vt 0.0259 0.0206
vt 0.0235 0.0199
vt 0.0193 0.0223
vt 0.0277 0.0223
vt 0.0284 0.0248
vt 0.0186 0.0248
vt 0.0193 0.0272
vt 0.0277 0.0272
vt 0.0211 0.029
vt 0.0259 0.029
vt 0.0235 0.0297
vt 0.1409 0.0408
vt 0.1409 0.0359
vt 0.1403 0.0384
vt 0.1427 0.0426
vt 0.1427 0.0341
vt 0.1452 0.0433
vt 0.1452 0.0334
vt 0.1477 0.0426
vt 0.1477 0.0341
vt 0.1495 0.0408
vt 0.1495 0.0359
vt 0.1501 0.0384
vt 0.0376 0.0206
vt 0.0425 0.0206
vt 0.0401 0.0199
vt 0.0359 0.0223
vt 0.0443 0.0223
vt 0.045 0.0248
vt 0.0352 0.0248
vt 0.0359 0.0272
vt 0.0443 0.0272
vt 0.0376 0.029
vt 0.0425 0.029
vt 0.0401 0.0297
vt 0.0784 0.0408
vt 0.0784 0.0359
vt 0.0777 0.0384
vt 0.0802 0.0426
vt 0.0802 0.0341
vt 0.0826 0.0433
vt 0.0826 0.0334
vt 0.0851 0.0426
vt 0.0851 0.0341
vt 0.0869 0.0408
vt 0.0869 0.0359
vt 0.0875 0.0384
vt 0.1039 0.0206
vt 0.1088 0.0206
vt 0.1063 0.0199
vt 0.1021 0.0223
vt 0.1106 0.0223
vt 0.1112 0.0248
vt 0.1015 0.0248
vt 0.1021 0.0272
vt 0.1106 0.0272
vt 0.1039 0.029
vt 0.1088 0.029
vt 0.1063 0.0297
vt 0.0471 0.0408
vt 0.0471 0.0359
vt 0.0464 0.0384
vt 0.0489 0.0426
vt 0.0489 0.0341
vt 0.0513 0.0433
vt 0.0513 0.0334
vt 0.0538 0.0426
vt 0.0538 0.0341
vt 0.0556 0.0408
vt 0.0556 0.0359
vt 0.0563 0.0384
vt 0.137 0.0206
vt 0.1419 0.0206
vt 0.1395 0.0199
vt 0.1353 0.0223
vt 0.1437 0.0223
vt 0.1444 0.0248
vt 0.1346 0.0248
vt 0.1353 0.0272
vt 0.1437 0.0272
vt 0.137 0.029
vt 0.1419 0.029
vt 0.1395 0.0297
vt 0.0314 0.0408
vt 0.0314 0.0359
vt 0.0308 0.0384
vt 0.0332 0.0426
vt 0.0332 0.0341
vt 0.0357 0.0433
vt 0.0357 0.0334
vt 0.0381 0.0426
vt 0.0381 0.0341
vt 0.04 0.0408
vt 0.04 0.0359
vt 0.0406 0.0384
vt 0.1536 0.0206
vt 0.1585 0.0206
vt 0.156 0.0199
vt 0.1518 0.0223
vt 0.1603 0.0223
vt 0.1609 0.0248
vt 0.1512 0.0248
vt 0.1518 0.0272
vt 0.1603 0.0272
vt 0.1536 0.029
vt 0.1585 0.029
vt 0.156 0.0297
vt 0.2521 0.0383
vt 0.2486 0.0383
vt 0.2503 0.0389
vt 0.2533 0.0366
vt 0.2473 0.0366
vt 0.2538 0.0343
vt 0.2469 0.0343
vt 0.2533 0.032
vt 0.2473 0.032
vt 0.2521 0.0303
vt 0.2486 0.0303
vt 0.2503 0.0297
vt 0.8061 0.6443
vt 0.7932 0.6443
vt 0.0739 0.0061
vt 0.0739 0.0061
vt 0.2598 0.998
vt 0.2598 0.998
vt 0.135 0.7498
vt 0.1783 0.5074
vt 0.0059 0.7498
vt 0.0495 0.4973
vt 0.135 0.7122
vt 0.0059 0.7122
vt 0.4479 0.7324
vt 0.3114 0.7363
vt 0.1498 0.7122
vt 0.1931 0.545
vt 0.0207 0.7122
vt 0.0643 0.5349
vt 0.0059 0.973
vt 0.135 0.973
vt 0.0643 0.4373
vt 0.1498 0.8098
vt 0.1931 0.4474
vt 0.0207 0.8098
vt 0.8914 0.6591
vt 0.1498 0.4556
vt 0.1931 0.8016
vt 0.0207 0.4556
vt 0.0643 0.7914
vt 0.819 0.6443
vt 0.7803 0.6443
vt 0.7803 0.6442
vt 0.819 0.6442
vt 0.0643 0.4668
vt 0.0207 0.7802
vt 0.1498 0.7802
vt 0.1931 0.477
vt 0.0207 0.6818
vt 0.1498 0.6818
vt 0.1931 0.5754
vt 0.0643 0.5653
vt 0.0739 0.0072
vt 0.2608 0.998
vt 0.2608 0.998
vt 0.7481 0.8395
vt 0.135 0.6818
vt 0.0059 0.6818
vt 0.7481 0.6909
vt 0.205 0.0634
vt 0.211 0.0634
vt 0.211 0.0634
vt 0.205 0.0634
vt 0.1498 0.5195
vt 0.1931 0.7378
vt 0.0207 0.5195
vt 0.0643 0.7276
vt 0.2063 0.0645
vt 0.2097 0.0645
vt 0.2097 0.0645
vt 0.2063 0.0645
vt 0.0643 0.9512
vt 0.1931 0.9613
vt 0.7932 0.6442
vt 0.1498 0.4252
vt 0.1931 0.832
vt 0.0207 0.4252
vt 0.0643 0.8219
vt 0.8061 0.6442
vt 0.7364 0.6909
vt 0.2366 0.0549
vt 0.89 0.6535
vt 0.7364 0.8395
vt 0.2303 0.0547
vt 0.208 0.0649
vt 0.208 0.0649
vt 0.1498 0.3263
vt 0.1931 0.9309
vt 0.0207 0.3263
vt 0.0643 0.9208
vt 0.1498 0.7498
vt 0.1931 0.5074
vt 0.0207 0.7498
vt 0.0643 0.4973
vt 0.1498 0.3597
vt 0.1931 0.8975
vt 0.0207 0.3597
vt 0.0643 0.8873
vt 0.1498 0.3901
vt 0.1931 0.8671
vt 0.0207 0.3901
vt 0.0643 0.8569
vt 0.1498 0.489
vt 0.1931 0.7682
vt 0.0207 0.489
vt 0.0643 0.758
vt 0.1498 0.558
vt 0.1931 0.6992
vt 0.0207 0.558
vt 0.0643 0.6891
vt 0.1498 0.5884
vt 0.1931 0.6688
vt 0.0207 0.5884
vt 0.0643 0.6587
vt 0.1498 0.6218
vt 0.1931 0.6354
vt 0.0207 0.6218
vt 0.0643 0.6253
vt 0.1498 0.6522
vt 0.1931 0.605
vt 0.0207 0.6522
vt 0.0643 0.5948
vt 0.135 0.9425
vt 0.1783 0.3147
vt 0.0059 0.9425
vt 0.0495 0.3045
vt 0.135 0.904
vt 0.135 0.904
vt 0.1783 0.3532
vt 0.0059 0.904
vt 0.0059 0.904
vt 0.0495 0.343
vt 0.135 0.8736
vt 0.1783 0.3836
vt 0.1783 0.3836
vt 0.0059 0.8736
vt 0.0495 0.3735
vt 0.0495 0.3735
vt 0.135 0.8402
vt 0.135 0.8402
vt 0.1783 0.417
vt 0.0059 0.8402
vt 0.0059 0.8402
vt 0.0495 0.4069
vt 0.135 0.8098
vt 0.1783 0.4474
vt 0.1783 0.4474
vt 0.0059 0.8098
vt 0.0495 0.4373
vt 0.0495 0.4373
vt 0.135 0.7802
vt 0.135 0.7802
vt 0.1783 0.477
vt 0.0059 0.7802
vt 0.0059 0.7802
vt 0.0495 0.4668
vt 0.0643 0.2741
vt 0.1498 0.973
vt 0.1931 0.2842
vt 0.0207 0.973
vt 0.0643 0.3045
vt 0.1498 0.9425
vt 0.1931 0.3147
vt 0.0207 0.9425
vt 0.0643 0.343
vt 0.1498 0.904
vt 0.1931 0.3532
vt 0.0207 0.904
vt 0.0643 0.3735
vt 0.1498 0.8736
vt 0.1931 0.3836
vt 0.0207 0.8736
vt 0.0643 0.4069
vt 0.1498 0.8402
vt 0.1931 0.417
vt 0.0207 0.8402
vt 0.0739 0.0072
vt 0.2608 0.998
vt 0.2608 0.998
vn 0.999 -0.051 0.002
vn 0.999 -0.051 0.002
vn 0.999 -0.051 0.002
vn 0.999 -0.051 0.002
vn 0.999 -0.051 0.002
vn 0.999 -0.051 0.002
vn 0.999 -0.051 0.002
vn 0.999 -0.051 0.002
vn 0.999 -0.051 0.002
vn 0.999 -0.051 0.002
vn 0.999 -0.051 0.002
vn 0.999 -0.051 0.002
vn 0.999 -0.051 0.002
vn -0.398 0.917 -0.01
vn -0.405 0.914 -0.017
vn -0.414 0.91 0
vn -0.414 0.91 -0.02
vn -0.423 0.906 -0.017
vn -0.429 0.903 -0.01
vn -0.432 0.902 0
vn -0.429 0.903 0.01
vn -0.423 0.906 0.017
vn -0.414 0.91 0.02
vn -0.405 0.914 0.017
vn -0.398 0.917 0.01
vn -0.396 0.918 0
vn -1 0.012 -0.007
vn -1 0.007 -0.012
vn -1 0 0
vn -1 0 -0.013
vn -1 -0.007 -0.012
vn -1 -0.012 -0.007
vn -1 -0.013 0
vn -1 -0.012 0.007
vn -1 -0.007 0.012
vn -1 0 0.013
vn -1 0.007 0.012
vn -1 0.012 0.007
vn -1 0.013 0
vn -0.999 0.039 -0.024
vn -0.999 0.022 -0.04
vn -1 0 0
vn -0.999 -0.001 -0.046
vn -0.999 -0.027 -0.043
vn -0.999 -0.026 -0.025
vn -1 -0.017 0
vn -1 -0.021 0.014
vn -0.999 -0.022 0.04
vn -0.999 0.001 0.046
vn -0.999 0.024 0.039
vn -0.999 0.04 0.022
vn -0.999 0.046 -0.001
vn 0.957 0.18 -0.226
vn 0.903 0.27 -0.333
vn 0.999 -0.051 0.002
vn 0.999 -0.051 0.002
vn 0.999 -0.051 0.002
vn 0.999 -0.051 0.002
vn 0.999 -0.051 0.002
vn 0.999 -0.051 0.002
vn 0.999 -0.051 0.002
vn 0.999 -0.051 0.002
vn 0.823 0.232 0.519
vn 0.951 0.25 0.181
vn 0.966 0.25 -0.065
vn -0.398 0.917 -0.01
vn -0.405 0.914 -0.017
vn -0.414 0.91 0
vn -0.414 0.91 -0.02
vn -0.423 0.906 -0.017
vn -0.429 0.903 -0.01
vn -0.432 0.902 0
vn -0.429 0.903 0.01
vn -0.423 0.906 0.017
vn -0.414 0.91 0.02
vn -0.405 0.914 0.017
vn -0.398 0.917 0.01
vn -0.396 0.918 0
vn 0.022 -0.999 -0.033
vn 0.036 -0.999 -0.018
vn 0 -1 0
vn 0.003 -0.999 -0.04
vn -0.018 -0.999 -0.036
vn -0.033 -0.999 -0.022
vn -0.04 -0.999 -0.003
vn -0.036 -0.999 0.018
vn -0.022 -0.999 0.033
vn -0.003 -0.999 0.04
vn 0.018 -0.999 0.036
vn 0.033 -0.999 0.022
vn 0.04 -0.999 0.003
vn 0 1 0
vn 0.055 0.998 -0.039
vn 0.029 0.998 -0.061
vn -0.006 0.998 -0.067
vn -0.039 0.998 -0.055
vn -0.061 0.998 -0.029
vn -0.067 0.998 0.006
vn -0.055 0.998 0.039
vn -0.029 0.998 0.061
vn 0.006 0.998 0.067
vn 0.039 0.998 0.055
vn 0.061 0.998 0.029
vn 0.067 0.998 -0.006
vn 0 0 1
vn 0 0 1
vn 0 0 1
vn 0 0 1
vn 0 0 1
vn 0 0 1
vn 0 0 1
vn -0.066 0 0.998
vn 0 0 1
vn 0 0 1
vn 0 0 1
vn 0.08 0 0.997
vn 0 0 1
vn 0 0 1
vn 0 0 1
vn 0 0 1
vn 0 0 1
vn 0 0 -1
vn 0.04 0 -0.999
vn 0 0 -1
vn 0 0 -1
vn 0 0 -1
vn 0 0 -1
vn 0 0 -1
vn 0 0 -1
vn 0 0 -1
vn 0 0 -1
vn 0 0 -1
vn 0 0 -1
vn 0 0 -1
vn -0.046 0 -0.999
vn 0 0 -1
vn 0 0 -1
vn 0 0 -1
vn 0 0 1
vn 0 0 1
vn 0 0 1
vn 0 0 1
vn 0 0 1
vn 0 0 1
vn 0 0 1
vn 0 0 1
vn 0 0 1
vn 0 0 1
vn 0 0 1
vn 0 0 1
vn 0 0 1
vn -0.063 0 0.998
vn 0 0 1
vn 0 0 1
vn 0 0 1
vn 0.074 0 0.997
vn 0 0 1
vn 0 0 1
vn 0 0 1
vn 0 0 1
vn 0 0 1
vn 0 0 -1
vn 0.038 0 -0.999
vn 0 0 -1
vn 0 0 -1
vn 0 0 -1
vn 0 0 -1
vn 0 0 -1
vn 0 0 -1
vn 0 0 -1
vn 0 0 -1
vn 0 0 -1
vn 0 0 -1
vn 0 0 -1
vn -0.042 0 -0.999
vn 0 0 -1
vn 0 0 -1
vn 0 0 -1
vn 0 0 1
vn 0 0 1
vn 0 0 1
vn 0 0 1
vn 0 0 1
vn 0 0 1
vn 0.999 0.025 -0.037
vn 0.999 0.04 -0.019
vn 1 0 0
vn 0.999 0.003 -0.045
vn 0.999 -0.019 -0.04
vn 0.999 -0.037 -0.025
vn 0.999 -0.045 -0.003
vn 0.999 -0.04 0.019
vn 0.999 -0.025 0.037
vn 0.999 -0.003 0.045
vn 0.999 0.019 0.04
vn 0.999 0.037 0.025
vn 0.999 0.045 0.003
vn -0.999 0.032 -0.021
vn -0.999 0.017 -0.035
vn -1 0 0
vn -0.999 -0.003 -0.038
vn -0.999 -0.021 -0.032
vn -0.999 -0.035 -0.017
vn -0.999 -0.038 0.003
vn -0.999 -0.032 0.022
vn -0.999 -0.017 0.035
vn -0.999 0.003 0.038
vn -0.999 0.022 0.032
vn -0.999 0.035 0.017
vn -0.999 0.038 -0.003
vn -0.999 0.039 -0.024
vn -0.999 0.022 -0.04
vn -1 0 0
vn -0.999 -0.001 -0.046
vn -0.999 -0.027 -0.043
vn -0.999 -0.026 -0.025
vn -1 -0.017 0
vn -1 -0.021 0.014
vn -0.999 -0.022 0.04
vn -0.999 0.001 0.046
vn -0.999 0.024 0.039
vn -0.999 0.04 0.022
vn -0.999 0.046 -0.001
vn 0.957 0.18 -0.226
vn 0.903 0.27 -0.333
vn 0.999 -0.051 0.002
vn 0.999 -0.051 0.002
vn 0.999 -0.051 0.002
vn 0.999 -0.051 0.002
vn 0.999 -0.051 0.002
vn 0.999 -0.051 0.002
vn 0.999 -0.051 0.002
vn 0.999 -0.051 0.002
vn 0.823 0.232 0.519
vn 0.951 0.25 0.181
vn 0.966 0.25 -0.065
vn -0.398 0.917 -0.01
vn -0.405 0.914 -0.017
vn -0.414 0.91 0
vn -0.414 0.91 -0.02
vn -0.423 0.906 -0.017
vn -0.429 0.903 -0.01
vn -0.432 0.902 0
vn -0.429 0.903 0.01
vn -0.423 0.906 0.017
vn -0.414 0.91 0.02
vn -0.405 0.914 0.017
vn -0.398 0.917 0.01
vn -0.396 0.918 0
vn -1 0.012 -0.007
vn -1 0.007 -0.012
vn -1 0 0
vn -1 0 -0.013
vn -1 -0.007 -0.012
vn -1 -0.012 -0.007
vn -1 -0.013 0
vn -1 -0.012 0.007
vn -1 -0.007 0.012
vn -1 0 0.013
vn -1 0.007 0.012
vn -1 0.012 0.007
vn -1 0.013 0
vn -0.999 0.039 -0.024
vn -0.999 0.022 -0.04
vn -1 0 0
vn -0.999 -0.001 -0.046
vn -0.999 -0.027 -0.043
vn -0.999 -0.026 -0.025
vn -1 -0.017 0
vn -1 -0.021 0.014
vn -0.999 -0.022 0.04
vn -0.999 0.001 0.046
vn -0.999 0.024 0.039
vn -0.999 0.04 0.022
vn -0.999 0.046 -0.001
vn -1 0.012 -0.007
vn -1 0.007 -0.012
vn -1 0 0
vn -1 0 -0.013
vn -1 -0.007 -0.012
vn -1 -0.012 -0.007
vn -1 -0.013 0
vn -1 -0.012 0.007
vn -1 -0.007 0.012
vn -1 0 0.013
vn -1 0.007 0.012
vn -1 0.012 0.007
vn -1 0.013 0
vn -0.999 0.039 -0.024
vn -0.999 0.022 -0.04
vn -1 0 0
vn -0.999 -0.001 -0.046
vn -0.999 -0.027 -0.043
vn -0.999 -0.026 -0.025
vn -1 -0.017 0
vn -1 -0.021 0.014
vn -0.999 -0.022 0.04
vn -0.999 0.001 0.046
vn -0.999 0.024 0.039
vn -0.999 0.04 0.022
vn -0.999 0.046 -0.001
vn -0.7 -0.714 -0.001
vn -0.01 -0.022 1
vn -1 -0.022 0.002
vn 1 -0.023 0
vn 0.517 -0.305 0.8
vn 0.653 -0.754 0.073
vn -0.714 0.699 0.052
vn -0.037 0.022 0.999
vn -0.01 0.999 0.041
vn 0.037 0.998 0.041
vn 0.01 0.022 1
vn 0.746 0.656 0.115
vn -1 0.024 -0.002
vn -0.037 0.999 0.038
vn -0.009 0.3 -0.954
vn 0.037 0.3 -0.953
vn 0.009 0.999 0.038
vn 0.71 0.704 0.004
vn -1 -0.022 -0.002
vn -0.037 0.258 -0.965
vn -0.67 -0.729 -0.143
vn 0.701 -0.71 -0.059
vn 0.256 -0.402 -0.879
vn 1 -0.022 -0.004
vn 0.999 -0.051 0.002
vn 0.999 -0.051 0.002
vn 0.999 -0.051 0.002
vn 0.999 -0.051 0.002
vn 0.999 -0.051 0.002
vn 0.999 -0.051 0.002
vn 0.999 -0.051 0.002
vn 0.999 -0.051 0.002
vn 0.999 -0.051 0.002
vn 0.999 -0.051 0.002
vn 0.999 -0.051 0.002
vn 0.999 -0.051 0.002
vn 0.999 -0.051 0.002
vn -0.398 0.917 -0.01
vn -0.405 0.914 -0.017
vn -0.414 0.91 0
vn -0.414 0.91 -0.02
vn -0.423 0.906 -0.017
vn -0.429 0.903 -0.01
vn -0.432 0.902 0
vn -0.429 0.903 0.01
vn -0.423 0.906 0.017
vn -0.414 0.91 0.02
vn -0.405 0.914 0.017
vn -0.398 0.917 0.01
vn -0.396 0.918 0
vn 0.048 0.825 -0.563
vn 0.055 0.427 -0.903
vn 0.359 0.351 -0.865
vn 0.624 0.604 -0.495
vn 0.055 0.427 -0.903
vn -0.023 -0.094 -0.995
vn -0.084 -0.078 -0.993
vn 0.359 0.351 -0.865
vn -0.165 -0.573 -0.803
vn -0.479 -0.468 -0.743
vn -0.165 -0.573 -0.803
vn -0.284 -0.87 -0.402
vn -0.673 -0.661 -0.333
vn -0.479 -0.468 -0.743
vn -0.314 -0.946 0.079
vn -0.71 -0.7 0.083
vn -0.244 -0.799 0.549
vn -0.619 -0.611 0.494
vn -0.109 -0.428 0.897
vn -0.357 -0.355 0.864
vn -0.109 -0.428 0.897
vn 0.009 0.088 0.996
vn 0.085 0.076 0.994
vn -0.357 -0.355 0.864
vn 0.043 0.582 0.812
vn 0.485 0.463 0.742
vn 0.043 0.582 0.812
vn 0.023 0.91 0.414
vn 0.681 0.653 0.332
vn 0.485 0.463 0.742
vn 0.017 0.996 -0.082
vn 0.718 0.691 -0.084
vn 0.347 0.328 0.879
vn -0.07 -0.072 0.995
vn -0.447 -0.437 0.78
vn -0.447 -0.437 0.78
vn -0.661 -0.645 0.384
vn -0.715 -0.696 -0.061
vn -0.618 -0.6 -0.508
vn -0.345 -0.332 -0.878
vn -0.345 -0.332 -0.878
vn 0.071 0.069 -0.995
vn 0.451 0.431 -0.781
vn 0.005 0.76 -0.65
vn 0.009 0.348 -0.938
vn 0.007 0.531 -0.847
vn 0.003 0.89 -0.456
vn 0.009 0.348 -0.938
vn 0.01 -0.091 -0.996
vn 0.01 0.065 -0.998
vn 0.007 0.531 -0.847
vn 0.007 -0.517 -0.856
vn 0.009 -0.404 -0.915
vn 0.007 -0.517 -0.856
vn 0.003 -0.877 -0.481
vn 0.005 -0.798 -0.603
vn 0.009 -0.404 -0.915
vn 0.002 -0.994 0.109
vn 0.002 -0.995 -0.095
vn 0.007 -0.76 0.65
vn 0.004 -0.89 0.456
vn 0.012 -0.348 0.938
vn 0.009 -0.531 0.847
vn 0.012 -0.348 0.938
vn 0.013 0.091 0.996
vn 0.013 -0.065 0.998
vn 0.009 -0.531 0.847
vn 0.009 0.517 0.856
vn 0.011 0.404 0.915
vn 0.009 0.517 0.856
vn 0.004 0.877 0.481
vn 0.006 0.798 0.603
vn 0.011 0.404 0.915
vn 0.002 0.994 -0.109
vn 0.002 0.995 0.095
vn -0.704 0.602 -0.377
vn -0.704 0.333 -0.627
vn -0.704 0.602 -0.377
vn -0.001 0.907 -0.421
vn -0.001 0.575 -0.818
vn -0.704 0.333 -0.627
vn -0.751 -0.228 0.619
vn -0.712 -0.329 0.621
vn -0.751 -0.228 0.619
vn -0.003 -0.299 0.954
vn -0.001 -0.571 0.821
vn -0.712 -0.329 0.621
vn 0.001 0.818 -0.575
vn 0.001 0.421 -0.907
vn 0.001 0.421 -0.907
vn 0.001 -0.089 -0.996
vn -0.001 0.089 -0.996
vn -0.001 0.575 -0.818
vn 0.001 -0.572 -0.82
vn -0.001 -0.42 -0.907
vn 0.001 -0.177 -0.984
vn -0.003 -0.43 -0.903
vn 0.001 -0.291 0.957
vn 0.001 -0.419 0.908
vn 0.001 0.089 0.996
vn -0.001 -0.089 0.996
vn 0.001 0.575 0.818
vn -0.001 0.421 0.907
vn 0.001 0.575 0.818
vn 0.001 0.907 0.421
vn -0.001 0.818 0.575
vn -0.001 0.421 0.907
vn 0.001 0.996 -0.089
vn -0.001 0.996 0.089
vn -0.704 -0.025 -0.71
vn -0.704 0.333 -0.627
vn -0.704 -0.025 -0.71
vn -0.766 -0.328 -0.554
vn -0.766 -0.328 -0.554
vn -0.775 -0.448 -0.446
vn -0.001 -0.42 -0.907
vn -0.003 -0.43 -0.903
vn -0.705 0.026 0.709
vn -0.705 0.026 0.709
vn -0.706 0.375 0.601
vn -0.706 0.375 0.601
vn -0.707 0.624 0.332
vn -0.706 0.375 0.601
vn -0.707 0.624 0.332
vn -0.706 0.708 -0.026
vn -0.706 0.708 -0.026
vn -0.608 0.002 -0.794
vn -0.691 -0.301 -0.657
vn -1 -0.02 -0.022
vn -0.67 -0.359 -0.65
vn -0.002 -0.601 -0.799
vn -0.378 -0.431 -0.819
vn -0.002 -0.003 -1
vn 0.001 -0.008 -1
vn -0.675 -0.003 -0.738
vn -0.006 0 -1
vn -0.002 -0.799 0.602
vn -0.434 -0.387 0.814
vn -0.791 -0.611 0.02
vn -0.003 -1 0.007
vn -0.434 -0.387 0.814
vn -0.602 -0.008 0.798
vn -1 -0.013 0.028
vn -0.791 -0.611 0.02
vn -0.675 -0.003 -0.738
vn -1 -0.012 -0.008
vn -0.006 0 -1
vn -0.002 -1 -0.014
vn 0 -1 -0.014
vn 0 -1 0
vn -0.005 -1 0
vn 0 -1 0.027
vn -1 -0.012 0
vn -0.602 -0.008 0.798
vn -0.002 0 1
vn -0.002 -0.601 -0.799
vn 0 -0.924 -0.382
vn 0.001 -0.016 -1
vn 0.001 -0.381 -0.925
vn 0.001 -0.016 1
vn -0.002 -0.799 0.602
vn 0.001 -0.381 0.924
vn 0.001 -0.008 1
vn 0 -0.925 0.38
vn -0.615 -0.788 -0.02
vn -0.926 -0.378 0
vn -0.615 -0.788 -0.02
vn -0.381 -0.924 0
vn -0.378 -0.431 -0.819
vn -0.378 -0.431 -0.819
vn -0.003 -0.002 1
vn -0.434 -0.387 0.814
vn 0.377 0.211 -0.902
vn 0.725 0.391 -0.567
vn 0.275 0.173 -0.946
vn -0.102 -0.084 -0.991
vn -0.075 -0.031 -0.997
vn 0.377 0.211 -0.902
vn -0.529 -0.437 -0.728
vn -0.504 -0.271 -0.82
vn -0.529 -0.437 -0.728
vn -0.716 -0.617 -0.325
vn -0.791 -0.44 -0.425
vn -0.504 -0.271 -0.82
vn -0.753 -0.652 0.082
vn -0.867 -0.492 0.077
vn -0.672 -0.562 0.482
vn -0.718 -0.414 0.56
vn -0.419 -0.325 0.848
vn -0.377 -0.224 0.899
vn -0.419 -0.325 0.848
vn 0.092 0.053 0.994
vn 0.074 0.027 0.997
vn -0.377 -0.224 0.899
vn 0.823 0.232 0.519
vn 0.508 0.265 0.82
vn 0.802 0.424 0.421
vn 0.508 0.265 0.82
vn 0.88 0.468 -0.085
vn 0.797 0.433 -0.422
vn 0.878 0.471 0.086
vn 0.725 0.383 0.572
vn 0.378 0.192 0.906
vn 0.378 0.192 0.906
vn -0.072 -0.051 0.996
vn -0.502 -0.281 0.818
vn -0.502 -0.281 0.818
vn -0.796 -0.435 0.422
vn -0.877 -0.473 -0.086
vn -0.724 -0.385 -0.572
vn -0.377 -0.194 -0.906
vn -0.377 -0.194 -0.906
vn 0.073 0.049 -0.996
vn 0.503 0.279 -0.818
vn 0.503 0.279 -0.818
vn -0.574 0.819 -0.001
vn -0.907 0.422 -0.001
vn -0.818 0.576 0.003
vn -0.42 0.907 0.003
vn -0.996 -0.088 -0.001
vn -0.996 0.09 0.003
vn -0.819 -0.574 -0.001
vn -0.907 -0.42 0.003
vn -0.422 -0.907 -0.001
vn -0.576 -0.818 0.003
vn -0.422 -0.907 -0.001
vn 0.088 -0.996 -0.001
vn -0.09 -0.996 0.003
vn -0.576 -0.818 0.003
vn 0.574 -0.819 -0.001
vn 0.42 -0.907 0.003
vn 0.574 -0.819 -0.001
vn 0.907 -0.422 -0.001
vn 0.818 -0.576 0.003
vn 0.42 -0.907 0.003
vn 0.996 0.088 -0.001
vn 0.996 -0.09 0.003
vn 0.819 0.574 -0.001
vn 0.907 0.42 0.003
vn 0.422 0.907 -0.001
vn 0.576 0.818 0.003
vn 0.422 0.907 -0.001
vn -0.088 0.996 -0.001
vn 0.09 0.996 0.003
vn 0.576 0.818 0.003
vn -0.574 0.819 -0.001
vn -0.42 0.907 0.003
vn 0.017 0.18 -0.984
vn 0.105 0.147 -0.984
vn -0.062 -0.131 -0.989
vn 0.012 -0.144 -0.989
vn 0.164 0.075 -0.984
vn -0.119 -0.082 -0.989
vn 0.18 -0.017 -0.984
vn -0.144 -0.012 -0.989
vn 0.147 -0.105 -0.984
vn -0.131 0.062 -0.989
vn 0.075 -0.164 -0.984
vn -0.082 0.119 -0.989
vn -0.017 -0.18 -0.984
vn -0.012 0.144 -0.989
vn -0.105 -0.147 -0.984
vn 0.062 0.131 -0.989
vn -0.164 -0.075 -0.984
vn 0.119 0.082 -0.989
vn -0.18 0.017 -0.984
vn 0.144 0.012 -0.989
vn -0.147 0.105 -0.984
vn 0.131 -0.062 -0.989
vn -0.075 0.164 -0.984
vn 0.082 -0.119 -0.989
vn -0.018 0.186 0.982
vn -0.108 0.153 0.982
vn 0.065 -0.138 0.988
vn -0.012 -0.152 0.988
vn -0.17 0.078 0.982
vn 0.125 -0.087 0.988
vn -0.186 -0.018 0.982
vn 0.152 -0.012 0.988
vn -0.153 -0.108 0.982
vn 0.138 0.065 0.988
vn -0.078 -0.17 0.982
vn 0.087 0.125 0.988
vn 0.018 -0.187 0.982
vn 0.012 0.152 0.988
vn 0.109 -0.153 0.982
vn -0.065 0.138 0.988
vn 0.171 -0.078 0.982
vn -0.125 0.087 0.988
vn 0.187 0.018 0.982
vn -0.152 0.012 0.988
vn 0.153 0.109 0.982
vn -0.138 -0.065 0.988
vn 0.078 0.17 0.982
vn -0.087 -0.125 0.988
vn -0.572 -0.812 -0.113
vn -0.902 -0.417 -0.113
vn -0.818 -0.575 -0.006
vn -0.421 -0.907 -0.006
vn -0.99 0.089 -0.113
vn -0.996 -0.089 -0.006
vn -0.813 0.572 -0.113
vn -0.907 0.42 -0.006
vn -0.418 0.901 -0.113
vn -0.576 0.818 -0.006
vn -0.418 0.901 -0.113
vn 0.089 0.99 -0.113
vn -0.089 0.996 -0.006
vn -0.576 0.818 -0.006
vn 0.572 0.812 -0.113
vn 0.421 0.907 -0.006
vn 0.572 0.812 -0.113
vn 0.902 0.417 -0.113
vn 0.818 0.575 -0.006
vn 0.421 0.907 -0.006
vn 0.99 -0.089 -0.113
vn 0.996 0.089 -0.006
vn 0.813 -0.572 -0.113
vn 0.907 -0.42 -0.006
vn 0.418 -0.902 -0.113
vn 0.575 -0.818 -0.006
vn 0.418 -0.902 -0.113
vn -0.089 -0.99 -0.113
vn 0.089 -0.996 -0.006
vn 0.575 -0.818 -0.006
vn -0.572 -0.812 -0.113
vn -0.421 -0.907 -0.006
vn 0.089 -0.989 0.118
vn 0.572 -0.812 0.118
vn 0.421 -0.907 0.007
vn -0.089 -0.996 0.007
vn 0.572 -0.812 0.118
vn 0.901 -0.418 0.118
vn 0.818 -0.575 0.007
vn 0.421 -0.907 0.007
vn 0.989 0.089 0.118
vn 0.996 -0.089 0.007
vn 0.812 0.572 0.118
vn 0.907 0.421 0.007
vn 0.418 0.901 0.118
vn 0.575 0.818 0.007
vn 0.418 0.901 0.118
vn -0.089 0.989 0.118
vn 0.089 0.996 0.007
vn 0.575 0.818 0.007
vn -0.572 0.812 0.118
vn -0.421 0.907 0.007
vn -0.572 0.812 0.118
vn -0.901 0.418 0.119
vn -0.818 0.575 0.007
vn -0.421 0.907 0.007
vn -0.989 -0.089 0.119
vn -0.996 0.09 0.007
vn -0.812 -0.572 0.118
vn -0.907 -0.421 0.007
vn -0.417 -0.901 0.118
vn -0.575 -0.818 0.007
vn -0.417 -0.901 0.118
vn -0.575 -0.818 0.007
vn -0.384 0.833 -0.398
vn -0.749 0.529 -0.399
vn -0.197 0.283 -0.939
vn -0.312 0.147 -0.938
vn -0.913 0.084 -0.399
vn -0.344 -0.029 -0.938
vn -0.833 -0.384 -0.399
vn -0.283 -0.197 -0.939
vn -0.529 -0.749 -0.398
vn -0.147 -0.311 -0.939
vn -0.529 -0.749 -0.398
vn -0.084 -0.914 -0.398
vn 0.029 -0.343 -0.939
vn 0.384 -0.833 -0.398
vn 0.197 -0.283 -0.939
vn 0.384 -0.833 -0.398
vn 0.749 -0.529 -0.398
vn 0.313 -0.147 -0.938
vn 0.913 -0.084 -0.399
vn 0.344 0.029 -0.938
vn 0.833 0.384 -0.399
vn 0.283 0.197 -0.939
vn 0.529 0.749 -0.399
vn 0.147 0.311 -0.939
vn 0.529 0.749 -0.399
vn 0.084 0.914 -0.398
vn -0.029 0.343 -0.939
vn -0.384 0.833 -0.398
vn -0.529 0.749 0.4
vn -0.084 0.913 0.399
vn -0.147 0.312 0.939
vn 0.029 0.343 0.939
vn -0.283 0.197 0.939
vn -0.529 0.749 0.4
vn -0.832 0.384 0.4
vn -0.343 0.029 0.939
vn -0.913 -0.084 0.399
vn -0.312 -0.147 0.939
vn -0.749 -0.529 0.4
vn -0.197 -0.283 0.939
vn -0.384 -0.832 0.399
vn -0.029 -0.343 0.939
vn -0.384 -0.832 0.399
vn 0.084 -0.913 0.399
vn 0.147 -0.312 0.939
vn 0.529 -0.749 0.399
vn 0.283 -0.197 0.939
vn 0.529 -0.749 0.399
vn 0.833 -0.384 0.399
vn 0.343 -0.029 0.939
vn 0.913 0.084 0.399
vn 0.312 0.147 0.939
vn 0.749 0.529 0.399
vn 0.197 0.283 0.939
vn 0.384 0.833 0.399
vn 0.384 0.833 0.399
vn -0.19 -0.266 -0.945
vn -0.032 -0.326 -0.945
vn -0.388 -0.827 -0.406
vn 0.078 -0.91 -0.406
vn 0.136 -0.298 -0.945
vn 0.523 -0.749 -0.406
vn -0.388 -0.827 -0.406
vn -0.749 -0.523 -0.407
vn -0.298 -0.136 -0.945
vn -0.91 -0.078 -0.407
vn -0.326 0.031 -0.945
vn -0.828 0.387 -0.407
vn -0.267 0.19 -0.945
vn -0.523 0.749 -0.407
vn -0.136 0.298 -0.945
vn -0.523 0.749 -0.407
vn -0.078 0.91 -0.406
vn 0.031 0.326 -0.945
vn 0.387 0.827 -0.406
vn 0.19 0.266 -0.945
vn 0.387 0.827 -0.406
vn 0.749 0.523 -0.407
vn 0.298 0.136 -0.945
vn 0.91 0.078 -0.406
vn 0.326 -0.031 -0.945
vn 0.828 -0.387 -0.406
vn 0.266 -0.19 -0.945
vn 0.523 -0.749 -0.406
vn 0.191 -0.267 0.945
vn 0.032 -0.326 0.945
vn 0.388 -0.827 0.407
vn -0.078 -0.91 0.406
vn -0.136 -0.299 0.945
vn -0.523 -0.749 0.407
vn 0.388 -0.827 0.407
vn 0.749 -0.523 0.407
vn 0.298 -0.136 0.945
vn 0.91 -0.078 0.407
vn 0.326 0.032 0.945
vn 0.827 0.388 0.406
vn 0.267 0.191 0.945
vn 0.523 0.749 0.406
vn 0.136 0.299 0.945
vn 0.523 0.749 0.406
vn 0.078 0.91 0.407
vn -0.031 0.326 0.945
vn -0.387 0.827 0.407
vn -0.191 0.267 0.945
vn -0.387 0.827 0.407
vn -0.749 0.523 0.407
vn -0.299 0.136 0.945
vn -0.91 0.079 0.407
vn -0.327 -0.032 0.945
vn -0.827 -0.388 0.407
vn -0.267 -0.191 0.945
vn -0.523 -0.749 0.407
vn 0.818 0 -0.575
vn 0.622 -0.711 -0.328
vn 0.375 -0.711 -0.595
vn 0.421 0 -0.907
vn 0.622 -0.711 -0.328
vn 0.375 -0.711 -0.595
vn 0.421 0 -0.907
vn 0.375 -0.711 -0.595
vn 0.027 -0.711 -0.703
vn -0.089 0 -0.996
vn 0.027 -0.711 -0.703
vn -0.328 -0.711 -0.622
vn -0.575 0 -0.818
vn -0.328 -0.711 -0.622
vn -0.575 0 -0.818
vn -0.328 -0.711 -0.622
vn -0.595 -0.711 -0.375
vn -0.907 0 -0.421
vn -0.595 -0.711 -0.375
vn -0.703 -0.711 -0.027
vn -0.996 0 0.089
vn -0.703 -0.711 -0.027
vn -0.622 -0.711 0.328
vn -0.818 0 0.575
vn -0.622 -0.711 0.328
vn -0.375 -0.711 0.595
vn -0.421 0 0.907
vn -0.375 -0.711 0.595
vn -0.421 0 0.907
vn -0.375 -0.711 0.595
vn -0.027 -0.711 0.703
vn 0.089 0 0.996
vn -0.027 -0.711 0.703
vn 0.328 -0.711 0.622
vn 0.575 0 0.818
vn 0.328 -0.711 0.622
vn 0.575 0 0.818
vn 0.328 -0.711 0.622
vn 0.595 -0.711 0.375
vn 0.907 0 0.421
vn 0.595 -0.711 0.375
vn 0.703 -0.711 0.027
vn 0.996 0 -0.089
vn 0.703 -0.711 0.027
vn 0.575 0.015 -0.818
vn 0.417 0.505 -0.756
vn 0.739 0.505 -0.446
vn 0.907 0.015 -0.421
vn 0.229 0.864 -0.448
vn 0.423 0.864 -0.274
vn 0.229 0.864 -0.448
vn 0.423 0.864 -0.274
vn 0.503 0.864 -0.026
vn 0.863 0.505 -0.017
vn 0.996 0.015 0.089
vn 0.503 0.864 -0.026
vn 0.448 0.864 0.229
vn 0.756 0.505 0.417
vn 0.818 0.015 0.575
vn 0.448 0.864 0.229
vn 0.274 0.864 0.423
vn 0.446 0.505 0.739
vn 0.421 0.015 0.907
vn 0.274 0.864 0.423
vn 0.026 0.864 0.503
vn 0.421 0.015 0.907
vn 0.446 0.505 0.739
vn 0.017 0.505 0.863
vn -0.089 0.015 0.996
vn 0.446 0.505 0.739
vn 0.017 0.505 0.863
vn -0.229 0.864 0.448
vn -0.417 0.505 0.756
vn -0.575 0.015 0.818
vn -0.417 0.505 0.756
vn -0.423 0.864 0.274
vn -0.575 0.015 0.818
vn -0.417 0.505 0.756
vn -0.739 0.505 0.446
vn -0.907 0.015 0.421
vn -0.229 0.864 0.448
vn -0.423 0.864 0.274
vn -0.503 0.864 0.026
vn -0.863 0.505 0.017
vn -0.996 0.015 -0.089
vn -0.503 0.864 0.026
vn -0.448 0.864 -0.229
vn -0.756 0.505 -0.417
vn -0.818 0.015 -0.575
vn -0.448 0.864 -0.229
vn -0.274 0.864 -0.423
vn -0.446 0.505 -0.739
vn -0.421 0.015 -0.907
vn -0.274 0.864 -0.423
vn -0.026 0.864 -0.503
vn -0.421 0.015 -0.907
vn -0.446 0.505 -0.739
vn -0.017 0.505 -0.863
vn 0.089 0.015 -0.996
vn -0.446 0.505 -0.739
vn -0.017 0.505 -0.863
vn 0.417 0.505 -0.756
vn 0.417 0.505 -0.756
vn 0.575 0.015 -0.818
vn 0.575 0 -0.818
vn 0.016 -0.999 -0.035
vn 0.032 -0.999 -0.022
vn 0.907 0 -0.421
vn 0.016 -0.999 -0.035
vn 0.575 0 -0.818
vn 0.063 -0.718 -0.693
vn -0.003 -0.999 -0.038
vn 0.694 -0.718 -0.061
vn 0.996 0 0.089
vn 0.631 -0.718 0.294
vn 0.818 0 0.575
vn 0.022 -0.999 0.032
vn 0.292 -0.718 0.631
vn 0.292 -0.718 0.631
vn 0.022 -0.999 0.032
vn 0.003 -0.999 0.038
vn -0.063 -0.718 0.693
vn -0.016 -0.999 0.035
vn -0.575 0 0.818
vn -0.032 -0.999 0.022
vn -0.907 0 0.421
vn -0.907 0 0.421
vn -0.032 -0.999 0.022
vn -0.694 -0.718 0.061
vn -0.996 0 -0.089
vn -0.631 -0.718 -0.294
vn -0.818 0 -0.575
vn -0.818 0 -0.575
vn -0.631 -0.718 -0.294
vn -0.022 -0.999 -0.032
vn -0.292 -0.718 -0.631
vn 0.027 -0.999 -0.038
vn 0.293 -0.718 -0.631
vn 0.818 -0.005 -0.575
vn 0.632 -0.718 -0.293
vn 0.293 -0.718 -0.631
vn 0.027 -0.999 -0.038
vn 0.004 -0.999 -0.047
vn -0.061 -0.718 -0.693
vn 0.996 -0.005 -0.089
vn 0.694 -0.718 0.062
vn 0.907 -0.005 0.421
vn 0.038 -0.999 0.027
vn 0.575 -0.005 0.818
vn 0.02 -0.999 0.043
vn 0.02 -0.999 0.043
vn 0.575 -0.005 0.818
vn 0.061 -0.718 0.693
vn -0.004 -0.999 0.047
vn -0.293 -0.718 0.631
vn -0.027 -0.999 0.038
vn -0.818 -0.005 0.575
vn -0.632 -0.718 0.293
vn -0.632 -0.718 0.293
vn -0.818 -0.005 0.575
vn -0.996 -0.005 0.089
vn -0.694 -0.718 -0.062
vn -0.907 -0.005 -0.421
vn -0.038 -0.999 -0.027
vn -0.575 -0.005 -0.818
vn -0.02 -0.999 -0.043
vn -0.02 -0.999 -0.043
vn -0.575 -0.005 -0.818
vn 0.089 0 -0.996
vn 0.575 0 -0.818
vn -0.421 0 -0.907
vn -0.421 0 -0.907
vn -0.575 0 0.818
vn -0.089 0 0.996
vn -0.575 0 0.818
vn 0.421 0 0.907
vn 0.032 -0.999 -0.022
vn 0 -1 0
vn 0 -1 0
vn 0 -1 0
vn 0 -1 0
vn 0.038 -0.999 0.027
vn 0 -1 0
vn 0 -1 0
vn -0.038 -0.999 -0.027
vn 0.089 0 0.996
vn 0.575 -0.005 0.818
vn -0.421 0 0.907
vn -0.421 0 0.907
vn -0.089 0 -0.996
vn -0.575 -0.005 -0.818
vn 0.421 0 -0.907
vn 0 0 1
vn 0 0 1
vn 0 0 1
vn 0 0 1
vn 0 0 1
vn 0 0 1
vn 0 0 1
vn 0 0 1
vn 0 0 1
vn 0 0 1
vn 0 0 1
vn 0 0 1
vn 0 0 1
vn 0 0 1
vn 0 0 1
vn 0 0 1
vn 0 0 1
vn 0 0 1
vn 0 0 1
vn 0 0 1
vn 0 0 1
vn 0 0 1
vn 0 0 1
vn 0 0 1
vn 0 0 1
vn 0 0 1
vn 0 0 1
vn 0 0 1
vn 0 0 1
vn 0 0 1
vn 0 0 1
vn 0 0 1
vn 0 0 1
vn 0 0 1
vn 0 0 1
vn 0 0 1
vn 0 0 1
vn 0 0 1
vn 0 0 1
vn 0 0 1
vn 0 0 1
vn 0 0 1
vn 0 0 1
vn 0 0 1
vn 0 0 1
vn 0 0 1
vn 0 0 1
vn 0 0 1
vn 0 0 1
vn 0 0 1
vn 0 0 1
vn 0 0 1
vn 0 0 1
vn 0 0 1
vn 0 0 1
vn 0 0 1
vn 0 0 1
vn 0 0 1
vn 0 0 1
vn 0 0 1
vn 0 0 1
vn 0 0 1
vn 0 0 1
vn 0 0 1
vn 0 0 1
vn 0 0 1
vn 0 0 1
vn 0 0 1
vn 0 0 1
vn 0 0 1
vn 0 0 1
vn 0 0 1
vn 0 0 1
vn 0 0 1
vn 0 0 1
vn 0 0 1
vn 0 0 1
vn 0 0 1
vn 0 0 1
vn 0 0 1
vn 0 0 1
vn 0 0 1
vn 0 0 1
vn 0 0 1
vn 0 0 1
vn 0 0 1
vn 0 0 1
vn 0 0 1
vn 0 0 1
vn 0 0 1
vn 0 0 1
vn 0 0 1
vn 0 0 1
vn 0 0 1
vn 0 0 1
vn 0 0 1
vn 0 0 1
vn 0 0 1
vn 0 0 1
vn 0 0 1
vn 0 0 1
vn 0 0 1
vn 0 0 1
vn 0 0 1
vn 0 0 1
vn 0 0 1
vn 0 0 1
vn 0 0 1
vn 0 0 1
vn 0 0 1
vn 0 0 1
vn 0 0 1
vn 0 0 1
vn 0 0 1
vn 0 0 1
vn 0 0 1
vn 0 0 1
vn 0 0 1
vn 0 0 1
vn 0 0 1
vn 0 0 1
vn 0 0 1
vn 0 0 1
vn 0 0 1
vn 0 0 1
vn 0 0 1
vn 0 0 1
vn 0 0 1
vn 0 0 1
vn 0 0 1
vn 0 0 1
vn 0 0 1
vn 0 0 1
vn 0 0 1
vn 0 0 1
vn 0 0 1
vn 0 0 1
vn 0 0 1
vn 0 0 1
vn 0 0 1
vn 0 0 1
vn 0 0 1
vn 0 0 1
vn 0 0 1
vn 0 0 1
vn 0 0 1
vn 0 0 1
vn 0 0 1
vn 0 0 1
vn 0 0 1
vn 0 0 1
vn 0 0 1
vn 0 0 1
vn 0 0 1
vn 0 0 1
vn 0 0 1
vn 0 0 1
vn 0 0 1
vn 0 0 1
vn 0 0 1
vn 0.604 0 0.797
vn 0.105 0 0.995
vn 0.797 0 0.604
vn 0.994 0 0.11
vn 0.604 0 0.797
vn 0.797 0 0.604
vn 0.999 0 0.035
vn 1 0 0
vn 1 0 0
vn 0 0 -1
vn 0 0 -1
vn 0 0 -1
vn 0 0 -1
vn 0 0 -1
vn 0 0 -1
vn 0 0 -1
vn 0 0 -1
vn 0 0 -1
vn 0 0 -1
vn 0 0 -1
vn 0 0 -1
vn 0 0 -1
vn 0 0 -1
vn 0 0 -1
vn 0 0 -1
vn 0 0 -1
vn 0 0 -1
vn 0 0 -1
vn 0 0 -1
vn 0 0 -1
vn 0 0 -1
vn 0 0 -1
vn 0 0 -1
vn 0 0 -1
vn 0 0 -1
vn 0 0 -1
vn 0 0 -1
vn 0 0 -1
vn 0 0 -1
vn 0 0 -1
vn 0 0 -1
vn 0 0 -1
vn 0 0 -1
vn 0 0 -1
vn 0 0 -1
vn 0 0 -1
vn 0 0 -1
vn 0 0 -1
vn 0 0 -1
vn 0 0 -1
vn 0 0 -1
vn 0 0 -1
vn 0 0 -1
vn 0 0 -1
vn 0 0 -1
vn 0 0 -1
vn 0 0 -1
vn 0 0 -1
vn 0 0 -1
vn 0 0 -1
vn 0 0 -1
vn 0 0 -1
vn 0 0 -1
vn 0 0 -1
vn 0 0 -1
vn 0 0 -1
vn 0 0 -1
vn 0 0 -1
vn 0 0 -1
vn 0 0 -1
vn 0 0 -1
vn 0 0 -1
vn 0 0 -1
vn 0 0 -1
vn 0 0 -1
vn 0 0 -1
vn 0 0 -1
vn 0 0 -1
vn 0 0 -1
vn 0 0 -1
vn 0 0 -1
vn 0 0 -1
vn 0 0 -1
vn 0 0 -1
vn 0 0 -1
vn 0 0 -1
vn 0 0 -1
vn 0 0 -1
vn 0 0 -1
vn 0 0 -1
vn 0 0 -1
vn 0 0 -1
vn 0 0 -1
vn 0 0 -1
vn 0 0 -1
vn 0 0 -1
vn 0 0 -1
vn 0 0 -1
vn 0 0 -1
vn 0 0 -1
vn 0 0 -1
vn 0 0 -1
vn 0 0 -1
vn 0 0 -1
vn 0 0 -1
vn 0 0 -1
vn 0 0 -1
vn 0 0 -1
vn 0 0 -1
vn 0 0 -1
vn 0 0 -1
vn 0 0 -1
vn 0 0 -1
vn 0 0 -1
vn 0 0 -1
vn 0 0 -1
vn 0 0 -1
vn 0 0 -1
vn 0 0 -1
vn 0 0 -1
vn 0 0 -1
vn 0 0 -1
vn 0 0 -1
vn 0 0 -1
vn 0 0 -1
vn 0 0 -1
vn 0 0 -1
vn 0 0 -1
vn 0 0 -1
vn 0 0 -1
vn 0 0 -1
vn 0 0 -1
vn 0 0 -1
vn 0 0 -1
vn 0 0 -1
vn 0 0 -1
vn 0 0 -1
vn 0 0 -1
vn 0 0 -1
vn 0 0 -1
vn 0 0 -1
vn 0 0 -1
vn 0 0 -1
vn 0 0 -1
vn 0 0 -1
vn 0 0 -1
vn 0 0 -1
vn 0 0 -1
vn 0 0 -1
vn 0 0 -1
vn 0 0 -1
vn 0 0 -1
vn 0 0 -1
vn 0 0 -1
vn 0 0 -1
vn -0.063 0 -0.998
vn 0 0 -1
vn 0 0 -1
vn 0 0 -1
vn 0 0 -1
vn 0 0 -1
vn 0 0 -1
vn 0 0 -1
vn 0 0 -1
vn 0 0 -1
vn 0 0 -1
vn 0 0 -1
vn 0 0 -1
vn 0 0 -1
vn 0 0 -1
vn 0 0 -1
vn 0.383 0 -0.924
vn 0.11 0 -0.994
vn 0.383 0 -0.924
vn 0.998 0 -0.065
vn 0.924 0 -0.382
vn 0.924 0 -0.382
vn 1 0 -0.018
vn 1 0 0
vn 1 0 0
vn 0 1 0
vn 0 1 0
vn 0 1 0
vn 0 1 0
vn 0.089 0.996 0
vn -0.089 0.996 0
vn 0.421 0.907 0
vn 0.575 0.818 0
vn 0.575 0.818 0
vn 0.421 0.907 0
vn 0.818 0.575 0
vn 0.907 0.421 0
vn 0.996 0.089 0
vn 0.996 -0.089 0
vn 0.907 -0.421 0
vn 0.818 -0.575 0
vn 0.575 -0.818 0
vn 0.421 -0.907 0
vn 0.421 -0.907 0
vn 0.575 -0.818 0
vn 0.089 -0.996 0
vn -0.089 -0.996 0
vn -0.421 -0.907 0
vn -0.575 -0.818 0
vn -0.575 -0.818 0
vn -0.421 -0.907 0
vn -0.818 -0.575 0
vn -0.907 -0.421 0
vn -0.996 -0.089 0
vn -0.996 0.089 0
vn -0.907 0.421 0
vn -0.818 0.575 0
vn -0.575 0.818 0
vn -0.421 0.907 0
vn -0.421 0.907 0
vn -0.575 0.818 0
vn 0.089 0.996 0
vn -0.089 0.996 0
vn 0.421 0.907 0
vn 0.575 0.818 0
vn 0.575 0.818 0
vn 0.421 0.907 0
vn 0.818 0.575 0
vn 0.907 0.421 0
vn 0.996 0.089 0
vn 0.996 -0.089 0
vn 0.907 -0.421 0
vn 0.818 -0.575 0
vn 0.575 -0.818 0
vn 0.421 -0.907 0
vn 0.421 -0.907 0
vn 0.575 -0.818 0
vn 0.089 -0.996 0
vn -0.089 -0.996 0
vn -0.421 -0.907 0
vn -0.575 -0.818 0
vn -0.575 -0.818 0
vn -0.421 -0.907 0
vn -0.818 -0.575 0
vn -0.907 -0.421 0
vn -0.996 -0.089 0
vn -0.996 0.089 0
vn -0.907 0.421 0
vn -0.818 0.575 0
vn -0.575 0.818 0
vn -0.421 0.907 0
vn -0.421 0.907 0
vn -0.575 0.818 0
vn 0.089 0.996 0
vn -0.089 0.996 0
vn 0.421 0.907 0
vn 0.575 0.818 0
vn 0.575 0.818 0
vn 0.421 0.907 0
vn 0.818 0.575 0
vn 0.907 0.421 0
vn 0.996 0.089 0
vn 0.996 -0.089 0
vn 0.907 -0.421 0
vn 0.818 -0.575 0
vn 0.575 -0.818 0
vn 0.421 -0.907 0
vn 0.421 -0.907 0
vn 0.575 -0.818 0
vn 0.089 -0.996 0
vn -0.089 -0.996 0
vn -0.421 -0.907 0
vn -0.575 -0.818 0
vn -0.575 -0.818 0
vn -0.421 -0.907 0
vn -0.818 -0.575 0
vn -0.907 -0.421 0
vn -0.996 -0.089 0
vn -0.996 0.089 0
vn -0.907 0.421 0
vn -0.818 0.575 0
vn -0.575 0.818 0
vn -0.421 0.907 0
vn -0.421 0.907 0
vn -0.575 0.818 0
vn 0.089 0.996 0
vn -0.089 0.996 0
vn 0.421 0.907 0
vn 0.575 0.818 0
vn 0.575 0.818 0
vn 0.421 0.907 0
vn 0.818 0.575 0
vn 0.907 0.421 0
vn 0.996 0.089 0
vn 0.996 -0.089 0
vn 0.907 -0.421 0
vn 0.818 -0.575 0
vn 0.575 -0.818 0
vn 0.421 -0.907 0
vn 0.421 -0.907 0
vn 0.575 -0.818 0
vn 0.089 -0.996 0
vn -0.089 -0.996 0
vn -0.421 -0.907 0
vn -0.575 -0.818 0
vn -0.575 -0.818 0
vn -0.421 -0.907 0
vn -0.818 -0.575 0
vn -0.907 -0.421 0
vn -0.996 -0.089 0
vn -0.996 0.089 0
vn -0.907 0.421 0
vn -0.818 0.575 0
vn -0.575 0.818 0
vn -0.421 0.907 0
vn -0.421 0.907 0
vn -0.575 0.818 0
vn 0.089 0.996 0
vn -0.089 0.996 0
vn 0.421 0.907 0
vn 0.575 0.818 0
vn 0.575 0.818 0
vn 0.421 0.907 0
vn 0.818 0.575 0
vn 0.907 0.421 0
vn 0.996 0.089 0
vn 0.996 -0.089 0
vn 0.907 -0.421 0
vn 0.818 -0.575 0
vn 0.575 -0.818 0
vn 0.421 -0.907 0
vn 0.421 -0.907 0
vn 0.575 -0.818 0
vn 0.089 -0.996 0
vn -0.089 -0.996 0
vn -0.421 -0.907 0
vn -0.575 -0.818 0
vn -0.575 -0.818 0
vn -0.421 -0.907 0
vn -0.818 -0.575 0
vn -0.907 -0.421 0
vn -0.996 -0.089 0
vn -0.996 0.089 0
vn -0.907 0.421 0
vn -0.818 0.575 0
vn -0.575 0.818 0
vn -0.421 0.907 0
vn -0.421 0.907 0
vn -0.575 0.818 0
vn 0.089 0.996 0
vn -0.089 0.996 0
vn 0.421 0.907 0
vn 0.575 0.818 0
vn 0.575 0.818 0
vn 0.421 0.907 0
vn 0.818 0.575 0
vn 0.907 0.421 0
vn 0.996 0.089 0
vn 0.996 -0.089 0
vn 0.907 -0.421 0
vn 0.818 -0.575 0
vn 0.575 -0.818 0
vn 0.421 -0.907 0
vn 0.421 -0.907 0
vn 0.575 -0.818 0
vn 0.089 -0.996 0
vn -0.089 -0.996 0
vn -0.421 -0.907 0
vn -0.575 -0.818 0
vn -0.575 -0.818 0
vn -0.421 -0.907 0
vn -0.818 -0.575 0
vn -0.907 -0.421 0
vn -0.996 -0.089 0
vn -0.996 0.089 0
vn -0.907 0.421 0
vn -0.818 0.575 0
vn -0.575 0.818 0
vn -0.421 0.907 0
vn -0.421 0.907 0
vn -0.575 0.818 0
vn 0.089 0.996 0
vn -0.089 0.996 0
vn 0.421 0.907 0
vn 0.575 0.818 0
vn 0.575 0.818 0
vn 0.421 0.907 0
vn 0.818 0.575 0
vn 0.907 0.421 0
vn 0.996 0.089 0
vn 0.996 -0.089 0
vn 0.907 -0.421 0
vn 0.818 -0.575 0
vn 0.575 -0.818 0
vn 0.421 -0.907 0
vn 0.421 -0.907 0
vn 0.575 -0.818 0
vn 0.089 -0.996 0
vn -0.089 -0.996 0
vn -0.421 -0.907 0
vn -0.575 -0.818 0
vn -0.575 -0.818 0
vn -0.421 -0.907 0
vn -0.818 -0.575 0
vn -0.907 -0.421 0
vn -0.996 -0.089 0
vn -0.996 0.089 0
vn -0.907 0.421 0
vn -0.818 0.575 0
vn -0.575 0.818 0
vn -0.421 0.907 0
vn -0.421 0.907 0
vn -0.575 0.818 0
vn 0.089 0.996 0
vn -0.089 0.996 0
vn 0.421 0.907 0
vn 0.575 0.818 0
vn 0.575 0.818 0
vn 0.421 0.907 0
vn 0.818 0.575 0
vn 0.907 0.421 0
vn 0.996 0.089 0
vn 0.996 -0.089 0
vn 0.907 -0.421 0
vn 0.818 -0.575 0
vn 0.575 -0.818 0
vn 0.421 -0.907 0
vn 0.421 -0.907 0
vn 0.575 -0.818 0
vn 0.089 -0.996 0
vn -0.089 -0.996 0
vn -0.421 -0.907 0
vn -0.575 -0.818 0
vn -0.575 -0.818 0
vn -0.421 -0.907 0
vn -0.818 -0.575 0
vn -0.907 -0.421 0
vn -0.996 -0.089 0
vn -0.996 0.089 0
vn -0.907 0.421 0
vn -0.818 0.575 0
vn -0.575 0.818 0
vn -0.421 0.907 0
vn -0.421 0.907 0
vn -0.575 0.818 0
vn 0.089 0.996 0
vn -0.089 0.996 0
vn 0.421 0.907 0
vn 0.575 0.818 0
vn 0.575 0.818 0
vn 0.421 0.907 0
vn 0.818 0.575 0
vn 0.907 0.421 0
vn 0.996 0.089 0
vn 0.996 -0.089 0
vn 0.907 -0.421 0
vn 0.818 -0.575 0
vn 0.575 -0.818 0
vn 0.421 -0.907 0
vn 0.421 -0.907 0
vn 0.575 -0.818 0
vn 0.089 -0.996 0
vn -0.089 -0.996 0
vn -0.421 -0.907 0
vn -0.575 -0.818 0
vn -0.575 -0.818 0
vn -0.421 -0.907 0
vn -0.818 -0.575 0
vn -0.907 -0.421 0
vn -0.996 -0.089 0
vn -0.996 0.089 0
vn -0.907 0.421 0
vn -0.818 0.575 0
vn -0.575 0.818 0
vn -0.421 0.907 0
vn -0.421 0.907 0
vn -0.575 0.818 0
vn 0.089 0.996 0
vn -0.089 0.996 0
vn 0.421 0.907 0
vn 0.575 0.818 0
vn 0.575 0.818 0
vn 0.421 0.907 0
vn 0.818 0.575 0
vn 0.907 0.421 0
vn 0.996 0.089 0
vn 0.996 -0.089 0
vn 0.907 -0.421 0
vn 0.818 -0.575 0
vn 0.575 -0.818 0
vn 0.421 -0.907 0
vn 0.421 -0.907 0
vn 0.575 -0.818 0
vn 0.089 -0.996 0
vn -0.089 -0.996 0
vn -0.421 -0.907 0
vn -0.575 -0.818 0
vn -0.575 -0.818 0
vn -0.421 -0.907 0
vn -0.818 -0.575 0
vn -0.907 -0.421 0
vn -0.996 -0.089 0
vn -0.996 0.089 0
vn -0.907 0.421 0
vn -0.818 0.575 0
vn -0.575 0.818 0
vn -0.421 0.907 0
vn -0.421 0.907 0
vn -0.575 0.818 0
vn 0.089 0.996 0
vn -0.089 0.996 0
vn 0.421 0.907 0
vn 0.575 0.818 0
vn 0.575 0.818 0
vn 0.421 0.907 0
vn 0.818 0.575 0
vn 0.907 0.421 0
vn 0.996 0.089 0
vn 0.996 -0.089 0
vn 0.907 -0.421 0
vn 0.818 -0.575 0
vn 0.575 -0.818 0
vn 0.421 -0.907 0
vn 0.421 -0.907 0
vn 0.575 -0.818 0
vn 0.089 -0.996 0
vn -0.089 -0.996 0
vn -0.421 -0.907 0
vn -0.575 -0.818 0
vn -0.575 -0.818 0
vn -0.421 -0.907 0
vn -0.818 -0.575 0
vn -0.907 -0.421 0
vn -0.996 -0.089 0
vn -0.996 0.089 0
vn -0.907 0.421 0
vn -0.818 0.575 0
vn -0.575 0.818 0
vn -0.421 0.907 0
vn -0.421 0.907 0
vn -0.575 0.818 0
vn 0.089 0.996 0
vn -0.089 0.996 0
vn 0.421 0.907 0
vn 0.575 0.818 0
vn 0.575 0.818 0
vn 0.421 0.907 0
vn 0.818 0.575 0
vn 0.907 0.421 0
vn 0.996 0.089 0
vn 0.996 -0.089 0
vn 0.907 -0.421 0
vn 0.818 -0.575 0
vn 0.575 -0.818 0
vn 0.421 -0.907 0
vn 0.421 -0.907 0
vn 0.575 -0.818 0
vn 0.089 -0.996 0
vn -0.089 -0.996 0
vn -0.421 -0.907 0
vn -0.575 -0.818 0
vn -0.575 -0.818 0
vn -0.421 -0.907 0
vn -0.818 -0.575 0
vn -0.907 -0.421 0
vn -0.996 -0.089 0
vn -0.996 0.089 0
vn -0.907 0.421 0
vn -0.818 0.575 0
vn -0.575 0.818 0
vn -0.421 0.907 0
vn -0.421 0.907 0
vn -0.575 0.818 0
vn 0.089 0.996 0
vn -0.089 0.996 0
vn 0.421 0.907 0
vn 0.575 0.818 0
vn 0.575 0.818 0
vn 0.421 0.907 0
vn 0.818 0.575 0
vn 0.907 0.421 0
vn 0.996 0.089 0
vn 0.996 -0.089 0
vn 0.907 -0.421 0
vn 0.818 -0.575 0
vn 0.575 -0.818 0
vn 0.421 -0.907 0
vn 0.421 -0.907 0
vn 0.575 -0.818 0
vn 0.089 -0.996 0
vn -0.089 -0.996 0
vn -0.421 -0.907 0
vn -0.575 -0.818 0
vn -0.575 -0.818 0
vn -0.421 -0.907 0
vn -0.818 -0.575 0
vn -0.907 -0.421 0
vn -0.996 -0.089 0
vn -0.996 0.089 0
vn -0.907 0.421 0
vn -0.818 0.575 0
vn -0.575 0.818 0
vn -0.421 0.907 0
vn -0.421 0.907 0
vn -0.575 0.818 0
vn 0.089 0.996 0
vn -0.089 0.996 0
vn 0.421 0.907 0
vn 0.575 0.818 0
vn 0.575 0.818 0
vn 0.421 0.907 0
vn 0.818 0.575 0
vn 0.907 0.421 0
vn 0.996 0.089 0
vn 0.996 -0.089 0
vn 0.907 -0.421 0
vn 0.818 -0.575 0
vn 0.575 -0.818 0
vn 0.421 -0.907 0
vn 0.421 -0.907 0
vn 0.575 -0.818 0
vn 0.089 -0.996 0
vn -0.089 -0.996 0
vn -0.421 -0.907 0
vn -0.575 -0.818 0
vn -0.575 -0.818 0
vn -0.421 -0.907 0
vn -0.818 -0.575 0
vn -0.907 -0.421 0
vn -0.996 -0.089 0
vn -0.996 0.089 0
vn -0.907 0.421 0
vn -0.818 0.575 0
vn -0.575 0.818 0
vn -0.421 0.907 0
vn -0.421 0.907 0
vn -0.575 0.818 0
vn 0 1 0
vn 0 1 0
vn 0 1 0
vn 0 1 0
vn 0 1 0
vn 0 1 0
vn 0 1 0
vn 0 1 0
vn 0 1 0
vn 0 1 0
vn 0 0 -1
vn 0 0 -1
vn 0 0 -1
vn 0 0 -1
vn 0 1 0
vn 0 1 0
vn 0 0 1
vn 0 0 1
vn 0 0 1
vn 0 0 1
vn 0 0 1
vn 0 0 1
vn 0 0 1
vn 0 0 1
vn 0 0 1
vn 0 0 1
vn 0 0 1
vn 0 0 1
vn 0 0 1
vn 0 0 1
vn 0 0 1
vn 0 0 1
vn 0 0 1
vn 0 0 1
vn 0 0 1
vn 0 0 1
vn 0 0 1
vn 0 0 1
vn 0 0 1
vn 0 0 1
vn 0 0 1
vn 0 0 1
vn 0 0 1
vn 0 0 1
vn 0 0 1
vn 0 0 1
vn 0 0 1
vn 0 0 1
vn 0 0 1
vn 0 0 1
vn 0 0 1
vn 0 0 1
vn 0 0 1
vn 0 0 1
vn 0 0 1
vn 0 0 1
vn 0 0 1
vn 0 0 1
vn 0 0 1
vn 0 0 1
vn 0 0 1
vn 0 0 1
vn 0 0 1
vn 0 0 1
vn 0 0 1
vn 0 0 1
vn 0 0 1
vn 0 0 1
vn 0 0 1
vn 0 0 1
vn 0 0 1
vn 0 0 1
vn 0 0 1
vn 0 0 1
vn 0 0 1
vn 0 0 1
vn 0 0 1
vn 0 0 1
vn 0 0 1
vn 0 0 1
vn 0 0 1
vn 0 0 1
vn 0 0 1
vn 0 0 1
vn 0 0 1
vn 0 0 1
vn 0 0 1
vn 0 0 1
vn 0 0 1
vn 0 0 1
vn 0 0 1
vn 0 0 1
vn 0 0 1
vn 0 0 1
vn 0 0 1
vn 0 0 1
vn 0 0 -1
vn 0 0 -1
vn 0 0 -1
vn 0 0 -1
vn 0 0 -1
vn 0 0 -1
vn 0 0 -1
vn 0 0 -1
vn 0 0 -1
vn 0 0 -1
vn 0 0 -1
vn 0 0 -1
vn 0 0 -1
vn 0 0 -1
vn 0 0 -1
vn 0 0 -1
vn 0 0 -1
vn 0 0 -1
vn 0 0 -1
vn 0 0 -1
vn 0 0 -1
vn 0 0 -1
vn 0 0 -1
vn 0 0 -1
vn 0 0 -1
vn 0 0 -1
vn 0 0 -1
vn 0 0 -1
vn 0 0 -1
vn 0 0 -1
vn 0 0 -1
vn 0 0 -1
vn 0 0 -1
vn 0 0 -1
vn 0 0 -1
vn 0 0 -1
vn 0 0 -1
vn 0 0 -1
vn 0 0 -1
vn 0 0 -1
vn 0 0 -1
vn 0 0 -1
vn 0 0 -1
vn 0 0 -1
vn 0 0 -1
vn 0 0 -1
vn 0 0 -1
vn 0 0 -1
vn 0 0 -1
vn 0 0 -1
vn 0 0 -1
vn 0 0 -1
vn 0 0 -1
vn 0 0 -1
vn 0 0 -1
vn 0 0 -1
vn 0 0 -1
vn 0 0 -1
vn 0 0 -1
vn 0 0 -1
vn 0 0 -1
vn 0 0 -1
vn 0 0 -1
vn 0 0 -1
vn 0 0 -1
vn 0 0 -1
vn 0 0 -1
vn 0 0 -1
vn 0 0 -1
vn 0 0 -1
vn 0 0 -1
vn 0 0 -1
vn 0 0 -1
vn 0 0 -1
vn 0 0 -1
vn 0 0 -1
vn 0 0 -1
vn 0 0 -1
vn 0 0 -1
vn 0 0 -1
vn 0 0 -1
vn 0 0 -1
vn 0 0 -1
vn 0 0 -1
vn 0 0 -1
vn 0 0 -1
vn 0 0 -1
vn 0 0 -1
vn 0 0 -1
vn 0 0 -1
vn 0 0 -1
vn 0 0 -1
vn 0 0 -1
vn 0 0 -1
vn 0 0 -1
vn 0 0 -1
vn 0 0 -1
vn 0.089 -0.996 0
vn 0.575 -0.818 0
vn 0.421 -0.907 0
vn -0.089 -0.996 0
vn 0.575 -0.818 0
vn 0.907 -0.421 0
vn 0.818 -0.575 0
vn 0.421 -0.907 0
vn 0.996 0.089 0
vn 0.996 -0.089 0
vn 0.818 0.575 0
vn 0.907 0.421 0
vn 0.421 0.907 0
vn 0.575 0.818 0
vn 0.421 0.907 0
vn -0.089 0.996 0
vn 0.089 0.996 0
vn 0.575 0.818 0
vn -0.575 0.818 0
vn -0.421 0.907 0
vn -0.575 0.818 0
vn -0.907 0.421 0
vn -0.818 0.575 0
vn -0.421 0.907 0
vn -0.996 -0.089 0
vn -0.996 0.089 0
vn -0.818 -0.575 0
vn -0.907 -0.421 0
vn -0.421 -0.907 0
vn -0.575 -0.818 0
vn -0.421 -0.907 0
vn -0.575 -0.818 0
vn 0.089 -0.996 0
vn 0.575 -0.818 0
vn 0.421 -0.907 0
vn -0.089 -0.996 0
vn 0.575 -0.818 0
vn 0.907 -0.421 0
vn 0.818 -0.575 0
vn 0.421 -0.907 0
vn 0.996 0.089 0
vn 0.996 -0.089 0
vn 0.818 0.575 0
vn 0.907 0.421 0
vn 0.421 0.907 0
vn 0.575 0.818 0
vn 0.421 0.907 0
vn -0.089 0.996 0
vn 0.089 0.996 0
vn 0.575 0.818 0
vn -0.575 0.818 0
vn -0.421 0.907 0
vn -0.575 0.818 0
vn -0.907 0.421 0
vn -0.818 0.575 0
vn -0.421 0.907 0
vn -0.996 -0.089 0
vn -0.996 0.089 0
vn -0.818 -0.575 0
vn -0.907 -0.421 0
vn -0.421 -0.907 0
vn -0.575 -0.818 0
vn -0.421 -0.907 0
vn -0.575 -0.818 0
vn 0.089 -0.996 0
vn 0.575 -0.818 0
vn 0.421 -0.907 0
vn -0.089 -0.996 0
vn 0.575 -0.818 0
vn 0.907 -0.421 0
vn 0.818 -0.575 0
vn 0.421 -0.907 0
vn 0.996 0.089 0
vn 0.996 -0.089 0
vn 0.818 0.575 0
vn 0.907 0.421 0
vn 0.421 0.907 0
vn 0.575 0.818 0
vn 0.421 0.907 0
vn -0.089 0.996 0
vn 0.089 0.996 0
vn 0.575 0.818 0
vn -0.575 0.818 0
vn -0.421 0.907 0
vn -0.575 0.818 0
vn -0.907 0.421 0
vn -0.818 0.575 0
vn -0.421 0.907 0
vn -0.996 -0.089 0
vn -0.996 0.089 0
vn -0.818 -0.575 0
vn -0.907 -0.421 0
vn -0.421 -0.907 0
vn -0.575 -0.818 0
vn -0.421 -0.907 0
vn -0.575 -0.818 0
vn 0.089 -0.996 0
vn 0.575 -0.818 0
vn 0.421 -0.907 0
vn -0.089 -0.996 0
vn 0.575 -0.818 0
vn 0.907 -0.421 0
vn 0.818 -0.575 0
vn 0.421 -0.907 0
vn 0.996 0.089 0
vn 0.996 -0.089 0
vn 0.818 0.575 0
vn 0.907 0.421 0
vn 0.421 0.907 0
vn 0.575 0.818 0
vn 0.421 0.907 0
vn -0.089 0.996 0
vn 0.089 0.996 0
vn 0.575 0.818 0
vn -0.575 0.818 0
vn -0.421 0.907 0
vn -0.575 0.818 0
vn -0.907 0.421 0
vn -0.818 0.575 0
vn -0.421 0.907 0
vn -0.996 -0.089 0
vn -0.996 0.089 0
vn -0.818 -0.575 0
vn -0.907 -0.421 0
vn -0.421 -0.907 0
vn -0.575 -0.818 0
vn -0.421 -0.907 0
vn -0.575 -0.818 0
vn 0.089 -0.996 0
vn 0.575 -0.818 0
vn 0.421 -0.907 0
vn -0.089 -0.996 0
vn 0.575 -0.818 0
vn 0.907 -0.421 0
vn 0.818 -0.575 0
vn 0.421 -0.907 0
vn 0.996 0.089 0
vn 0.996 -0.089 0
vn 0.818 0.575 0
vn 0.907 0.421 0
vn 0.421 0.907 0
vn 0.575 0.818 0
vn 0.421 0.907 0
vn -0.089 0.996 0
vn 0.089 0.996 0
vn 0.575 0.818 0
vn -0.575 0.818 0
vn -0.421 0.907 0
vn -0.575 0.818 0
vn -0.907 0.421 0
vn -0.818 0.575 0
vn -0.421 0.907 0
vn -0.996 -0.089 0
vn -0.996 0.089 0
vn -0.818 -0.575 0
vn -0.907 -0.421 0
vn -0.421 -0.907 0
vn -0.575 -0.818 0
vn -0.421 -0.907 0
vn -0.575 -0.818 0
vn 0.089 -0.996 0
vn 0.575 -0.818 0
vn 0.421 -0.907 0
vn -0.089 -0.996 0
vn 0.575 -0.818 0
vn 0.907 -0.421 0
vn 0.818 -0.575 0
vn 0.421 -0.907 0
vn 0.996 0.089 0
vn 0.996 -0.089 0
vn 0.818 0.575 0
vn 0.907 0.421 0
vn 0.421 0.907 0
vn 0.575 0.818 0
vn 0.421 0.907 0
vn -0.089 0.996 0
vn 0.089 0.996 0
vn 0.575 0.818 0
vn -0.575 0.818 0
vn -0.421 0.907 0
vn -0.575 0.818 0
vn -0.907 0.421 0
vn -0.818 0.575 0
vn -0.421 0.907 0
vn -0.996 -0.089 0
vn -0.996 0.089 0
vn -0.818 -0.575 0
vn -0.907 -0.421 0
vn -0.421 -0.907 0
vn -0.575 -0.818 0
vn -0.421 -0.907 0
vn -0.575 -0.818 0
vn 0.089 -0.996 0
vn 0.575 -0.818 0
vn 0.421 -0.907 0
vn -0.089 -0.996 0
vn 0.575 -0.818 0
vn 0.907 -0.421 0
vn 0.818 -0.575 0
vn 0.421 -0.907 0
vn 0.996 0.089 0
vn 0.996 -0.089 0
vn 0.818 0.575 0
vn 0.907 0.421 0
vn 0.421 0.907 0
vn 0.575 0.818 0
vn 0.421 0.907 0
vn -0.089 0.996 0
vn 0.089 0.996 0
vn 0.575 0.818 0
vn -0.575 0.818 0
vn -0.421 0.907 0
vn -0.575 0.818 0
vn -0.907 0.421 0
vn -0.818 0.575 0
vn -0.421 0.907 0
vn -0.996 -0.089 0
vn -0.996 0.089 0
vn -0.818 -0.575 0
vn -0.907 -0.421 0
vn -0.421 -0.907 0
vn -0.575 -0.818 0
vn -0.421 -0.907 0
vn -0.575 -0.818 0
vn 0.089 -0.996 0
vn 0.575 -0.818 0
vn 0.421 -0.907 0
vn -0.089 -0.996 0
vn 0.575 -0.818 0
vn 0.907 -0.421 0
vn 0.818 -0.575 0
vn 0.421 -0.907 0
vn 0.996 0.089 0
vn 0.996 -0.089 0
vn 0.818 0.575 0
vn 0.907 0.421 0
vn 0.421 0.907 0
vn 0.575 0.818 0
vn 0.421 0.907 0
vn -0.089 0.996 0
vn 0.089 0.996 0
vn 0.575 0.818 0
vn -0.575 0.818 0
vn -0.421 0.907 0
vn -0.575 0.818 0
vn -0.907 0.421 0
vn -0.818 0.575 0
vn -0.421 0.907 0
vn -0.996 -0.089 0
vn -0.996 0.089 0
vn -0.818 -0.575 0
vn -0.907 -0.421 0
vn -0.421 -0.907 0
vn -0.575 -0.818 0
vn -0.421 -0.907 0
vn -0.575 -0.818 0
vn -0.382 0 0.924
vn -0.382 0 0.924
vn -0.247 0 0.969
vn -0.994 0 0.11
vn -0.999 0 0.035
vn -0.924 0 0.382
vn -0.924 0 0.382
vn -1 0 0
vn -1 0 0
vn -0.604 0 -0.797
vn -0.797 0 -0.604
vn -0.998 0 -0.065
vn -1 0 -0.018
vn -0.797 0 -0.604
vn -0.604 0 -0.797
vn -1 0 0
vn -1 0 0
vn 0 0 -1
vn 0 0 -1
vn 0 0 -1
vn 0 0 -1
vn 0 0 1
vn 0 0 1
vn 0 0 1
vn 0 0 1
vn 0 0 1
vn 0 0 1
vn 0 0 1
vn 0 0 1
vn 0 0 1
vn 0 0 1
vn 0 0 1
vn -0.008 -0.999 -0.034
vn -0.007 -0.999 -0.034
vn -0.008 -0.999 -0.034
vn -0.008 -0.999 -0.034
vn -0.007 -0.999 -0.034
vn -0.007 -0.999 -0.034
vn -0.007 -0.999 -0.034
vn -0.007 -0.999 -0.034
vn -0.007 -0.999 -0.034
vn -0.007 -0.999 -0.034
vn 0 0.999 0.034
vn 0 0.999 0.034
vn 0 0.999 0.034
vn -1 0 0
vn -1 0 0
vn 1 0 0
vn 1 0 0
vn 1 0 0
vn 1 0 0
vn -0.007 -0.999 -0.034
vn -0.007 -0.999 -0.034
vn -0.007 -0.999 -0.034
vn -0.007 -0.999 -0.034
vn -0.007 -0.999 -0.034
vn -0.007 -0.999 -0.034
vn -0.007 -0.999 -0.034
vn -0.007 -0.999 -0.034
vn -0.007 -0.999 -0.034
vn -0.007 -0.999 -0.034
vn -0.007 -0.999 -0.034
vn -0.007 -0.999 -0.034
vn -0.007 -0.999 -0.034
vn -0.007 -0.999 -0.034
vn -0.008 -0.999 -0.034
vn -0.007 -0.999 -0.034
vn -0.008 -0.999 -0.034
vn -0.008 -0.999 -0.034
vn -0.007 -0.999 -0.034
vn -0.007 -0.999 -0.034
vn -0.007 -0.999 -0.034
vn -0.007 -0.999 -0.034
vn -0.007 -0.999 -0.034
vn -0.007 -0.999 -0.034
vn -0.007 -0.999 -0.034
vn -0.007 -0.999 -0.034
vn -0.007 -0.999 -0.034
vn -0.007 -0.999 -0.034
vn -0.007 -0.999 -0.034
vn -0.007 -0.999 -0.034
vn 0 0 1
vn 0 0 1
vn 0 0 1
vn 0 0 1
vn 0 0 1
vn 0 0 1
vn 0 0 1
vn 0 0 1
vn 0 0 1
vn 0 0 1
vn 0 0 1
vn 0 0 1
vn 0 0 1
vn 0 0 1
vn 0 0 1
vn 0 0 1
vn 0 0 1
vn 0 0 1
vn 0 0 1
vn 0 0 1
vn 0 0 1
vn 0 0 1
vn 0 0 1
vn 0 0 1
vn 0 0 1
vn 0 0 1
vn 0 0 1
vn 0 0 1
vn 0 0 1
vn 0 0 1
vn 0 0 1
vn 0 0 1
vn 0 0 1
vn 0 0 1
vn 0 0 1
vn 0 0 1
vn 0 0 1
vn 0 0 1
vn 0 0 1
vn 0 0 1
vn 0 0 1
vn 0 0 1
vn 0 0 1
vn 0 0 1
vn 0 0 1
vn 0 0 1
vn 0 0 1
vn 0 0 1
vn 0 0 1
vn 0 0 1
vn 0 0 1
vn 0 0 1
vn 0 0 1
vn 0 0 1
vn 0 0 1
vn 0 0 1
vn 0 0 1
vn 0 0 1
vn 0 0 1
vn 0 0 1
vn 0 0 1
vn 0 0 1
vn 0 0 1
vn 0 0 1
vn 0 0 1
vn 0 0 1
vn 0 0 1
vn 0 0 1
vn 0 0 1
vn 0 0 1
vn 0 0 1
vn 0 0 1
vn 0 0 1
vn 0 0 1
vn 0 0 1
vn 0 0 1
vn 0 0 1
vn 0 0 1
vn 0 0 1
vn 0 0 1
vn 0 0 1
vn 0 0 1
vn 0 0 1
vn 0 0 1
vn 0 0 1
vn 0 0 1
vn 0 0 1
vn 0 0 1
vn 0 0 1
vn 0 0 1
vn 0 0 1
vn 0 0 1
vn 0 0 1
vn 0 0 1
vn 0 0 1
vn 0 0 1
vn 0 0 1
vn 0 0 1
vn 0 0 1
vn 0 0 1
vn 0 0 1
vn 0 0 1
vn 0 0 1
vn 0 0 1
vn 0 0 1
vn 0 0 1
vn 0 0 1
vn 0 0 1
vn 0 0 1
vn 0 0 1
vn 0 0 1
vn 0 0 1
vn 0 0 1
vn 0 0 1
vn 0 0 1
vn 0 0 1
vn 0 0 1
vn 0 0 1
vn 0 0 1
vn 0 0 1
vn 0 0 1
vn 0 0 1
vn 0 0 1
vn 0 0 1
vn 0 0 1
vn 0 0 1
vn 0 0 1
vn 0 0 1
vn 0 0 1
vn 0 0 1
vn 0 0 1
vn 0 0 1
vn 0 0 1
vn 0 0 1
vn 0 0 1
vn 0 0 1
vn 0 0 1
vn 0 0 1
vn 0 0 1
vn 0 0 1
vn 0 0 1
vn 0 0 1
vn 0 0 1
vn 0 0 1
vn 0 0 1
vn 0 0 1
vn 0 0 1
vn 0 0 1
vn 0 0 1
vn 0 0 1
vn 0 0 1
vn 0 0 1
vn 0 0 1
vn 0 0 1
vn 0 0 1
vn 0 0 1
vn 0 0 1
vn 0 0 1
vn 0 0 1
vn 0 0 1
vn 0.604 0 0.797
vn 0.105 0 0.994
vn 0.797 0 0.604
vn 0.994 0 0.11
vn 0.604 0 0.797
vn 0.797 0 0.604
vn 0.999 0 0.035
vn 1 0 0
vn 1 0 0
vn 0 0 -1
vn 0 0 -1
vn 0 0 -1
vn 0 0 -1
vn 0 0 -1
vn 0 0 -1
vn 0 0 -1
vn 0 0 -1
vn 0 0 -1
vn 0 0 -1
vn 0 0 -1
vn 0 0 -1
vn 0 0 -1
vn 0 0 -1
vn 0 0 -1
vn 0 0 -1
vn 0 0 -1
vn 0 0 -1
vn 0 0 -1
vn 0 0 -1
vn 0 0 -1
vn 0 0 -1
vn 0 0 -1
vn 0 0 -1
vn 0 0 -1
vn 0 0 -1
vn 0 0 -1
vn 0 0 -1
vn 0 0 -1
vn 0 0 -1
vn 0 0 -1
vn 0 0 -1
vn 0 0 -1
vn 0 0 -1
vn 0 0 -1
vn 0 0 -1
vn 0 0 -1
vn 0 0 -1
vn 0 0 -1
vn 0 0 -1
vn 0 0 -1
vn 0 0 -1
vn 0 0 -1
vn 0 0 -1
vn 0 0 -1
vn 0 0 -1
vn 0 0 -1
vn 0 0 -1
vn 0 0 -1
vn 0 0 -1
vn 0 0 -1
vn 0 0 -1
vn 0 0 -1
vn 0 0 -1
vn 0 0 -1
vn 0 0 -1
vn 0 0 -1
vn 0 0 -1
vn 0 0 -1
vn 0 0 -1
vn 0 0 -1
vn 0 0 -1
vn 0 0 -1
vn 0 0 -1
vn 0 0 -1
vn 0 0 -1
vn 0 0 -1
vn 0 0 -1
vn 0 0 -1
vn 0 0 -1
vn 0 0 -1
vn 0 0 -1
vn 0 0 -1
vn 0 0 -1
vn 0 0 -1
vn 0 0 -1
vn 0 0 -1
vn 0 0 -1
vn 0 0 -1
vn 0 0 -1
vn 0 0 -1
vn 0 0 -1
vn 0 0 -1
vn 0 0 -1
vn 0 0 -1
vn 0 0 -1
vn 0 0 -1
vn 0 0 -1
vn 0 0 -1
vn 0 0 -1
vn 0 0 -1
vn 0 0 -1
vn 0 0 -1
vn 0 0 -1
vn 0 0 -1
vn 0 0 -1
vn 0 0 -1
vn 0 0 -1
vn 0 0 -1
vn 0 0 -1
vn 0 0 -1
vn 0 0 -1
vn 0 0 -1
vn 0 0 -1
vn 0 0 -1
vn 0 0 -1
vn 0 0 -1
vn 0 0 -1
vn 0 0 -1
vn 0 0 -1
vn 0 0 -1
vn 0 0 -1
vn 0 0 -1
vn 0 0 -1
vn 0 0 -1
vn 0 0 -1
vn 0 0 -1
vn 0 0 -1
vn 0 0 -1
vn 0 0 -1
vn 0 0 -1
vn 0 0 -1
vn 0 0 -1
vn 0 0 -1
vn 0 0 -1
vn 0 0 -1
vn 0 0 -1
vn 0 0 -1
vn 0 0 -1
vn 0 0 -1
vn 0 0 -1
vn 0 0 -1
vn 0 0 -1
vn 0 0 -1
vn 0 0 -1
vn 0 0 -1
vn 0 0 -1
vn 0 0 -1
vn 0 0 -1
vn 0 0 -1
vn 0 0 -1
vn 0 0 -1
vn 0 0 -1
vn 0 0 -1
vn 0 0 -1
vn 0 0 -1
vn -0.063 0 -0.998
vn 0 0 -1
vn 0 0 -1
vn 0 0 -1
vn 0 0 -1
vn 0 0 -1
vn 0 0 -1
vn 0 0 -1
vn 0 0 -1
vn 0 0 -1
vn 0 0 -1
vn 0 0 -1
vn 0 0 -1
vn 0 0 -1
vn 0 0 -1
vn 0 0 -1
vn 0.383 0 -0.924
vn 0.11 0 -0.994
vn 0.383 0 -0.924
vn 0.998 0 -0.065
vn 0.924 0 -0.382
vn 0.924 0 -0.382
vn 1 0 -0.018
vn 1 0 0
vn 1 0 0
vn 0 1 0
vn 0 1 0
vn 0 1 0
vn 0 1 0
vn 0.089 0.996 0
vn -0.089 0.996 0
vn 0.421 0.907 0
vn 0.575 0.818 0
vn 0.575 0.818 0
vn 0.421 0.907 0
vn 0.818 0.575 0
vn 0.907 0.421 0
vn 0.996 0.089 0
vn 0.996 -0.089 0
vn 0.907 -0.421 0
vn 0.818 -0.575 0
vn 0.575 -0.818 0
vn 0.421 -0.907 0
vn 0.421 -0.907 0
vn 0.575 -0.818 0
vn 0.089 -0.996 0
vn -0.089 -0.996 0
vn -0.421 -0.907 0
vn -0.575 -0.818 0
vn -0.575 -0.818 0
vn -0.421 -0.907 0
vn -0.818 -0.575 0
vn -0.907 -0.421 0
vn -0.996 -0.089 0
vn -0.996 0.089 0
vn -0.907 0.421 0
vn -0.818 0.575 0
vn -0.575 0.818 0
vn -0.421 0.907 0
vn -0.421 0.907 0
vn -0.575 0.818 0
vn 0.089 0.996 0
vn -0.089 0.996 0
vn 0.421 0.907 0
vn 0.575 0.818 0
vn 0.575 0.818 0
vn 0.421 0.907 0
vn 0.818 0.575 0
vn 0.907 0.421 0
vn 0.996 0.089 0
vn 0.996 -0.089 0
vn 0.907 -0.421 0
vn 0.818 -0.575 0
vn 0.575 -0.818 0
vn 0.421 -0.907 0
vn 0.421 -0.907 0
vn 0.575 -0.818 0
vn 0.089 -0.996 0
vn -0.089 -0.996 0
vn -0.421 -0.907 0
vn -0.575 -0.818 0
vn -0.575 -0.818 0
vn -0.421 -0.907 0
vn -0.818 -0.575 0
vn -0.907 -0.421 0
vn -0.996 -0.089 0
vn -0.996 0.089 0
vn -0.907 0.421 0
vn -0.818 0.575 0
vn -0.575 0.818 0
vn -0.421 0.907 0
vn -0.421 0.907 0
vn -0.575 0.818 0
vn 0.089 0.996 0
vn -0.089 0.996 0
vn 0.421 0.907 0
vn 0.575 0.818 0
vn 0.575 0.818 0
vn 0.421 0.907 0
vn 0.818 0.575 0
vn 0.907 0.421 0
vn 0.996 0.089 0
vn 0.996 -0.089 0
vn 0.907 -0.421 0
vn 0.818 -0.575 0
vn 0.575 -0.818 0
vn 0.421 -0.907 0
vn 0.421 -0.907 0
vn 0.575 -0.818 0
vn 0.089 -0.996 0
vn -0.089 -0.996 0
vn -0.421 -0.907 0
vn -0.575 -0.818 0
vn -0.575 -0.818 0
vn -0.421 -0.907 0
vn -0.818 -0.575 0
vn -0.907 -0.421 0
vn -0.996 -0.089 0
vn -0.996 0.089 0
vn -0.907 0.421 0
vn -0.818 0.575 0
vn -0.575 0.818 0
vn -0.421 0.907 0
vn -0.421 0.907 0
vn -0.575 0.818 0
vn 0.089 0.996 0
vn -0.089 0.996 0
vn 0.421 0.907 0
vn 0.575 0.818 0
vn 0.575 0.818 0
vn 0.421 0.907 0
vn 0.818 0.575 0
vn 0.907 0.421 0
vn 0.996 0.089 0
vn 0.996 -0.089 0
vn 0.907 -0.421 0
vn 0.818 -0.575 0
vn 0.575 -0.818 0
vn 0.421 -0.907 0
vn 0.421 -0.907 0
vn 0.575 -0.818 0
vn 0.089 -0.996 0
vn -0.089 -0.996 0
vn -0.421 -0.907 0
vn -0.575 -0.818 0
vn -0.575 -0.818 0
vn -0.421 -0.907 0
vn -0.818 -0.575 0
vn -0.907 -0.421 0
vn -0.996 -0.089 0
vn -0.996 0.089 0
vn -0.907 0.421 0
vn -0.818 0.575 0
vn -0.575 0.818 0
vn -0.421 0.907 0
vn -0.421 0.907 0
vn -0.575 0.818 0
vn 0.089 0.996 0
vn -0.089 0.996 0
vn 0.421 0.907 0
vn 0.575 0.818 0
vn 0.575 0.818 0
vn 0.421 0.907 0
vn 0.818 0.575 0
vn 0.907 0.421 0
vn 0.996 0.089 0
vn 0.996 -0.089 0
vn 0.907 -0.421 0
vn 0.818 -0.575 0
vn 0.575 -0.818 0
vn 0.421 -0.907 0
vn 0.421 -0.907 0
vn 0.575 -0.818 0
vn 0.089 -0.996 0
vn -0.089 -0.996 0
vn -0.421 -0.907 0
vn -0.575 -0.818 0
vn -0.575 -0.818 0
vn -0.421 -0.907 0
vn -0.818 -0.575 0
vn -0.907 -0.421 0
vn -0.996 -0.089 0
vn -0.996 0.089 0
vn -0.907 0.421 0
vn -0.818 0.575 0
vn -0.575 0.818 0
vn -0.421 0.907 0
vn -0.421 0.907 0
vn -0.575 0.818 0
vn 0.089 0.996 0
vn -0.089 0.996 0
vn 0.421 0.907 0
vn 0.575 0.818 0
vn 0.575 0.818 0
vn 0.421 0.907 0
vn 0.818 0.575 0
vn 0.907 0.421 0
vn 0.996 0.089 0
vn 0.996 -0.089 0
vn 0.907 -0.421 0
vn 0.818 -0.575 0
vn 0.575 -0.818 0
vn 0.421 -0.907 0
vn 0.421 -0.907 0
vn 0.575 -0.818 0
vn 0.089 -0.996 0
vn -0.089 -0.996 0
vn -0.421 -0.907 0
vn -0.575 -0.818 0
vn -0.575 -0.818 0
vn -0.421 -0.907 0
vn -0.818 -0.575 0
vn -0.907 -0.421 0
vn -0.996 -0.089 0
vn -0.996 0.089 0
vn -0.907 0.421 0
vn -0.818 0.575 0
vn -0.575 0.818 0
vn -0.421 0.907 0
vn -0.421 0.907 0
vn -0.575 0.818 0
vn 0.089 0.996 0
vn -0.089 0.996 0
vn 0.421 0.907 0
vn 0.575 0.818 0
vn 0.575 0.818 0
vn 0.421 0.907 0
vn 0.818 0.575 0
vn 0.907 0.421 0
vn 0.996 0.089 0
vn 0.996 -0.089 0
vn 0.907 -0.421 0
vn 0.818 -0.575 0
vn 0.575 -0.818 0
vn 0.421 -0.907 0
vn 0.421 -0.907 0
vn 0.575 -0.818 0
vn 0.089 -0.996 0
vn -0.089 -0.996 0
vn -0.421 -0.907 0
vn -0.575 -0.818 0
vn -0.575 -0.818 0
vn -0.421 -0.907 0
vn -0.818 -0.575 0
vn -0.907 -0.421 0
vn -0.996 -0.089 0
vn -0.996 0.089 0
vn -0.907 0.421 0
vn -0.818 0.575 0
vn -0.575 0.818 0
vn -0.421 0.907 0
vn -0.421 0.907 0
vn -0.575 0.818 0
vn 0.089 0.996 0
vn -0.089 0.996 0
vn 0.421 0.907 0
vn 0.575 0.818 0
vn 0.575 0.818 0
vn 0.421 0.907 0
vn 0.818 0.575 0
vn 0.907 0.421 0
vn 0.996 0.089 0
vn 0.996 -0.089 0
vn 0.907 -0.421 0
vn 0.818 -0.575 0
vn 0.575 -0.818 0
vn 0.421 -0.907 0
vn 0.421 -0.907 0
vn 0.575 -0.818 0
vn 0.089 -0.996 0
vn -0.089 -0.996 0
vn -0.421 -0.907 0
vn -0.575 -0.818 0
vn -0.575 -0.818 0
vn -0.421 -0.907 0
vn -0.818 -0.575 0
vn -0.907 -0.421 0
vn -0.996 -0.089 0
vn -0.996 0.089 0
vn -0.907 0.421 0
vn -0.818 0.575 0
vn -0.575 0.818 0
vn -0.421 0.907 0
vn -0.421 0.907 0
vn -0.575 0.818 0
vn 0.089 0.996 0
vn -0.089 0.996 0
vn 0.421 0.907 0
vn 0.575 0.818 0
vn 0.575 0.818 0
vn 0.421 0.907 0
vn 0.818 0.575 0
vn 0.907 0.421 0
vn 0.996 0.089 0
vn 0.996 -0.089 0
vn 0.907 -0.421 0
vn 0.818 -0.575 0
vn 0.575 -0.818 0
vn 0.421 -0.907 0
vn 0.421 -0.907 0
vn 0.575 -0.818 0
vn 0.089 -0.996 0
vn -0.089 -0.996 0
vn -0.421 -0.907 0
vn -0.575 -0.818 0
vn -0.575 -0.818 0
vn -0.421 -0.907 0
vn -0.818 -0.575 0
vn -0.907 -0.421 0
vn -0.996 -0.089 0
vn -0.996 0.089 0
vn -0.907 0.421 0
vn -0.818 0.575 0
vn -0.575 0.818 0
vn -0.421 0.907 0
vn -0.421 0.907 0
vn -0.575 0.818 0
vn 0.089 0.996 0
vn -0.089 0.996 0
vn 0.421 0.907 0
vn 0.575 0.818 0
vn 0.575 0.818 0
vn 0.421 0.907 0
vn 0.818 0.575 0
vn 0.907 0.421 0
vn 0.996 0.089 0
vn 0.996 -0.089 0
vn 0.907 -0.421 0
vn 0.818 -0.575 0
vn 0.575 -0.818 0
vn 0.421 -0.907 0
vn 0.421 -0.907 0
vn 0.575 -0.818 0
vn 0.089 -0.996 0
vn -0.089 -0.996 0
vn -0.421 -0.907 0
vn -0.575 -0.818 0
vn -0.575 -0.818 0
vn -0.421 -0.907 0
vn -0.818 -0.575 0
vn -0.907 -0.421 0
vn -0.996 -0.089 0
vn -0.996 0.089 0
vn -0.907 0.421 0
vn -0.818 0.575 0
vn -0.575 0.818 0
vn -0.421 0.907 0
vn -0.421 0.907 0
vn -0.575 0.818 0
vn 0.089 0.996 0
vn -0.089 0.996 0
vn 0.421 0.907 0
vn 0.575 0.818 0
vn 0.575 0.818 0
vn 0.421 0.907 0
vn 0.818 0.575 0
vn 0.907 0.421 0
vn 0.996 0.089 0
vn 0.996 -0.089 0
vn 0.907 -0.421 0
vn 0.818 -0.575 0
vn 0.575 -0.818 0
vn 0.421 -0.907 0
vn 0.421 -0.907 0
vn 0.575 -0.818 0
vn 0.089 -0.996 0
vn -0.089 -0.996 0
vn -0.421 -0.907 0
vn -0.575 -0.818 0
vn -0.575 -0.818 0
vn -0.421 -0.907 0
vn -0.818 -0.575 0
vn -0.907 -0.421 0
vn -0.996 -0.089 0
vn -0.996 0.089 0
vn -0.907 0.421 0
vn -0.818 0.575 0
vn -0.575 0.818 0
vn -0.421 0.907 0
vn -0.421 0.907 0
vn -0.575 0.818 0
vn 0.089 0.996 0
vn -0.089 0.996 0
vn 0.421 0.907 0
vn 0.575 0.818 0
vn 0.575 0.818 0
vn 0.421 0.907 0
vn 0.818 0.575 0
vn 0.907 0.421 0
vn 0.996 0.089 0
vn 0.996 -0.089 0
vn 0.907 -0.421 0
vn 0.818 -0.575 0
vn 0.575 -0.818 0
vn 0.421 -0.907 0
vn 0.421 -0.907 0
vn 0.575 -0.818 0
vn 0.089 -0.996 0
vn -0.089 -0.996 0
vn -0.421 -0.907 0
vn -0.575 -0.818 0
vn -0.575 -0.818 0
vn -0.421 -0.907 0
vn -0.818 -0.575 0
vn -0.907 -0.421 0
vn -0.996 -0.089 0
vn -0.996 0.089 0
vn -0.907 0.421 0
vn -0.818 0.575 0
vn -0.575 0.818 0
vn -0.421 0.907 0
vn -0.421 0.907 0
vn -0.575 0.818 0
vn 0.089 0.996 0
vn -0.089 0.996 0
vn 0.421 0.907 0
vn 0.575 0.818 0
vn 0.575 0.818 0
vn 0.421 0.907 0
vn 0.818 0.575 0
vn 0.907 0.421 0
vn 0.996 0.089 0
vn 0.996 -0.089 0
vn 0.907 -0.421 0
vn 0.818 -0.575 0
vn 0.575 -0.818 0
vn 0.421 -0.907 0
vn 0.421 -0.907 0
vn 0.575 -0.818 0
vn 0.089 -0.996 0
vn -0.089 -0.996 0
vn -0.421 -0.907 0
vn -0.575 -0.818 0
vn -0.575 -0.818 0
vn -0.421 -0.907 0
vn -0.818 -0.575 0
vn -0.907 -0.421 0
vn -0.996 -0.089 0
vn -0.996 0.089 0
vn -0.907 0.421 0
vn -0.818 0.575 0
vn -0.575 0.818 0
vn -0.421 0.907 0
vn -0.421 0.907 0
vn -0.575 0.818 0
vn 0.089 0.996 0
vn -0.089 0.996 0
vn 0.421 0.907 0
vn 0.575 0.818 0
vn 0.575 0.818 0
vn 0.421 0.907 0
vn 0.818 0.575 0
vn 0.907 0.421 0
vn 0.996 0.089 0
vn 0.996 -0.089 0
vn 0.907 -0.421 0
vn 0.818 -0.575 0
vn 0.575 -0.818 0
vn 0.421 -0.907 0
vn 0.421 -0.907 0
vn 0.575 -0.818 0
vn 0.089 -0.996 0
vn -0.089 -0.996 0
vn -0.421 -0.907 0
vn -0.575 -0.818 0
vn -0.575 -0.818 0
vn -0.421 -0.907 0
vn -0.818 -0.575 0
vn -0.907 -0.421 0
vn -0.996 -0.089 0
vn -0.996 0.089 0
vn -0.907 0.421 0
vn -0.818 0.575 0
vn -0.575 0.818 0
vn -0.421 0.907 0
vn -0.421 0.907 0
vn -0.575 0.818 0
vn 0 1 0
vn 0 1 0
vn 0 1 0
vn 0 1 0
vn 0 1 0
vn 0 1 0
vn 0 1 0
vn 0 1 0
vn 0 1 0
vn 0 1 0
vn 0 0 -1
vn 0 0 -1
vn 0 0 -1
vn 0 0 -1
vn 0 1 0
vn 0 1 0
vn 0 0 1
vn 0 0 1
vn 0 0 1
vn 0 0 1
vn 0 0 1
vn 0 0 1
vn 0 0 1
vn 0 0 1
vn 0 0 1
vn 0 0 1
vn 0 0 1
vn 0 0 1
vn 0 0 1
vn 0 0 1
vn 0 0 1
vn 0 0 1
vn 0 0 1
vn 0 0 1
vn 0 0 1
vn 0 0 1
vn 0 0 1
vn 0 0 1
vn 0 0 1
vn 0 0 1
vn 0 0 1
vn 0 0 1
vn 0 0 1
vn 0 0 1
vn 0 0 1
vn 0 0 1
vn 0 0 1
vn 0 0 1
vn 0 0 1
vn 0 0 1
vn 0 0 1
vn 0 0 1
vn 0 0 1
vn 0 0 1
vn 0 0 1
vn 0 0 1
vn 0 0 1
vn 0 0 1
vn 0 0 1
vn 0 0 1
vn 0 0 1
vn 0 0 1
vn 0 0 1
vn 0 0 1
vn 0 0 1
vn 0 0 1
vn 0 0 1
vn 0 0 1
vn 0 0 1
vn 0 0 1
vn 0 0 1
vn 0 0 1
vn 0 0 1
vn 0 0 1
vn 0 0 1
vn 0 0 1
vn 0 0 1
vn 0 0 1
vn 0 0 1
vn 0 0 1
vn 0 0 1
vn 0 0 1
vn 0 0 1
vn 0 0 1
vn 0 0 1
vn 0 0 1
vn 0 0 1
vn 0 0 1
vn 0 0 1
vn 0 0 1
vn 0 0 1
vn 0 0 1
vn 0 0 1
vn 0 0 1
vn 0 0 1
vn 0 0 1
vn 0 0 -1
vn 0 0 -1
vn 0 0 -1
vn 0 0 -1
vn 0 0 -1
vn 0 0 -1
vn 0 0 -1
vn 0 0 -1
vn 0 0 -1
vn 0 0 -1
vn 0 0 -1
vn 0 0 -1
vn 0 0 -1
vn 0 0 -1
vn 0 0 -1
vn 0 0 -1
vn 0 0 -1
vn 0 0 -1
vn 0 0 -1
vn 0 0 -1
vn 0 0 -1
vn 0 0 -1
vn 0 0 -1
vn 0 0 -1
vn 0 0 -1
vn 0 0 -1
vn 0 0 -1
vn 0 0 -1
vn 0 0 -1
vn 0 0 -1
vn 0 0 -1
vn 0 0 -1
vn 0 0 -1
vn 0 0 -1
vn 0 0 -1
vn 0 0 -1
vn 0 0 -1
vn 0 0 -1
vn 0 0 -1
vn 0 0 -1
vn 0 0 -1
vn 0 0 -1
vn 0 0 -1
vn 0 0 -1
vn 0 0 -1
vn 0 0 -1
vn 0 0 -1
vn 0 0 -1
vn 0 0 -1
vn 0 0 -1
vn 0 0 -1
vn 0 0 -1
vn 0 0 -1
vn 0 0 -1
vn 0 0 -1
vn 0 0 -1
vn 0 0 -1
vn 0 0 -1
vn 0 0 -1
vn 0 0 -1
vn 0 0 -1
vn 0 0 -1
vn 0 0 -1
vn 0 0 -1
vn 0 0 -1
vn 0 0 -1
vn 0 0 -1
vn 0 0 -1
vn 0 0 -1
vn 0 0 -1
vn 0 0 -1
vn 0 0 -1
vn 0 0 -1
vn 0 0 -1
vn 0 0 -1
vn 0 0 -1
vn 0 0 -1
vn 0 0 -1
vn 0 0 -1
vn 0 0 -1
vn 0 0 -1
vn 0 0 -1
vn 0 0 -1
vn 0 0 -1
vn 0 0 -1
vn 0 0 -1
vn 0 0 -1
vn 0 0 -1
vn 0 0 -1
vn 0 0 -1
vn 0 0 -1
vn 0 0 -1
vn 0 0 -1
vn 0 0 -1
vn 0 0 -1
vn 0 0 -1
vn 0 0 -1
vn 0.089 -0.996 0
vn 0.575 -0.818 0
vn 0.421 -0.907 0
vn -0.089 -0.996 0
vn 0.575 -0.818 0
vn 0.907 -0.421 0
vn 0.818 -0.575 0
vn 0.421 -0.907 0
vn 0.996 0.089 0
vn 0.996 -0.089 0
vn 0.818 0.575 0
vn 0.907 0.421 0
vn 0.421 0.907 0
vn 0.575 0.818 0
vn 0.421 0.907 0
vn -0.089 0.996 0
vn 0.089 0.996 0
vn 0.575 0.818 0
vn -0.575 0.818 0
vn -0.421 0.907 0
vn -0.575 0.818 0
vn -0.907 0.421 0
vn -0.818 0.575 0
vn -0.421 0.907 0
vn -0.996 -0.089 0
vn -0.996 0.089 0
vn -0.818 -0.575 0
vn -0.907 -0.421 0
vn -0.421 -0.907 0
vn -0.575 -0.818 0
vn -0.421 -0.907 0
vn -0.575 -0.818 0
vn 0.089 -0.996 0
vn 0.575 -0.818 0
vn 0.421 -0.907 0
vn -0.089 -0.996 0
vn 0.575 -0.818 0
vn 0.907 -0.421 0
vn 0.818 -0.575 0
vn 0.421 -0.907 0
vn 0.996 0.089 0
vn 0.996 -0.089 0
vn 0.818 0.575 0
vn 0.907 0.421 0
vn 0.421 0.907 0
vn 0.575 0.818 0
vn 0.421 0.907 0
vn -0.089 0.996 0
vn 0.089 0.996 0
vn 0.575 0.818 0
vn -0.575 0.818 0
vn -0.421 0.907 0
vn -0.575 0.818 0
vn -0.907 0.421 0
vn -0.818 0.575 0
vn -0.421 0.907 0
vn -0.996 -0.089 0
vn -0.996 0.089 0
vn -0.818 -0.575 0
vn -0.907 -0.421 0
vn -0.421 -0.907 0
vn -0.575 -0.818 0
vn -0.421 -0.907 0
vn -0.575 -0.818 0
vn 0.089 -0.996 0
vn 0.575 -0.818 0
vn 0.421 -0.907 0
vn -0.089 -0.996 0
vn 0.575 -0.818 0
vn 0.907 -0.421 0
vn 0.818 -0.575 0
vn 0.421 -0.907 0
vn 0.996 0.089 0
vn 0.996 -0.089 0
vn 0.818 0.575 0
vn 0.907 0.421 0
vn 0.421 0.907 0
vn 0.575 0.818 0
vn 0.421 0.907 0
vn -0.089 0.996 0
vn 0.089 0.996 0
vn 0.575 0.818 0
vn -0.575 0.818 0
vn -0.421 0.907 0
vn -0.575 0.818 0
vn -0.907 0.421 0
vn -0.818 0.575 0
vn -0.421 0.907 0
vn -0.996 -0.089 0
vn -0.996 0.089 0
vn -0.818 -0.575 0
vn -0.907 -0.421 0
vn -0.421 -0.907 0
vn -0.575 -0.818 0
vn -0.421 -0.907 0
vn -0.575 -0.818 0
vn 0.089 -0.996 0
vn 0.575 -0.818 0
vn 0.421 -0.907 0
vn -0.089 -0.996 0
vn 0.575 -0.818 0
vn 0.907 -0.421 0
vn 0.818 -0.575 0
vn 0.421 -0.907 0
vn 0.996 0.089 0
vn 0.996 -0.089 0
vn 0.818 0.575 0
vn 0.907 0.421 0
vn 0.421 0.907 0
vn 0.575 0.818 0
vn 0.421 0.907 0
vn -0.089 0.996 0
vn 0.089 0.996 0
vn 0.575 0.818 0
vn -0.575 0.818 0
vn -0.421 0.907 0
vn -0.575 0.818 0
vn -0.907 0.421 0
vn -0.818 0.575 0
vn -0.421 0.907 0
vn -0.996 -0.089 0
vn -0.996 0.089 0
vn -0.818 -0.575 0
vn -0.907 -0.421 0
vn -0.421 -0.907 0
vn -0.575 -0.818 0
vn -0.421 -0.907 0
vn -0.575 -0.818 0
vn 0.089 -0.996 0
vn 0.575 -0.818 0
vn 0.421 -0.907 0
vn -0.089 -0.996 0
vn 0.575 -0.818 0
vn 0.907 -0.421 0
vn 0.818 -0.575 0
vn 0.421 -0.907 0
vn 0.996 0.089 0
vn 0.996 -0.089 0
vn 0.818 0.575 0
vn 0.907 0.421 0
vn 0.421 0.907 0
vn 0.575 0.818 0
vn 0.421 0.907 0
vn -0.089 0.996 0
vn 0.089 0.996 0
vn 0.575 0.818 0
vn -0.575 0.818 0
vn -0.421 0.907 0
vn -0.575 0.818 0
vn -0.907 0.421 0
vn -0.818 0.575 0
vn -0.421 0.907 0
vn -0.996 -0.089 0
vn -0.996 0.089 0
vn -0.818 -0.575 0
vn -0.907 -0.421 0
vn -0.421 -0.907 0
vn -0.575 -0.818 0
vn -0.421 -0.907 0
vn -0.575 -0.818 0
vn 0.089 -0.996 0
vn 0.575 -0.818 0
vn 0.421 -0.907 0
vn -0.089 -0.996 0
vn 0.575 -0.818 0
vn 0.907 -0.421 0
vn 0.818 -0.575 0
vn 0.421 -0.907 0
vn 0.996 0.089 0
vn 0.996 -0.089 0
vn 0.818 0.575 0
vn 0.907 0.421 0
vn 0.421 0.907 0
vn 0.575 0.818 0
vn 0.421 0.907 0
vn -0.089 0.996 0
vn 0.089 0.996 0
vn 0.575 0.818 0
vn -0.575 0.818 0
vn -0.421 0.907 0
vn -0.575 0.818 0
vn -0.907 0.421 0
vn -0.818 0.575 0
vn -0.421 0.907 0
vn -0.996 -0.089 0
vn -0.996 0.089 0
vn -0.818 -0.575 0
vn -0.907 -0.421 0
vn -0.421 -0.907 0
vn -0.575 -0.818 0
vn -0.421 -0.907 0
vn -0.575 -0.818 0
vn 0.089 -0.996 0
vn 0.575 -0.818 0
vn 0.421 -0.907 0
vn -0.089 -0.996 0
vn 0.575 -0.818 0
vn 0.907 -0.421 0
vn 0.818 -0.575 0
vn 0.421 -0.907 0
vn 0.996 0.089 0
vn 0.996 -0.089 0
vn 0.818 0.575 0
vn 0.907 0.421 0
vn 0.421 0.907 0
vn 0.575 0.818 0
vn 0.421 0.907 0
vn -0.089 0.996 0
vn 0.089 0.996 0
vn 0.575 0.818 0
vn -0.575 0.818 0
vn -0.421 0.907 0
vn -0.575 0.818 0
vn -0.907 0.421 0
vn -0.818 0.575 0
vn -0.421 0.907 0
vn -0.996 -0.089 0
vn -0.996 0.089 0
vn -0.818 -0.575 0
vn -0.907 -0.421 0
vn -0.421 -0.907 0
vn -0.575 -0.818 0
vn -0.421 -0.907 0
vn -0.575 -0.818 0
vn 0.089 -0.996 0
vn 0.575 -0.818 0
vn 0.421 -0.907 0
vn -0.089 -0.996 0
vn 0.575 -0.818 0
vn 0.907 -0.421 0
vn 0.818 -0.575 0
vn 0.421 -0.907 0
vn 0.996 0.089 0
vn 0.996 -0.089 0
vn 0.818 0.575 0
vn 0.907 0.421 0
vn 0.421 0.907 0
vn 0.575 0.818 0
vn 0.421 0.907 0
vn -0.089 0.996 0
vn 0.089 0.996 0
vn 0.575 0.818 0
vn -0.575 0.818 0
vn -0.421 0.907 0
vn -0.575 0.818 0
vn -0.907 0.421 0
vn -0.818 0.575 0
vn -0.421 0.907 0
vn -0.996 -0.089 0
vn -0.996 0.089 0
vn -0.818 -0.575 0
vn -0.907 -0.421 0
vn -0.421 -0.907 0
vn -0.575 -0.818 0
vn -0.421 -0.907 0
vn -0.575 -0.818 0
vn -0.382 0 0.924
vn -0.382 0 0.924
vn -0.247 0 0.969
vn -0.994 0 0.11
vn -0.999 0 0.035
vn -0.924 0 0.382
vn -0.924 0 0.382
vn -1 0 0
vn -1 0 0
vn -0.604 0 -0.797
vn -0.797 0 -0.604
vn -0.998 0 -0.065
vn -1 0 -0.018
vn -0.797 0 -0.604
vn -0.604 0 -0.797
vn -1 0 0
vn -1 0 0
vn 0 0 -1
vn 0 0 -1
vn 0 0 -1
vn 0 0 -1
vn 0 0 1
vn 0 0 1
vn 0 0 1
vn 0 0 1
vn 0 0 1
vn 0 0 1
vn 0 0 1
vn 0 0 1
vn 0 0 1
vn 0 0 1
vn 0 0 1
vn -0.008 -0.999 -0.034
vn -0.007 -0.999 -0.034
vn -0.008 -0.999 -0.034
vn -0.008 -0.999 -0.034
vn -0.007 -0.999 -0.034
vn -0.007 -0.999 -0.034
vn -0.007 -0.999 -0.034
vn -0.007 -0.999 -0.034
vn -0.007 -0.999 -0.034
vn -0.007 -0.999 -0.034
vn 0 0.999 0.034
vn 0 0.999 0.034
vn 0 0.999 0.034
vn -1 0 0
vn -1 0 0
vn 1 0 0
vn 1 0 0
vn 1 0 0
vn 1 0 0
vn -0.007 -0.999 -0.034
vn -0.007 -0.999 -0.034
vn -0.007 -0.999 -0.034
vn -0.007 -0.999 -0.034
vn -0.007 -0.999 -0.034
vn -0.007 -0.999 -0.034
vn -0.007 -0.999 -0.034
vn -0.007 -0.999 -0.034
vn -0.007 -0.999 -0.034
vn -0.007 -0.999 -0.034
vn -0.007 -0.999 -0.034
vn -0.007 -0.999 -0.034
vn -0.007 -0.999 -0.034
vn -0.007 -0.999 -0.034
vn -0.008 -0.999 -0.034
vn -0.007 -0.999 -0.034
vn -0.008 -0.999 -0.034
vn -0.008 -0.999 -0.034
vn -0.007 -0.999 -0.034
vn -0.007 -0.999 -0.034
vn -0.007 -0.999 -0.034
vn -0.007 -0.999 -0.034
vn -0.007 -0.999 -0.034
vn -0.007 -0.999 -0.034
vn -0.007 -0.999 -0.034
vn -0.007 -0.999 -0.034
vn -0.007 -0.999 -0.034
vn -0.007 -0.999 -0.034
vn -0.007 -0.999 -0.034
vn -0.007 -0.999 -0.034
vn -0.574 0.819 -0.001
vn -0.907 0.422 -0.001
vn -0.818 0.576 0.003
vn -0.42 0.907 0.003
vn -0.996 -0.088 -0.001
vn -0.996 0.09 0.003
vn -0.819 -0.574 -0.001
vn -0.907 -0.42 0.003
vn -0.422 -0.907 -0.001
vn -0.576 -0.818 0.003
vn -0.422 -0.907 -0.001
vn 0.088 -0.996 -0.001
vn -0.09 -0.996 0.003
vn -0.576 -0.818 0.003
vn 0.574 -0.819 -0.001
vn 0.42 -0.907 0.003
vn 0.574 -0.819 -0.001
vn 0.907 -0.422 -0.001
vn 0.818 -0.576 0.003
vn 0.42 -0.907 0.003
vn 0.996 0.088 -0.001
vn 0.996 -0.09 0.003
vn 0.819 0.574 -0.001
vn 0.907 0.42 0.003
vn 0.422 0.907 -0.001
vn 0.576 0.818 0.003
vn 0.422 0.907 -0.001
vn -0.088 0.996 -0.001
vn 0.09 0.996 0.003
vn 0.576 0.818 0.003
vn -0.574 0.819 -0.001
vn -0.42 0.907 0.003
vn 0.017 0.18 -0.984
vn 0.105 0.147 -0.984
vn -0.062 -0.131 -0.989
vn 0.012 -0.144 -0.989
vn 0.164 0.075 -0.984
vn -0.119 -0.082 -0.989
vn 0.18 -0.017 -0.984
vn -0.144 -0.012 -0.989
vn 0.147 -0.105 -0.984
vn -0.131 0.062 -0.989
vn 0.075 -0.164 -0.984
vn -0.082 0.119 -0.989
vn -0.017 -0.18 -0.984
vn -0.012 0.144 -0.989
vn -0.105 -0.147 -0.984
vn 0.062 0.131 -0.989
vn -0.164 -0.075 -0.984
vn 0.119 0.082 -0.989
vn -0.18 0.017 -0.984
vn 0.144 0.012 -0.989
vn -0.147 0.105 -0.984
vn 0.131 -0.062 -0.989
vn -0.075 0.164 -0.984
vn 0.082 -0.119 -0.989
vn -0.018 0.186 0.982
vn -0.108 0.153 0.982
vn 0.065 -0.138 0.988
vn -0.012 -0.152 0.988
vn -0.17 0.078 0.982
vn 0.125 -0.087 0.988
vn -0.186 -0.018 0.982
vn 0.152 -0.012 0.988
vn -0.153 -0.108 0.982
vn 0.138 0.065 0.988
vn -0.078 -0.17 0.982
vn 0.087 0.125 0.988
vn 0.018 -0.187 0.982
vn 0.012 0.152 0.988
vn 0.109 -0.153 0.982
vn -0.065 0.138 0.988
vn 0.171 -0.078 0.982
vn -0.125 0.087 0.988
vn 0.187 0.018 0.982
vn -0.152 0.012 0.988
vn 0.153 0.109 0.982
vn -0.138 -0.065 0.988
vn 0.078 0.17 0.982
vn -0.087 -0.125 0.988
vn -0.572 -0.812 -0.113
vn -0.902 -0.417 -0.113
vn -0.818 -0.575 -0.006
vn -0.421 -0.907 -0.006
vn -0.99 0.089 -0.113
vn -0.996 -0.089 -0.006
vn -0.813 0.572 -0.113
vn -0.907 0.42 -0.006
vn -0.418 0.901 -0.113
vn -0.576 0.818 -0.006
vn -0.418 0.901 -0.113
vn 0.089 0.99 -0.113
vn -0.089 0.996 -0.006
vn -0.576 0.818 -0.006
vn 0.572 0.812 -0.113
vn 0.421 0.907 -0.006
vn 0.572 0.812 -0.113
vn 0.902 0.417 -0.113
vn 0.818 0.575 -0.006
vn 0.421 0.907 -0.006
vn 0.99 -0.089 -0.113
vn 0.996 0.089 -0.006
vn 0.813 -0.572 -0.113
vn 0.907 -0.42 -0.006
vn 0.418 -0.902 -0.113
vn 0.575 -0.818 -0.006
vn 0.418 -0.902 -0.113
vn -0.089 -0.99 -0.113
vn 0.089 -0.996 -0.006
vn 0.575 -0.818 -0.006
vn -0.572 -0.812 -0.113
vn -0.421 -0.907 -0.006
vn 0.089 -0.989 0.118
vn 0.572 -0.812 0.118
vn 0.421 -0.907 0.007
vn -0.089 -0.996 0.007
vn 0.572 -0.812 0.118
vn 0.901 -0.418 0.118
vn 0.818 -0.575 0.007
vn 0.421 -0.907 0.007
vn 0.989 0.089 0.118
vn 0.996 -0.089 0.007
vn 0.812 0.572 0.118
vn 0.907 0.421 0.007
vn 0.418 0.901 0.118
vn 0.575 0.818 0.007
vn 0.418 0.901 0.118
vn -0.089 0.989 0.118
vn 0.089 0.996 0.007
vn 0.575 0.818 0.007
vn -0.572 0.812 0.118
vn -0.421 0.907 0.007
vn -0.572 0.812 0.118
vn -0.901 0.418 0.119
vn -0.818 0.575 0.007
vn -0.421 0.907 0.007
vn -0.989 -0.089 0.119
vn -0.996 0.09 0.007
vn -0.812 -0.572 0.118
vn -0.907 -0.421 0.007
vn -0.417 -0.901 0.118
vn -0.575 -0.818 0.007
vn -0.417 -0.901 0.118
vn -0.575 -0.818 0.007
vn -0.384 0.833 -0.398
vn -0.749 0.529 -0.399
vn -0.197 0.283 -0.939
vn -0.312 0.147 -0.938
vn -0.913 0.084 -0.399
vn -0.344 -0.029 -0.938
vn -0.833 -0.384 -0.399
vn -0.283 -0.197 -0.939
vn -0.529 -0.749 -0.398
vn -0.147 -0.311 -0.939
vn -0.529 -0.749 -0.398
vn -0.084 -0.914 -0.398
vn 0.029 -0.343 -0.939
vn 0.384 -0.833 -0.398
vn 0.197 -0.283 -0.939
vn 0.384 -0.833 -0.398
vn 0.749 -0.529 -0.398
vn 0.313 -0.147 -0.938
vn 0.913 -0.084 -0.399
vn 0.344 0.029 -0.938
vn 0.833 0.384 -0.399
vn 0.283 0.197 -0.939
vn 0.529 0.749 -0.399
vn 0.147 0.311 -0.939
vn 0.529 0.749 -0.399
vn 0.084 0.914 -0.398
vn -0.029 0.343 -0.939
vn -0.384 0.833 -0.398
vn -0.529 0.749 0.4
vn -0.084 0.913 0.399
vn -0.147 0.312 0.939
vn 0.029 0.343 0.939
vn -0.283 0.197 0.939
vn -0.529 0.749 0.4
vn -0.832 0.384 0.4
vn -0.343 0.029 0.939
vn -0.913 -0.084 0.399
vn -0.312 -0.147 0.939
vn -0.749 -0.529 0.4
vn -0.197 -0.283 0.939
vn -0.384 -0.832 0.399
vn -0.029 -0.343 0.939
vn -0.384 -0.832 0.399
vn 0.084 -0.913 0.399
vn 0.147 -0.312 0.939
vn 0.529 -0.749 0.399
vn 0.283 -0.197 0.939
vn 0.529 -0.749 0.399
vn 0.833 -0.384 0.399
vn 0.343 -0.029 0.939
vn 0.913 0.084 0.399
vn 0.312 0.147 0.939
vn 0.749 0.529 0.399
vn 0.197 0.283 0.939
vn 0.384 0.833 0.399
vn 0.384 0.833 0.399
vn -0.19 -0.266 -0.945
vn -0.032 -0.326 -0.945
vn -0.388 -0.827 -0.406
vn 0.078 -0.91 -0.406
vn 0.136 -0.298 -0.945
vn 0.523 -0.749 -0.406
vn -0.388 -0.827 -0.406
vn -0.749 -0.523 -0.407
vn -0.298 -0.136 -0.945
vn -0.91 -0.078 -0.407
vn -0.326 0.031 -0.945
vn -0.828 0.387 -0.407
vn -0.267 0.19 -0.945
vn -0.523 0.749 -0.407
vn -0.136 0.298 -0.945
vn -0.523 0.749 -0.407
vn -0.078 0.91 -0.406
vn 0.031 0.326 -0.945
vn 0.387 0.827 -0.406
vn 0.19 0.266 -0.945
vn 0.387 0.827 -0.406
vn 0.749 0.523 -0.407
vn 0.298 0.136 -0.945
vn 0.91 0.078 -0.406
vn 0.326 -0.031 -0.945
vn 0.828 -0.387 -0.406
vn 0.266 -0.19 -0.945
vn 0.523 -0.749 -0.406
vn 0.191 -0.267 0.945
vn 0.032 -0.326 0.945
vn 0.388 -0.827 0.407
vn -0.078 -0.91 0.406
vn -0.136 -0.299 0.945
vn -0.523 -0.749 0.407
vn 0.388 -0.827 0.407
vn 0.749 -0.523 0.407
vn 0.298 -0.136 0.945
vn 0.91 -0.078 0.407
vn 0.326 0.032 0.945
vn 0.827 0.388 0.406
vn 0.267 0.191 0.945
vn 0.523 0.749 0.406
vn 0.136 0.299 0.945
vn 0.523 0.749 0.406
vn 0.078 0.91 0.407
vn -0.031 0.326 0.945
vn -0.387 0.827 0.407
vn -0.191 0.267 0.945
vn -0.387 0.827 0.407
vn -0.749 0.523 0.407
vn -0.299 0.136 0.945
vn -0.91 0.079 0.407
vn -0.327 -0.032 0.945
vn -0.827 -0.388 0.407
vn -0.267 -0.191 0.945
vn -0.523 -0.749 0.407
vn -0.574 0.819 -0.001
vn -0.907 0.422 -0.001
vn -0.818 0.576 0.003
vn -0.42 0.907 0.003
vn -0.996 -0.088 -0.001
vn -0.996 0.09 0.003
vn -0.819 -0.574 -0.001
vn -0.907 -0.42 0.003
vn -0.422 -0.907 -0.001
vn -0.576 -0.818 0.003
vn -0.422 -0.907 -0.001
vn 0.088 -0.996 -0.001
vn -0.09 -0.996 0.003
vn -0.576 -0.818 0.003
vn 0.574 -0.819 -0.001
vn 0.42 -0.907 0.003
vn 0.574 -0.819 -0.001
vn 0.907 -0.422 -0.001
vn 0.818 -0.576 0.003
vn 0.42 -0.907 0.003
vn 0.996 0.088 -0.001
vn 0.996 -0.09 0.003
vn 0.819 0.574 -0.001
vn 0.907 0.42 0.003
vn 0.422 0.907 -0.001
vn 0.576 0.818 0.003
vn 0.422 0.907 -0.001
vn -0.088 0.996 -0.001
vn 0.09 0.996 0.003
vn 0.576 0.818 0.003
vn -0.574 0.819 -0.001
vn -0.42 0.907 0.003
vn 0.017 0.18 -0.984
vn 0.105 0.147 -0.984
vn -0.062 -0.131 -0.989
vn 0.012 -0.144 -0.989
vn 0.164 0.075 -0.984
vn -0.119 -0.082 -0.989
vn 0.18 -0.017 -0.984
vn -0.144 -0.012 -0.989
vn 0.147 -0.105 -0.984
vn -0.131 0.062 -0.989
vn 0.075 -0.164 -0.984
vn -0.082 0.119 -0.989
vn -0.017 -0.18 -0.984
vn -0.012 0.144 -0.989
vn -0.105 -0.147 -0.984
vn 0.062 0.131 -0.989
vn -0.164 -0.075 -0.984
vn 0.119 0.082 -0.989
vn -0.18 0.017 -0.984
vn 0.144 0.012 -0.989
vn -0.147 0.105 -0.984
vn 0.131 -0.062 -0.989
vn -0.075 0.164 -0.984
vn 0.082 -0.119 -0.989
vn -0.018 0.186 0.982
vn -0.108 0.153 0.982
vn 0.065 -0.138 0.988
vn -0.012 -0.152 0.988
vn -0.17 0.078 0.982
vn 0.125 -0.087 0.988
vn -0.186 -0.018 0.982
vn 0.152 -0.012 0.988
vn -0.153 -0.108 0.982
vn 0.138 0.065 0.988
vn -0.078 -0.17 0.982
vn 0.087 0.125 0.988
vn 0.018 -0.187 0.982
vn 0.012 0.152 0.988
vn 0.109 -0.153 0.982
vn -0.065 0.138 0.988
vn 0.171 -0.078 0.982
vn -0.125 0.087 0.988
vn 0.187 0.018 0.982
vn -0.152 0.012 0.988
vn 0.153 0.109 0.982
vn -0.138 -0.065 0.988
vn 0.078 0.17 0.982
vn -0.087 -0.125 0.988
vn -0.572 -0.812 -0.113
vn -0.902 -0.417 -0.113
vn -0.818 -0.575 -0.006
vn -0.421 -0.907 -0.006
vn -0.99 0.089 -0.113
vn -0.996 -0.089 -0.006
vn -0.813 0.572 -0.113
vn -0.907 0.42 -0.006
vn -0.418 0.901 -0.113
vn -0.576 0.818 -0.006
vn -0.418 0.901 -0.113
vn 0.089 0.99 -0.113
vn -0.089 0.996 -0.006
vn -0.576 0.818 -0.006
vn 0.572 0.812 -0.113
vn 0.421 0.907 -0.006
vn 0.572 0.812 -0.113
vn 0.902 0.417 -0.113
vn 0.818 0.575 -0.006
vn 0.421 0.907 -0.006
vn 0.99 -0.089 -0.113
vn 0.996 0.089 -0.006
vn 0.813 -0.572 -0.113
vn 0.907 -0.42 -0.006
vn 0.418 -0.902 -0.113
vn 0.575 -0.818 -0.006
vn 0.418 -0.902 -0.113
vn -0.089 -0.99 -0.113
vn 0.089 -0.996 -0.006
vn 0.575 -0.818 -0.006
vn -0.572 -0.812 -0.113
vn -0.421 -0.907 -0.006
vn 0.089 -0.989 0.118
vn 0.572 -0.812 0.118
vn 0.421 -0.907 0.007
vn -0.089 -0.996 0.007
vn 0.572 -0.812 0.118
vn 0.901 -0.418 0.118
vn 0.818 -0.575 0.007
vn 0.421 -0.907 0.007
vn 0.989 0.089 0.118
vn 0.996 -0.089 0.007
vn 0.812 0.572 0.118
vn 0.907 0.421 0.007
vn 0.418 0.901 0.118
vn 0.575 0.818 0.007
vn 0.418 0.901 0.118
vn -0.089 0.989 0.118
vn 0.089 0.996 0.007
vn 0.575 0.818 0.007
vn -0.572 0.812 0.118
vn -0.421 0.907 0.007
vn -0.572 0.812 0.118
vn -0.901 0.418 0.119
vn -0.818 0.575 0.007
vn -0.421 0.907 0.007
vn -0.989 -0.089 0.119
vn -0.996 0.09 0.007
vn -0.812 -0.572 0.118
vn -0.907 -0.421 0.007
vn -0.417 -0.901 0.118
vn -0.575 -0.818 0.007
vn -0.417 -0.901 0.118
vn -0.575 -0.818 0.007
vn -0.384 0.833 -0.398
vn -0.749 0.529 -0.399
vn -0.197 0.283 -0.939
vn -0.312 0.147 -0.938
vn -0.913 0.084 -0.399
vn -0.344 -0.029 -0.938
vn -0.833 -0.384 -0.399
vn -0.283 -0.197 -0.939
vn -0.529 -0.749 -0.398
vn -0.147 -0.311 -0.939
vn -0.529 -0.749 -0.398
vn -0.084 -0.914 -0.398
vn 0.029 -0.343 -0.939
vn 0.384 -0.833 -0.398
vn 0.197 -0.283 -0.939
vn 0.384 -0.833 -0.398
vn 0.749 -0.529 -0.398
vn 0.313 -0.147 -0.938
vn 0.913 -0.084 -0.399
vn 0.344 0.029 -0.938
vn 0.833 0.384 -0.399
vn 0.283 0.197 -0.939
vn 0.529 0.749 -0.399
vn 0.147 0.311 -0.939
vn 0.529 0.749 -0.399
vn 0.084 0.914 -0.398
vn -0.029 0.343 -0.939
vn -0.384 0.833 -0.398
vn -0.529 0.749 0.4
vn -0.084 0.913 0.399
vn -0.147 0.312 0.939
vn 0.029 0.343 0.939
vn -0.283 0.197 0.939
vn -0.529 0.749 0.4
vn -0.832 0.384 0.4
vn -0.343 0.029 0.939
vn -0.913 -0.084 0.399
vn -0.312 -0.147 0.939
vn -0.749 -0.529 0.4
vn -0.197 -0.283 0.939
vn -0.384 -0.832 0.399
vn -0.029 -0.343 0.939
vn -0.384 -0.832 0.399
vn 0.084 -0.913 0.399
vn 0.147 -0.312 0.939
vn 0.529 -0.749 0.399
vn 0.283 -0.197 0.939
vn 0.529 -0.749 0.399
vn 0.833 -0.384 0.399
vn 0.343 -0.029 0.939
vn 0.913 0.084 0.399
vn 0.312 0.147 0.939
vn 0.749 0.529 0.399
vn 0.197 0.283 0.939
vn 0.384 0.833 0.399
vn 0.384 0.833 0.399
vn -0.19 -0.266 -0.945
vn -0.032 -0.326 -0.945
vn -0.388 -0.827 -0.406
vn 0.078 -0.91 -0.406
vn 0.136 -0.298 -0.945
vn 0.523 -0.749 -0.406
vn -0.388 -0.827 -0.406
vn -0.749 -0.523 -0.407
vn -0.298 -0.136 -0.945
vn -0.91 -0.078 -0.407
vn -0.326 0.031 -0.945
vn -0.828 0.387 -0.407
vn -0.267 0.19 -0.945
vn -0.523 0.749 -0.407
vn -0.136 0.298 -0.945
vn -0.523 0.749 -0.407
vn -0.078 0.91 -0.406
vn 0.031 0.326 -0.945
vn 0.387 0.827 -0.406
vn 0.19 0.266 -0.945
vn 0.387 0.827 -0.406
vn 0.749 0.523 -0.407
vn 0.298 0.136 -0.945
vn 0.91 0.078 -0.406
vn 0.326 -0.031 -0.945
vn 0.828 -0.387 -0.406
vn 0.266 -0.19 -0.945
vn 0.523 -0.749 -0.406
vn 0.191 -0.267 0.945
vn 0.032 -0.326 0.945
vn 0.388 -0.827 0.407
vn -0.078 -0.91 0.406
vn -0.136 -0.299 0.945
vn -0.523 -0.749 0.407
vn 0.388 -0.827 0.407
vn 0.749 -0.523 0.407
vn 0.298 -0.136 0.945
vn 0.91 -0.078 0.407
vn 0.326 0.032 0.945
vn 0.827 0.388 0.406
vn 0.267 0.191 0.945
vn 0.523 0.749 0.406
vn 0.136 0.299 0.945
vn 0.523 0.749 0.406
vn 0.078 0.91 0.407
vn -0.031 0.326 0.945
vn -0.387 0.827 0.407
vn -0.191 0.267 0.945
vn -0.387 0.827 0.407
vn -0.749 0.523 0.407
vn -0.299 0.136 0.945
vn -0.91 0.079 0.407
vn -0.327 -0.032 0.945
vn -0.827 -0.388 0.407
vn -0.267 -0.191 0.945
vn -0.523 -0.749 0.407
vn -0.574 0.819 -0.001
vn -0.907 0.422 -0.001
vn -0.818 0.576 0.003
vn -0.42 0.907 0.003
vn -0.996 -0.088 -0.001
vn -0.996 0.09 0.003
vn -0.819 -0.574 -0.001
vn -0.907 -0.42 0.003
vn -0.422 -0.907 -0.001
vn -0.576 -0.818 0.003
vn -0.422 -0.907 -0.001
vn 0.088 -0.996 -0.001
vn -0.09 -0.996 0.003
vn -0.576 -0.818 0.003
vn 0.574 -0.819 -0.001
vn 0.42 -0.907 0.003
vn 0.574 -0.819 -0.001
vn 0.907 -0.422 -0.001
vn 0.818 -0.576 0.003
vn 0.42 -0.907 0.003
vn 0.996 0.088 -0.001
vn 0.996 -0.09 0.003
vn 0.819 0.574 -0.001
vn 0.907 0.42 0.003
vn 0.422 0.907 -0.001
vn 0.576 0.818 0.003
vn 0.422 0.907 -0.001
vn -0.088 0.996 -0.001
vn 0.09 0.996 0.003
vn 0.576 0.818 0.003
vn -0.574 0.819 -0.001
vn -0.42 0.907 0.003
vn 0.017 0.18 -0.984
vn 0.105 0.147 -0.984
vn -0.062 -0.131 -0.989
vn 0.012 -0.144 -0.989
vn 0.164 0.075 -0.984
vn -0.119 -0.082 -0.989
vn 0.18 -0.017 -0.984
vn -0.144 -0.012 -0.989
vn 0.147 -0.105 -0.984
vn -0.131 0.062 -0.989
vn 0.075 -0.164 -0.984
vn -0.082 0.119 -0.989
vn -0.017 -0.18 -0.984
vn -0.012 0.144 -0.989
vn -0.105 -0.147 -0.984
vn 0.062 0.131 -0.989
vn -0.164 -0.075 -0.984
vn 0.119 0.082 -0.989
vn -0.18 0.017 -0.984
vn 0.144 0.012 -0.989
vn -0.147 0.105 -0.984
vn 0.131 -0.062 -0.989
vn -0.075 0.164 -0.984
vn 0.082 -0.119 -0.989
vn -0.018 0.186 0.982
vn -0.108 0.153 0.982
vn 0.065 -0.138 0.988
vn -0.012 -0.152 0.988
vn -0.17 0.078 0.982
vn 0.125 -0.087 0.988
vn -0.186 -0.018 0.982
vn 0.152 -0.012 0.988
vn -0.153 -0.108 0.982
vn 0.138 0.065 0.988
vn -0.078 -0.17 0.982
vn 0.087 0.125 0.988
vn 0.018 -0.187 0.982
vn 0.012 0.152 0.988
vn 0.109 -0.153 0.982
vn -0.065 0.138 0.988
vn 0.171 -0.078 0.982
vn -0.125 0.087 0.988
vn 0.187 0.018 0.982
vn -0.152 0.012 0.988
vn 0.153 0.109 0.982
vn -0.138 -0.065 0.988
vn 0.078 0.17 0.982
vn -0.087 -0.125 0.988
vn -0.572 -0.812 -0.113
vn -0.902 -0.417 -0.113
vn -0.818 -0.575 -0.006
vn -0.421 -0.907 -0.006
vn -0.99 0.089 -0.113
vn -0.996 -0.089 -0.006
vn -0.813 0.572 -0.113
vn -0.907 0.42 -0.006
vn -0.418 0.901 -0.113
vn -0.576 0.818 -0.006
vn -0.418 0.901 -0.113
vn 0.089 0.99 -0.113
vn -0.089 0.996 -0.006
vn -0.576 0.818 -0.006
vn 0.572 0.812 -0.113
vn 0.421 0.907 -0.006
vn 0.572 0.812 -0.113
vn 0.902 0.417 -0.113
vn 0.818 0.575 -0.006
vn 0.421 0.907 -0.006
vn 0.99 -0.089 -0.113
vn 0.996 0.089 -0.006
vn 0.813 -0.572 -0.113
vn 0.907 -0.42 -0.006
vn 0.418 -0.902 -0.113
vn 0.575 -0.818 -0.006
vn 0.418 -0.902 -0.113
vn -0.089 -0.99 -0.113
vn 0.089 -0.996 -0.006
vn 0.575 -0.818 -0.006
vn -0.572 -0.812 -0.113
vn -0.421 -0.907 -0.006
vn 0.089 -0.989 0.118
vn 0.572 -0.812 0.118
vn 0.421 -0.907 0.007
vn -0.089 -0.996 0.007
vn 0.572 -0.812 0.118
vn 0.901 -0.418 0.118
vn 0.818 -0.575 0.007
vn 0.421 -0.907 0.007
vn 0.989 0.089 0.118
vn 0.996 -0.089 0.007
vn 0.812 0.572 0.118
vn 0.907 0.421 0.007
vn 0.418 0.901 0.118
vn 0.575 0.818 0.007
vn 0.418 0.901 0.118
vn -0.089 0.989 0.118
vn 0.089 0.996 0.007
vn 0.575 0.818 0.007
vn -0.572 0.812 0.118
vn -0.421 0.907 0.007
vn -0.572 0.812 0.118
vn -0.901 0.418 0.119
vn -0.818 0.575 0.007
vn -0.421 0.907 0.007
vn -0.989 -0.089 0.119
vn -0.996 0.09 0.007
vn -0.812 -0.572 0.118
vn -0.907 -0.421 0.007
vn -0.417 -0.901 0.118
vn -0.575 -0.818 0.007
vn -0.417 -0.901 0.118
vn -0.575 -0.818 0.007
vn -0.384 0.833 -0.398
vn -0.749 0.529 -0.399
vn -0.197 0.283 -0.939
vn -0.312 0.147 -0.938
vn -0.913 0.084 -0.399
vn -0.344 -0.029 -0.938
vn -0.833 -0.384 -0.399
vn -0.283 -0.197 -0.939
vn -0.529 -0.749 -0.398
vn -0.147 -0.311 -0.939
vn -0.529 -0.749 -0.398
vn -0.084 -0.914 -0.398
vn 0.029 -0.343 -0.939
vn 0.384 -0.833 -0.398
vn 0.197 -0.283 -0.939
vn 0.384 -0.833 -0.398
vn 0.749 -0.529 -0.398
vn 0.313 -0.147 -0.938
vn 0.913 -0.084 -0.399
vn 0.344 0.029 -0.938
vn 0.833 0.384 -0.399
vn 0.283 0.197 -0.939
vn 0.529 0.749 -0.399
vn 0.147 0.311 -0.939
vn 0.529 0.749 -0.399
vn 0.084 0.914 -0.398
vn -0.029 0.343 -0.939
vn -0.384 0.833 -0.398
vn -0.529 0.749 0.4
vn -0.084 0.913 0.399
vn -0.147 0.312 0.939
vn 0.029 0.343 0.939
vn -0.283 0.197 0.939
vn -0.529 0.749 0.4
vn -0.832 0.384 0.4
vn -0.343 0.029 0.939
vn -0.913 -0.084 0.399
vn -0.312 -0.147 0.939
vn -0.749 -0.529 0.4
vn -0.197 -0.283 0.939
vn -0.384 -0.832 0.399
vn -0.029 -0.343 0.939
vn -0.384 -0.832 0.399
vn 0.084 -0.913 0.399
vn 0.147 -0.312 0.939
vn 0.529 -0.749 0.399
vn 0.283 -0.197 0.939
vn 0.529 -0.749 0.399
vn 0.833 -0.384 0.399
vn 0.343 -0.029 0.939
vn 0.913 0.084 0.399
vn 0.312 0.147 0.939
vn 0.749 0.529 0.399
vn 0.197 0.283 0.939
vn 0.384 0.833 0.399
vn 0.384 0.833 0.399
vn -0.19 -0.266 -0.945
vn -0.032 -0.326 -0.945
vn -0.388 -0.827 -0.406
vn 0.078 -0.91 -0.406
vn 0.136 -0.298 -0.945
vn 0.523 -0.749 -0.406
vn -0.388 -0.827 -0.406
vn -0.749 -0.523 -0.407
vn -0.298 -0.136 -0.945
vn -0.91 -0.078 -0.407
vn -0.326 0.031 -0.945
vn -0.828 0.387 -0.407
vn -0.267 0.19 -0.945
vn -0.523 0.749 -0.407
vn -0.136 0.298 -0.945
vn -0.523 0.749 -0.407
vn -0.078 0.91 -0.406
vn 0.031 0.326 -0.945
vn 0.387 0.827 -0.406
vn 0.19 0.266 -0.945
vn 0.387 0.827 -0.406
vn 0.749 0.523 -0.407
vn 0.298 0.136 -0.945
vn 0.91 0.078 -0.406
vn 0.326 -0.031 -0.945
vn 0.828 -0.387 -0.406
vn 0.266 -0.19 -0.945
vn 0.523 -0.749 -0.406
vn 0.191 -0.267 0.945
vn 0.032 -0.326 0.945
vn 0.388 -0.827 0.407
vn -0.078 -0.91 0.406
vn -0.136 -0.299 0.945
vn -0.523 -0.749 0.407
vn 0.388 -0.827 0.407
vn 0.749 -0.523 0.407
vn 0.298 -0.136 0.945
vn 0.91 -0.078 0.407
vn 0.326 0.032 0.945
vn 0.827 0.388 0.406
vn 0.267 0.191 0.945
vn 0.523 0.749 0.406
vn 0.136 0.299 0.945
vn 0.523 0.749 0.406
vn 0.078 0.91 0.407
vn -0.031 0.326 0.945
vn -0.387 0.827 0.407
vn -0.191 0.267 0.945
vn -0.387 0.827 0.407
vn -0.749 0.523 0.407
vn -0.299 0.136 0.945
vn -0.91 0.079 0.407
vn -0.327 -0.032 0.945
vn -0.827 -0.388 0.407
vn -0.267 -0.191 0.945
vn -0.523 -0.749 0.407
vn 0.867 0.443 -0.229
vn 0.867 0.269 -0.42
vn 0.003 0.817 -0.576
vn 0.508 0.753 -0.418
vn 0.508 0.444 -0.739
vn 0.003 0.42 -0.908
vn 0.508 0.753 -0.418
vn 0.508 0.444 -0.739
vn 0.867 0.023 -0.498
vn 0.003 0.42 -0.908
vn 0.508 0.444 -0.739
vn 0.508 0.015 -0.861
vn 0.003 -0.09 -0.996
vn 0.508 0.015 -0.861
vn 0.867 -0.229 -0.443
vn 0.508 -0.418 -0.753
vn 0.003 -0.576 -0.817
vn 0.508 -0.418 -0.753
vn 0.867 -0.42 -0.269
vn 0.003 -0.576 -0.817
vn 0.508 -0.418 -0.753
vn 0.508 -0.738 -0.444
vn 0.003 -0.908 -0.42
vn 0.508 -0.738 -0.444
vn 0.867 -0.498 -0.023
vn 0.508 -0.861 -0.015
vn 0.003 -0.996 0.09
vn 0.508 -0.861 -0.015
vn 0.867 -0.443 0.229
vn 0.508 -0.753 0.418
vn 0.003 -0.817 0.576
vn 0.508 -0.753 0.418
vn 0.867 -0.269 0.42
vn 0.508 -0.444 0.739
vn 0.003 -0.42 0.908
vn 0.508 -0.444 0.739
vn 0.867 -0.023 0.498
vn 0.003 -0.42 0.908
vn 0.508 -0.444 0.739
vn 0.508 -0.015 0.861
vn 0.003 0.09 0.996
vn 0.508 -0.015 0.861
vn 0.867 0.229 0.443
vn 0.508 0.418 0.753
vn 0.003 0.576 0.817
vn 0.508 0.418 0.753
vn 0.867 0.42 0.269
vn 0.003 0.576 0.817
vn 0.508 0.418 0.753
vn 0.508 0.738 0.444
vn 0.003 0.908 0.42
vn 0.508 0.738 0.444
vn 0.867 0.498 0.023
vn 0.508 0.861 0.015
vn 0.003 0.996 -0.09
vn 0.508 0.861 0.015
vn 0 0.907 -0.422
vn 0 0.574 -0.819
vn 0 0.996 0.088
vn 0 0.088 -0.996
vn 0 -0.422 -0.906
vn 0 -0.819 -0.574
vn 0 -0.996 -0.088
vn 0 -0.907 0.422
vn 0 -0.574 0.819
vn 0 -0.088 0.996
vn 0 0.422 0.906
vn 0 0.819 0.574
vn 0 0.574 -0.819
vn 0 0.907 -0.422
vn 0 0.088 -0.996
vn 0 0.574 -0.819
vn 0 -0.422 -0.906
vn 0 -0.819 -0.574
vn 0 -0.422 -0.906
vn 0 -0.996 -0.088
vn 0 -0.907 0.422
vn 0 -0.574 0.819
vn 0 -0.088 0.996
vn 0 -0.574 0.819
vn 0 0.422 0.906
vn 0 0.819 0.574
vn 0 0.422 0.906
vn 0 0.996 0.088
vn -0.574 0.819 -0.001
vn -0.907 0.422 -0.001
vn -0.818 0.576 0.003
vn -0.42 0.907 0.003
vn -0.996 -0.088 -0.001
vn -0.996 0.09 0.003
vn -0.819 -0.574 -0.001
vn -0.907 -0.42 0.003
vn -0.422 -0.907 -0.001
vn -0.576 -0.818 0.003
vn -0.422 -0.907 -0.001
vn 0.088 -0.996 -0.001
vn -0.09 -0.996 0.003
vn -0.576 -0.818 0.003
vn 0.574 -0.819 -0.001
vn 0.42 -0.907 0.003
vn 0.574 -0.819 -0.001
vn 0.907 -0.422 -0.001
vn 0.818 -0.576 0.003
vn 0.42 -0.907 0.003
vn 0.996 0.088 -0.001
vn 0.996 -0.09 0.003
vn 0.819 0.574 -0.001
vn 0.907 0.42 0.003
vn 0.422 0.907 -0.001
vn 0.576 0.818 0.003
vn 0.422 0.907 -0.001
vn -0.088 0.996 -0.001
vn 0.09 0.996 0.003
vn 0.576 0.818 0.003
vn -0.574 0.819 -0.001
vn -0.42 0.907 0.003
vn 0.017 0.18 -0.984
vn 0.105 0.147 -0.984
vn -0.062 -0.131 -0.989
vn 0.012 -0.144 -0.989
vn 0.164 0.075 -0.984
vn -0.119 -0.082 -0.989
vn 0.18 -0.017 -0.984
vn -0.144 -0.012 -0.989
vn 0.147 -0.105 -0.984
vn -0.131 0.062 -0.989
vn 0.075 -0.164 -0.984
vn -0.082 0.119 -0.989
vn -0.017 -0.18 -0.984
vn -0.012 0.144 -0.989
vn -0.105 -0.147 -0.984
vn 0.062 0.131 -0.989
vn -0.164 -0.075 -0.984
vn 0.119 0.082 -0.989
vn -0.18 0.017 -0.984
vn 0.144 0.012 -0.989
vn -0.147 0.105 -0.984
vn 0.131 -0.062 -0.989
vn -0.075 0.164 -0.984
vn 0.082 -0.119 -0.989
vn -0.018 0.186 0.982
vn -0.108 0.153 0.982
vn 0.065 -0.138 0.988
vn -0.012 -0.152 0.988
vn -0.17 0.078 0.982
vn 0.125 -0.087 0.988
vn -0.186 -0.018 0.982
vn 0.152 -0.012 0.988
vn -0.153 -0.108 0.982
vn 0.138 0.065 0.988
vn -0.078 -0.17 0.982
vn 0.087 0.125 0.988
vn 0.018 -0.187 0.982
vn 0.012 0.152 0.988
vn 0.109 -0.153 0.982
vn -0.065 0.138 0.988
vn 0.171 -0.078 0.982
vn -0.125 0.087 0.988
vn 0.187 0.018 0.982
vn -0.152 0.012 0.988
vn 0.153 0.109 0.982
vn -0.138 -0.065 0.988
vn 0.078 0.17 0.982
vn -0.087 -0.125 0.988
vn -0.572 -0.812 -0.113
vn -0.902 -0.417 -0.113
vn -0.818 -0.575 -0.006
vn -0.421 -0.907 -0.006
vn -0.99 0.089 -0.113
vn -0.996 -0.089 -0.006
vn -0.813 0.572 -0.113
vn -0.907 0.42 -0.006
vn -0.418 0.901 -0.113
vn -0.576 0.818 -0.006
vn -0.418 0.901 -0.113
vn 0.089 0.99 -0.113
vn -0.089 0.996 -0.006
vn -0.576 0.818 -0.006
vn 0.572 0.812 -0.113
vn 0.421 0.907 -0.006
vn 0.572 0.812 -0.113
vn 0.902 0.417 -0.113
vn 0.818 0.575 -0.006
vn 0.421 0.907 -0.006
vn 0.99 -0.089 -0.113
vn 0.996 0.089 -0.006
vn 0.813 -0.572 -0.113
vn 0.907 -0.42 -0.006
vn 0.418 -0.902 -0.113
vn 0.575 -0.818 -0.006
vn 0.418 -0.902 -0.113
vn -0.089 -0.99 -0.113
vn 0.089 -0.996 -0.006
vn 0.575 -0.818 -0.006
vn -0.572 -0.812 -0.113
vn -0.421 -0.907 -0.006
vn 0.089 -0.989 0.118
vn 0.572 -0.812 0.118
vn 0.421 -0.907 0.007
vn -0.089 -0.996 0.007
vn 0.572 -0.812 0.118
vn 0.901 -0.418 0.118
vn 0.818 -0.575 0.007
vn 0.421 -0.907 0.007
vn 0.989 0.089 0.118
vn 0.996 -0.089 0.007
vn 0.812 0.572 0.118
vn 0.907 0.421 0.007
vn 0.418 0.901 0.118
vn 0.575 0.818 0.007
vn 0.418 0.901 0.118
vn -0.089 0.989 0.118
vn 0.089 0.996 0.007
vn 0.575 0.818 0.007
vn -0.572 0.812 0.118
vn -0.421 0.907 0.007
vn -0.572 0.812 0.118
vn -0.901 0.418 0.119
vn -0.818 0.575 0.007
vn -0.421 0.907 0.007
vn -0.989 -0.089 0.119
vn -0.996 0.09 0.007
vn -0.812 -0.572 0.118
vn -0.907 -0.421 0.007
vn -0.417 -0.901 0.118
vn -0.575 -0.818 0.007
vn -0.417 -0.901 0.118
vn -0.575 -0.818 0.007
vn -0.384 0.833 -0.398
vn -0.749 0.529 -0.399
vn -0.197 0.283 -0.939
vn -0.312 0.147 -0.938
vn -0.913 0.084 -0.399
vn -0.344 -0.029 -0.938
vn -0.833 -0.384 -0.399
vn -0.283 -0.197 -0.939
vn -0.529 -0.749 -0.398
vn -0.147 -0.311 -0.939
vn -0.529 -0.749 -0.398
vn -0.084 -0.914 -0.398
vn 0.029 -0.343 -0.939
vn 0.384 -0.833 -0.398
vn 0.197 -0.283 -0.939
vn 0.384 -0.833 -0.398
vn 0.749 -0.529 -0.398
vn 0.313 -0.147 -0.938
vn 0.913 -0.084 -0.399
vn 0.344 0.029 -0.938
vn 0.833 0.384 -0.399
vn 0.283 0.197 -0.939
vn 0.529 0.749 -0.399
vn 0.147 0.311 -0.939
vn 0.529 0.749 -0.399
vn 0.084 0.914 -0.398
vn -0.029 0.343 -0.939
vn -0.384 0.833 -0.398
vn -0.529 0.749 0.4
vn -0.084 0.913 0.399
vn -0.147 0.312 0.939
vn 0.029 0.343 0.939
vn -0.283 0.197 0.939
vn -0.529 0.749 0.4
vn -0.832 0.384 0.4
vn -0.343 0.029 0.939
vn -0.913 -0.084 0.399
vn -0.312 -0.147 0.939
vn -0.749 -0.529 0.4
vn -0.197 -0.283 0.939
vn -0.384 -0.832 0.399
vn -0.029 -0.343 0.939
vn -0.384 -0.832 0.399
vn 0.084 -0.913 0.399
vn 0.147 -0.312 0.939
vn 0.529 -0.749 0.399
vn 0.283 -0.197 0.939
vn 0.529 -0.749 0.399
vn 0.833 -0.384 0.399
vn 0.343 -0.029 0.939
vn 0.913 0.084 0.399
vn 0.312 0.147 0.939
vn 0.749 0.529 0.399
vn 0.197 0.283 0.939
vn 0.384 0.833 0.399
vn 0.384 0.833 0.399
vn -0.19 -0.266 -0.945
vn -0.032 -0.326 -0.945
vn -0.388 -0.827 -0.406
vn 0.078 -0.91 -0.406
vn 0.136 -0.298 -0.945
vn 0.523 -0.749 -0.406
vn -0.388 -0.827 -0.406
vn -0.749 -0.523 -0.407
vn -0.298 -0.136 -0.945
vn -0.91 -0.078 -0.407
vn -0.326 0.031 -0.945
vn -0.828 0.387 -0.407
vn -0.267 0.19 -0.945
vn -0.523 0.749 -0.407
vn -0.136 0.298 -0.945
vn -0.523 0.749 -0.407
vn -0.078 0.91 -0.406
vn 0.031 0.326 -0.945
vn 0.387 0.827 -0.406
vn 0.19 0.266 -0.945
vn 0.387 0.827 -0.406
vn 0.749 0.523 -0.407
vn 0.298 0.136 -0.945
vn 0.91 0.078 -0.406
vn 0.326 -0.031 -0.945
vn 0.828 -0.387 -0.406
vn 0.266 -0.19 -0.945
vn 0.523 -0.749 -0.406
vn 0.191 -0.267 0.945
vn 0.032 -0.326 0.945
vn 0.388 -0.827 0.407
vn -0.078 -0.91 0.406
vn -0.136 -0.299 0.945
vn -0.523 -0.749 0.407
vn 0.388 -0.827 0.407
vn 0.749 -0.523 0.407
vn 0.298 -0.136 0.945
vn 0.91 -0.078 0.407
vn 0.326 0.032 0.945
vn 0.827 0.388 0.406
vn 0.267 0.191 0.945
vn 0.523 0.749 0.406
vn 0.136 0.299 0.945
vn 0.523 0.749 0.406
vn 0.078 0.91 0.407
vn -0.031 0.326 0.945
vn -0.387 0.827 0.407
vn -0.191 0.267 0.945
vn -0.387 0.827 0.407
vn -0.749 0.523 0.407
vn -0.299 0.136 0.945
vn -0.91 0.079 0.407
vn -0.327 -0.032 0.945
vn -0.827 -0.388 0.407
vn -0.267 -0.191 0.945
vn -0.523 -0.749 0.407
vn -0.703 0.603 -0.377
vn -0.704 0.333 -0.627
vn -0.703 0.603 -0.377
vn -0.001 0.907 -0.421
vn -0.001 0.575 -0.818
vn -0.704 0.333 -0.627
vn -0.751 -0.228 0.619
vn -0.712 -0.329 0.621
vn -0.751 -0.228 0.619
vn -0.004 -0.298 0.954
vn -0.002 -0.571 0.821
vn -0.712 -0.329 0.621
vn 0.001 0.818 -0.575
vn 0.001 0.421 -0.907
vn 0.001 0.421 -0.907
vn 0.001 -0.089 -0.996
vn -0.001 0.089 -0.996
vn -0.001 0.575 -0.818
vn 0.001 -0.572 -0.82
vn -0.001 -0.42 -0.907
vn 0.001 -0.177 -0.984
vn -0.003 -0.43 -0.903
vn 0.001 -0.291 0.957
vn 0.001 -0.419 0.908
vn 0.001 0.089 0.996
vn -0.001 -0.089 0.996
vn 0.001 0.575 0.818
vn -0.001 0.421 0.907
vn 0.001 0.575 0.818
vn 0.001 0.907 0.421
vn -0.001 0.818 0.575
vn -0.001 0.421 0.907
vn 0.001 0.996 -0.089
vn -0.001 0.996 0.089
vn -0.704 -0.025 -0.71
vn -0.704 0.333 -0.627
vn -0.704 -0.025 -0.71
vn -0.766 -0.328 -0.554
vn -0.766 -0.328 -0.554
vn -0.775 -0.448 -0.445
vn -0.001 -0.42 -0.907
vn -0.003 -0.43 -0.903
vn -0.705 0.026 0.709
vn -0.705 0.026 0.709
vn -0.706 0.375 0.601
vn -0.706 0.375 0.601
vn -0.708 0.624 0.331
vn -0.706 0.375 0.601
vn -0.708 0.624 0.331
vn -0.706 0.708 -0.026
vn -0.706 0.708 -0.026
vn -0.608 0.002 -0.794
vn -0.692 -0.301 -0.656
vn -1 -0.02 -0.022
vn -0.67 -0.359 -0.65
vn -0.002 -0.601 -0.799
vn -0.378 -0.432 -0.819
vn -0.002 -0.003 -1
vn 0.001 -0.008 -1
vn -0.675 -0.003 -0.738
vn -0.007 0 -1
vn -0.003 -0.799 0.601
vn -0.434 -0.387 0.814
vn -0.791 -0.611 0.02
vn -0.004 -1 0.007
vn -0.434 -0.387 0.814
vn -0.602 -0.008 0.798
vn -1 -0.013 0.028
vn -0.791 -0.611 0.02
vn -0.675 -0.003 -0.738
vn -1 -0.012 -0.008
vn -0.007 0 -1
vn -0.002 -1 -0.014
vn 0 -1 -0.014
vn 0 -1 0
vn -0.006 -1 0
vn 0 -1 0.027
vn -1 -0.012 0
vn -0.602 -0.008 0.798
vn -0.002 0 1
vn -0.002 -0.601 -0.799
vn 0 -0.798 -0.603
vn 0.001 -0.016 -1
vn 0 -0.798 -0.603
vn 0.001 -0.016 1
vn -0.003 -0.799 0.601
vn 0.001 -0.382 0.924
vn 0.001 -0.008 1
vn 0 -0.925 0.38
vn -0.614 -0.789 -0.02
vn -0.926 -0.378 0
vn -0.614 -0.789 -0.02
vn -0.38 -0.925 0
vn -0.378 -0.432 -0.819
vn -0.378 -0.432 -0.819
vn -0.003 -0.002 1
vn -0.434 -0.387 0.814
vn -0.574 0.819 -0.001
vn -0.907 0.422 -0.001
vn -0.818 0.576 0.003
vn -0.42 0.907 0.003
vn -0.996 -0.088 -0.001
vn -0.996 0.09 0.003
vn -0.819 -0.574 -0.001
vn -0.907 -0.42 0.003
vn -0.422 -0.907 -0.001
vn -0.576 -0.818 0.003
vn -0.422 -0.907 -0.001
vn 0.088 -0.996 -0.001
vn -0.09 -0.996 0.003
vn -0.576 -0.818 0.003
vn 0.574 -0.819 -0.001
vn 0.42 -0.907 0.003
vn 0.574 -0.819 -0.001
vn 0.907 -0.422 -0.001
vn 0.818 -0.576 0.003
vn 0.42 -0.907 0.003
vn 0.996 0.088 -0.001
vn 0.996 -0.09 0.003
vn 0.819 0.574 -0.001
vn 0.907 0.42 0.003
vn 0.422 0.907 -0.001
vn 0.576 0.818 0.003
vn 0.422 0.907 -0.001
vn -0.088 0.996 -0.001
vn 0.09 0.996 0.003
vn 0.576 0.818 0.003
vn -0.574 0.819 -0.001
vn -0.42 0.907 0.003
vn 0.017 0.18 -0.984
vn 0.105 0.147 -0.984
vn -0.062 -0.131 -0.989
vn 0.012 -0.144 -0.989
vn 0.164 0.075 -0.984
vn -0.119 -0.082 -0.989
vn 0.18 -0.017 -0.984
vn -0.144 -0.012 -0.989
vn 0.147 -0.105 -0.984
vn -0.131 0.062 -0.989
vn 0.075 -0.164 -0.984
vn -0.082 0.119 -0.989
vn -0.017 -0.18 -0.984
vn -0.012 0.144 -0.989
vn -0.105 -0.147 -0.984
vn 0.062 0.131 -0.989
vn -0.164 -0.075 -0.984
vn 0.119 0.082 -0.989
vn -0.18 0.017 -0.984
vn 0.144 0.012 -0.989
vn -0.147 0.105 -0.984
vn 0.131 -0.062 -0.989
vn -0.075 0.164 -0.984
vn 0.082 -0.119 -0.989
vn -0.018 0.186 0.982
vn -0.108 0.153 0.982
vn 0.065 -0.138 0.988
vn -0.012 -0.152 0.988
vn -0.17 0.078 0.982
vn 0.125 -0.087 0.988
vn -0.186 -0.018 0.982
vn 0.152 -0.012 0.988
vn -0.153 -0.108 0.982
vn 0.138 0.065 0.988
vn -0.078 -0.17 0.982
vn 0.087 0.125 0.988
vn 0.018 -0.187 0.982
vn 0.012 0.152 0.988
vn 0.109 -0.153 0.982
vn -0.065 0.138 0.988
vn 0.171 -0.078 0.982
vn -0.125 0.087 0.988
vn 0.187 0.018 0.982
vn -0.152 0.012 0.988
vn 0.153 0.109 0.982
vn -0.138 -0.065 0.988
vn 0.078 0.17 0.982
vn -0.087 -0.125 0.988
vn -0.572 -0.812 -0.113
vn -0.902 -0.417 -0.113
vn -0.818 -0.575 -0.006
vn -0.421 -0.907 -0.006
vn -0.99 0.089 -0.113
vn -0.996 -0.089 -0.006
vn -0.813 0.572 -0.113
vn -0.907 0.42 -0.006
vn -0.418 0.901 -0.113
vn -0.576 0.818 -0.006
vn -0.418 0.901 -0.113
vn 0.089 0.99 -0.113
vn -0.089 0.996 -0.006
vn -0.576 0.818 -0.006
vn 0.572 0.812 -0.113
vn 0.421 0.907 -0.006
vn 0.572 0.812 -0.113
vn 0.902 0.417 -0.113
vn 0.818 0.575 -0.006
vn 0.421 0.907 -0.006
vn 0.99 -0.089 -0.113
vn 0.996 0.089 -0.006
vn 0.813 -0.572 -0.113
vn 0.907 -0.42 -0.006
vn 0.418 -0.902 -0.113
vn 0.575 -0.818 -0.006
vn 0.418 -0.902 -0.113
vn -0.089 -0.99 -0.113
vn 0.089 -0.996 -0.006
vn 0.575 -0.818 -0.006
vn -0.572 -0.812 -0.113
vn -0.421 -0.907 -0.006
vn 0.089 -0.989 0.118
vn 0.572 -0.812 0.118
vn 0.421 -0.907 0.007
vn -0.089 -0.996 0.007
vn 0.572 -0.812 0.118
vn 0.901 -0.418 0.118
vn 0.818 -0.575 0.007
vn 0.421 -0.907 0.007
vn 0.989 0.089 0.118
vn 0.996 -0.089 0.007
vn 0.812 0.572 0.118
vn 0.907 0.421 0.007
vn 0.418 0.901 0.118
vn 0.575 0.818 0.007
vn 0.418 0.901 0.118
vn -0.089 0.989 0.118
vn 0.089 0.996 0.007
vn 0.575 0.818 0.007
vn -0.572 0.812 0.118
vn -0.421 0.907 0.007
vn -0.572 0.812 0.118
vn -0.901 0.418 0.119
vn -0.818 0.575 0.007
vn -0.421 0.907 0.007
vn -0.989 -0.089 0.119
vn -0.996 0.09 0.007
vn -0.812 -0.572 0.118
vn -0.907 -0.421 0.007
vn -0.417 -0.901 0.118
vn -0.575 -0.818 0.007
vn -0.417 -0.901 0.118
vn -0.575 -0.818 0.007
vn -0.384 0.833 -0.398
vn -0.749 0.529 -0.399
vn -0.197 0.283 -0.939
vn -0.312 0.147 -0.938
vn -0.913 0.084 -0.399
vn -0.344 -0.029 -0.938
vn -0.833 -0.384 -0.399
vn -0.283 -0.197 -0.939
vn -0.529 -0.749 -0.398
vn -0.147 -0.311 -0.939
vn -0.529 -0.749 -0.398
vn -0.084 -0.914 -0.398
vn 0.029 -0.343 -0.939
vn 0.384 -0.833 -0.398
vn 0.197 -0.283 -0.939
vn 0.384 -0.833 -0.398
vn 0.749 -0.529 -0.398
vn 0.313 -0.147 -0.938
vn 0.913 -0.084 -0.399
vn 0.344 0.029 -0.938
vn 0.833 0.384 -0.399
vn 0.283 0.197 -0.939
vn 0.529 0.749 -0.399
vn 0.147 0.311 -0.939
vn 0.529 0.749 -0.399
vn 0.084 0.914 -0.398
vn -0.029 0.343 -0.939
vn -0.384 0.833 -0.398
vn -0.529 0.749 0.4
vn -0.084 0.913 0.399
vn -0.147 0.312 0.939
vn 0.029 0.343 0.939
vn -0.283 0.197 0.939
vn -0.529 0.749 0.4
vn -0.832 0.384 0.4
vn -0.343 0.029 0.939
vn -0.913 -0.084 0.399
vn -0.312 -0.147 0.939
vn -0.749 -0.529 0.4
vn -0.197 -0.283 0.939
vn -0.384 -0.832 0.399
vn -0.029 -0.343 0.939
vn -0.384 -0.832 0.399
vn 0.084 -0.913 0.399
vn 0.147 -0.312 0.939
vn 0.529 -0.749 0.399
vn 0.283 -0.197 0.939
vn 0.529 -0.749 0.399
vn 0.833 -0.384 0.399
vn 0.343 -0.029 0.939
vn 0.913 0.084 0.399
vn 0.312 0.147 0.939
vn 0.749 0.529 0.399
vn 0.197 0.283 0.939
vn 0.384 0.833 0.399
vn 0.384 0.833 0.399
vn -0.19 -0.266 -0.945
vn -0.032 -0.326 -0.945
vn -0.388 -0.827 -0.406
vn 0.078 -0.91 -0.406
vn 0.136 -0.298 -0.945
vn 0.523 -0.749 -0.406
vn -0.388 -0.827 -0.406
vn -0.749 -0.523 -0.407
vn -0.298 -0.136 -0.945
vn -0.91 -0.078 -0.407
vn -0.326 0.031 -0.945
vn -0.828 0.387 -0.407
vn -0.267 0.19 -0.945
vn -0.523 0.749 -0.407
vn -0.136 0.298 -0.945
vn -0.523 0.749 -0.407
vn -0.078 0.91 -0.406
vn 0.031 0.326 -0.945
vn 0.387 0.827 -0.406
vn 0.19 0.266 -0.945
vn 0.387 0.827 -0.406
vn 0.749 0.523 -0.407
vn 0.298 0.136 -0.945
vn 0.91 0.078 -0.406
vn 0.326 -0.031 -0.945
vn 0.828 -0.387 -0.406
vn 0.266 -0.19 -0.945
vn 0.523 -0.749 -0.406
vn 0.191 -0.267 0.945
vn 0.032 -0.326 0.945
vn 0.388 -0.827 0.407
vn -0.078 -0.91 0.406
vn -0.136 -0.299 0.945
vn -0.523 -0.749 0.407
vn 0.388 -0.827 0.407
vn 0.749 -0.523 0.407
vn 0.298 -0.136 0.945
vn 0.91 -0.078 0.407
vn 0.326 0.032 0.945
vn 0.827 0.388 0.406
vn 0.267 0.191 0.945
vn 0.523 0.749 0.406
vn 0.136 0.299 0.945
vn 0.523 0.749 0.406
vn 0.078 0.91 0.407
vn -0.031 0.326 0.945
vn -0.387 0.827 0.407
vn -0.191 0.267 0.945
vn -0.387 0.827 0.407
vn -0.749 0.523 0.407
vn -0.299 0.136 0.945
vn -0.91 0.079 0.407
vn -0.327 -0.032 0.945
vn -0.827 -0.388 0.407
vn -0.267 -0.191 0.945
vn -0.523 -0.749 0.407
vn 0.385 0.195 -0.902
vn 0.73 0.382 -0.567
vn 0.275 0.173 -0.946
vn -0.102 -0.084 -0.991
vn -0.066 -0.05 -0.997
vn 0.385 0.195 -0.902
vn -0.529 -0.437 -0.728
vn -0.495 -0.287 -0.82
vn -0.529 -0.437 -0.728
vn -0.716 -0.617 -0.325
vn -0.785 -0.45 -0.425
vn -0.495 -0.287 -0.82
vn -0.753 -0.652 0.082
vn -0.866 -0.495 0.076
vn -0.672 -0.562 0.482
vn -0.722 -0.408 0.559
vn -0.419 -0.325 0.848
vn -0.384 -0.21 0.899
vn -0.419 -0.325 0.848
vn 0.092 0.053 0.994
vn 0.065 0.044 0.997
vn -0.384 -0.21 0.899
vn 0.823 0.232 0.519
vn 0.5 0.281 0.819
vn 0.797 0.434 0.421
vn 0.5 0.281 0.819
vn 0.879 0.469 -0.085
vn 0.8 0.427 -0.422
vn 0.876 0.475 0.086
vn 0.719 0.396 0.571
vn 0.369 0.211 0.905
vn 0.369 0.211 0.905
vn -0.081 -0.032 0.996
vn -0.508 -0.267 0.819
vn -0.508 -0.267 0.819
vn -0.798 -0.43 0.422
vn -0.874 -0.478 -0.086
vn -0.717 -0.399 -0.571
vn -0.368 -0.213 -0.905
vn -0.368 -0.213 -0.905
vn 0.082 0.03 -0.996
vn 0.509 0.264 -0.819
vn 0.509 0.264 -0.819
vn 0.002 0.817 -0.577
vn 0.002 0.419 -0.908
vn 0.002 0.574 -0.819
vn 0.002 0.906 -0.423
vn 0.002 0.419 -0.908
vn 0.002 -0.091 -0.996
vn 0.002 0.087 -0.996
vn 0.002 0.574 -0.819
vn 0.002 -0.576 -0.817
vn 0.002 -0.423 -0.906
vn 0.002 -0.576 -0.817
vn 0.002 -0.908 -0.419
vn 0.002 -0.819 -0.574
vn 0.002 -0.423 -0.906
vn 0.002 -0.996 0.091
vn 0.002 -0.996 -0.087
vn 0.002 -0.817 0.577
vn 0.002 -0.906 0.423
vn 0.002 -0.419 0.908
vn 0.002 -0.574 0.819
vn 0.002 -0.419 0.908
vn 0.002 0.091 0.996
vn 0.002 -0.087 0.996
vn 0.002 -0.574 0.819
vn 0.002 0.576 0.817
vn 0.002 0.423 0.906
vn 0.002 0.576 0.817
vn 0.002 0.908 0.419
vn 0.002 0.819 0.574
vn 0.002 0.423 0.906
vn 0.002 0.996 -0.091
vn 0.002 0.996 0.087
vn -0.704 0.602 -0.377
vn -0.704 0.333 -0.627
vn -0.704 0.602 -0.377
vn -0.001 0.907 -0.421
vn -0.001 0.575 -0.818
vn -0.704 0.333 -0.627
vn -0.751 -0.228 0.619
vn -0.712 -0.329 0.621
vn -0.751 -0.228 0.619
vn -0.004 -0.298 0.954
vn -0.002 -0.571 0.821
vn -0.712 -0.329 0.621
vn 0.001 0.818 -0.575
vn 0.001 0.421 -0.907
vn 0.001 0.421 -0.907
vn 0.001 -0.089 -0.996
vn -0.001 0.089 -0.996
vn -0.001 0.575 -0.818
vn 0.001 -0.572 -0.82
vn -0.001 -0.42 -0.907
vn 0.001 -0.177 -0.984
vn -0.003 -0.43 -0.903
vn 0.001 -0.291 0.957
vn 0.001 -0.419 0.908
vn 0.001 0.089 0.996
vn -0.001 -0.089 0.996
vn 0.001 0.575 0.818
vn -0.001 0.421 0.907
vn 0.001 0.575 0.818
vn 0.001 0.907 0.421
vn -0.001 0.818 0.575
vn -0.001 0.421 0.907
vn 0.001 0.996 -0.089
vn -0.001 0.996 0.089
vn -0.704 -0.025 -0.71
vn -0.704 0.333 -0.627
vn -0.704 -0.025 -0.71
vn -0.766 -0.328 -0.554
vn -0.766 -0.328 -0.554
vn -0.775 -0.448 -0.446
vn -0.001 -0.42 -0.907
vn -0.003 -0.43 -0.903
vn -0.705 0.026 0.709
vn -0.705 0.026 0.709
vn -0.706 0.375 0.601
vn -0.706 0.375 0.601
vn -0.707 0.624 0.332
vn -0.706 0.375 0.601
vn -0.707 0.624 0.332
vn -0.706 0.708 -0.026
vn -0.706 0.708 -0.026
vn -0.608 0.002 -0.794
vn -0.691 -0.301 -0.657
vn -1 -0.02 -0.022
vn -0.67 -0.359 -0.65
vn -0.002 -0.601 -0.8
vn -0.378 -0.431 -0.819
vn -0.002 -0.003 -1
vn 0.001 -0.008 -1
vn -0.675 -0.003 -0.738
vn -0.007 0 -1
vn -0.003 -0.799 0.602
vn -0.434 -0.387 0.814
vn -0.791 -0.611 0.02
vn -0.004 -1 0.007
vn -0.434 -0.387 0.814
vn -0.602 -0.008 0.798
vn -1 -0.013 0.028
vn -0.791 -0.611 0.02
vn -0.675 -0.003 -0.738
vn -1 -0.012 -0.008
vn -0.007 0 -1
vn -0.002 -1 -0.014
vn 0 -1 -0.014
vn 0 -1 0
vn -0.006 -1 0
vn 0 -1 0.027
vn -1 -0.012 0
vn -0.602 -0.008 0.798
vn -0.002 0 1
vn -0.002 -0.601 -0.8
vn 0 -0.924 -0.382
vn 0.001 -0.016 -1
vn 0.001 -0.381 -0.925
vn 0.001 -0.016 1
vn -0.003 -0.799 0.602
vn 0.001 -0.381 0.924
vn 0.001 -0.008 1
vn 0 -0.925 0.38
vn -0.615 -0.788 -0.02
vn -0.926 -0.378 0
vn -0.615 -0.788 -0.02
vn -0.381 -0.924 0
vn -0.378 -0.431 -0.819
vn -0.378 -0.431 -0.819
vn -0.003 -0.002 1
vn -0.434 -0.387 0.814
vn 0.005 0.76 -0.65
vn 0.009 0.348 -0.938
vn 0.007 0.531 -0.847
vn 0.003 0.89 -0.456
vn 0.009 0.348 -0.938
vn 0.01 -0.091 -0.996
vn 0.01 0.065 -0.998
vn 0.007 0.531 -0.847
vn 0.007 -0.517 -0.856
vn 0.009 -0.404 -0.915
vn 0.007 -0.517 -0.856
vn 0.003 -0.877 -0.481
vn 0.005 -0.798 -0.603
vn 0.009 -0.404 -0.915
vn 0.002 -0.994 0.109
vn 0.002 -0.995 -0.095
vn 0.007 -0.76 0.65
vn 0.004 -0.89 0.456
vn 0.012 -0.348 0.938
vn 0.009 -0.531 0.847
vn 0.012 -0.348 0.938
vn 0.013 0.091 0.996
vn 0.013 -0.065 0.998
vn 0.009 -0.531 0.847
vn 0.009 0.517 0.856
vn 0.011 0.404 0.915
vn 0.009 0.517 0.856
vn 0.004 0.877 0.481
vn 0.006 0.798 0.603
vn 0.011 0.404 0.915
vn 0.002 0.994 -0.109
vn 0.002 0.995 0.095
vn -0.704 0.602 -0.377
vn -0.704 0.333 -0.627
vn -0.704 0.602 -0.377
vn -0.001 0.907 -0.421
vn -0.001 0.575 -0.818
vn -0.704 0.333 -0.627
vn -0.751 -0.228 0.619
vn -0.712 -0.329 0.621
vn -0.751 -0.228 0.619
vn -0.003 -0.299 0.954
vn -0.001 -0.571 0.821
vn -0.712 -0.329 0.621
vn 0.001 0.818 -0.575
vn 0.001 0.421 -0.907
vn 0.001 0.421 -0.907
vn 0.001 -0.089 -0.996
vn -0.001 0.089 -0.996
vn -0.001 0.575 -0.818
vn 0.001 -0.572 -0.82
vn -0.001 -0.42 -0.907
vn 0.001 -0.177 -0.984
vn -0.003 -0.43 -0.903
vn 0.001 -0.291 0.957
vn 0.001 -0.419 0.908
vn 0.001 0.089 0.996
vn -0.001 -0.089 0.996
vn 0.001 0.575 0.818
vn -0.001 0.421 0.907
vn 0.001 0.575 0.818
vn 0.001 0.907 0.421
vn -0.001 0.818 0.575
vn -0.001 0.421 0.907
vn 0.001 0.996 -0.089
vn -0.001 0.996 0.089
vn -0.704 -0.025 -0.71
vn -0.704 0.333 -0.627
vn -0.704 -0.025 -0.71
vn -0.766 -0.328 -0.554
vn -0.766 -0.328 -0.554
vn -0.775 -0.448 -0.446
vn -0.001 -0.42 -0.907
vn -0.003 -0.43 -0.903
vn -0.705 0.026 0.709
vn -0.705 0.026 0.709
vn -0.706 0.375 0.601
vn -0.706 0.375 0.601
vn -0.707 0.624 0.332
vn -0.706 0.375 0.601
vn -0.707 0.624 0.332
vn -0.706 0.708 -0.026
vn -0.706 0.708 -0.026
vn -0.608 0.002 -0.794
vn -0.691 -0.301 -0.657
vn -1 -0.02 -0.022
vn -0.67 -0.359 -0.65
vn -0.002 -0.601 -0.799
vn -0.378 -0.431 -0.819
vn -0.002 -0.003 -1
vn 0.001 -0.008 -1
vn -0.675 -0.003 -0.738
vn -0.006 0 -1
vn -0.002 -0.799 0.602
vn -0.434 -0.387 0.814
vn -0.791 -0.611 0.02
vn -0.003 -1 0.007
vn -0.434 -0.387 0.814
vn -0.602 -0.008 0.798
vn -1 -0.013 0.028
vn -0.791 -0.611 0.02
vn -0.675 -0.003 -0.738
vn -1 -0.012 -0.008
vn -0.006 0 -1
vn -0.002 -1 -0.014
vn 0 -1 -0.014
vn 0 -1 0
vn -0.005 -1 0
vn 0 -1 0.027
vn -1 -0.012 0
vn -0.602 -0.008 0.798
vn -0.002 0 1
vn -0.002 -0.601 -0.799
vn 0 -0.924 -0.382
vn 0.001 -0.016 -1
vn 0.001 -0.381 -0.925
vn 0.001 -0.016 1
vn -0.002 -0.799 0.602
vn 0.001 -0.381 0.924
vn 0.001 -0.008 1
vn 0 -0.925 0.38
vn -0.615 -0.788 -0.02
vn -0.926 -0.378 0
vn -0.615 -0.788 -0.02
vn -0.381 -0.924 0
vn -0.378 -0.431 -0.819
vn -0.378 -0.431 -0.819
vn -0.003 -0.002 1
vn -0.434 -0.387 0.814
vn -0.7 -0.714 -0.001
vn -1 -0.022 0.002
vn -1 -0.022 -0.002
vn -0.67 -0.729 -0.143
vn 1 -0.023 0
vn 0.653 -0.754 0.073
vn 0.701 -0.71 -0.059
vn 1 -0.022 -0.004
vn -0.714 0.699 0.052
vn -0.01 0.999 0.041
vn 0.037 0.998 0.041
vn 0.746 0.656 0.115
vn -1 0.024 -0.002
vn -0.009 0.3 -0.954
vn 0.037 0.3 -0.953
vn 0.71 0.704 0.004
vn 1 -0.023 0
vn 1 -0.022 -0.004
vn 1 0 0
vn 1 0 0
vn -1 -0.022 -0.002
vn -1 -0.022 0.002
vn -1 0 0
vn -1 0.024 -0.002
vn 0.048 0.825 -0.563
vn 0.055 0.427 -0.903
vn 0.359 0.351 -0.865
vn 0.624 0.604 -0.495
vn 0.055 0.427 -0.903
vn -0.023 -0.094 -0.995
vn -0.084 -0.078 -0.993
vn 0.359 0.351 -0.865
vn -0.165 -0.573 -0.803
vn -0.479 -0.468 -0.743
vn -0.165 -0.573 -0.803
vn -0.284 -0.87 -0.402
vn -0.673 -0.661 -0.333
vn -0.479 -0.468 -0.743
vn -0.314 -0.946 0.079
vn -0.71 -0.7 0.083
vn -0.244 -0.799 0.549
vn -0.619 -0.611 0.494
vn -0.109 -0.428 0.897
vn -0.357 -0.355 0.864
vn -0.109 -0.428 0.897
vn 0.009 0.088 0.996
vn 0.085 0.076 0.994
vn -0.357 -0.355 0.864
vn 0.043 0.582 0.812
vn 0.485 0.463 0.742
vn 0.043 0.582 0.812
vn 0.023 0.91 0.414
vn 0.681 0.653 0.332
vn 0.485 0.463 0.742
vn 0.017 0.996 -0.082
vn 0.718 0.691 -0.084
vn 0.347 0.328 0.879
vn -0.07 -0.072 0.995
vn -0.447 -0.437 0.78
vn -0.447 -0.437 0.78
vn -0.661 -0.645 0.384
vn -0.715 -0.696 -0.061
vn -0.618 -0.6 -0.508
vn -0.345 -0.332 -0.878
vn -0.345 -0.332 -0.878
vn 0.071 0.069 -0.995
vn 0.451 0.431 -0.781
vn 1 0 0
vn 1 0 0
vn 1 0 0
vn 1 0 0
vn 1 0 0
vn 1 0 0
vn 1 0 0
vn 1 0 0
vn 1 0 0
vn 1 0 0
vn 1 0 0
vn 1 0 0
vn 0 0 -1
vn 0 0 -1
vn 0 0 -1
vn 0 0 -1
vn 0 0 -1
vn 0 0 -1
vn 0 0 -1
vn 0 0 -1
vn 0 0 -1
vn 0 0 -1
vn 0 0 -1
vn 0 0 -1
vn 0 0 1
vn 0 0 1
vn 0 0 1
vn 0 0 1
vn 0 0 1
vn 0 0 1
vn 0 0 1
vn 0 0 1
vn 0 0 1
vn 0 0 1
vn 0 0 1
vn 0 0 1
vn 0 0 1
vn -1 0 0
vn -1 0 0
vn -1 0 0
vn 0 0 -1
vn 0 0 -1
vn 0 0 -1
vn 0 0 1
vn 0 0 -1
vn 0 0 1
vn 0 0 1
vn 0 0 1
vn -1 0 0
vn -1 0 0
vn -1 0 0
vn 0 0 -1
vn 0 0 -1
vn 0 0 -1
vn 0 0 1
vn 0 0 -1
vn 0 0 -1
vn 0 0 -1
vn 0 0 1
vn 0 0 1
vn 0 0 -1
vn 0 0 -1
vn 0 0 -1
vn 0 0 -1
vn 0 0 -1
vn 0 0 -1
vn 0 0 -1
vn 0 0 -1
vn 0 0 -1
vn 0 0 -1
vn 0 0 -1
vn 0 0 -1
vn 0 0 1
vn 0 0 1
vn 0 0 1
vn 0 0 1
vn 0 0 1
vn 0 0 1
vn 0 0 1
vn 0 0 1
vn 0 0 1
vn 0 0 1
vn 0 0 1
vn 0 0 1
vn 0 0 -1
vn 0 0 -1
vn 0 0 -1
vn 0 0 -1
vn 0 0 -1
vn 0 0 -1
vn 0 0 -1
vn 0 0 -1
vn 0 0 -1
vn 0 0 -1
vn 0 0 -1
vn 0 0 -1
vn 0 0 1
vn 0 0 1
vn 0 0 1
vn 0 0 1
vn 0 0 1
vn 0 0 1
vn 0 0 1
vn 0 0 1
vn 0 0 1
vn 0 0 1
vn 0 0 1
vn 0 0 1
vn 0 0 -1
vn 0 0 -1
vn 0 0 -1
vn 0 0 -1
vn 0 0 -1
vn 0 0 -1
vn 0 0 -1
vn 0 0 -1
vn 0 0 -1
vn 0 0 -1
vn 0 0 -1
vn 0 0 -1
vn 0 0 1
vn 0 0 1
vn 0 0 1
vn 0 0 1
vn 0 0 1
vn 0 0 1
vn 0 0 1
vn 0 0 1
vn 0 0 1
vn 0 0 1
vn 0 0 1
vn 0 0 1
vn 0 0 -1
vn 0 0 -1
vn 0 0 -1
vn 0 0 -1
vn 0 0 -1
vn 0 0 -1
vn 0 0 -1
vn 0 0 -1
vn 0 0 -1
vn 0 0 -1
vn 0 0 -1
vn 0 0 -1
vn 0 0 1
vn 0 0 1
vn 0 0 1
vn 0 0 1
vn 0 0 1
vn 0 0 1
vn 0 0 1
vn 0 0 1
vn 0 0 1
vn 0 0 1
vn 0 0 1
vn 0 0 1
vn 0 0 -1
vn 0 0 -1
vn 0 0 -1
vn 0 0 -1
vn 0 0 -1
vn 0 0 -1
vn 0 0 -1
vn 0 0 -1
vn 0 0 -1
vn 0 0 -1
vn 0 0 -1
vn 0 0 -1
vn 0 0 1
vn 0 0 1
vn 0 0 1
vn 0 0 1
vn 0 0 1
vn 0 0 1
vn 0 0 1
vn 0 0 1
vn 0 0 1
vn 0 0 1
vn 0 0 1
vn 0 0 1
vn 1 0 0
vn 1 0 0
vn 1 0 0
vn 1 0 0
vn 1 0 0
vn 1 0 0
vn 1 0 0
vn 1 0 0
vn 1 0 0
vn 1 0 0
vn 1 0 0
vn 1 0 0
vn -0.999 -0.037 -0.008
vn -0.999 -0.037 -0.008
vn -1 0 0
vn -1 0 0
vn -1 0 0
vn -1 0 0
vn 0 0 1
vn 0 0 -1
vn 0 0 1
vn 0 0 -1
vn 0 0 1
vn 0 0 1
vn 0.421 0 -0.907
vn 0.421 0 0.907
vn 0 0 1
vn 0 0 -1
vn 0 0 1
vn 0 0 -1
vn 0 0 1
vn 0 0 1
vn 0 0 -1
vn 0 0 1
vn 0 0 -1
vn 0 0 1
vn 0 -1 0
vn 0 0 1
vn 0 0 -1
vn 0 0 1
vn 0 0 -1
vn -0.999 -0.037 -0.008
vn -0.999 -0.037 -0.008
vn -0.589 -0.567 -0.575
vn -0.589 -0.567 -0.575
vn 0 0 -1
vn 0 0 1
vn 0 0 1
vn 0 0 -1
vn 0 0 1
vn 0 0 1
vn 0 0 -1
vn 0 0 -1
vn -1 0 0
vn -1 0 0
vn 0 0 -1
vn 0 -0.999 -0.041
vn 0 0 1
vn 0 0 1
vn 0 -0.999 -0.041
vn 0.347 0.328 0.879
vn 0.451 0.431 -0.781
vn 0.451 0.431 -0.781
vn 0.347 0.328 0.879
vn 0 0 1
vn 0 0 -1
vn 0 0 1
vn 0 0 -1
vn 0.625 0.592 0.509
vn 0.669 0.636 -0.385
vn 0.669 0.636 -0.385
vn 0.625 0.592 0.509
vn 0 0 -1
vn 0 0 -1
vn -0.591 -0.566 -0.575
vn 0 0 1
vn 0 0 -1
vn 0 0 1
vn 0 0 -1
vn -0.589 -0.567 -0.575
vn 0 -0.999 -0.041
vn 0 0 1
vn 0 -1 0
vn 0 -0.999 -0.041
vn 0 0.282 -0.959
vn 0.724 0.687 0.061
vn 0.724 0.687 0.061
vn 0 0 1
vn 0 0 -1
vn 0 0 1
vn 0 0 -1
vn 0 0 1
vn 0 0 -1
vn 0 0 1
vn 0 0 -1
vn 0 0 1
vn 0 0 -1
vn 0 0 1
vn 0 0 -1
vn 0 0 1
vn 0 0 -1
vn 0 0 1
vn 0 0 -1
vn 0 0 1
vn 0 0 -1
vn 0 0 1
vn 0 0 -1
vn 0 0 1
vn 0 0 -1
vn 0 0 1
vn 0 0 -1
vn 0 0 1
vn 0 0 -1
vn 0 0 1
vn 0 0 -1
vn 0 0 1
vn 0 0 -1
vn 0 0 1
vn 0 0 -1
vn 0 0 1
vn 0 0 -1
vn 0 0 1
vn 0 0 -1
vn 0 0 1
vn 0 0 -1
vn 0 0 1
vn 0 0 -1
vn 0 0 1
vn 0 0 1
vn 0 0 -1
vn 0 0 1
vn 0 0 1
vn 0 0 -1
vn 0 0 1
vn 0 0 -1
vn 0 0 -1
vn 0 0 1
vn 0 0 -1
vn 0 0 -1
vn 0 0 1
vn 0 0 1
vn 0 0 -1
vn 0 0 1
vn 0 0 1
vn 0 0 -1
vn 0 0 1
vn 0 0 -1
vn 0 0 -1
vn 0 0 1
vn 0 0 -1
vn 0 0 -1
vn 0 0 1
vn 0 0 1
vn 0 0 -1
vn 0 0 1
vn 0 0 1
vn 0 0 -1
vn 0 0 -1
vn 0 0 1
vn 0 0 -1
vn 0 0 1
vn 0 0 -1
vn 0 0 1
vn 0 0 -1
vn 0 0 1
vn 0 0 -1
vn 0 0 1
vn 0 0 -1
vn 0 0 1
vn 0 0 -1
vn 0 0 1
vn 0 0 -1
vn 0 0 1
vn 0 0 -1
vn 0 0 1
vn 0 0 -1
vn 0 0 1
vn -1 0 0
vn -1 0 0
vn 0 0 -1
f 1/1/1 2/2/2 3/3/3
f 4/4/4 1/1/1 3/3/3
f 5/5/5 4/4/4 3/3/3
f 6/6/6 5/5/5 3/3/3
f 7/7/7 6/6/6 3/3/3
f 8/8/8 7/7/7 3/3/3
f 9/9/9 8/8/8 3/3/3
f 10/10/10 9/9/9 3/3/3
f 11/11/11 10/10/10 3/3/3
f 12/12/12 11/11/11 3/3/3
f 13/13/13 12/12/12 3/3/3
f 2/2/2 13/13/13 3/3/3
f 14/14/14 15/15/15 16/16/16
f 15/15/15 17/17/17 16/16/16
f 17/17/17 18/18/18 16/16/16
f 18/18/18 19/19/19 16/16/16
f 19/19/19 20/20/20 16/16/16
f 20/20/20 21/21/21 16/16/16
f 21/21/21 22/22/22 16/16/16
f 22/22/22 23/23/23 16/16/16
f 23/23/23 24/24/24 16/16/16
f 24/24/24 25/25/25 16/16/16
f 25/25/25 26/26/26 16/16/16
f 26/26/26 14/14/14 16/16/16
f 27/27/27 28/28/28 29/29/29
f 28/28/28 30/30/30 29/29/29
f 30/30/30 31/31/31 29/29/29
f 31/31/31 32/32/32 29/29/29
f 32/32/32 33/33/33 29/29/29
f 33/33/33 34/34/34 29/29/29
f 34/34/34 35/35/35 29/29/29
f 35/35/35 36/36/36 29/29/29
f 36/36/36 37/37/37 29/29/29
f 37/37/37 38/38/38 29/29/29
f 38/38/38 39/39/39 29/29/29
f 39/39/39 27/27/27 29/29/29
f 40/40/40 41/41/41 42/42/42
f 41/41/41 43/43/43 42/42/42
f 43/43/43 44/44/44 42/42/42
f 44/44/44 45/45/45 42/42/42
f 46/46/46 47/47/47 42/42/42
f 47/47/47 48/48/48 42/42/42
f 48/48/48 49/49/49 42/42/42
f 49/49/49 50/50/50 42/42/42
f 50/50/50 51/51/51 42/42/42
f 51/51/51 52/52/52 42/42/42
f 52/52/52 40/40/40 42/42/42
f 53/53/53 54/54/54 55/55/55
f 56/56/56 53/53/53 55/55/55
f 57/57/57 56/56/56 55/55/55
f 58/58/58 57/57/57 55/55/55
f 59/59/59 58/58/58 55/55/55
f 60/60/60 59/59/59 55/55/55
f 61/61/61 60/60/60 55/55/55
f 62/62/62 61/61/61 55/55/55
f 63/63/63 62/62/62 55/55/55
f 64/64/64 63/63/63 55/55/55
f 65/65/65 64/64/64 55/55/55
f 54/54/54 65/65/65 55/55/55
f 66/66/66 67/67/67 68/68/68
f 67/67/67 69/69/69 68/68/68
f 69/69/69 70/70/70 68/68/68
f 70/70/70 71/71/71 68/68/68
f 71/71/71 72/72/72 68/68/68
f 72/72/72 73/73/73 68/68/68
f 73/73/73 74/74/74 68/68/68
f 74/74/74 75/75/75 68/68/68
f 75/75/75 76/76/76 68/68/68
f 76/76/76 77/77/77 68/68/68
f 77/77/77 78/78/78 68/68/68
f 78/78/78 66/66/66 68/68/68
f 79/79/79 80/80/80 81/81/81
f 82/82/82 79/79/79 81/81/81
f 83/83/83 82/82/82 81/81/81
f 84/84/84 83/83/83 81/81/81
f 85/85/85 84/84/84 81/81/81
f 86/86/86 85/85/85 81/81/81
f 87/87/87 86/86/86 81/81/81
f 88/88/88 87/87/87 81/81/81
f 89/89/89 88/88/88 81/81/81
f 90/90/90 89/89/89 81/81/81
f 91/91/91 90/90/90 81/81/81
f 80/80/80 91/91/91 81/81/81
f 92/92/92 93/93/93 94/94/94
f 92/92/92 94/94/94 95/95/95
f 92/92/92 95/95/95 96/96/96
f 92/92/92 96/96/96 97/97/97
f 92/92/92 97/97/97 98/98/98
f 92/92/92 98/98/98 99/99/99
f 92/92/92 99/99/99 100/100/100
f 92/92/92 100/100/100 101/101/101
f 92/92/92 101/101/101 102/102/102
f 92/92/92 102/102/102 103/103/103
f 92/92/92 103/103/103 104/104/104
f 92/92/92 104/104/104 93/93/93
f 105/105/105 106/106/106 107/107/107
f 108/108/108 109/109/109 110/110/110
f 108/108/108 111/111/111 112/112/112
f 111/111/111 113/113/113 112/112/112
f 114/114/114 115/115/115 116/116/116
f 115/115/115 117/117/117 116/116/116
f 117/117/117 118/118/118 116/116/116
f 119/119/119 120/120/120 121/121/121
f 122/122/122 123/123/123 124/124/124
f 125/125/125 126/126/126 127/127/127
f 128/128/128 123/123/123 129/129/129
f 130/130/130 131/131/131 132/132/132
f 129/129/129 123/123/123 133/133/133
f 134/134/134 135/135/135 136/136/136
f 136/136/136 135/135/135 137/137/137
f 137/137/137 135/135/135 138/138/138
f 139/139/139 140/140/140 141/141/141
f 142/142/142 143/143/143 144/144/144
f 145/145/145 146/146/146 147/147/147
f 148/148/148 149/149/149 150/150/150
f 148/148/148 151/151/151 152/152/152
f 151/151/151 153/153/153 152/152/152
f 154/154/154 155/155/155 156/156/156
f 155/155/155 157/157/157 156/156/156
f 157/157/157 158/158/158 156/156/156
f 159/159/159 160/160/160 161/161/161
f 162/162/162 163/163/163 164/164/164
f 165/165/165 166/166/166 167/167/167
f 168/168/168 163/163/163 169/169/169
f 170/170/170 171/171/171 172/172/172
f 169/169/169 163/163/163 173/173/173
f 174/174/174 175/175/175 176/176/176
f 176/176/176 175/175/175 177/177/177
f 177/177/177 175/175/175 178/178/178
f 179/179/179 180/180/180 181/181/181
f 182/182/182 183/183/183 184/184/184
f 185/185/185 186/186/186 187/187/187
f 188/188/188 185/185/185 187/187/187
f 189/189/189 188/188/188 187/187/187
f 190/190/190 189/189/189 187/187/187
f 191/191/191 190/190/190 187/187/187
f 192/192/192 191/191/191 187/187/187
f 193/193/193 192/192/192 187/187/187
f 194/194/194 193/193/193 187/187/187
f 195/195/195 194/194/194 187/187/187
f 196/196/196 195/195/195 187/187/187
f 197/197/197 196/196/196 187/187/187
f 186/186/186 197/197/197 187/187/187
f 198/198/198 199/199/199 200/200/200
f 199/199/199 201/201/201 200/200/200
f 201/201/201 202/202/202 200/200/200
f 202/202/202 203/203/203 200/200/200
f 203/203/203 204/204/204 200/200/200
f 204/204/204 205/205/205 200/200/200
f 205/205/205 206/206/206 200/200/200
f 206/206/206 207/207/207 200/200/200
f 207/207/207 208/208/208 200/200/200
f 208/208/208 209/209/209 200/200/200
f 209/209/209 210/210/210 200/200/200
f 210/210/210 198/198/198 200/200/200
f 211/211/211 212/212/212 213/213/213
f 212/212/212 214/214/214 213/213/213
f 214/214/214 215/215/215 213/213/213
f 215/215/215 216/216/216 213/213/213
f 217/217/217 218/218/218 213/213/213
f 218/218/218 219/219/219 213/213/213
f 219/219/219 220/220/220 213/213/213
f 220/220/220 221/221/221 213/213/213
f 221/221/221 222/222/222 213/213/213
f 222/222/222 223/223/223 213/213/213
f 223/223/223 211/211/211 213/213/213
f 224/224/224 225/225/225 226/226/226
f 227/227/227 224/224/224 226/226/226
f 228/228/228 227/227/227 226/226/226
f 229/229/229 228/228/228 226/226/226
f 230/230/230 229/229/229 226/226/226
f 231/231/231 230/230/230 226/226/226
f 232/232/232 231/231/231 226/226/226
f 233/233/233 232/232/232 226/226/226
f 234/234/234 233/233/233 226/226/226
f 235/235/235 234/234/234 226/226/226
f 236/236/236 235/235/235 226/226/226
f 225/225/225 236/236/236 226/226/226
f 237/237/237 238/238/238 239/239/239
f 238/238/238 240/240/240 239/239/239
f 240/240/240 241/241/241 239/239/239
f 241/241/241 242/242/242 239/239/239
f 242/242/242 243/243/243 239/239/239
f 243/243/243 244/244/244 239/239/239
f 244/244/244 245/245/245 239/239/239
f 245/245/245 246/246/246 239/239/239
f 246/246/246 247/247/247 239/239/239
f 247/247/247 248/248/248 239/239/239
f 248/248/248 249/249/249 239/239/239
f 249/249/249 237/237/237 239/239/239
f 250/250/250 251/251/251 252/252/252
f 251/251/251 253/253/253 252/252/252
f 253/253/253 254/254/254 252/252/252
f 254/254/254 255/255/255 252/252/252
f 255/255/255 256/256/256 252/252/252
f 256/256/256 257/257/257 252/252/252
f 257/257/257 258/258/258 252/252/252
f 258/258/258 259/259/259 252/252/252
f 259/259/259 260/260/260 252/252/252
f 260/260/260 261/261/261 252/252/252
f 261/261/261 262/262/262 252/252/252
f 262/262/262 250/250/250 252/252/252
f 263/263/263 264/264/264 265/265/265
f 264/264/264 266/266/266 265/265/265
f 266/266/266 267/267/267 265/265/265
f 267/267/267 268/268/268 265/265/265
f 269/269/269 270/270/270 265/265/265
f 270/270/270 271/271/271 265/265/265
f 271/271/271 272/272/272 265/265/265
f 272/272/272 273/273/273 265/265/265
f 273/273/273 274/274/274 265/265/265
f 274/274/274 275/275/275 265/265/265
f 275/275/275 263/263/263 265/265/265
f 276/276/276 277/277/277 278/278/278
f 277/277/277 279/279/279 278/278/278
f 279/279/279 280/280/280 278/278/278
f 280/280/280 281/281/281 278/278/278
f 281/281/281 282/282/282 278/278/278
f 282/282/282 283/283/283 278/278/278
f 283/283/283 284/284/284 278/278/278
f 284/284/284 285/285/285 278/278/278
f 285/285/285 286/286/286 278/278/278
f 286/286/286 287/287/287 278/278/278
f 287/287/287 288/288/288 278/278/278
f 288/288/288 276/276/276 278/278/278
f 289/289/289 290/290/290 291/291/291
f 290/290/290 292/292/292 291/291/291
f 292/292/292 293/293/293 291/291/291
f 293/293/293 294/294/294 291/291/291
f 295/295/295 296/296/296 291/291/291
f 296/296/296 297/297/297 291/291/291
f 297/297/297 298/298/298 291/291/291
f 298/298/298 299/299/299 291/291/291
f 299/299/299 300/300/300 291/291/291
f 300/300/300 301/301/301 291/291/291
f 301/301/301 289/289/289 291/291/291
f 302/302/302 303/303/303 304/304/304
f 305/305/305 306/306/306 307/307/307
f 308/308/308 309/309/309 310/310/310
f 311/311/311 312/312/312 313/313/313
f 314/314/314 315/315/315 316/316/316
f 317/317/317 318/318/318 319/319/319
f 320/320/320 321/321/321 322/322/322
f 323/323/323 324/324/324 325/325/325
f 326/326/326 327/327/327 328/328/328
f 329/329/329 326/326/326 328/328/328
f 330/330/330 329/329/329 328/328/328
f 331/331/331 330/330/330 328/328/328
f 332/332/332 331/331/331 328/328/328
f 333/333/333 332/332/332 328/328/328
f 334/334/334 333/333/333 328/328/328
f 335/335/335 334/334/334 328/328/328
f 336/336/336 335/335/335 328/328/328
f 337/337/337 336/336/336 328/328/328
f 338/338/338 337/337/337 328/328/328
f 327/327/327 338/338/338 328/328/328
f 339/339/339 340/340/340 341/341/341
f 340/340/340 342/342/342 341/341/341
f 342/342/342 343/343/343 341/341/341
f 343/343/343 344/344/344 341/341/341
f 344/344/344 345/345/345 341/341/341
f 345/345/345 346/346/346 341/341/341
f 346/346/346 347/347/347 341/341/341
f 347/347/347 348/348/348 341/341/341
f 348/348/348 349/349/349 341/341/341
f 349/349/349 350/350/350 341/341/341
f 350/350/350 351/351/351 341/341/341
f 351/351/351 339/339/339 341/341/341
f 352/352/352 353/353/353 354/354/354
f 352/352/352 354/354/354 355/355/355
f 356/356/356 357/357/357 358/358/358
f 356/356/356 358/358/358 359/359/359
f 357/357/357 360/360/360 361/361/361
f 357/357/357 361/361/361 358/358/358
f 362/362/362 363/363/363 364/364/364
f 362/362/362 364/364/364 365/365/365
f 363/363/363 366/366/366 367/367/367
f 363/363/363 367/367/367 364/364/364
f 366/366/366 368/368/368 369/369/369
f 366/366/366 369/369/369 367/367/367
f 368/368/368 370/370/370 371/371/371
f 368/368/368 371/371/371 369/369/369
f 372/372/372 373/373/373 374/374/374
f 372/372/372 374/374/374 375/375/375
f 373/373/373 376/376/376 377/377/377
f 373/373/373 377/377/377 374/374/374
f 378/378/378 379/379/379 380/380/380
f 378/378/378 380/380/380 381/381/381
f 379/379/379 382/382/382 383/383/383
f 379/379/379 383/383/383 380/380/380
f 382/382/382 352/352/352 355/355/355
f 382/382/382 355/355/355 383/383/383
f 383/383/383 355/355/355 5737/5737/5737
f 383/383/383 5737/5737/5737 5753/5753/5753
f 380/380/380 383/383/383 5753/5753/5753
f 380/380/380 5753/5753/5753 5736/5736/5736
f 381/381/381 380/380/380 5736/5736/5736
f 381/381/381 5736/5736/5736 5728/5728/5728
f 374/374/374 377/377/377 384/384/384
f 374/374/374 384/384/384 385/385/385
f 375/375/375 374/374/374 385/385/385
f 375/375/375 385/385/385 386/386/386
f 369/369/369 371/371/371 387/387/387
f 369/369/369 387/387/387 388/388/388
f 367/367/367 369/369/369 388/388/388
f 367/367/367 388/388/388 389/389/389
f 364/364/364 367/367/367 389/389/389
f 364/364/364 389/389/389 390/390/390
f 365/365/365 364/364/364 390/390/390
f 365/365/365 390/390/390 391/391/391
f 358/358/358 361/361/361 392/392/392
f 358/358/358 392/392/392 393/393/393
f 359/359/359 358/358/358 393/393/393
f 359/359/359 393/393/393 394/394/394
f 355/355/355 354/354/354 5729/5729/5729
f 355/355/355 5729/5729/5729 5737/5737/5737
f 395/395/395 396/396/396 397/397/397
f 395/395/395 397/397/397 398/398/398
f 399/399/399 400/400/400 401/401/401
f 399/399/399 401/401/401 402/402/402
f 400/400/400 403/403/403 404/404/404
f 400/400/400 404/404/404 401/401/401
f 405/405/405 406/406/406 407/407/407
f 405/405/405 407/407/407 408/408/408
f 406/406/406 409/409/409 410/410/410
f 406/406/406 410/410/410 407/407/407
f 409/409/409 411/411/411 412/412/412
f 409/409/409 412/412/412 410/410/410
f 411/411/411 413/413/413 414/414/414
f 411/411/411 414/414/414 412/412/412
f 415/415/415 416/416/416 417/417/417
f 415/415/415 417/417/417 418/418/418
f 416/416/416 419/419/419 420/420/420
f 416/416/416 420/420/420 417/417/417
f 421/421/421 422/422/422 423/423/423
f 421/421/421 423/423/423 424/424/424
f 422/422/422 425/425/425 426/426/426
f 422/422/422 426/426/426 423/423/423
f 425/425/425 395/395/395 398/398/398
f 425/425/425 398/398/398 426/426/426
f 40/40/40 427/427/427 428/428/428
f 40/40/40 428/428/428 41/41/41
f 429/429/429 430/430/430 431/431/431
f 429/429/429 431/431/431 432/432/432
f 47/47/47 433/433/433 434/434/434
f 47/47/47 434/434/434 48/48/48
f 435/435/435 436/436/436 437/437/437
f 435/435/435 437/437/437 438/438/438
f 439/439/439 440/440/440 431/431/431
f 439/439/439 431/431/431 430/430/430
f 441/441/441 442/442/442 443/443/443
f 441/441/441 443/443/443 444/444/444
f 442/442/442 445/445/445 446/446/446
f 442/442/442 446/446/446 443/443/443
f 445/445/445 447/447/447 448/448/448
f 445/445/445 448/448/448 446/446/446
f 449/449/449 450/450/450 437/437/437
f 449/449/449 437/437/437 436/436/436
f 450/450/450 451/451/451 452/452/452
f 450/450/450 452/452/452 437/437/437
f 451/451/451 453/453/453 454/454/454
f 451/451/451 454/454/454 452/452/452
f 455/455/455 456/456/456 457/457/457
f 455/455/455 457/457/457 458/458/458
f 456/456/456 459/459/459 460/460/460
f 456/456/456 460/460/460 457/457/457
f 459/459/459 439/439/439 430/430/430
f 459/459/459 430/430/430 460/460/460
f 41/41/41 428/428/428 461/461/461
f 41/41/41 461/461/461 43/43/43
f 462/462/462 444/444/444 443/443/443
f 462/462/462 443/443/443 463/463/463
f 43/43/43 461/461/461 464/464/464
f 43/43/43 464/464/464 44/44/44
f 463/463/463 443/443/443 446/446/446
f 463/463/463 446/446/446 465/465/465
f 44/44/44 464/464/464 466/466/466
f 44/44/44 466/466/466 5711/5711/5711
f 464/464/464 467/467/467 468/468/468
f 464/464/464 468/468/468 466/466/466
f 48/48/48 434/434/434 469/469/469
f 48/48/48 469/469/469 49/49/49
f 438/438/438 437/437/437 452/452/452
f 438/438/438 452/452/452 470/470/470
f 49/49/49 469/469/469 471/471/471
f 49/49/49 471/471/471 50/50/50
f 470/470/470 452/452/452 454/454/454
f 470/470/470 454/454/454 472/472/472
f 50/50/50 471/471/471 473/473/473
f 50/50/50 473/473/473 51/51/51
f 474/474/474 458/458/458 457/457/457
f 474/474/474 457/457/457 475/475/475
f 51/51/51 473/473/473 476/476/476
f 51/51/51 476/476/476 52/52/52
f 475/475/475 457/457/457 460/460/460
f 475/475/475 460/460/460 477/477/477
f 430/430/430 429/429/429 477/477/477
f 430/430/430 477/477/477 460/460/460
f 427/427/427 40/40/40 52/52/52
f 427/427/427 52/52/52 476/476/476
f 466/466/466 468/468/468 478/478/478
f 466/466/466 478/478/478 479/479/479
f 478/478/478 480/480/480 481/481/481
f 478/478/478 481/481/481 479/479/479
f 481/481/481 5711/5711/5711 466/466/466
f 481/481/481 466/466/466 479/479/479
f 482/482/482 483/483/483 484/484/484
f 482/482/482 484/484/484 485/485/485
f 483/483/483 486/486/486 487/487/487
f 483/483/483 487/487/487 484/484/484
f 488/488/488 489/489/489 490/490/490
f 488/488/488 490/490/490 491/491/491
f 492/492/492 493/493/493 494/494/494
f 492/492/492 494/494/494 495/495/495
f 480/480/480 478/478/478 496/496/496
f 480/480/480 496/496/496 497/497/497
f 478/478/478 468/468/468 498/498/498
f 478/478/478 498/498/498 496/496/496
f 499/499/499 500/500/500 501/501/501
f 499/499/499 501/501/501 502/502/502
f 501/501/501 503/503/503 491/491/491
f 501/501/501 491/491/491 502/502/502
f 46/46/46 480/480/480 497/497/497
f 46/46/46 497/497/497 504/504/504
f 47/47/47 46/46/46 504/504/504
f 47/47/47 504/504/504 494/494/494
f 436/436/436 435/435/435 505/505/505
f 436/436/436 505/505/505 506/506/506
f 433/433/433 47/47/47 494/494/494
f 433/433/433 494/494/494 493/493/493
f 499/499/499 507/507/507 508/508/508
f 499/499/499 508/508/508 500/500/500
f 482/482/482 485/485/485 509/509/509
f 482/482/482 509/509/509 510/510/510
f 511/511/511 512/512/512 513/513/513
f 511/511/511 513/513/513 514/514/514
f 488/488/488 491/491/491 503/503/503
f 488/488/488 503/503/503 515/515/515
f 497/497/497 516/516/516 517/517/517
f 497/497/497 517/517/517 504/504/504
f 518/518/518 499/499/499 502/502/502
f 518/518/518 502/502/502 519/519/519
f 499/499/499 518/518/518 520/520/520
f 499/499/499 520/520/520 507/507/507
f 516/516/516 497/497/497 496/496/496
f 516/516/516 496/496/496 521/521/521
f 511/511/511 522/522/522 523/523/523
f 511/511/511 523/523/523 512/512/512
f 522/522/522 506/506/506 505/505/505
f 522/522/522 505/505/505 523/523/523
f 491/491/491 490/490/490 519/519/519
f 491/491/491 519/519/519 502/502/502
f 495/495/495 494/494/494 504/504/504
f 495/495/495 504/504/504 517/517/517
f 54/54/54 53/53/53 524/524/524
f 54/54/54 524/524/524 525/525/525
f 526/526/526 527/527/527 528/528/528
f 526/526/526 528/528/528 529/529/529
f 527/527/527 530/530/530 531/531/531
f 527/527/527 531/531/531 528/528/528
f 532/532/532 533/533/533 534/534/534
f 532/532/532 534/534/534 535/535/535
f 533/533/533 536/536/536 537/537/537
f 533/533/533 537/537/537 534/534/534
f 536/536/536 538/538/538 539/539/539
f 536/536/536 539/539/539 537/537/537
f 538/538/538 540/540/540 541/541/541
f 538/538/538 541/541/541 539/539/539
f 542/542/542 543/543/543 544/544/544
f 542/542/542 544/544/544 545/545/545
f 543/543/543 546/546/546 547/547/547
f 543/543/543 547/547/547 544/544/544
f 63/63/63 64/64/64 548/548/548
f 63/63/63 548/548/548 549/549/549
f 64/64/64 65/65/65 550/550/550
f 64/64/64 550/550/550 548/548/548
f 65/65/65 54/54/54 525/525/525
f 65/65/65 525/525/525 550/550/550
f 550/550/550 525/525/525 551/551/551
f 550/550/550 551/551/551 552/552/552
f 548/548/548 550/550/550 552/552/552
f 548/548/548 552/552/552 553/553/553
f 549/549/549 548/548/548 553/553/553
f 549/549/549 553/553/553 554/554/554
f 544/544/544 547/547/547 555/555/555
f 544/544/544 555/555/555 556/556/556
f 545/545/545 544/544/544 556/556/556
f 545/545/545 556/556/556 557/557/557
f 539/539/539 541/541/541 558/558/558
f 539/539/539 558/558/558 559/559/559
f 537/537/537 539/539/539 559/559/559
f 537/537/537 559/559/559 560/560/560
f 534/534/534 537/537/537 560/560/560
f 534/534/534 560/560/560 561/561/561
f 535/535/535 534/534/534 561/561/561
f 535/535/535 561/561/561 562/562/562
f 528/528/528 531/531/531 563/563/563
f 528/528/528 563/563/563 564/564/564
f 529/529/529 528/528/528 564/564/564
f 529/529/529 564/564/564 565/565/565
f 525/525/525 524/524/524 566/566/566
f 525/525/525 566/566/566 551/551/551
f 567/567/567 568/568/568 569/569/569
f 567/567/567 569/569/569 570/570/570
f 568/568/568 571/571/571 572/572/572
f 568/568/568 572/572/572 569/569/569
f 571/571/571 573/573/573 574/574/574
f 571/571/571 574/574/574 572/572/572
f 573/573/573 575/575/575 576/576/576
f 573/573/573 576/576/576 574/574/574
f 577/577/577 578/578/578 579/579/579
f 577/577/577 579/579/579 580/580/580
f 578/578/578 581/581/581 582/582/582
f 578/578/578 582/582/582 579/579/579
f 583/583/583 584/584/584 585/585/585
f 583/583/583 585/585/585 586/586/586
f 584/584/584 587/587/587 588/588/588
f 584/584/584 588/588/588 585/585/585
f 587/587/587 589/589/589 590/590/590
f 587/587/587 590/590/590 588/588/588
f 589/589/589 591/591/591 592/592/592
f 589/589/589 592/592/592 590/590/590
f 593/593/593 594/594/594 595/595/595
f 593/593/593 595/595/595 596/596/596
f 594/594/594 597/597/597 598/598/598
f 594/594/594 598/598/598 595/595/595
f 599/599/599 600/600/600 601/601/601
f 599/599/599 601/601/601 602/602/602
f 600/600/600 603/603/603 604/604/604
f 600/600/600 604/604/604 601/601/601
f 603/603/603 605/605/605 606/606/606
f 603/603/603 606/606/606 604/604/604
f 605/605/605 607/607/607 608/608/608
f 605/605/605 608/608/608 606/606/606
f 607/607/607 609/609/609 610/610/610
f 607/607/607 610/610/610 608/608/608
f 609/609/609 611/611/611 612/612/612
f 609/609/609 612/612/612 610/610/610
f 611/611/611 613/613/613 614/614/614
f 611/611/611 614/614/614 612/612/612
f 613/613/613 615/615/615 616/616/616
f 613/613/613 616/616/616 614/614/614
f 615/615/615 617/617/617 618/618/618
f 615/615/615 618/618/618 616/616/616
f 617/617/617 619/619/619 620/620/620
f 617/617/617 620/620/620 618/618/618
f 619/619/619 621/621/621 622/622/622
f 619/619/619 622/622/622 620/620/620
f 621/621/621 599/599/599 602/602/602
f 621/621/621 602/602/602 622/622/622
f 623/623/623 624/624/624 625/625/625
f 623/623/623 625/625/625 626/626/626
f 624/624/624 627/627/627 628/628/628
f 624/624/624 628/628/628 625/625/625
f 627/627/627 629/629/629 630/630/630
f 627/627/627 630/630/630 628/628/628
f 629/629/629 631/631/631 632/632/632
f 629/629/629 632/632/632 630/630/630
f 631/631/631 633/633/633 634/634/634
f 631/631/631 634/634/634 632/632/632
f 633/633/633 635/635/635 636/636/636
f 633/633/633 636/636/636 634/634/634
f 635/635/635 637/637/637 638/638/638
f 635/635/635 638/638/638 636/636/636
f 637/637/637 639/639/639 640/640/640
f 637/637/637 640/640/640 638/638/638
f 639/639/639 641/641/641 642/642/642
f 639/639/639 642/642/642 640/640/640
f 641/641/641 643/643/643 644/644/644
f 641/641/641 644/644/644 642/642/642
f 643/643/643 645/645/645 646/646/646
f 643/643/643 646/646/646 644/644/644
f 645/645/645 623/623/623 626/626/626
f 645/645/645 626/626/626 646/646/646
f 647/647/647 648/648/648 649/649/649
f 647/647/647 649/649/649 650/650/650
f 648/648/648 651/651/651 652/652/652
f 648/648/648 652/652/652 649/649/649
f 651/651/651 653/653/653 654/654/654
f 651/651/651 654/654/654 652/652/652
f 653/653/653 655/655/655 656/656/656
f 653/653/653 656/656/656 654/654/654
f 657/657/657 658/658/658 659/659/659
f 657/657/657 659/659/659 660/660/660
f 658/658/658 661/661/661 662/662/662
f 658/658/658 662/662/662 659/659/659
f 663/663/663 664/664/664 665/665/665
f 663/663/663 665/665/665 666/666/666
f 664/664/664 667/667/667 668/668/668
f 664/664/664 668/668/668 665/665/665
f 667/667/667 669/669/669 670/670/670
f 667/667/667 670/670/670 668/668/668
f 669/669/669 671/671/671 672/672/672
f 669/669/669 672/672/672 670/670/670
f 673/673/673 674/674/674 675/675/675
f 673/673/673 675/675/675 676/676/676
f 674/674/674 677/677/677 678/678/678
f 674/674/674 678/678/678 675/675/675
f 679/679/679 680/680/680 681/681/681
f 679/679/679 681/681/681 682/682/682
f 683/683/683 684/684/684 685/685/685
f 683/683/683 685/685/685 686/686/686
f 684/684/684 687/687/687 688/688/688
f 684/684/684 688/688/688 685/685/685
f 687/687/687 689/689/689 690/690/690
f 687/687/687 690/690/690 688/688/688
f 689/689/689 691/691/691 692/692/692
f 689/689/689 692/692/692 690/690/690
f 693/693/693 694/694/694 695/695/695
f 693/693/693 695/695/695 696/696/696
f 694/694/694 697/697/697 698/698/698
f 694/694/694 698/698/698 695/695/695
f 699/699/699 700/700/700 701/701/701
f 699/699/699 701/701/701 702/702/702
f 700/700/700 703/703/703 704/704/704
f 700/700/700 704/704/704 701/701/701
f 703/703/703 705/705/705 706/706/706
f 703/703/703 706/706/706 704/704/704
f 705/705/705 707/707/707 708/708/708
f 705/705/705 708/708/708 706/706/706
f 709/709/709 679/679/679 682/682/682
f 709/709/709 682/682/682 710/710/710
f 567/567/567 711/711/711 712/712/712
f 567/567/567 712/712/712 568/568/568
f 713/713/713 621/621/621 619/619/619
f 713/713/713 619/619/619 714/714/714
f 568/568/568 712/712/712 715/715/715
f 568/568/568 715/715/715 571/571/571
f 714/714/714 619/619/619 617/617/617
f 714/714/714 617/617/617 716/716/716
f 571/571/571 715/715/715 717/717/717
f 571/571/571 717/717/717 573/573/573
f 716/716/716 617/617/617 615/615/615
f 716/716/716 615/615/615 718/718/718
f 573/573/573 717/717/717 719/719/719
f 573/573/573 719/719/719 575/575/575
f 718/718/718 615/615/615 613/613/613
f 718/718/718 613/613/613 720/720/720
f 577/577/577 721/721/721 722/722/722
f 577/577/577 722/722/722 578/578/578
f 720/720/720 613/613/613 611/611/611
f 720/720/720 611/611/611 723/723/723
f 578/578/578 722/722/722 724/724/724
f 578/578/578 724/724/724 581/581/581
f 723/723/723 611/611/611 609/609/609
f 723/723/723 609/609/609 725/725/725
f 583/583/583 726/726/726 727/727/727
f 583/583/583 727/727/727 584/584/584
f 725/725/725 609/609/609 607/607/607
f 725/725/725 607/607/607 728/728/728
f 584/584/584 727/727/727 729/729/729
f 584/584/584 729/729/729 587/587/587
f 728/728/728 607/607/607 605/605/605
f 728/728/728 605/605/605 730/730/730
f 587/587/587 729/729/729 731/731/731
f 587/587/587 731/731/731 589/589/589
f 730/730/730 605/605/605 603/603/603
f 730/730/730 603/603/603 732/732/732
f 589/589/589 731/731/731 733/733/733
f 589/589/589 733/733/733 591/591/591
f 732/732/732 603/603/603 600/600/600
f 732/732/732 600/600/600 734/734/734
f 593/593/593 735/735/735 736/736/736
f 593/593/593 736/736/736 594/594/594
f 734/734/734 600/600/600 599/599/599
f 734/734/734 599/599/599 737/737/737
f 621/621/621 713/713/713 737/737/737
f 621/621/621 737/737/737 599/599/599
f 738/738/738 597/597/597 594/594/594
f 738/738/738 594/594/594 736/736/736
f 598/598/598 739/739/739 740/740/740
f 598/598/598 740/740/740 595/595/595
f 741/741/741 624/624/624 623/623/623
f 741/741/741 623/623/623 742/742/742
f 624/624/624 741/741/741 743/743/743
f 624/624/624 743/743/743 627/627/627
f 744/744/744 570/570/570 569/569/569
f 744/744/744 569/569/569 745/745/745
f 627/627/627 743/743/743 746/746/746
f 627/627/627 746/746/746 629/629/629
f 745/745/745 569/569/569 572/572/572
f 745/745/745 572/572/572 747/747/747
f 629/629/629 746/746/746 748/748/748
f 629/629/629 748/748/748 631/631/631
f 747/747/747 572/572/572 574/574/574
f 747/747/747 574/574/574 749/749/749
f 631/631/631 748/748/748 750/750/750
f 631/631/631 750/750/750 633/633/633
f 749/749/749 574/574/574 576/576/576
f 749/749/749 576/576/576 751/751/751
f 633/633/633 750/750/750 752/752/752
f 633/633/633 752/752/752 635/635/635
f 753/753/753 580/580/580 579/579/579
f 753/753/753 579/579/579 754/754/754
f 635/635/635 752/752/752 755/755/755
f 635/635/635 755/755/755 637/637/637
f 754/754/754 579/579/579 582/582/582
f 754/754/754 582/582/582 756/756/756
f 637/637/637 755/755/755 757/757/757
f 637/637/637 757/757/757 639/639/639
f 758/758/758 586/586/586 585/585/585
f 758/758/758 585/585/585 759/759/759
f 639/639/639 757/757/757 760/760/760
f 639/639/639 760/760/760 641/641/641
f 759/759/759 585/585/585 588/588/588
f 759/759/759 588/588/588 761/761/761
f 641/641/641 760/760/760 762/762/762
f 641/641/641 762/762/762 643/643/643
f 761/761/761 588/588/588 590/590/590
f 761/761/761 590/590/590 763/763/763
f 643/643/643 762/762/762 764/764/764
f 643/643/643 764/764/764 645/645/645
f 763/763/763 590/590/590 592/592/592
f 763/763/763 592/592/592 765/765/765
f 645/645/645 764/764/764 742/742/742
f 645/645/645 742/742/742 623/623/623
f 766/766/766 596/596/596 595/595/595
f 766/766/766 595/595/595 740/740/740
f 601/601/601 767/767/767 768/768/768
f 601/601/601 768/768/768 602/602/602
f 769/769/769 677/677/677 674/674/674
f 769/769/769 674/674/674 770/770/770
f 602/602/602 768/768/768 771/771/771
f 602/602/602 771/771/771 622/622/622
f 770/770/770 674/674/674 673/673/673
f 770/770/770 673/673/673 772/772/772
f 647/647/647 773/773/773 774/774/774
f 647/647/647 774/774/774 648/648/648
f 767/767/767 601/601/601 604/604/604
f 767/767/767 604/604/604 775/775/775
f 648/648/648 774/774/774 776/776/776
f 648/648/648 776/776/776 651/651/651
f 775/775/775 604/604/604 606/606/606
f 775/775/775 606/606/606 777/777/777
f 651/651/651 776/776/776 778/778/778
f 651/651/651 778/778/778 653/653/653
f 777/777/777 606/606/606 608/608/608
f 777/777/777 608/608/608 779/779/779
f 653/653/653 778/778/778 780/780/780
f 653/653/653 780/780/780 655/655/655
f 779/779/779 608/608/608 610/610/610
f 779/779/779 610/610/610 781/781/781
f 657/657/657 782/782/782 783/783/783
f 657/657/657 783/783/783 658/658/658
f 781/781/781 610/610/610 612/612/612
f 781/781/781 612/612/612 784/784/784
f 658/658/658 783/783/783 785/785/785
f 658/658/658 785/785/785 661/661/661
f 784/784/784 612/612/612 614/614/614
f 784/784/784 614/614/614 786/786/786
f 663/663/663 787/787/787 788/788/788
f 663/663/663 788/788/788 664/664/664
f 786/786/786 614/614/614 616/616/616
f 786/786/786 616/616/616 789/789/789
f 664/664/664 788/788/788 790/790/790
f 664/664/664 790/790/790 667/667/667
f 789/789/789 616/616/616 618/618/618
f 789/789/789 618/618/618 791/791/791
f 667/667/667 790/790/790 792/792/792
f 667/667/667 792/792/792 669/669/669
f 791/791/791 618/618/618 620/620/620
f 791/791/791 620/620/620 793/793/793
f 669/669/669 792/792/792 794/794/794
f 669/669/669 794/794/794 671/671/671
f 793/793/793 620/620/620 622/622/622
f 793/793/793 622/622/622 771/771/771
f 625/625/625 795/795/795 796/796/796
f 625/625/625 796/796/796 626/626/626
f 797/797/797 680/680/680 679/679/679
f 797/797/797 679/679/679 798/798/798
f 626/626/626 796/796/796 799/799/799
f 626/626/626 799/799/799 646/646/646
f 798/798/798 679/679/679 709/709/709
f 798/798/798 709/709/709 800/800/800
f 683/683/683 801/801/801 802/802/802
f 683/683/683 802/802/802 684/684/684
f 795/795/795 625/625/625 628/628/628
f 795/795/795 628/628/628 803/803/803
f 684/684/684 802/802/802 804/804/804
f 684/684/684 804/804/804 687/687/687
f 803/803/803 628/628/628 630/630/630
f 803/803/803 630/630/630 805/805/805
f 687/687/687 804/804/804 806/806/806
f 687/687/687 806/806/806 689/689/689
f 805/805/805 630/630/630 632/632/632
f 805/805/805 632/632/632 807/807/807
f 689/689/689 806/806/806 808/808/808
f 689/689/689 808/808/808 691/691/691
f 807/807/807 632/632/632 634/634/634
f 807/807/807 634/634/634 809/809/809
f 693/693/693 810/810/810 811/811/811
f 693/693/693 811/811/811 694/694/694
f 809/809/809 634/634/634 636/636/636
f 809/809/809 636/636/636 812/812/812
f 694/694/694 811/811/811 813/813/813
f 694/694/694 813/813/813 697/697/697
f 812/812/812 636/636/636 638/638/638
f 812/812/812 638/638/638 814/814/814
f 699/699/699 815/815/815 816/816/816
f 699/699/699 816/816/816 700/700/700
f 814/814/814 638/638/638 640/640/640
f 814/814/814 640/640/640 817/817/817
f 700/700/700 816/816/816 818/818/818
f 700/700/700 818/818/818 703/703/703
f 817/817/817 640/640/640 642/642/642
f 817/817/817 642/642/642 819/819/819
f 703/703/703 818/818/818 820/820/820
f 703/703/703 820/820/820 705/705/705
f 819/819/819 642/642/642 644/644/644
f 819/819/819 644/644/644 821/821/821
f 705/705/705 820/820/820 822/822/822
f 705/705/705 822/822/822 707/707/707
f 821/821/821 644/644/644 646/646/646
f 821/821/821 646/646/646 799/799/799
f 823/823/823 824/824/824 825/825/825
f 823/823/823 825/825/825 826/826/826
f 827/827/827 80/80/80 79/79/79
f 827/827/827 79/79/79 828/828/828
f 829/829/829 830/830/830 831/831/831
f 829/829/829 831/831/831 832/832/832
f 828/828/828 79/79/79 82/82/82
f 828/828/828 82/82/82 833/833/833
f 832/832/832 831/831/831 834/834/834
f 832/832/832 834/834/834 835/835/835
f 833/833/833 82/82/82 83/83/83
f 833/833/833 83/83/83 836/836/836
f 837/837/837 838/838/838 839/839/839
f 837/837/837 839/839/839 840/840/840
f 836/836/836 83/83/83 84/84/84
f 836/836/836 84/84/84 841/841/841
f 840/840/840 839/839/839 842/842/842
f 840/840/840 842/842/842 843/843/843
f 841/841/841 84/84/84 85/85/85
f 841/841/841 85/85/85 844/844/844
f 843/843/843 842/842/842 845/845/845
f 843/843/843 845/845/845 846/846/846
f 844/844/844 85/85/85 86/86/86
f 844/844/844 86/86/86 847/847/847
f 846/846/846 845/845/845 848/848/848
f 846/846/846 848/848/848 849/849/849
f 847/847/847 86/86/86 87/87/87
f 847/847/847 87/87/87 850/850/850
f 851/851/851 852/852/852 853/853/853
f 851/851/851 853/853/853 854/854/854
f 850/850/850 87/87/87 88/88/88
f 850/850/850 88/88/88 855/855/855
f 854/854/854 853/853/853 856/856/856
f 854/854/854 856/856/856 857/857/857
f 855/855/855 88/88/88 89/89/89
f 855/855/855 89/89/89 858/858/858
f 859/859/859 860/860/860 861/861/861
f 859/859/859 861/861/861 862/862/862
f 858/858/858 89/89/89 90/90/90
f 858/858/858 90/90/90 863/863/863
f 862/862/862 861/861/861 864/864/864
f 862/862/862 864/864/864 865/865/865
f 863/863/863 90/90/90 91/91/91
f 863/863/863 91/91/91 866/866/866
f 80/80/80 827/827/827 866/866/866
f 80/80/80 866/866/866 91/91/91
f 824/824/824 823/823/823 865/865/865
f 824/824/824 865/865/865 864/864/864
f 867/867/867 868/868/868 869/869/869
f 867/867/867 869/869/869 870/870/870
f 868/868/868 871/871/871 872/872/872
f 868/868/868 872/872/872 869/869/869
f 873/873/873 94/94/94 93/93/93
f 873/873/873 93/93/93 874/874/874
f 874/874/874 93/93/93 104/104/104
f 874/874/874 104/104/104 875/875/875
f 870/870/870 869/869/869 876/876/876
f 870/870/870 876/876/876 877/877/877
f 869/869/869 872/872/872 878/878/878
f 869/869/869 878/878/878 876/876/876
f 875/875/875 104/104/104 103/103/103
f 875/875/875 103/103/103 879/879/879
f 877/877/877 876/876/876 880/880/880
f 877/877/877 880/880/880 881/881/881
f 876/876/876 878/878/878 882/882/882
f 876/876/876 882/882/882 880/880/880
f 879/879/879 103/103/103 102/102/102
f 879/879/879 102/102/102 883/883/883
f 881/881/881 880/880/880 884/884/884
f 881/881/881 884/884/884 885/885/885
f 880/880/880 882/882/882 886/886/886
f 880/880/880 886/886/886 884/884/884
f 883/883/883 102/102/102 101/101/101
f 883/883/883 101/101/101 887/887/887
f 888/888/888 889/889/889 890/890/890
f 888/888/888 890/890/890 891/891/891
f 892/892/892 883/883/883 887/887/887
f 892/892/892 887/887/887 893/893/893
f 887/887/887 101/101/101 100/100/100
f 887/887/887 100/100/100 894/894/894
f 891/891/891 890/890/890 895/895/895
f 891/891/891 895/895/895 896/896/896
f 893/893/893 887/887/887 894/894/894
f 893/893/893 894/894/894 897/897/897
f 894/894/894 100/100/100 99/99/99
f 894/894/894 99/99/99 898/898/898
f 899/899/899 900/900/900 901/901/901
f 899/899/899 901/901/901 902/902/902
f 900/900/900 903/903/903 904/904/904
f 900/900/900 904/904/904 901/901/901
f 898/898/898 99/99/99 98/98/98
f 898/898/898 98/98/98 905/905/905
f 902/902/902 901/901/901 906/906/906
f 902/902/902 906/906/906 907/907/907
f 901/901/901 904/904/904 908/908/908
f 901/901/901 908/908/908 906/906/906
f 905/905/905 98/98/98 97/97/97
f 905/905/905 97/97/97 909/909/909
f 907/907/907 906/906/906 910/910/910
f 907/907/907 910/910/910 911/911/911
f 906/906/906 908/908/908 912/912/912
f 906/906/906 912/912/912 910/910/910
f 909/909/909 97/97/97 96/96/96
f 909/909/909 96/96/96 913/913/913
f 911/911/911 910/910/910 914/914/914
f 911/911/911 914/914/914 915/915/915
f 910/910/910 912/912/912 916/916/916
f 910/910/910 916/916/916 914/914/914
f 913/913/913 96/96/96 95/95/95
f 913/913/913 95/95/95 917/917/917
f 918/918/918 919/919/919 920/920/920
f 918/918/918 920/920/920 921/921/921
f 922/922/922 913/913/913 917/917/917
f 922/922/922 917/917/917 923/923/923
f 94/94/94 873/873/873 917/917/917
f 94/94/94 917/917/917 95/95/95
f 873/873/873 924/924/924 923/923/923
f 873/873/873 923/923/923 917/917/917
f 925/925/925 926/926/926 921/921/921
f 925/925/925 921/921/921 920/920/920
f 927/927/927 928/928/928 929/929/929
f 927/927/927 929/929/929 930/930/930
f 931/931/931 932/932/932 933/933/933
f 931/931/931 933/933/933 934/934/934
f 930/930/930 929/929/929 935/935/935
f 930/930/930 935/935/935 936/936/936
f 936/936/936 935/935/935 937/937/937
f 936/936/936 937/937/937 938/938/938
f 938/938/938 937/937/937 939/939/939
f 938/938/938 939/939/939 940/940/940
f 941/941/941 942/942/942 943/943/943
f 941/941/941 943/943/943 944/944/944
f 944/944/944 943/943/943 945/945/945
f 944/944/944 945/945/945 946/946/946
f 946/946/946 945/945/945 947/947/947
f 946/946/946 947/947/947 948/948/948
f 949/949/949 950/950/950 951/951/951
f 949/949/949 951/951/951 952/952/952
f 952/952/952 951/951/951 953/953/953
f 952/952/952 953/953/953 954/954/954
f 955/955/955 956/956/956 957/957/957
f 955/955/955 957/957/957 958/958/958
f 958/958/958 957/957/957 934/934/934
f 958/958/958 934/934/934 933/933/933
f 959/959/959 960/960/960 961/961/961
f 959/959/959 961/961/961 962/962/962
f 963/963/963 964/964/964 965/965/965
f 963/963/963 965/965/965 966/966/966
f 962/962/962 961/961/961 967/967/967
f 962/962/962 967/967/967 968/968/968
f 968/968/968 967/967/967 969/969/969
f 968/968/968 969/969/969 970/970/970
f 970/970/970 969/969/969 971/971/971
f 970/970/970 971/971/971 972/972/972
f 973/973/973 974/974/974 975/975/975
f 973/973/973 975/975/975 976/976/976
f 976/976/976 975/975/975 977/977/977
f 976/976/976 977/977/977 978/978/978
f 978/978/978 977/977/977 979/979/979
f 978/978/978 979/979/979 980/980/980
f 981/981/981 982/982/982 983/983/983
f 981/981/981 983/983/983 984/984/984
f 984/984/984 983/983/983 985/985/985
f 984/984/984 985/985/985 986/986/986
f 986/986/986 985/985/985 987/987/987
f 986/986/986 987/987/987 988/988/988
f 989/989/989 990/990/990 966/966/966
f 989/989/989 966/966/966 965/965/965
f 823/823/823 826/826/826 927/927/927
f 823/823/823 927/927/927 930/930/930
f 829/829/829 832/832/832 991/991/991
f 829/829/829 991/991/991 992/992/992
f 832/832/832 835/835/835 993/993/993
f 832/832/832 993/993/993 991/991/991
f 837/837/837 840/840/840 954/954/954
f 837/837/837 954/954/954 994/994/994
f 840/840/840 843/843/843 952/952/952
f 840/840/840 952/952/952 954/954/954
f 843/843/843 846/846/846 949/949/949
f 843/843/843 949/949/949 952/952/952
f 846/846/846 849/849/849 995/995/995
f 846/846/846 995/995/995 949/949/949
f 851/851/851 854/854/854 996/996/996
f 851/851/851 996/996/996 997/997/997
f 854/854/854 857/857/857 998/998/998
f 854/854/854 998/998/998 996/996/996
f 859/859/859 862/862/862 938/938/938
f 859/859/859 938/938/938 5693/5693/5693
f 862/862/862 865/865/865 936/936/936
f 862/862/862 936/936/936 938/938/938
f 865/865/865 823/823/823 930/930/930
f 865/865/865 930/930/930 936/936/936
f 999/999/999 931/931/931 964/964/964
f 999/999/999 964/964/964 1000/1000/1000
f 1001/1001/1001 999/999/999 1000/1000/1000
f 1001/1001/1001 1000/1000/1000 1002/1002/1002
f 1003/1003/1003 1001/1001/1001 1002/1002/1002
f 1003/1003/1003 1002/1002/1002 1004/1004/1004
f 942/942/942 1003/1003/1003 1004/1004/1004
f 942/942/942 1004/1004/1004 973/973/973
f 943/943/943 942/942/942 973/973/973
f 943/943/943 973/973/973 976/976/976
f 945/945/945 943/943/943 976/976/976
f 945/945/945 976/976/976 978/978/978
f 947/947/947 945/945/945 978/978/978
f 947/947/947 978/978/978 5750/5750/5750
f 1005/1005/1005 947/947/947 5750/5750/5750
f 1005/1005/1005 5750/5750/5750 1006/1006/1006
f 5704/5704/5704 1005/1005/1005 1006/1006/1006
f 5704/5704/5704 1006/1006/1006 1007/1007/1007
f 957/957/957 5704/5704/5704 1007/1007/1007
f 957/957/957 1007/1007/1007 989/989/989
f 934/934/934 957/957/957 989/989/989
f 934/934/934 989/989/989 965/965/965
f 931/931/931 934/934/934 965/965/965
f 931/931/931 965/965/965 964/964/964
f 961/961/961 5692/5692/5692 867/867/867
f 961/961/961 867/867/867 870/870/870
f 967/967/967 961/961/961 870/870/870
f 967/967/967 870/870/870 877/877/877
f 969/969/969 967/967/967 877/877/877
f 969/969/969 877/877/877 881/881/881
f 971/971/971 969/969/969 881/881/881
f 971/971/971 881/881/881 885/885/885
f 1008/1008/1008 1009/1009/1009 888/888/888
f 1008/1008/1008 888/888/888 891/891/891
f 1010/1010/1010 1008/1008/1008 891/891/891
f 1010/1010/1010 891/891/891 896/896/896
f 982/982/982 1011/1011/1011 899/899/899
f 982/982/982 899/899/899 902/902/902
f 983/983/983 982/982/982 902/902/902
f 983/983/983 902/902/902 907/907/907
f 985/985/985 983/983/983 907/907/907
f 985/985/985 907/907/907 911/911/911
f 987/987/987 985/985/985 911/911/911
f 987/987/987 911/911/911 915/915/915
f 1012/1012/1012 1013/1013/1013 918/918/918
f 1012/1012/1012 918/918/918 921/921/921
f 1014/1014/1014 1012/1012/1012 921/921/921
f 1014/1014/1014 921/921/921 926/926/926
f 112/112/112 1015/1015/1015 1016/1016/1016
f 112/112/112 1016/1016/1016 1017/1017/1017
f 112/112/112 1017/1017/1017 1018/1018/1018
f 112/112/112 1018/1018/1018 1019/1019/1019
f 112/112/112 1019/1019/1019 1020/1020/1020
f 112/112/112 1020/1020/1020 1021/1021/1021
f 112/112/112 1021/1021/1021 1022/1022/1022
f 112/112/112 1022/1022/1022 1023/1023/1023
f 112/112/112 1023/1023/1023 1024/1024/1024
f 112/112/112 1024/1024/1024 1025/1025/1025
f 112/112/112 1025/1025/1025 106/106/106
f 112/112/112 106/106/106 105/105/105
f 1026/1026/1026 1025/1025/1025 1024/1024/1024
f 1026/1026/1026 1024/1024/1024 1027/1027/1027
f 1028/1028/1028 1024/1024/1024 1023/1023/1023
f 1028/1028/1028 1023/1023/1023 1029/1029/1029
f 1030/1030/1030 1023/1023/1023 1022/1022/1022
f 1030/1030/1030 1022/1022/1022 1031/1031/1031
f 1032/1032/1032 1022/1022/1022 1021/1021/1021
f 1032/1032/1032 1021/1021/1021 1033/1033/1033
f 1034/1034/1034 1021/1021/1021 1020/1020/1020
f 1034/1034/1034 1020/1020/1020 1035/1035/1035
f 1036/1036/1036 1020/1020/1020 1019/1019/1019
f 1036/1036/1036 1019/1019/1019 1037/1037/1037
f 1038/1038/1038 1019/1019/1019 1018/1018/1018
f 1038/1038/1038 1018/1018/1018 1039/1039/1039
f 1040/1040/1040 1018/1018/1018 1017/1017/1017
f 1040/1040/1040 1017/1017/1017 1041/1041/1041
f 1042/1042/1042 1017/1017/1017 1016/1016/1016
f 1042/1042/1042 1016/1016/1016 1043/1043/1043
f 1044/1044/1044 1016/1016/1016 1015/1015/1015
f 1044/1044/1044 1015/1015/1015 1045/1045/1045
f 1046/1046/1046 5725/5725/5725 1047/1047/1047
f 1046/1046/1046 1047/1047/1047 1048/1048/1048
f 1049/1049/1049 5690/5690/5690 1050/1050/1050
f 1049/1049/1049 1050/1050/1050 1051/1051/1051
f 1052/1052/1052 1026/1026/1026 1027/1027/1027
f 1052/1052/1052 1027/1027/1027 1053/1053/1053
f 1054/1054/1054 1028/1028/1028 1029/1029/1029
f 1054/1054/1054 1029/1029/1029 1055/1055/1055
f 1056/1056/1056 1030/1030/1030 1031/1031/1031
f 1056/1056/1056 1031/1031/1031 1057/1057/1057
f 1058/1058/1058 1032/1032/1032 1033/1033/1033
f 1058/1058/1058 1033/1033/1033 1059/1059/1059
f 1060/1060/1060 1034/1034/1034 1035/1035/1035
f 1060/1060/1060 1035/1035/1035 1061/1061/1061
f 1062/1062/1062 1036/1036/1036 1037/1037/1037
f 1062/1062/1062 1037/1037/1037 1063/1063/1063
f 1064/1064/1064 1038/1038/1038 1039/1039/1039
f 1064/1064/1064 1039/1039/1039 1065/1065/1065
f 1066/1066/1066 1040/1040/1040 1041/1041/1041
f 1066/1066/1066 1041/1041/1041 1067/1067/1067
f 1068/1068/1068 1042/1042/1042 1043/1043/1043
f 1068/1068/1068 1043/1043/1043 1069/1069/1069
f 1070/1070/1070 1044/1044/1044 1045/1045/1045
f 1070/1070/1070 1045/1045/1045 1071/1071/1071
f 1072/1072/1072 1046/1046/1046 1048/1048/1048
f 1072/1072/1072 1048/1048/1048 1073/1073/1073
f 112/112/112 105/105/105 109/109/109
f 112/112/112 109/109/109 108/108/108
f 1074/1074/1074 107/107/107 106/106/106
f 1074/1074/1074 106/106/106 1075/1075/1075
f 1076/1076/1076 110/110/110 109/109/109
f 1076/1076/1076 109/109/109 1077/1077/1077
f 1078/1078/1078 1049/1049/1049 1051/1051/1051
f 1078/1078/1078 1051/1051/1051 1079/1079/1079
f 1080/1080/1080 1076/1076/1076 1077/1077/1077
f 1080/1080/1080 1077/1077/1077 1081/1081/1081
f 1082/1082/1082 1074/1074/1074 1075/1075/1075
f 1082/1082/1082 1075/1075/1075 1083/1083/1083
f 1084/1084/1084 1052/1052/1052 1053/1053/1053
f 1084/1084/1084 1053/1053/1053 1085/1085/1085
f 1086/1086/1086 1054/1054/1054 1055/1055/1055
f 1086/1086/1086 1055/1055/1055 1087/1087/1087
f 1088/1088/1088 1056/1056/1056 1057/1057/1057
f 1088/1088/1088 1057/1057/1057 1089/1089/1089
f 1090/1090/1090 1058/1058/1058 1059/1059/1059
f 1090/1090/1090 1059/1059/1059 1091/1091/1091
f 1092/1092/1092 1060/1060/1060 1061/1061/1061
f 1092/1092/1092 1061/1061/1061 1093/1093/1093
f 1094/1094/1094 1062/1062/1062 1063/1063/1063
f 1094/1094/1094 1063/1063/1063 1095/1095/1095
f 1096/1096/1096 1064/1064/1064 1065/1065/1065
f 1096/1096/1096 1065/1065/1065 1097/1097/1097
f 1098/1098/1098 1066/1066/1066 1067/1067/1067
f 1098/1098/1098 1067/1067/1067 1099/1099/1099
f 1100/1100/1100 1068/1068/1068 1069/1069/1069
f 1100/1100/1100 1069/1069/1069 1101/1101/1101
f 1102/1102/1102 1070/1070/1070 1071/1071/1071
f 1102/1102/1102 1071/1071/1071 1103/1103/1103
f 1104/1104/1104 1072/1072/1072 1073/1073/1073
f 1104/1104/1104 1073/1073/1073 1105/1105/1105
f 1106/1106/1106 1078/1078/1078 1079/1079/1079
f 1106/1106/1106 1079/1079/1079 1107/1107/1107
f 116/116/116 112/112/112 113/113/113
f 116/116/116 113/113/113 114/114/114
f 1108/1108/1108 1106/1106/1106 1107/1107/1107
f 1108/1108/1108 1107/1107/1107 1109/1109/1109
f 1110/1110/1110 1080/1080/1080 1081/1081/1081
f 1110/1110/1110 1081/1081/1081 1111/1111/1111
f 1112/1112/1112 1082/1082/1082 1083/1083/1083
f 1112/1112/1112 1083/1083/1083 1113/1113/1113
f 1114/1114/1114 1084/1084/1084 1085/1085/1085
f 1114/1114/1114 1085/1085/1085 1115/1115/1115
f 1116/1116/1116 1086/1086/1086 1087/1087/1087
f 1116/1116/1116 1087/1087/1087 1117/1117/1117
f 1118/1118/1118 1088/1088/1088 1089/1089/1089
f 1118/1118/1118 1089/1089/1089 1119/1119/1119
f 1120/1120/1120 1090/1090/1090 1091/1091/1091
f 1120/1120/1120 1091/1091/1091 1121/1121/1121
f 1122/1122/1122 1092/1092/1092 1093/1093/1093
f 1122/1122/1122 1093/1093/1093 1123/1123/1123
f 1124/1124/1124 1094/1094/1094 1095/1095/1095
f 1124/1124/1124 1095/1095/1095 1125/1125/1125
f 1126/1126/1126 1096/1096/1096 1097/1097/1097
f 1126/1126/1126 1097/1097/1097 1127/1127/1127
f 1128/1128/1128 1098/1098/1098 1099/1099/1099
f 1128/1128/1128 1099/1099/1099 1129/1129/1129
f 1130/1130/1130 1100/1100/1100 1101/1101/1101
f 1130/1130/1130 1101/1101/1101 1131/1131/1131
f 1132/1132/1132 1102/1102/1102 1103/1103/1103
f 1132/1132/1132 1103/1103/1103 1133/1133/1133
f 1134/1134/1134 1104/1104/1104 1105/1105/1105
f 1134/1134/1134 1105/1105/1105 1135/1135/1135
f 1136/1136/1136 1108/1108/1108 1109/1109/1109
f 1136/1136/1136 1109/1109/1109 1137/1137/1137
f 1138/1138/1138 1110/1110/1110 1111/1111/1111
f 1138/1138/1138 1111/1111/1111 1139/1139/1139
f 1140/1140/1140 1112/1112/1112 1113/1113/1113
f 1140/1140/1140 1113/1113/1113 1141/1141/1141
f 1142/1142/1142 1114/1114/1114 1115/1115/1115
f 1142/1142/1142 1115/1115/1115 1143/1143/1143
f 1144/1144/1144 1116/1116/1116 1117/1117/1117
f 1144/1144/1144 1117/1117/1117 1145/1145/1145
f 1146/1146/1146 1118/1118/1118 1119/1119/1119
f 1146/1146/1146 1119/1119/1119 1147/1147/1147
f 1148/1148/1148 1120/1120/1120 1121/1121/1121
f 1148/1148/1148 1121/1121/1121 1149/1149/1149
f 1150/1150/1150 1122/1122/1122 1123/1123/1123
f 1150/1150/1150 1123/1123/1123 1151/1151/1151
f 1152/1152/1152 1124/1124/1124 1125/1125/1125
f 1152/1152/1152 1125/1125/1125 1153/1153/1153
f 1154/1154/1154 1126/1126/1126 1127/1127/1127
f 1154/1154/1154 1127/1127/1127 1155/1155/1155
f 1156/1156/1156 1128/1128/1128 1129/1129/1129
f 1156/1156/1156 1129/1129/1129 1157/1157/1157
f 1158/1158/1158 1130/1130/1130 1131/1131/1131
f 1158/1158/1158 1131/1131/1131 1159/1159/1159
f 121/121/121 1132/1132/1132 1133/1133/1133
f 121/121/121 1133/1133/1133 119/119/119
f 1160/1160/1160 1134/1134/1134 1135/1135/1135
f 1160/1160/1160 1135/1135/1135 1161/1161/1161
f 1162/1162/1162 1136/1136/1136 1137/1137/1137
f 1162/1162/1162 1137/1137/1137 1163/1163/1163
f 118/118/118 1138/1138/1138 1139/1139/1139
f 118/118/118 1139/1139/1139 1164/1164/1164
f 5755/5755/5755 1140/1140/1140 1141/1141/1141
f 5755/5755/5755 1141/1141/1141 1165/1165/1165
f 5763/5763/5763 1142/1142/1142 1143/1143/1143
f 5763/5763/5763 1143/1143/1143 1166/1166/1166
f 5767/5767/5767 1144/1144/1144 1145/1145/1145
f 5767/5767/5767 1145/1145/1145 1167/1167/1167
f 5743/5743/5743 1146/1146/1146 1147/1147/1147
f 5743/5743/5743 1147/1147/1147 1168/1168/1168
f 5705/5705/5705 1148/1148/1148 1149/1149/1149
f 5705/5705/5705 1149/1149/1149 1169/1169/1169
f 5771/5771/5771 1150/1150/1150 1151/1151/1151
f 5771/5771/5771 1151/1151/1151 1170/1170/1170
f 5732/5732/5732 1152/1152/1152 1153/1153/1153
f 5732/5732/5732 1153/1153/1153 1171/1171/1171
f 5775/5775/5775 1154/1154/1154 1155/1155/1155
f 5775/5775/5775 1155/1155/1155 1172/1172/1172
f 5779/5779/5779 1156/1156/1156 1157/1157/1157
f 5779/5779/5779 1157/1157/1157 1173/1173/1173
f 5783/5783/5783 1158/1158/1158 1159/1159/1159
f 5783/5783/5783 1159/1159/1159 1174/1174/1174
f 5694/5694/5694 5718/5718/5718 1160/1160/1160
f 5694/5694/5694 1160/1160/1160 1161/1161/1161
f 1175/1175/1175 116/116/116 1176/1176/1176
f 1175/1175/1175 1176/1176/1176 1177/1177/1177
f 1178/1178/1178 1179/1179/1179 1180/1180/1180
f 1178/1178/1178 1180/1180/1180 1181/1181/1181
f 1182/1182/1182 1178/1178/1178 1181/1181/1181
f 1182/1182/1182 1181/1181/1181 1183/1183/1183
f 1184/1184/1184 1185/1185/1185 1186/1186/1186
f 1184/1184/1184 1186/1186/1186 1187/1187/1187
f 1188/1188/1188 1184/1184/1184 123/123/123
f 1188/1188/1188 123/123/123 1189/1189/1189
f 1190/1190/1190 1184/1184/1184 1188/1188/1188
f 1190/1190/1190 1188/1188/1188 1191/1191/1191
f 1192/1192/1192 1188/1188/1188 1189/1189/1189
f 1192/1192/1192 1189/1189/1189 1193/1193/1193
f 1194/1194/1194 1189/1189/1189 123/123/123
f 1194/1194/1194 123/123/123 1195/1195/1195
f 1196/1196/1196 1189/1189/1189 1194/1194/1194
f 1196/1196/1196 1194/1194/1194 1197/1197/1197
f 1198/1198/1198 1194/1194/1194 1195/1195/1195
f 1198/1198/1198 1195/1195/1195 1199/1199/1199
f 1200/1200/1200 1195/1195/1195 123/123/123
f 1200/1200/1200 123/123/123 1201/1201/1201
f 1202/1202/1202 1195/1195/1195 1200/1200/1200
f 1202/1202/1202 1200/1200/1200 1203/1203/1203
f 1204/1204/1204 1200/1200/1200 1201/1201/1201
f 1204/1204/1204 1201/1201/1201 1205/1205/1205
f 1206/1206/1206 1201/1201/1201 123/123/123
f 1206/1206/1206 123/123/123 1207/1207/1207
f 1208/1208/1208 1201/1201/1201 1206/1206/1206
f 1208/1208/1208 1206/1206/1206 1209/1209/1209
f 1210/1210/1210 1206/1206/1206 1207/1207/1207
f 1210/1210/1210 1207/1207/1207 1211/1211/1211
f 1212/1212/1212 1207/1207/1207 123/123/123
f 1212/1212/1212 123/123/123 122/122/122
f 1213/1213/1213 1207/1207/1207 1212/1212/1212
f 1213/1213/1213 1212/1212/1212 1214/1214/1214
f 1215/1215/1215 1212/1212/1212 122/122/122
f 1215/1215/1215 122/122/122 1216/1216/1216
f 1217/1217/1217 122/122/122 124/124/124
f 1217/1217/1217 124/124/124 1218/1218/1218
f 1219/1219/1219 124/124/124 123/123/123
f 1219/1219/1219 123/123/123 1220/1220/1220
f 1221/1221/1221 1190/1190/1190 1191/1191/1191
f 1221/1221/1221 1191/1191/1191 1222/1222/1222
f 1223/1223/1223 1192/1192/1192 1193/1193/1193
f 1223/1223/1223 1193/1193/1193 1224/1224/1224
f 1225/1225/1225 1196/1196/1196 1197/1197/1197
f 1225/1225/1225 1197/1197/1197 1226/1226/1226
f 1227/1227/1227 1198/1198/1198 1199/1199/1199
f 1227/1227/1227 1199/1199/1199 1228/1228/1228
f 1229/1229/1229 1202/1202/1202 1203/1203/1203
f 1229/1229/1229 1203/1203/1203 1230/1230/1230
f 1231/1231/1231 1204/1204/1204 1205/1205/1205
f 1231/1231/1231 1205/1205/1205 1232/1232/1232
f 1233/1233/1233 1208/1208/1208 1209/1209/1209
f 1233/1233/1233 1209/1209/1209 1234/1234/1234
f 1235/1235/1235 1210/1210/1210 1211/1211/1211
f 1235/1235/1235 1211/1211/1211 1236/1236/1236
f 1237/1237/1237 1213/1213/1213 1214/1214/1214
f 1237/1237/1237 1214/1214/1214 1238/1238/1238
f 1239/1239/1239 1215/1215/1215 1216/1216/1216
f 1239/1239/1239 1216/1216/1216 1240/1240/1240
f 1241/1241/1241 1217/1217/1217 1218/1218/1218
f 1241/1241/1241 1218/1218/1218 1242/1242/1242
f 1243/1243/1243 1220/1220/1220 123/123/123
f 1243/1243/1243 123/123/123 128/128/128
f 127/127/127 1219/1219/1219 1220/1220/1220
f 127/127/127 1220/1220/1220 125/125/125
f 132/132/132 1243/1243/1243 128/128/128
f 132/132/132 128/128/128 130/130/130
f 1185/1185/1185 1244/1244/1244 1245/1245/1245
f 1185/1185/1185 1245/1245/1245 1186/1186/1186
f 1246/1246/1246 1221/1221/1221 1222/1222/1222
f 1246/1246/1246 1222/1222/1222 1247/1247/1247
f 1248/1248/1248 1223/1223/1223 1224/1224/1224
f 1248/1248/1248 1224/1224/1224 1249/1249/1249
f 1250/1250/1250 1225/1225/1225 1226/1226/1226
f 1250/1250/1250 1226/1226/1226 1251/1251/1251
f 1252/1252/1252 1227/1227/1227 1228/1228/1228
f 1252/1252/1252 1228/1228/1228 1253/1253/1253
f 1254/1254/1254 1229/1229/1229 1230/1230/1230
f 1254/1254/1254 1230/1230/1230 1255/1255/1255
f 1256/1256/1256 1231/1231/1231 1232/1232/1232
f 1256/1256/1256 1232/1232/1232 1257/1257/1257
f 1258/1258/1258 1233/1233/1233 1234/1234/1234
f 1258/1258/1258 1234/1234/1234 1259/1259/1259
f 1260/1260/1260 1235/1235/1235 1236/1236/1236
f 1260/1260/1260 1236/1236/1236 1261/1261/1261
f 1262/1262/1262 1237/1237/1237 1238/1238/1238
f 1262/1262/1262 1238/1238/1238 1263/1263/1263
f 1264/1264/1264 1239/1239/1239 1240/1240/1240
f 1264/1264/1264 1240/1240/1240 1265/1265/1265
f 1266/1266/1266 1241/1241/1241 1242/1242/1242
f 1266/1266/1266 1242/1242/1242 1267/1267/1267
f 1268/1268/1268 127/127/127 126/126/126
f 1268/1268/1268 126/126/126 1269/1269/1269
f 1270/1270/1270 132/132/132 131/131/131
f 1270/1270/1270 131/131/131 1271/1271/1271
f 133/133/133 123/123/123 135/135/135
f 133/133/133 135/135/135 134/134/134
f 1272/1272/1272 1273/1273/1273 1274/1274/1274
f 1272/1272/1272 1274/1274/1274 1275/1275/1275
f 1276/1276/1276 1246/1246/1246 1247/1247/1247
f 1276/1276/1276 1247/1247/1247 1277/1277/1277
f 1278/1278/1278 1248/1248/1248 1249/1249/1249
f 1278/1278/1278 1249/1249/1249 1279/1279/1279
f 1280/1280/1280 1250/1250/1250 1251/1251/1251
f 1280/1280/1280 1251/1251/1251 1281/1281/1281
f 1282/1282/1282 1252/1252/1252 1253/1253/1253
f 1282/1282/1282 1253/1253/1253 1283/1283/1283
f 1284/1284/1284 1254/1254/1254 1255/1255/1255
f 1284/1284/1284 1255/1255/1255 1285/1285/1285
f 1286/1286/1286 1256/1256/1256 1257/1257/1257
f 1286/1286/1286 1257/1257/1257 1287/1287/1287
f 1288/1288/1288 1258/1258/1258 1259/1259/1259
f 1288/1288/1288 1259/1259/1259 1289/1289/1289
f 1290/1290/1290 1260/1260/1260 1261/1261/1261
f 1290/1290/1290 1261/1261/1261 1291/1291/1291
f 1292/1292/1292 1262/1262/1262 1263/1263/1263
f 1292/1292/1292 1263/1263/1263 1293/1293/1293
f 1294/1294/1294 1264/1264/1264 1265/1265/1265
f 1294/1294/1294 1265/1265/1265 1295/1295/1295
f 1296/1296/1296 1266/1266/1266 1267/1267/1267
f 1296/1296/1296 1267/1267/1267 1297/1297/1297
f 1298/1298/1298 1268/1268/1268 1269/1269/1269
f 1298/1298/1298 1269/1269/1269 1299/1299/1299
f 1300/1300/1300 1270/1270/1270 1271/1271/1271
f 1300/1300/1300 1271/1271/1271 1301/1301/1301
f 1273/1273/1273 1302/1302/1302 1303/1303/1303
f 1273/1273/1273 1303/1303/1303 1274/1274/1274
f 1304/1304/1304 1276/1276/1276 1277/1277/1277
f 1304/1304/1304 1277/1277/1277 1305/1305/1305
f 1306/1306/1306 1278/1278/1278 1279/1279/1279
f 1306/1306/1306 1279/1279/1279 1307/1307/1307
f 1308/1308/1308 1280/1280/1280 1281/1281/1281
f 1308/1308/1308 1281/1281/1281 1309/1309/1309
f 1310/1310/1310 1282/1282/1282 1283/1283/1283
f 1310/1310/1310 1283/1283/1283 1311/1311/1311
f 1312/1312/1312 1284/1284/1284 1285/1285/1285
f 1312/1312/1312 1285/1285/1285 1313/1313/1313
f 1314/1314/1314 1286/1286/1286 1287/1287/1287
f 1314/1314/1314 1287/1287/1287 1315/1315/1315
f 1316/1316/1316 1288/1288/1288 1289/1289/1289
f 1316/1316/1316 1289/1289/1289 1317/1317/1317
f 1318/1318/1318 1290/1290/1290 1291/1291/1291
f 1318/1318/1318 1291/1291/1291 1319/1319/1319
f 1320/1320/1320 1292/1292/1292 1293/1293/1293
f 1320/1320/1320 1293/1293/1293 1321/1321/1321
f 1322/1322/1322 1294/1294/1294 1295/1295/1295
f 1322/1322/1322 1295/1295/1295 1323/1323/1323
f 1324/1324/1324 1296/1296/1296 1297/1297/1297
f 1324/1324/1324 1297/1297/1297 1325/1325/1325
f 1326/1326/1326 1298/1298/1298 1299/1299/1299
f 1326/1326/1326 1299/1299/1299 1327/1327/1327
f 1328/1328/1328 1300/1300/1300 1301/1301/1301
f 1328/1328/1328 1301/1301/1301 1329/1329/1329
f 138/138/138 135/135/135 1330/1330/1330
f 138/138/138 1330/1330/1330 1331/1331/1331
f 1302/1302/1302 1332/1332/1332 1333/1333/1333
f 1302/1302/1302 1333/1333/1333 1303/1303/1303
f 5695/5695/5695 1304/1304/1304 1305/1305/1305
f 5695/5695/5695 1305/1305/1305 1334/1334/1334
f 5719/5719/5719 1306/1306/1306 1307/1307/1307
f 5719/5719/5719 1307/1307/1307 1335/1335/1335
f 5788/5788/5788 1308/1308/1308 1309/1309/1309
f 5788/5788/5788 1309/1309/1309 1336/1336/1336
f 5784/5784/5784 1310/1310/1310 1311/1311/1311
f 5784/5784/5784 1311/1311/1311 1337/1337/1337
f 5780/5780/5780 1312/1312/1312 1313/1313/1313
f 5780/5780/5780 1313/1313/1313 1338/1338/1338
f 5776/5776/5776 1314/1314/1314 1315/1315/1315
f 5776/5776/5776 1315/1315/1315 1339/1339/1339
f 5733/5733/5733 1316/1316/1316 1317/1317/1317
f 5733/5733/5733 1317/1317/1317 1340/1340/1340
f 5772/5772/5772 1318/1318/1318 1319/1319/1319
f 5772/5772/5772 1319/1319/1319 1341/1341/1341
f 5706/5706/5706 1320/1320/1320 1321/1321/1321
f 5706/5706/5706 1321/1321/1321 1342/1342/1342
f 5744/5744/5744 1322/1322/1322 1323/1323/1323
f 5744/5744/5744 1323/1323/1323 1343/1343/1343
f 5768/5768/5768 1324/1324/1324 1325/1325/1325
f 5768/5768/5768 1325/1325/1325 1344/1344/1344
f 5764/5764/5764 1326/1326/1326 1327/1327/1327
f 5764/5764/5764 1327/1327/1327 1345/1345/1345
f 5756/5756/5756 1328/1328/1328 1329/1329/1329
f 5756/5756/5756 1329/1329/1329 5741/5741/5741
f 1346/1346/1346 123/123/123 1347/1347/1347
f 1346/1346/1346 1347/1347/1347 1348/1348/1348
f 1349/1349/1349 1350/1350/1350 1351/1351/1351
f 1349/1349/1349 1351/1351/1351 1352/1352/1352
f 1353/1353/1353 1349/1349/1349 1352/1352/1352
f 1353/1353/1353 1352/1352/1352 1354/1354/1354
f 1355/1355/1355 1356/1356/1356 1357/1357/1357
f 1355/1355/1355 1357/1357/1357 1358/1358/1358
f 1359/1359/1359 1360/1360/1360 1361/1361/1361
f 1359/1359/1359 1361/1361/1361 1362/1362/1362
f 1363/1363/1363 1364/1364/1364 1365/1365/1365
f 1363/1363/1363 1365/1365/1365 1366/1366/1366
f 1366/1366/1366 1365/1365/1365 1367/1367/1367
f 1366/1366/1366 1367/1367/1367 1368/1368/1368
f 1368/1368/1368 1367/1367/1367 1369/1369/1369
f 1368/1368/1368 1369/1369/1369 1370/1370/1370
f 1370/1370/1370 1369/1369/1369 1371/1371/1371
f 1370/1370/1370 1371/1371/1371 1372/1372/1372
f 1373/1373/1373 1374/1374/1374 1375/1375/1375
f 1373/1373/1373 1375/1375/1375 1376/1376/1376
f 1376/1376/1376 1375/1375/1375 1377/1377/1377
f 1376/1376/1376 1377/1377/1377 1378/1378/1378
f 1379/1379/1379 1380/1380/1380 1381/1381/1381
f 1379/1379/1379 1381/1381/1381 1382/1382/1382
f 1382/1382/1382 1381/1381/1381 1383/1383/1383
f 1382/1382/1382 1383/1383/1383 1384/1384/1384
f 1384/1384/1384 1383/1383/1383 1385/1385/1385
f 1384/1384/1384 1385/1385/1385 1386/1386/1386
f 1386/1386/1386 1385/1385/1385 1387/1387/1387
f 1386/1386/1386 1387/1387/1387 1388/1388/1388
f 1389/1389/1389 1390/1390/1390 1360/1360/1360
f 1389/1389/1389 1360/1360/1360 1359/1359/1359
f 1391/1391/1391 1392/1392/1392 1393/1393/1393
f 1391/1391/1391 1393/1393/1393 1394/1394/1394
f 1395/1395/1395 1396/1396/1396 1397/1397/1397
f 1395/1395/1395 1397/1397/1397 1398/1398/1398
f 1398/1398/1398 1397/1397/1397 1399/1399/1399
f 1398/1398/1398 1399/1399/1399 1400/1400/1400
f 1400/1400/1400 1399/1399/1399 1401/1401/1401
f 1400/1400/1400 1401/1401/1401 1402/1402/1402
f 1402/1402/1402 1401/1401/1401 1403/1403/1403
f 1402/1402/1402 1403/1403/1403 1404/1404/1404
f 1405/1405/1405 1406/1406/1406 1407/1407/1407
f 1405/1405/1405 1407/1407/1407 1408/1408/1408
f 1408/1408/1408 1407/1407/1407 1409/1409/1409
f 1408/1408/1408 1409/1409/1409 1410/1410/1410
f 1411/1411/1411 1412/1412/1412 1413/1413/1413
f 1411/1411/1411 1413/1413/1413 1414/1414/1414
f 1414/1414/1414 1413/1413/1413 1415/1415/1415
f 1414/1414/1414 1415/1415/1415 1416/1416/1416
f 1416/1416/1416 1415/1415/1415 1417/1417/1417
f 1416/1416/1416 1417/1417/1417 1418/1418/1418
f 1418/1418/1418 1417/1417/1417 1419/1419/1419
f 1418/1418/1418 1419/1419/1419 1420/1420/1420
f 1421/1421/1421 1422/1422/1422 1392/1392/1392
f 1421/1421/1421 1392/1392/1392 1391/1391/1391
f 1423/1423/1423 1424/1424/1424 1425/1425/1425
f 1423/1423/1423 1425/1425/1425 1426/1426/1426
f 1427/1427/1427 1428/1428/1428 1429/1429/1429
f 1427/1427/1427 1429/1429/1429 1430/1430/1430
f 1430/1430/1430 1429/1429/1429 1431/1431/1431
f 1430/1430/1430 1431/1431/1431 1432/1432/1432
f 1432/1432/1432 1431/1431/1431 1433/1433/1433
f 1432/1432/1432 1433/1433/1433 1434/1434/1434
f 1434/1434/1434 1433/1433/1433 1435/1435/1435
f 1434/1434/1434 1435/1435/1435 1436/1436/1436
f 1437/1437/1437 1438/1438/1438 1439/1439/1439
f 1437/1437/1437 1439/1439/1439 1440/1440/1440
f 1440/1440/1440 1439/1439/1439 1441/1441/1441
f 1440/1440/1440 1441/1441/1441 1442/1442/1442
f 1443/1443/1443 1444/1444/1444 1445/1445/1445
f 1443/1443/1443 1445/1445/1445 1446/1446/1446
f 1446/1446/1446 1445/1445/1445 1447/1447/1447
f 1446/1446/1446 1447/1447/1447 1448/1448/1448
f 1448/1448/1448 1447/1447/1447 1449/1449/1449
f 1448/1448/1448 1449/1449/1449 1450/1450/1450
f 1450/1450/1450 1449/1449/1449 1451/1451/1451
f 1450/1450/1450 1451/1451/1451 1452/1452/1452
f 1453/1453/1453 1454/1454/1454 1424/1424/1424
f 1453/1453/1453 1424/1424/1424 1423/1423/1423
f 1455/1455/1455 1456/1456/1456 1457/1457/1457
f 1455/1455/1455 1457/1457/1457 1458/1458/1458
f 1459/1459/1459 1460/1460/1460 1461/1461/1461
f 1459/1459/1459 1461/1461/1461 1462/1462/1462
f 1462/1462/1462 1461/1461/1461 1463/1463/1463
f 1462/1462/1462 1463/1463/1463 1464/1464/1464
f 1464/1464/1464 1463/1463/1463 1465/1465/1465
f 1464/1464/1464 1465/1465/1465 1466/1466/1466
f 1466/1466/1466 1465/1465/1465 1467/1467/1467
f 1466/1466/1466 1467/1467/1467 1468/1468/1468
f 1469/1469/1469 1470/1470/1470 1471/1471/1471
f 1469/1469/1469 1471/1471/1471 1472/1472/1472
f 1472/1472/1472 1471/1471/1471 1473/1473/1473
f 1472/1472/1472 1473/1473/1473 1474/1474/1474
f 1475/1475/1475 1476/1476/1476 1477/1477/1477
f 1475/1475/1475 1477/1477/1477 1478/1478/1478
f 1478/1478/1478 1477/1477/1477 1479/1479/1479
f 1478/1478/1478 1479/1479/1479 1480/1480/1480
f 1480/1480/1480 1479/1479/1479 1481/1481/1481
f 1480/1480/1480 1481/1481/1481 1482/1482/1482
f 1482/1482/1482 1481/1481/1481 1483/1483/1483
f 1482/1482/1482 1483/1483/1483 1484/1484/1484
f 1485/1485/1485 1486/1486/1486 1456/1456/1456
f 1485/1485/1485 1456/1456/1456 1455/1455/1455
f 1487/1487/1487 1488/1488/1488 1489/1489/1489
f 1487/1487/1487 1489/1489/1489 1490/1490/1490
f 1491/1491/1491 1492/1492/1492 1493/1493/1493
f 1491/1491/1491 1493/1493/1493 1494/1494/1494
f 1494/1494/1494 1493/1493/1493 1495/1495/1495
f 1494/1494/1494 1495/1495/1495 1496/1496/1496
f 1496/1496/1496 1495/1495/1495 1497/1497/1497
f 1496/1496/1496 1497/1497/1497 1498/1498/1498
f 1498/1498/1498 1497/1497/1497 1499/1499/1499
f 1498/1498/1498 1499/1499/1499 1500/1500/1500
f 1501/1501/1501 1502/1502/1502 1503/1503/1503
f 1501/1501/1501 1503/1503/1503 1504/1504/1504
f 1504/1504/1504 1503/1503/1503 1505/1505/1505
f 1504/1504/1504 1505/1505/1505 1506/1506/1506
f 1507/1507/1507 1508/1508/1508 1509/1509/1509
f 1507/1507/1507 1509/1509/1509 1510/1510/1510
f 1510/1510/1510 1509/1509/1509 1511/1511/1511
f 1510/1510/1510 1511/1511/1511 1512/1512/1512
f 1512/1512/1512 1511/1511/1511 1513/1513/1513
f 1512/1512/1512 1513/1513/1513 1514/1514/1514
f 1514/1514/1514 1513/1513/1513 1515/1515/1515
f 1514/1514/1514 1515/1515/1515 1516/1516/1516
f 1517/1517/1517 1518/1518/1518 1488/1488/1488
f 1517/1517/1517 1488/1488/1488 1487/1487/1487
f 1519/1519/1519 1520/1520/1520 1521/1521/1521
f 1519/1519/1519 1521/1521/1521 1522/1522/1522
f 1523/1523/1523 1524/1524/1524 1525/1525/1525
f 1523/1523/1523 1525/1525/1525 1526/1526/1526
f 1526/1526/1526 1525/1525/1525 1527/1527/1527
f 1526/1526/1526 1527/1527/1527 1528/1528/1528
f 1528/1528/1528 1527/1527/1527 1529/1529/1529
f 1528/1528/1528 1529/1529/1529 1530/1530/1530
f 1530/1530/1530 1529/1529/1529 1531/1531/1531
f 1530/1530/1530 1531/1531/1531 1532/1532/1532
f 1533/1533/1533 1534/1534/1534 1535/1535/1535
f 1533/1533/1533 1535/1535/1535 1536/1536/1536
f 1536/1536/1536 1535/1535/1535 1537/1537/1537
f 1536/1536/1536 1537/1537/1537 1538/1538/1538
f 1539/1539/1539 1540/1540/1540 1541/1541/1541
f 1539/1539/1539 1541/1541/1541 1542/1542/1542
f 1542/1542/1542 1541/1541/1541 1543/1543/1543
f 1542/1542/1542 1543/1543/1543 1544/1544/1544
f 1544/1544/1544 1543/1543/1543 1545/1545/1545
f 1544/1544/1544 1545/1545/1545 1546/1546/1546
f 1546/1546/1546 1545/1545/1545 1547/1547/1547
f 1546/1546/1546 1547/1547/1547 1548/1548/1548
f 1549/1549/1549 1550/1550/1550 1520/1520/1520
f 1549/1549/1549 1520/1520/1520 1519/1519/1519
f 1551/1551/1551 1552/1552/1552 1553/1553/1553
f 1551/1551/1551 1553/1553/1553 1554/1554/1554
f 1555/1555/1555 1556/1556/1556 1557/1557/1557
f 1555/1555/1555 1557/1557/1557 1558/1558/1558
f 1558/1558/1558 1557/1557/1557 1559/1559/1559
f 1558/1558/1558 1559/1559/1559 1560/1560/1560
f 1560/1560/1560 1559/1559/1559 1561/1561/1561
f 1560/1560/1560 1561/1561/1561 1562/1562/1562
f 1562/1562/1562 1561/1561/1561 1563/1563/1563
f 1562/1562/1562 1563/1563/1563 1564/1564/1564
f 1565/1565/1565 1566/1566/1566 1567/1567/1567
f 1565/1565/1565 1567/1567/1567 1568/1568/1568
f 1568/1568/1568 1567/1567/1567 1569/1569/1569
f 1568/1568/1568 1569/1569/1569 1570/1570/1570
f 1571/1571/1571 1572/1572/1572 1573/1573/1573
f 1571/1571/1571 1573/1573/1573 1574/1574/1574
f 1574/1574/1574 1573/1573/1573 1575/1575/1575
f 1574/1574/1574 1575/1575/1575 1576/1576/1576
f 1576/1576/1576 1575/1575/1575 1577/1577/1577
f 1576/1576/1576 1577/1577/1577 1578/1578/1578
f 1578/1578/1578 1577/1577/1577 1579/1579/1579
f 1578/1578/1578 1579/1579/1579 1580/1580/1580
f 1581/1581/1581 1582/1582/1582 1552/1552/1552
f 1581/1581/1581 1552/1552/1552 1551/1551/1551
f 1583/1583/1583 1584/1584/1584 1585/1585/1585
f 1583/1583/1583 1585/1585/1585 1586/1586/1586
f 1587/1587/1587 1588/1588/1588 1589/1589/1589
f 1587/1587/1587 1589/1589/1589 1590/1590/1590
f 1590/1590/1590 1589/1589/1589 1591/1591/1591
f 1590/1590/1590 1591/1591/1591 1592/1592/1592
f 1592/1592/1592 1591/1591/1591 1593/1593/1593
f 1592/1592/1592 1593/1593/1593 1594/1594/1594
f 1594/1594/1594 1593/1593/1593 1595/1595/1595
f 1594/1594/1594 1595/1595/1595 1596/1596/1596
f 1597/1597/1597 1598/1598/1598 1599/1599/1599
f 1597/1597/1597 1599/1599/1599 1600/1600/1600
f 1600/1600/1600 1599/1599/1599 1601/1601/1601
f 1600/1600/1600 1601/1601/1601 1602/1602/1602
f 1603/1603/1603 1604/1604/1604 1605/1605/1605
f 1603/1603/1603 1605/1605/1605 1606/1606/1606
f 1606/1606/1606 1605/1605/1605 1607/1607/1607
f 1606/1606/1606 1607/1607/1607 1608/1608/1608
f 1608/1608/1608 1607/1607/1607 1609/1609/1609
f 1608/1608/1608 1609/1609/1609 1610/1610/1610
f 1610/1610/1610 1609/1609/1609 1611/1611/1611
f 1610/1610/1610 1611/1611/1611 1612/1612/1612
f 1613/1613/1613 1614/1614/1614 1584/1584/1584
f 1613/1613/1613 1584/1584/1584 1583/1583/1583
f 1615/1615/1615 1616/1616/1616 1617/1617/1617
f 1615/1615/1615 1617/1617/1617 1618/1618/1618
f 1619/1619/1619 1620/1620/1620 1621/1621/1621
f 1619/1619/1619 1621/1621/1621 1622/1622/1622
f 1622/1622/1622 1621/1621/1621 1623/1623/1623
f 1622/1622/1622 1623/1623/1623 1624/1624/1624
f 1624/1624/1624 1623/1623/1623 1625/1625/1625
f 1624/1624/1624 1625/1625/1625 1626/1626/1626
f 1626/1626/1626 1625/1625/1625 1627/1627/1627
f 1626/1626/1626 1627/1627/1627 1628/1628/1628
f 1629/1629/1629 1630/1630/1630 1631/1631/1631
f 1629/1629/1629 1631/1631/1631 1632/1632/1632
f 1632/1632/1632 1631/1631/1631 1633/1633/1633
f 1632/1632/1632 1633/1633/1633 1634/1634/1634
f 1635/1635/1635 1636/1636/1636 1637/1637/1637
f 1635/1635/1635 1637/1637/1637 1638/1638/1638
f 1638/1638/1638 1637/1637/1637 1639/1639/1639
f 1638/1638/1638 1639/1639/1639 1640/1640/1640
f 1640/1640/1640 1639/1639/1639 1641/1641/1641
f 1640/1640/1640 1641/1641/1641 1642/1642/1642
f 1642/1642/1642 1641/1641/1641 1643/1643/1643
f 1642/1642/1642 1643/1643/1643 1644/1644/1644
f 1645/1645/1645 1646/1646/1646 1616/1616/1616
f 1645/1645/1645 1616/1616/1616 1615/1615/1615
f 1647/1647/1647 1648/1648/1648 1649/1649/1649
f 1647/1647/1647 1649/1649/1649 1650/1650/1650
f 1651/1651/1651 1652/1652/1652 1653/1653/1653
f 1651/1651/1651 1653/1653/1653 1654/1654/1654
f 1654/1654/1654 1653/1653/1653 1655/1655/1655
f 1654/1654/1654 1655/1655/1655 1656/1656/1656
f 1656/1656/1656 1655/1655/1655 1657/1657/1657
f 1656/1656/1656 1657/1657/1657 1658/1658/1658
f 1658/1658/1658 1657/1657/1657 1659/1659/1659
f 1658/1658/1658 1659/1659/1659 1660/1660/1660
f 1661/1661/1661 1662/1662/1662 1663/1663/1663
f 1661/1661/1661 1663/1663/1663 1664/1664/1664
f 1664/1664/1664 1663/1663/1663 1665/1665/1665
f 1664/1664/1664 1665/1665/1665 1666/1666/1666
f 1667/1667/1667 1668/1668/1668 1669/1669/1669
f 1667/1667/1667 1669/1669/1669 1670/1670/1670
f 1670/1670/1670 1669/1669/1669 1671/1671/1671
f 1670/1670/1670 1671/1671/1671 1672/1672/1672
f 1672/1672/1672 1671/1671/1671 1673/1673/1673
f 1672/1672/1672 1673/1673/1673 1674/1674/1674
f 1674/1674/1674 1673/1673/1673 1675/1675/1675
f 1674/1674/1674 1675/1675/1675 1676/1676/1676
f 1677/1677/1677 1678/1678/1678 1648/1648/1648
f 1677/1677/1677 1648/1648/1648 1647/1647/1647
f 1679/1679/1679 1680/1680/1680 1681/1681/1681
f 1679/1679/1679 1681/1681/1681 1682/1682/1682
f 1683/1683/1683 1684/1684/1684 1685/1685/1685
f 1683/1683/1683 1685/1685/1685 1686/1686/1686
f 1686/1686/1686 1685/1685/1685 1687/1687/1687
f 1686/1686/1686 1687/1687/1687 1688/1688/1688
f 1688/1688/1688 1687/1687/1687 1689/1689/1689
f 1688/1688/1688 1689/1689/1689 1690/1690/1690
f 1690/1690/1690 1689/1689/1689 1691/1691/1691
f 1690/1690/1690 1691/1691/1691 1692/1692/1692
f 1693/1693/1693 1694/1694/1694 1695/1695/1695
f 1693/1693/1693 1695/1695/1695 1696/1696/1696
f 1696/1696/1696 1695/1695/1695 1697/1697/1697
f 1696/1696/1696 1697/1697/1697 1698/1698/1698
f 1699/1699/1699 1700/1700/1700 1701/1701/1701
f 1699/1699/1699 1701/1701/1701 1702/1702/1702
f 1702/1702/1702 1701/1701/1701 1703/1703/1703
f 1702/1702/1702 1703/1703/1703 1704/1704/1704
f 1704/1704/1704 1703/1703/1703 1705/1705/1705
f 1704/1704/1704 1705/1705/1705 1706/1706/1706
f 1706/1706/1706 1705/1705/1705 1707/1707/1707
f 1706/1706/1706 1707/1707/1707 1708/1708/1708
f 1709/1709/1709 1710/1710/1710 1680/1680/1680
f 1709/1709/1709 1680/1680/1680 1679/1679/1679
f 1711/1711/1711 1712/1712/1712 1713/1713/1713
f 1711/1711/1711 1713/1713/1713 1714/1714/1714
f 1715/1715/1715 1716/1716/1716 1717/1717/1717
f 1715/1715/1715 1717/1717/1717 1718/1718/1718
f 1718/1718/1718 1717/1717/1717 1719/1719/1719
f 1718/1718/1718 1719/1719/1719 1720/1720/1720
f 1720/1720/1720 1719/1719/1719 1721/1721/1721
f 1720/1720/1720 1721/1721/1721 1722/1722/1722
f 1722/1722/1722 1721/1721/1721 1723/1723/1723
f 1722/1722/1722 1723/1723/1723 1724/1724/1724
f 1725/1725/1725 1726/1726/1726 1727/1727/1727
f 1725/1725/1725 1727/1727/1727 1728/1728/1728
f 1728/1728/1728 1727/1727/1727 1729/1729/1729
f 1728/1728/1728 1729/1729/1729 1730/1730/1730
f 1731/1731/1731 1732/1732/1732 1733/1733/1733
f 1731/1731/1731 1733/1733/1733 1734/1734/1734
f 1734/1734/1734 1733/1733/1733 1735/1735/1735
f 1734/1734/1734 1735/1735/1735 1736/1736/1736
f 1736/1736/1736 1735/1735/1735 1737/1737/1737
f 1736/1736/1736 1737/1737/1737 1738/1738/1738
f 1738/1738/1738 1737/1737/1737 1739/1739/1739
f 1738/1738/1738 1739/1739/1739 1740/1740/1740
f 1741/1741/1741 1742/1742/1742 1712/1712/1712
f 1741/1741/1741 1712/1712/1712 1711/1711/1711
f 1743/1743/1743 1744/1744/1744 1745/1745/1745
f 1743/1743/1743 1745/1745/1745 1746/1746/1746
f 1747/1747/1747 1748/1748/1748 1749/1749/1749
f 1747/1747/1747 1749/1749/1749 1750/1750/1750
f 1750/1750/1750 1749/1749/1749 1751/1751/1751
f 1750/1750/1750 1751/1751/1751 1752/1752/1752
f 1752/1752/1752 1751/1751/1751 1753/1753/1753
f 1752/1752/1752 1753/1753/1753 1754/1754/1754
f 1754/1754/1754 1753/1753/1753 1755/1755/1755
f 1754/1754/1754 1755/1755/1755 1756/1756/1756
f 1757/1757/1757 1758/1758/1758 1759/1759/1759
f 1757/1757/1757 1759/1759/1759 1760/1760/1760
f 1760/1760/1760 1759/1759/1759 1761/1761/1761
f 1760/1760/1760 1761/1761/1761 1762/1762/1762
f 1763/1763/1763 1764/1764/1764 1765/1765/1765
f 1763/1763/1763 1765/1765/1765 1766/1766/1766
f 1766/1766/1766 1765/1765/1765 1767/1767/1767
f 1766/1766/1766 1767/1767/1767 1768/1768/1768
f 1768/1768/1768 1767/1767/1767 1769/1769/1769
f 1768/1768/1768 1769/1769/1769 1770/1770/1770
f 1770/1770/1770 1769/1769/1769 1771/1771/1771
f 1770/1770/1770 1771/1771/1771 1772/1772/1772
f 1773/1773/1773 1774/1774/1774 1744/1744/1744
f 1773/1773/1773 1744/1744/1744 1743/1743/1743
f 1775/1775/1775 1776/1776/1776 1777/1777/1777
f 1775/1775/1775 1777/1777/1777 1778/1778/1778
f 1779/1779/1779 1780/1780/1780 1781/1781/1781
f 1779/1779/1779 1781/1781/1781 1782/1782/1782
f 1782/1782/1782 1781/1781/1781 1783/1783/1783
f 1782/1782/1782 1783/1783/1783 1784/1784/1784
f 1784/1784/1784 1783/1783/1783 1785/1785/1785
f 1784/1784/1784 1785/1785/1785 1786/1786/1786
f 1786/1786/1786 1785/1785/1785 1787/1787/1787
f 1786/1786/1786 1787/1787/1787 1788/1788/1788
f 1789/1789/1789 1790/1790/1790 1791/1791/1791
f 1789/1789/1789 1791/1791/1791 1792/1792/1792
f 1792/1792/1792 1791/1791/1791 1793/1793/1793
f 1792/1792/1792 1793/1793/1793 1794/1794/1794
f 1795/1795/1795 1796/1796/1796 1797/1797/1797
f 1795/1795/1795 1797/1797/1797 1798/1798/1798
f 1798/1798/1798 1797/1797/1797 1799/1799/1799
f 1798/1798/1798 1799/1799/1799 1800/1800/1800
f 1800/1800/1800 1799/1799/1799 1801/1801/1801
f 1800/1800/1800 1801/1801/1801 1802/1802/1802
f 1802/1802/1802 1801/1801/1801 1803/1803/1803
f 1802/1802/1802 1803/1803/1803 1804/1804/1804
f 1805/1805/1805 1806/1806/1806 1776/1776/1776
f 1805/1805/1805 1776/1776/1776 1775/1775/1775
f 1358/1358/1358 1357/1357/1357 1807/1807/1807
f 1358/1358/1358 1807/1807/1807 1808/1808/1808
f 1809/1809/1809 1356/1356/1356 1355/1355/1355
f 1809/1809/1809 1355/1355/1355 1810/1810/1810
f 1807/1807/1807 1811/1811/1811 1812/1812/1812
f 1807/1807/1807 1812/1812/1812 1808/1808/1808
f 1813/1813/1813 1814/1814/1814 1809/1809/1809
f 1813/1813/1813 1809/1809/1809 1810/1810/1810
f 1811/1811/1811 1815/1815/1815 1816/1816/1816
f 1811/1811/1811 1816/1816/1816 1812/1812/1812
f 1817/1817/1817 1818/1818/1818 1819/1819/1819
f 1817/1817/1817 1819/1819/1819 1820/1820/1820
f 1821/1821/1821 1822/1822/1822 1814/1814/1814
f 1821/1821/1821 1814/1814/1814 1813/1813/1813
f 1823/1823/1823 1824/1824/1824 1825/1825/1825
f 1823/1823/1823 1825/1825/1825 5699/5699/5699
f 1826/1826/1826 1827/1827/1827 1828/1828/1828
f 1826/1826/1826 1828/1828/1828 5791/5791/5791
f 1829/1829/1829 1830/1830/1830 1831/1831/1831
f 1829/1829/1829 1831/1831/1831 5795/5795/5795
f 1832/1832/1832 1833/1833/1833 1834/1834/1834
f 1832/1832/1832 1834/1834/1834 5801/5801/5801
f 1835/1835/1835 1836/1836/1836 1837/1837/1837
f 1835/1835/1835 1837/1837/1837 5807/5807/5807
f 1838/1838/1838 1839/1839/1839 1840/1840/1840
f 1838/1838/1838 1840/1840/1840 5813/5813/5813
f 1841/1841/1841 1842/1842/1842 5686/5686/5686
f 1841/1841/1841 5686/5686/5686 5819/5819/5819
f 1843/1843/1843 1844/1844/1844 1824/1824/1824
f 1843/1843/1843 1824/1824/1824 1823/1823/1823
f 1845/1845/1845 1846/1846/1846 1827/1827/1827
f 1845/1845/1845 1827/1827/1827 1826/1826/1826
f 1847/1847/1847 1848/1848/1848 1830/1830/1830
f 1847/1847/1847 1830/1830/1830 1829/1829/1829
f 1849/1849/1849 1850/1850/1850 1833/1833/1833
f 1849/1849/1849 1833/1833/1833 1832/1832/1832
f 1851/1851/1851 1852/1852/1852 1836/1836/1836
f 1851/1851/1851 1836/1836/1836 1835/1835/1835
f 1853/1853/1853 1854/1854/1854 1839/1839/1839
f 1853/1853/1853 1839/1839/1839 1838/1838/1838
f 1855/1855/1855 1856/1856/1856 1842/1842/1842
f 1855/1855/1855 1842/1842/1842 1841/1841/1841
f 1857/1857/1857 1858/1858/1858 1844/1844/1844
f 1857/1857/1857 1844/1844/1844 1843/1843/1843
f 1859/1859/1859 1860/1860/1860 1846/1846/1846
f 1859/1859/1859 1846/1846/1846 1845/1845/1845
f 1861/1861/1861 1862/1862/1862 1848/1848/1848
f 1861/1861/1861 1848/1848/1848 1847/1847/1847
f 1863/1863/1863 1864/1864/1864 1850/1850/1850
f 1863/1863/1863 1850/1850/1850 1849/1849/1849
f 1865/1865/1865 1866/1866/1866 1852/1852/1852
f 1865/1865/1865 1852/1852/1852 1851/1851/1851
f 1867/1867/1867 1868/1868/1868 1854/1854/1854
f 1867/1867/1867 1854/1854/1854 1853/1853/1853
f 1869/1869/1869 1870/1870/1870 1856/1856/1856
f 1869/1869/1869 1856/1856/1856 1855/1855/1855
f 1871/1871/1871 1872/1872/1872 1858/1858/1858
f 1871/1871/1871 1858/1858/1858 1857/1857/1857
f 1873/1873/1873 1874/1874/1874 1860/1860/1860
f 1873/1873/1873 1860/1860/1860 1859/1859/1859
f 1875/1875/1875 1876/1876/1876 1862/1862/1862
f 1875/1875/1875 1862/1862/1862 1861/1861/1861
f 1877/1877/1877 1878/1878/1878 1864/1864/1864
f 1877/1877/1877 1864/1864/1864 1863/1863/1863
f 1879/1879/1879 1880/1880/1880 1866/1866/1866
f 1879/1879/1879 1866/1866/1866 1865/1865/1865
f 1881/1881/1881 1882/1882/1882 1868/1868/1868
f 1881/1881/1881 1868/1868/1868 1867/1867/1867
f 1883/1883/1883 1884/1884/1884 1870/1870/1870
f 1883/1883/1883 1870/1870/1870 1869/1869/1869
f 1885/1885/1885 1886/1886/1886 1872/1872/1872
f 1885/1885/1885 1872/1872/1872 1871/1871/1871
f 1887/1887/1887 1888/1888/1888 1874/1874/1874
f 1887/1887/1887 1874/1874/1874 1873/1873/1873
f 1889/1889/1889 1890/1890/1890 1876/1876/1876
f 1889/1889/1889 1876/1876/1876 1875/1875/1875
f 1891/1891/1891 1892/1892/1892 1878/1878/1878
f 1891/1891/1891 1878/1878/1878 1877/1877/1877
f 1893/1893/1893 1894/1894/1894 1880/1880/1880
f 1893/1893/1893 1880/1880/1880 1879/1879/1879
f 140/140/140 139/139/139 1882/1882/1882
f 140/140/140 1882/1882/1882 1881/1881/1881
f 1895/1895/1895 1896/1896/1896 1884/1884/1884
f 1895/1895/1895 1884/1884/1884 1883/1883/1883
f 1897/1897/1897 1898/1898/1898 1886/1886/1886
f 1897/1897/1897 1886/1886/1886 1885/1885/1885
f 5830/5830/5830 1899/1899/1899 1888/1888/1888
f 5830/5830/5830 1888/1888/1888 1887/1887/1887
f 5834/5834/5834 1900/1900/1900 1890/1890/1890
f 5834/5834/5834 1890/1890/1890 1889/1889/1889
f 5838/5838/5838 1901/1901/1901 1892/1892/1892
f 5838/5838/5838 1892/1892/1892 1891/1891/1891
f 5842/5842/5842 1902/1902/1902 1894/1894/1894
f 5842/5842/5842 1894/1894/1894 1893/1893/1893
f 5759/5759/5759 1896/1896/1896 1895/1895/1895
f 5759/5759/5759 1895/1895/1895 5715/5715/5715
f 1903/1903/1903 1904/1904/1904 1905/1905/1905
f 1903/1903/1903 1905/1905/1905 5687/5687/5687
f 1906/1906/1906 1907/1907/1907 1908/1908/1908
f 1906/1906/1906 1908/1908/1908 5821/5821/5821
f 1909/1909/1909 1910/1910/1910 1911/1911/1911
f 1909/1909/1909 1911/1911/1911 5814/5814/5814
f 1912/1912/1912 1913/1913/1913 1914/1914/1914
f 1912/1912/1912 1914/1914/1914 5809/5809/5809
f 1915/1915/1915 1916/1916/1916 1917/1917/1917
f 1915/1915/1915 1917/1917/1917 5802/5802/5802
f 1918/1918/1918 1919/1919/1919 1920/1920/1920
f 1918/1918/1918 1920/1920/1920 5797/5797/5797
f 1921/1921/1921 1922/1922/1922 1923/1923/1923
f 1921/1921/1921 1923/1923/1923 5792/5792/5792
f 1924/1924/1924 1925/1925/1925 1921/1921/1921
f 1924/1924/1924 1921/1921/1921 5792/5792/5792
f 1926/1926/1926 1927/1927/1927 1922/1922/1922
f 1926/1926/1926 1922/1922/1922 1921/1921/1921
f 1928/1928/1928 1929/1929/1929 1904/1904/1904
f 1928/1928/1928 1904/1904/1904 1903/1903/1903
f 1930/1930/1930 1931/1931/1931 1907/1907/1907
f 1930/1930/1930 1907/1907/1907 1906/1906/1906
f 1932/1932/1932 1933/1933/1933 1910/1910/1910
f 1932/1932/1932 1910/1910/1910 1909/1909/1909
f 1934/1934/1934 1935/1935/1935 1913/1913/1913
f 1934/1934/1934 1913/1913/1913 1912/1912/1912
f 1936/1936/1936 1937/1937/1937 1916/1916/1916
f 1936/1936/1936 1916/1916/1916 1915/1915/1915
f 1938/1938/1938 1939/1939/1939 1919/1919/1919
f 1938/1938/1938 1919/1919/1919 1918/1918/1918
f 1940/1940/1940 1941/1941/1941 1925/1925/1925
f 1940/1940/1940 1925/1925/1925 1924/1924/1924
f 1942/1942/1942 1943/1943/1943 1927/1927/1927
f 1942/1942/1942 1927/1927/1927 1926/1926/1926
f 1944/1944/1944 1945/1945/1945 1929/1929/1929
f 1944/1944/1944 1929/1929/1929 1928/1928/1928
f 1946/1946/1946 1947/1947/1947 1931/1931/1931
f 1946/1946/1946 1931/1931/1931 1930/1930/1930
f 1948/1948/1948 1949/1949/1949 1933/1933/1933
f 1948/1948/1948 1933/1933/1933 1932/1932/1932
f 1950/1950/1950 1951/1951/1951 1935/1935/1935
f 1950/1950/1950 1935/1935/1935 1934/1934/1934
f 1952/1952/1952 1953/1953/1953 1937/1937/1937
f 1952/1952/1952 1937/1937/1937 1936/1936/1936
f 1954/1954/1954 1955/1955/1955 1939/1939/1939
f 1954/1954/1954 1939/1939/1939 1938/1938/1938
f 1956/1956/1956 1957/1957/1957 1941/1941/1941
f 1956/1956/1956 1941/1941/1941 1940/1940/1940
f 1958/1958/1958 1959/1959/1959 1943/1943/1943
f 1958/1958/1958 1943/1943/1943 1942/1942/1942
f 1960/1960/1960 1961/1961/1961 1945/1945/1945
f 1960/1960/1960 1945/1945/1945 1944/1944/1944
f 1962/1962/1962 1963/1963/1963 1947/1947/1947
f 1962/1962/1962 1947/1947/1947 1946/1946/1946
f 1964/1964/1964 1965/1965/1965 1949/1949/1949
f 1964/1964/1964 1949/1949/1949 1948/1948/1948
f 1966/1966/1966 1967/1967/1967 1951/1951/1951
f 1966/1966/1966 1951/1951/1951 1950/1950/1950
f 1968/1968/1968 1969/1969/1969 1953/1953/1953
f 1968/1968/1968 1953/1953/1953 1952/1952/1952
f 1970/1970/1970 1971/1971/1971 1955/1955/1955
f 1970/1970/1970 1955/1955/1955 1954/1954/1954
f 1972/1972/1972 1973/1973/1973 1957/1957/1957
f 1972/1972/1972 1957/1957/1957 1956/1956/1956
f 1974/1974/1974 1975/1975/1975 1959/1959/1959
f 1974/1974/1974 1959/1959/1959 1958/1958/1958
f 1976/1976/1976 1977/1977/1977 1961/1961/1961
f 1976/1976/1976 1961/1961/1961 1960/1960/1960
f 1978/1978/1978 1979/1979/1979 1963/1963/1963
f 1978/1978/1978 1963/1963/1963 1962/1962/1962
f 1980/1980/1980 1981/1981/1981 1965/1965/1965
f 1980/1980/1980 1965/1965/1965 1964/1964/1964
f 1982/1982/1982 1983/1983/1983 1967/1967/1967
f 1982/1982/1982 1967/1967/1967 1966/1966/1966
f 1984/1984/1984 1985/1985/1985 1969/1969/1969
f 1984/1984/1984 1969/1969/1969 1968/1968/1968
f 1986/1986/1986 1987/1987/1987 1971/1971/1971
f 1986/1986/1986 1971/1971/1971 1970/1970/1970
f 1988/1988/1988 1989/1989/1989 1973/1973/1973
f 1988/1988/1988 1973/1973/1973 1972/1972/1972
f 1990/1990/1990 1991/1991/1991 1975/1975/1975
f 1990/1990/1990 1975/1975/1975 1974/1974/1974
f 5760/5760/5760 1992/1992/1992 1977/1977/1977
f 5760/5760/5760 1977/1977/1977 1976/1976/1976
f 5716/5716/5716 1993/1993/1993 1979/1979/1979
f 5716/5716/5716 1979/1979/1979 1978/1978/1978
f 5702/5702/5702 1994/1994/1994 1981/1981/1981
f 5702/5702/5702 1981/1981/1981 1980/1980/1980
f 5843/5843/5843 1995/1995/1995 1983/1983/1983
f 5843/5843/5843 1983/1983/1983 1982/1982/1982
f 5839/5839/5839 1996/1996/1996 1985/1985/1985
f 5839/5839/5839 1985/1985/1985 1984/1984/1984
f 5835/5835/5835 1997/1997/1997 1987/1987/1987
f 5835/5835/5835 1987/1987/1987 1986/1986/1986
f 5831/5831/5831 1998/1998/1998 1989/1989/1989
f 5831/5831/5831 1989/1989/1989 1988/1988/1988
f 5827/5827/5827 1999/1999/1999 1991/1991/1991
f 5827/5827/5827 1991/1991/1991 1990/1990/1990
f 2000/2000/2000 2001/2001/2001 2002/2002/2002
f 2000/2000/2000 2002/2002/2002 2003/2003/2003
f 2004/2004/2004 2005/2005/2005 2006/2006/2006
f 2004/2004/2004 2006/2006/2006 2007/2007/2007
f 2005/2005/2005 2008/2008/2008 2009/2009/2009
f 2005/2005/2005 2009/2009/2009 2006/2006/2006
f 2008/2008/2008 2010/2010/2010 2011/2011/2011
f 2008/2008/2008 2011/2011/2011 2009/2009/2009
f 2010/2010/2010 2012/2012/2012 2013/2013/2013
f 2010/2010/2010 2013/2013/2013 2011/2011/2011
f 2014/2014/2014 2015/2015/2015 2016/2016/2016
f 2014/2014/2014 2016/2016/2016 2017/2017/2017
f 2015/2015/2015 2018/2018/2018 2019/2019/2019
f 2015/2015/2015 2019/2019/2019 2016/2016/2016
f 2020/2020/2020 2021/2021/2021 2022/2022/2022
f 2020/2020/2020 2022/2022/2022 2023/2023/2023
f 2021/2021/2021 2024/2024/2024 2025/2025/2025
f 2021/2021/2021 2025/2025/2025 2022/2022/2022
f 2024/2024/2024 2026/2026/2026 2027/2027/2027
f 2024/2024/2024 2027/2027/2027 2025/2025/2025
f 2026/2026/2026 2028/2028/2028 2029/2029/2029
f 2026/2026/2026 2029/2029/2029 2027/2027/2027
f 2030/2030/2030 2000/2000/2000 2003/2003/2003
f 2030/2030/2030 2003/2003/2003 2031/2031/2031
f 2032/2032/2032 2033/2033/2033 2034/2034/2034
f 2032/2032/2032 2034/2034/2034 2035/2035/2035
f 2036/2036/2036 2037/2037/2037 2038/2038/2038
f 2036/2036/2036 2038/2038/2038 2039/2039/2039
f 2037/2037/2037 2040/2040/2040 2041/2041/2041
f 2037/2037/2037 2041/2041/2041 2038/2038/2038
f 2040/2040/2040 2042/2042/2042 2043/2043/2043
f 2040/2040/2040 2043/2043/2043 2041/2041/2041
f 2042/2042/2042 2044/2044/2044 2045/2045/2045
f 2042/2042/2042 2045/2045/2045 2043/2043/2043
f 2046/2046/2046 2047/2047/2047 2048/2048/2048
f 2046/2046/2046 2048/2048/2048 2049/2049/2049
f 2047/2047/2047 2050/2050/2050 2051/2051/2051
f 2047/2047/2047 2051/2051/2051 2048/2048/2048
f 2052/2052/2052 2053/2053/2053 2054/2054/2054
f 2052/2052/2052 2054/2054/2054 2055/2055/2055
f 2053/2053/2053 2056/2056/2056 2057/2057/2057
f 2053/2053/2053 2057/2057/2057 2054/2054/2054
f 2056/2056/2056 2058/2058/2058 2059/2059/2059
f 2056/2056/2056 2059/2059/2059 2057/2057/2057
f 2058/2058/2058 2060/2060/2060 2061/2061/2061
f 2058/2058/2058 2061/2061/2061 2059/2059/2059
f 2062/2062/2062 2032/2032/2032 2035/2035/2035
f 2062/2062/2062 2035/2035/2035 2063/2063/2063
f 2064/2064/2064 2065/2065/2065 2066/2066/2066
f 2064/2064/2064 2066/2066/2066 2067/2067/2067
f 2068/2068/2068 2069/2069/2069 2070/2070/2070
f 2068/2068/2068 2070/2070/2070 2071/2071/2071
f 2069/2069/2069 2072/2072/2072 2073/2073/2073
f 2069/2069/2069 2073/2073/2073 2070/2070/2070
f 2072/2072/2072 2074/2074/2074 2075/2075/2075
f 2072/2072/2072 2075/2075/2075 2073/2073/2073
f 2074/2074/2074 2076/2076/2076 2077/2077/2077
f 2074/2074/2074 2077/2077/2077 2075/2075/2075
f 2078/2078/2078 2079/2079/2079 2080/2080/2080
f 2078/2078/2078 2080/2080/2080 2081/2081/2081
f 2079/2079/2079 2082/2082/2082 2083/2083/2083
f 2079/2079/2079 2083/2083/2083 2080/2080/2080
f 2084/2084/2084 2085/2085/2085 2086/2086/2086
f 2084/2084/2084 2086/2086/2086 2087/2087/2087
f 2085/2085/2085 2088/2088/2088 2089/2089/2089
f 2085/2085/2085 2089/2089/2089 2086/2086/2086
f 2088/2088/2088 2090/2090/2090 2091/2091/2091
f 2088/2088/2088 2091/2091/2091 2089/2089/2089
f 2090/2090/2090 2092/2092/2092 2093/2093/2093
f 2090/2090/2090 2093/2093/2093 2091/2091/2091
f 2094/2094/2094 2064/2064/2064 2067/2067/2067
f 2094/2094/2094 2067/2067/2067 2095/2095/2095
f 2096/2096/2096 2097/2097/2097 2098/2098/2098
f 2096/2096/2096 2098/2098/2098 2099/2099/2099
f 2100/2100/2100 2101/2101/2101 2102/2102/2102
f 2100/2100/2100 2102/2102/2102 2103/2103/2103
f 2101/2101/2101 2104/2104/2104 2105/2105/2105
f 2101/2101/2101 2105/2105/2105 2102/2102/2102
f 2104/2104/2104 2106/2106/2106 2107/2107/2107
f 2104/2104/2104 2107/2107/2107 2105/2105/2105
f 2106/2106/2106 2108/2108/2108 2109/2109/2109
f 2106/2106/2106 2109/2109/2109 2107/2107/2107
f 2110/2110/2110 2111/2111/2111 2112/2112/2112
f 2110/2110/2110 2112/2112/2112 2113/2113/2113
f 2111/2111/2111 2114/2114/2114 2115/2115/2115
f 2111/2111/2111 2115/2115/2115 2112/2112/2112
f 2116/2116/2116 2117/2117/2117 2118/2118/2118
f 2116/2116/2116 2118/2118/2118 2119/2119/2119
f 2117/2117/2117 2120/2120/2120 2121/2121/2121
f 2117/2117/2117 2121/2121/2121 2118/2118/2118
f 2120/2120/2120 2122/2122/2122 2123/2123/2123
f 2120/2120/2120 2123/2123/2123 2121/2121/2121
f 2122/2122/2122 2124/2124/2124 2125/2125/2125
f 2122/2122/2122 2125/2125/2125 2123/2123/2123
f 2126/2126/2126 2096/2096/2096 2099/2099/2099
f 2126/2126/2126 2099/2099/2099 2127/2127/2127
f 2128/2128/2128 2129/2129/2129 2130/2130/2130
f 2128/2128/2128 2130/2130/2130 2131/2131/2131
f 2132/2132/2132 2133/2133/2133 2134/2134/2134
f 2132/2132/2132 2134/2134/2134 2135/2135/2135
f 2133/2133/2133 2136/2136/2136 2137/2137/2137
f 2133/2133/2133 2137/2137/2137 2134/2134/2134
f 2136/2136/2136 2138/2138/2138 2139/2139/2139
f 2136/2136/2136 2139/2139/2139 2137/2137/2137
f 2138/2138/2138 2140/2140/2140 2141/2141/2141
f 2138/2138/2138 2141/2141/2141 2139/2139/2139
f 2142/2142/2142 2143/2143/2143 2144/2144/2144
f 2142/2142/2142 2144/2144/2144 2145/2145/2145
f 2143/2143/2143 2146/2146/2146 2147/2147/2147
f 2143/2143/2143 2147/2147/2147 2144/2144/2144
f 2148/2148/2148 2149/2149/2149 2150/2150/2150
f 2148/2148/2148 2150/2150/2150 2151/2151/2151
f 2149/2149/2149 2152/2152/2152 2153/2153/2153
f 2149/2149/2149 2153/2153/2153 2150/2150/2150
f 2152/2152/2152 2154/2154/2154 2155/2155/2155
f 2152/2152/2152 2155/2155/2155 2153/2153/2153
f 2154/2154/2154 2156/2156/2156 2157/2157/2157
f 2154/2154/2154 2157/2157/2157 2155/2155/2155
f 2158/2158/2158 2128/2128/2128 2131/2131/2131
f 2158/2158/2158 2131/2131/2131 2159/2159/2159
f 2160/2160/2160 2161/2161/2161 2162/2162/2162
f 2160/2160/2160 2162/2162/2162 2163/2163/2163
f 2164/2164/2164 2165/2165/2165 2166/2166/2166
f 2164/2164/2164 2166/2166/2166 2167/2167/2167
f 2165/2165/2165 2168/2168/2168 2169/2169/2169
f 2165/2165/2165 2169/2169/2169 2166/2166/2166
f 2168/2168/2168 2170/2170/2170 2171/2171/2171
f 2168/2168/2168 2171/2171/2171 2169/2169/2169
f 2170/2170/2170 2172/2172/2172 2173/2173/2173
f 2170/2170/2170 2173/2173/2173 2171/2171/2171
f 2174/2174/2174 2175/2175/2175 2176/2176/2176
f 2174/2174/2174 2176/2176/2176 2177/2177/2177
f 2175/2175/2175 2178/2178/2178 2179/2179/2179
f 2175/2175/2175 2179/2179/2179 2176/2176/2176
f 2180/2180/2180 2181/2181/2181 2182/2182/2182
f 2180/2180/2180 2182/2182/2182 2183/2183/2183
f 2181/2181/2181 2184/2184/2184 2185/2185/2185
f 2181/2181/2181 2185/2185/2185 2182/2182/2182
f 2184/2184/2184 2186/2186/2186 2187/2187/2187
f 2184/2184/2184 2187/2187/2187 2185/2185/2185
f 2186/2186/2186 2188/2188/2188 2189/2189/2189
f 2186/2186/2186 2189/2189/2189 2187/2187/2187
f 2190/2190/2190 2160/2160/2160 2163/2163/2163
f 2190/2190/2190 2163/2163/2163 2191/2191/2191
f 2192/2192/2192 2193/2193/2193 2194/2194/2194
f 2192/2192/2192 2194/2194/2194 2195/2195/2195
f 2196/2196/2196 2197/2197/2197 2198/2198/2198
f 2196/2196/2196 2198/2198/2198 2199/2199/2199
f 2197/2197/2197 2200/2200/2200 2201/2201/2201
f 2197/2197/2197 2201/2201/2201 2198/2198/2198
f 2200/2200/2200 2202/2202/2202 2203/2203/2203
f 2200/2200/2200 2203/2203/2203 2201/2201/2201
f 2202/2202/2202 2204/2204/2204 2205/2205/2205
f 2202/2202/2202 2205/2205/2205 2203/2203/2203
f 2206/2206/2206 2207/2207/2207 2208/2208/2208
f 2206/2206/2206 2208/2208/2208 2209/2209/2209
f 2207/2207/2207 2210/2210/2210 2211/2211/2211
f 2207/2207/2207 2211/2211/2211 2208/2208/2208
f 2212/2212/2212 2213/2213/2213 2214/2214/2214
f 2212/2212/2212 2214/2214/2214 2215/2215/2215
f 2213/2213/2213 2216/2216/2216 2217/2217/2217
f 2213/2213/2213 2217/2217/2217 2214/2214/2214
f 2216/2216/2216 2218/2218/2218 2219/2219/2219
f 2216/2216/2216 2219/2219/2219 2217/2217/2217
f 2218/2218/2218 2220/2220/2220 2221/2221/2221
f 2218/2218/2218 2221/2221/2221 2219/2219/2219
f 2222/2222/2222 2192/2192/2192 2195/2195/2195
f 2222/2222/2222 2195/2195/2195 2223/2223/2223
f 2224/2224/2224 2225/2225/2225 2226/2226/2226
f 2224/2224/2224 2226/2226/2226 2227/2227/2227
f 2228/2228/2228 2229/2229/2229 2230/2230/2230
f 2228/2228/2228 2230/2230/2230 2231/2231/2231
f 2229/2229/2229 2232/2232/2232 2233/2233/2233
f 2229/2229/2229 2233/2233/2233 2230/2230/2230
f 2232/2232/2232 2234/2234/2234 2235/2235/2235
f 2232/2232/2232 2235/2235/2235 2233/2233/2233
f 2234/2234/2234 2236/2236/2236 2237/2237/2237
f 2234/2234/2234 2237/2237/2237 2235/2235/2235
f 2238/2238/2238 2239/2239/2239 2240/2240/2240
f 2238/2238/2238 2240/2240/2240 2241/2241/2241
f 2239/2239/2239 2242/2242/2242 2243/2243/2243
f 2239/2239/2239 2243/2243/2243 2240/2240/2240
f 2244/2244/2244 2245/2245/2245 2246/2246/2246
f 2244/2244/2244 2246/2246/2246 2247/2247/2247
f 2245/2245/2245 2248/2248/2248 2249/2249/2249
f 2245/2245/2245 2249/2249/2249 2246/2246/2246
f 2248/2248/2248 2250/2250/2250 2251/2251/2251
f 2248/2248/2248 2251/2251/2251 2249/2249/2249
f 2250/2250/2250 2252/2252/2252 2253/2253/2253
f 2250/2250/2250 2253/2253/2253 2251/2251/2251
f 2254/2254/2254 2224/2224/2224 2227/2227/2227
f 2254/2254/2254 2227/2227/2227 2255/2255/2255
f 2256/2256/2256 2257/2257/2257 2258/2258/2258
f 2256/2256/2256 2258/2258/2258 112/112/112
f 2259/2259/2259 2260/2260/2260 2261/2261/2261
f 2259/2259/2259 2261/2261/2261 2262/2262/2262
f 2263/2263/2263 2264/2264/2264 2260/2260/2260
f 2263/2263/2263 2260/2260/2260 2259/2259/2259
f 1272/1272/1272 1275/1275/1275 1245/1245/1245
f 1272/1272/1272 1245/1245/1245 1244/1244/1244
f 2265/2265/2265 2266/2266/2266 1330/1330/1330
f 2265/2265/2265 1330/1330/1330 135/135/135
f 2267/2267/2267 2268/2268/2268 2269/2269/2269
f 2267/2267/2267 2269/2269/2269 2270/2270/2270
f 2271/2271/2271 2272/2272/2272 2268/2268/2268
f 2271/2271/2271 2268/2268/2268 2267/2267/2267
f 2273/2273/2273 2274/2274/2274 2275/2275/2275
f 2273/2273/2273 2275/2275/2275 2276/2276/2276
f 143/143/143 2277/2277/2277 2278/2278/2278
f 143/143/143 2278/2278/2278 144/144/144
f 2277/2277/2277 2279/2279/2279 2280/2280/2280
f 2277/2277/2277 2280/2280/2280 2278/2278/2278
f 2279/2279/2279 2281/2281/2281 2282/2282/2282
f 2279/2279/2279 2282/2282/2282 2280/2280/2280
f 2281/2281/2281 2283/2283/2283 2284/2284/2284
f 2281/2281/2281 2284/2284/2284 2282/2282/2282
f 2283/2283/2283 2285/2285/2285 2286/2286/2286
f 2283/2283/2283 2286/2286/2286 2284/2284/2284
f 2285/2285/2285 2287/2287/2287 5826/5826/5826
f 2285/2285/2285 5826/5826/5826 2286/2286/2286
f 2288/2288/2288 2289/2289/2289 2290/2290/2290
f 2288/2288/2288 2290/2290/2290 2291/2291/2291
f 2289/2289/2289 2292/2292/2292 2293/2293/2293
f 2289/2289/2289 2293/2293/2293 2290/2290/2290
f 2292/2292/2292 2294/2294/2294 2295/2295/2295
f 2292/2292/2292 2295/2295/2295 2293/2293/2293
f 2294/2294/2294 2296/2296/2296 2297/2297/2297
f 2294/2294/2294 2297/2297/2297 2295/2295/2295
f 2298/2298/2298 2299/2299/2299 2300/2300/2300
f 5846/5846/5846 5684/5684/5684 2301/2301/2301
f 5722/5722/5722 2302/2302/2302 5685/5685/5685
f 2303/2303/2303 2304/2304/2304 2305/2305/2305
f 2303/2303/2303 2305/2305/2305 2306/2306/2306
f 2307/2307/2307 2308/2308/2308 2309/2309/2309
f 2307/2307/2307 2309/2309/2309 2310/2310/2310
f 2308/2308/2308 2311/2311/2311 2312/2312/2312
f 2308/2308/2308 2312/2312/2312 2309/2309/2309
f 2311/2311/2311 2313/2313/2313 2314/2314/2314
f 2311/2311/2311 2314/2314/2314 2312/2312/2312
f 2313/2313/2313 2315/2315/2315 2316/2316/2316
f 2313/2313/2313 2316/2316/2316 2314/2314/2314
f 2315/2315/2315 2317/2317/2317 2318/2318/2318
f 2315/2315/2315 2318/2318/2318 2316/2316/2316
f 2317/2317/2317 2319/2319/2319 2320/2320/2320
f 2317/2317/2317 2320/2320/2320 2318/2318/2318
f 2319/2319/2319 2321/2321/2321 2322/2322/2322
f 2319/2319/2319 2322/2322/2322 2320/2320/2320
f 2321/2321/2321 2323/2323/2323 2324/2324/2324
f 2321/2321/2321 2324/2324/2324 2322/2322/2322
f 2323/2323/2323 2325/2325/2325 2326/2326/2326
f 2323/2323/2323 2326/2326/2326 2324/2324/2324
f 2325/2325/2325 2327/2327/2327 2328/2328/2328
f 2325/2325/2325 2328/2328/2328 2326/2326/2326
f 2327/2327/2327 2329/2329/2329 2330/2330/2330
f 2327/2327/2327 2330/2330/2330 2328/2328/2328
f 2329/2329/2329 2331/2331/2331 2332/2332/2332
f 2329/2329/2329 2332/2332/2332 2330/2330/2330
f 2331/2331/2331 2333/2333/2333 2334/2334/2334
f 2331/2331/2331 2334/2334/2334 2332/2332/2332
f 2333/2333/2333 2335/2335/2335 2336/2336/2336
f 2333/2333/2333 2336/2336/2336 2334/2334/2334
f 152/152/152 2337/2337/2337 2338/2338/2338
f 152/152/152 2338/2338/2338 2339/2339/2339
f 152/152/152 2339/2339/2339 2340/2340/2340
f 152/152/152 2340/2340/2340 2341/2341/2341
f 152/152/152 2341/2341/2341 2342/2342/2342
f 152/152/152 2342/2342/2342 2343/2343/2343
f 152/152/152 2343/2343/2343 2344/2344/2344
f 152/152/152 2344/2344/2344 2345/2345/2345
f 152/152/152 2345/2345/2345 2346/2346/2346
f 152/152/152 2346/2346/2346 2347/2347/2347
f 152/152/152 2347/2347/2347 146/146/146
f 152/152/152 146/146/146 145/145/145
f 2348/2348/2348 2347/2347/2347 2346/2346/2346
f 2348/2348/2348 2346/2346/2346 2349/2349/2349
f 2350/2350/2350 2346/2346/2346 2345/2345/2345
f 2350/2350/2350 2345/2345/2345 2351/2351/2351
f 2352/2352/2352 2345/2345/2345 2344/2344/2344
f 2352/2352/2352 2344/2344/2344 2353/2353/2353
f 2354/2354/2354 2344/2344/2344 2343/2343/2343
f 2354/2354/2354 2343/2343/2343 2355/2355/2355
f 2356/2356/2356 2343/2343/2343 2342/2342/2342
f 2356/2356/2356 2342/2342/2342 2357/2357/2357
f 2358/2358/2358 2342/2342/2342 2341/2341/2341
f 2358/2358/2358 2341/2341/2341 2359/2359/2359
f 2360/2360/2360 2341/2341/2341 2340/2340/2340
f 2360/2360/2360 2340/2340/2340 2361/2361/2361
f 2362/2362/2362 2340/2340/2340 2339/2339/2339
f 2362/2362/2362 2339/2339/2339 2363/2363/2363
f 2364/2364/2364 2339/2339/2339 2338/2338/2338
f 2364/2364/2364 2338/2338/2338 2365/2365/2365
f 2366/2366/2366 2338/2338/2338 2337/2337/2337
f 2366/2366/2366 2337/2337/2337 2367/2367/2367
f 2368/2368/2368 5726/5726/5726 2369/2369/2369
f 2368/2368/2368 2369/2369/2369 2370/2370/2370
f 2371/2371/2371 5691/5691/5691 2372/2372/2372
f 2371/2371/2371 2372/2372/2372 2373/2373/2373
f 2374/2374/2374 2348/2348/2348 2349/2349/2349
f 2374/2374/2374 2349/2349/2349 2375/2375/2375
f 2376/2376/2376 2350/2350/2350 2351/2351/2351
f 2376/2376/2376 2351/2351/2351 2377/2377/2377
f 2378/2378/2378 2352/2352/2352 2353/2353/2353
f 2378/2378/2378 2353/2353/2353 2379/2379/2379
f 2380/2380/2380 2354/2354/2354 2355/2355/2355
f 2380/2380/2380 2355/2355/2355 2381/2381/2381
f 2382/2382/2382 2356/2356/2356 2357/2357/2357
f 2382/2382/2382 2357/2357/2357 2383/2383/2383
f 2384/2384/2384 2358/2358/2358 2359/2359/2359
f 2384/2384/2384 2359/2359/2359 2385/2385/2385
f 2386/2386/2386 2360/2360/2360 2361/2361/2361
f 2386/2386/2386 2361/2361/2361 2387/2387/2387
f 2388/2388/2388 2362/2362/2362 2363/2363/2363
f 2388/2388/2388 2363/2363/2363 2389/2389/2389
f 2390/2390/2390 2364/2364/2364 2365/2365/2365
f 2390/2390/2390 2365/2365/2365 2391/2391/2391
f 2392/2392/2392 2366/2366/2366 2367/2367/2367
f 2392/2392/2392 2367/2367/2367 2393/2393/2393
f 2394/2394/2394 2368/2368/2368 2370/2370/2370
f 2394/2394/2394 2370/2370/2370 2395/2395/2395
f 152/152/152 145/145/145 149/149/149
f 152/152/152 149/149/149 148/148/148
f 2396/2396/2396 147/147/147 146/146/146
f 2396/2396/2396 146/146/146 2397/2397/2397
f 2398/2398/2398 150/150/150 149/149/149
f 2398/2398/2398 149/149/149 2399/2399/2399
f 2400/2400/2400 2371/2371/2371 2373/2373/2373
f 2400/2400/2400 2373/2373/2373 2401/2401/2401
f 2402/2402/2402 2398/2398/2398 2399/2399/2399
f 2402/2402/2402 2399/2399/2399 2403/2403/2403
f 2404/2404/2404 2396/2396/2396 2397/2397/2397
f 2404/2404/2404 2397/2397/2397 2405/2405/2405
f 2406/2406/2406 2374/2374/2374 2375/2375/2375
f 2406/2406/2406 2375/2375/2375 2407/2407/2407
f 2408/2408/2408 2376/2376/2376 2377/2377/2377
f 2408/2408/2408 2377/2377/2377 2409/2409/2409
f 2410/2410/2410 2378/2378/2378 2379/2379/2379
f 2410/2410/2410 2379/2379/2379 2411/2411/2411
f 2412/2412/2412 2380/2380/2380 2381/2381/2381
f 2412/2412/2412 2381/2381/2381 2413/2413/2413
f 2414/2414/2414 2382/2382/2382 2383/2383/2383
f 2414/2414/2414 2383/2383/2383 2415/2415/2415
f 2416/2416/2416 2384/2384/2384 2385/2385/2385
f 2416/2416/2416 2385/2385/2385 2417/2417/2417
f 2418/2418/2418 2386/2386/2386 2387/2387/2387
f 2418/2418/2418 2387/2387/2387 2419/2419/2419
f 2420/2420/2420 2388/2388/2388 2389/2389/2389
f 2420/2420/2420 2389/2389/2389 2421/2421/2421
f 2422/2422/2422 2390/2390/2390 2391/2391/2391
f 2422/2422/2422 2391/2391/2391 2423/2423/2423
f 2424/2424/2424 2392/2392/2392 2393/2393/2393
f 2424/2424/2424 2393/2393/2393 2425/2425/2425
f 2426/2426/2426 2394/2394/2394 2395/2395/2395
f 2426/2426/2426 2395/2395/2395 2427/2427/2427
f 2428/2428/2428 2400/2400/2400 2401/2401/2401
f 2428/2428/2428 2401/2401/2401 2429/2429/2429
f 156/156/156 152/152/152 153/153/153
f 156/156/156 153/153/153 154/154/154
f 2430/2430/2430 2428/2428/2428 2429/2429/2429
f 2430/2430/2430 2429/2429/2429 2431/2431/2431
f 2432/2432/2432 2402/2402/2402 2403/2403/2403
f 2432/2432/2432 2403/2403/2403 2433/2433/2433
f 2434/2434/2434 2404/2404/2404 2405/2405/2405
f 2434/2434/2434 2405/2405/2405 2435/2435/2435
f 2436/2436/2436 2406/2406/2406 2407/2407/2407
f 2436/2436/2436 2407/2407/2407 2437/2437/2437
f 2438/2438/2438 2408/2408/2408 2409/2409/2409
f 2438/2438/2438 2409/2409/2409 2439/2439/2439
f 2440/2440/2440 2410/2410/2410 2411/2411/2411
f 2440/2440/2440 2411/2411/2411 2441/2441/2441
f 2442/2442/2442 2412/2412/2412 2413/2413/2413
f 2442/2442/2442 2413/2413/2413 2443/2443/2443
f 2444/2444/2444 2414/2414/2414 2415/2415/2415
f 2444/2444/2444 2415/2415/2415 2445/2445/2445
f 2446/2446/2446 2416/2416/2416 2417/2417/2417
f 2446/2446/2446 2417/2417/2417 2447/2447/2447
f 2448/2448/2448 2418/2418/2418 2419/2419/2419
f 2448/2448/2448 2419/2419/2419 2449/2449/2449
f 2450/2450/2450 2420/2420/2420 2421/2421/2421
f 2450/2450/2450 2421/2421/2421 2451/2451/2451
f 2452/2452/2452 2422/2422/2422 2423/2423/2423
f 2452/2452/2452 2423/2423/2423 2453/2453/2453
f 2454/2454/2454 2424/2424/2424 2425/2425/2425
f 2454/2454/2454 2425/2425/2425 2455/2455/2455
f 2456/2456/2456 2426/2426/2426 2427/2427/2427
f 2456/2456/2456 2427/2427/2427 2457/2457/2457
f 2458/2458/2458 2430/2430/2430 2431/2431/2431
f 2458/2458/2458 2431/2431/2431 2459/2459/2459
f 2460/2460/2460 2432/2432/2432 2433/2433/2433
f 2460/2460/2460 2433/2433/2433 2461/2461/2461
f 2462/2462/2462 2434/2434/2434 2435/2435/2435
f 2462/2462/2462 2435/2435/2435 2463/2463/2463
f 2464/2464/2464 2436/2436/2436 2437/2437/2437
f 2464/2464/2464 2437/2437/2437 2465/2465/2465
f 2466/2466/2466 2438/2438/2438 2439/2439/2439
f 2466/2466/2466 2439/2439/2439 2467/2467/2467
f 2468/2468/2468 2440/2440/2440 2441/2441/2441
f 2468/2468/2468 2441/2441/2441 2469/2469/2469
f 2470/2470/2470 2442/2442/2442 2443/2443/2443
f 2470/2470/2470 2443/2443/2443 2471/2471/2471
f 2472/2472/2472 2444/2444/2444 2445/2445/2445
f 2472/2472/2472 2445/2445/2445 2473/2473/2473
f 2474/2474/2474 2446/2446/2446 2447/2447/2447
f 2474/2474/2474 2447/2447/2447 2475/2475/2475
f 2476/2476/2476 2448/2448/2448 2449/2449/2449
f 2476/2476/2476 2449/2449/2449 2477/2477/2477
f 2478/2478/2478 2450/2450/2450 2451/2451/2451
f 2478/2478/2478 2451/2451/2451 2479/2479/2479
f 2480/2480/2480 2452/2452/2452 2453/2453/2453
f 2480/2480/2480 2453/2453/2453 2481/2481/2481
f 161/161/161 2454/2454/2454 2455/2455/2455
f 161/161/161 2455/2455/2455 159/159/159
f 2482/2482/2482 2456/2456/2456 2457/2457/2457
f 2482/2482/2482 2457/2457/2457 2483/2483/2483
f 2484/2484/2484 2458/2458/2458 2459/2459/2459
f 2484/2484/2484 2459/2459/2459 2485/2485/2485
f 158/158/158 2460/2460/2460 2461/2461/2461
f 158/158/158 2461/2461/2461 2486/2486/2486
f 5757/5757/5757 2462/2462/2462 2463/2463/2463
f 5757/5757/5757 2463/2463/2463 2487/2487/2487
f 5765/5765/5765 2464/2464/2464 2465/2465/2465
f 5765/5765/5765 2465/2465/2465 2488/2488/2488
f 5769/5769/5769 2466/2466/2466 2467/2467/2467
f 5769/5769/5769 2467/2467/2467 2489/2489/2489
f 5745/5745/5745 2468/2468/2468 2469/2469/2469
f 5745/5745/5745 2469/2469/2469 2490/2490/2490
f 5707/5707/5707 2470/2470/2470 2471/2471/2471
f 5707/5707/5707 2471/2471/2471 2491/2491/2491
f 5773/5773/5773 2472/2472/2472 2473/2473/2473
f 5773/5773/5773 2473/2473/2473 2492/2492/2492
f 5734/5734/5734 2474/2474/2474 2475/2475/2475
f 5734/5734/5734 2475/2475/2475 2493/2493/2493
f 5777/5777/5777 2476/2476/2476 2477/2477/2477
f 5777/5777/5777 2477/2477/2477 2494/2494/2494
f 5781/5781/5781 2478/2478/2478 2479/2479/2479
f 5781/5781/5781 2479/2479/2479 2495/2495/2495
f 5785/5785/5785 2480/2480/2480 2481/2481/2481
f 5785/5785/5785 2481/2481/2481 2496/2496/2496
f 5696/5696/5696 5717/5717/5717 2482/2482/2482
f 5696/5696/5696 2482/2482/2482 2483/2483/2483
f 2497/2497/2497 156/156/156 2498/2498/2498
f 2497/2497/2497 2498/2498/2498 2499/2499/2499
f 2500/2500/2500 2501/2501/2501 2502/2502/2502
f 2500/2500/2500 2502/2502/2502 2503/2503/2503
f 2504/2504/2504 2500/2500/2500 2503/2503/2503
f 2504/2504/2504 2503/2503/2503 2505/2505/2505
f 2506/2506/2506 2507/2507/2507 2508/2508/2508
f 2506/2506/2506 2508/2508/2508 2509/2509/2509
f 2510/2510/2510 2506/2506/2506 163/163/163
f 2510/2510/2510 163/163/163 2511/2511/2511
f 2512/2512/2512 2506/2506/2506 2510/2510/2510
f 2512/2512/2512 2510/2510/2510 2513/2513/2513
f 2514/2514/2514 2510/2510/2510 2511/2511/2511
f 2514/2514/2514 2511/2511/2511 2515/2515/2515
f 2516/2516/2516 2511/2511/2511 163/163/163
f 2516/2516/2516 163/163/163 2517/2517/2517
f 2518/2518/2518 2511/2511/2511 2516/2516/2516
f 2518/2518/2518 2516/2516/2516 2519/2519/2519
f 2520/2520/2520 2516/2516/2516 2517/2517/2517
f 2520/2520/2520 2517/2517/2517 2521/2521/2521
f 2522/2522/2522 2517/2517/2517 163/163/163
f 2522/2522/2522 163/163/163 2523/2523/2523
f 2524/2524/2524 2517/2517/2517 2522/2522/2522
f 2524/2524/2524 2522/2522/2522 2525/2525/2525
f 2526/2526/2526 2522/2522/2522 2523/2523/2523
f 2526/2526/2526 2523/2523/2523 2527/2527/2527
f 2528/2528/2528 2523/2523/2523 163/163/163
f 2528/2528/2528 163/163/163 2529/2529/2529
f 2530/2530/2530 2523/2523/2523 2528/2528/2528
f 2530/2530/2530 2528/2528/2528 2531/2531/2531
f 2532/2532/2532 2528/2528/2528 2529/2529/2529
f 2532/2532/2532 2529/2529/2529 2533/2533/2533
f 2534/2534/2534 2529/2529/2529 163/163/163
f 2534/2534/2534 163/163/163 162/162/162
f 2535/2535/2535 2529/2529/2529 2534/2534/2534
f 2535/2535/2535 2534/2534/2534 2536/2536/2536
f 2537/2537/2537 2534/2534/2534 162/162/162
f 2537/2537/2537 162/162/162 2538/2538/2538
f 2539/2539/2539 162/162/162 164/164/164
f 2539/2539/2539 164/164/164 2540/2540/2540
f 2541/2541/2541 164/164/164 163/163/163
f 2541/2541/2541 163/163/163 2542/2542/2542
f 2543/2543/2543 2512/2512/2512 2513/2513/2513
f 2543/2543/2543 2513/2513/2513 2544/2544/2544
f 2545/2545/2545 2514/2514/2514 2515/2515/2515
f 2545/2545/2545 2515/2515/2515 2546/2546/2546
f 2547/2547/2547 2518/2518/2518 2519/2519/2519
f 2547/2547/2547 2519/2519/2519 2548/2548/2548
f 2549/2549/2549 2520/2520/2520 2521/2521/2521
f 2549/2549/2549 2521/2521/2521 2550/2550/2550
f 2551/2551/2551 2524/2524/2524 2525/2525/2525
f 2551/2551/2551 2525/2525/2525 2552/2552/2552
f 2553/2553/2553 2526/2526/2526 2527/2527/2527
f 2553/2553/2553 2527/2527/2527 2554/2554/2554
f 2555/2555/2555 2530/2530/2530 2531/2531/2531
f 2555/2555/2555 2531/2531/2531 2556/2556/2556
f 2557/2557/2557 2532/2532/2532 2533/2533/2533
f 2557/2557/2557 2533/2533/2533 2558/2558/2558
f 2559/2559/2559 2535/2535/2535 2536/2536/2536
f 2559/2559/2559 2536/2536/2536 2560/2560/2560
f 2561/2561/2561 2537/2537/2537 2538/2538/2538
f 2561/2561/2561 2538/2538/2538 2562/2562/2562
f 2563/2563/2563 2539/2539/2539 2540/2540/2540
f 2563/2563/2563 2540/2540/2540 2564/2564/2564
f 2565/2565/2565 2542/2542/2542 163/163/163
f 2565/2565/2565 163/163/163 168/168/168
f 167/167/167 2541/2541/2541 2542/2542/2542
f 167/167/167 2542/2542/2542 165/165/165
f 172/172/172 2565/2565/2565 168/168/168
f 172/172/172 168/168/168 170/170/170
f 2507/2507/2507 2566/2566/2566 2567/2567/2567
f 2507/2507/2507 2567/2567/2567 2508/2508/2508
f 2568/2568/2568 2543/2543/2543 2544/2544/2544
f 2568/2568/2568 2544/2544/2544 2569/2569/2569
f 2570/2570/2570 2545/2545/2545 2546/2546/2546
f 2570/2570/2570 2546/2546/2546 2571/2571/2571
f 2572/2572/2572 2547/2547/2547 2548/2548/2548
f 2572/2572/2572 2548/2548/2548 2573/2573/2573
f 2574/2574/2574 2549/2549/2549 2550/2550/2550
f 2574/2574/2574 2550/2550/2550 2575/2575/2575
f 2576/2576/2576 2551/2551/2551 2552/2552/2552
f 2576/2576/2576 2552/2552/2552 2577/2577/2577
f 2578/2578/2578 2553/2553/2553 2554/2554/2554
f 2578/2578/2578 2554/2554/2554 2579/2579/2579
f 2580/2580/2580 2555/2555/2555 2556/2556/2556
f 2580/2580/2580 2556/2556/2556 2581/2581/2581
f 2582/2582/2582 2557/2557/2557 2558/2558/2558
f 2582/2582/2582 2558/2558/2558 2583/2583/2583
f 2584/2584/2584 2559/2559/2559 2560/2560/2560
f 2584/2584/2584 2560/2560/2560 2585/2585/2585
f 2586/2586/2586 2561/2561/2561 2562/2562/2562
f 2586/2586/2586 2562/2562/2562 2587/2587/2587
f 2588/2588/2588 2563/2563/2563 2564/2564/2564
f 2588/2588/2588 2564/2564/2564 2589/2589/2589
f 2590/2590/2590 167/167/167 166/166/166
f 2590/2590/2590 166/166/166 2591/2591/2591
f 2592/2592/2592 172/172/172 171/171/171
f 2592/2592/2592 171/171/171 2593/2593/2593
f 173/173/173 163/163/163 175/175/175
f 173/173/173 175/175/175 174/174/174
f 2594/2594/2594 2595/2595/2595 2596/2596/2596
f 2594/2594/2594 2596/2596/2596 2597/2597/2597
f 2598/2598/2598 2568/2568/2568 2569/2569/2569
f 2598/2598/2598 2569/2569/2569 2599/2599/2599
f 2600/2600/2600 2570/2570/2570 2571/2571/2571
f 2600/2600/2600 2571/2571/2571 2601/2601/2601
f 2602/2602/2602 2572/2572/2572 2573/2573/2573
f 2602/2602/2602 2573/2573/2573 2603/2603/2603
f 2604/2604/2604 2574/2574/2574 2575/2575/2575
f 2604/2604/2604 2575/2575/2575 2605/2605/2605
f 2606/2606/2606 2576/2576/2576 2577/2577/2577
f 2606/2606/2606 2577/2577/2577 2607/2607/2607
f 2608/2608/2608 2578/2578/2578 2579/2579/2579
f 2608/2608/2608 2579/2579/2579 2609/2609/2609
f 2610/2610/2610 2580/2580/2580 2581/2581/2581
f 2610/2610/2610 2581/2581/2581 2611/2611/2611
f 2612/2612/2612 2582/2582/2582 2583/2583/2583
f 2612/2612/2612 2583/2583/2583 2613/2613/2613
f 2614/2614/2614 2584/2584/2584 2585/2585/2585
f 2614/2614/2614 2585/2585/2585 2615/2615/2615
f 2616/2616/2616 2586/2586/2586 2587/2587/2587
f 2616/2616/2616 2587/2587/2587 2617/2617/2617
f 2618/2618/2618 2588/2588/2588 2589/2589/2589
f 2618/2618/2618 2589/2589/2589 2619/2619/2619
f 2620/2620/2620 2590/2590/2590 2591/2591/2591
f 2620/2620/2620 2591/2591/2591 2621/2621/2621
f 2622/2622/2622 2592/2592/2592 2593/2593/2593
f 2622/2622/2622 2593/2593/2593 2623/2623/2623
f 2595/2595/2595 2624/2624/2624 2625/2625/2625
f 2595/2595/2595 2625/2625/2625 2596/2596/2596
f 2626/2626/2626 2598/2598/2598 2599/2599/2599
f 2626/2626/2626 2599/2599/2599 2627/2627/2627
f 2628/2628/2628 2600/2600/2600 2601/2601/2601
f 2628/2628/2628 2601/2601/2601 2629/2629/2629
f 2630/2630/2630 2602/2602/2602 2603/2603/2603
f 2630/2630/2630 2603/2603/2603 2631/2631/2631
f 2632/2632/2632 2604/2604/2604 2605/2605/2605
f 2632/2632/2632 2605/2605/2605 2633/2633/2633
f 2634/2634/2634 2606/2606/2606 2607/2607/2607
f 2634/2634/2634 2607/2607/2607 2635/2635/2635
f 2636/2636/2636 2608/2608/2608 2609/2609/2609
f 2636/2636/2636 2609/2609/2609 2637/2637/2637
f 2638/2638/2638 2610/2610/2610 2611/2611/2611
f 2638/2638/2638 2611/2611/2611 2639/2639/2639
f 2640/2640/2640 2612/2612/2612 2613/2613/2613
f 2640/2640/2640 2613/2613/2613 2641/2641/2641
f 2642/2642/2642 2614/2614/2614 2615/2615/2615
f 2642/2642/2642 2615/2615/2615 2643/2643/2643
f 2644/2644/2644 2616/2616/2616 2617/2617/2617
f 2644/2644/2644 2617/2617/2617 2645/2645/2645
f 2646/2646/2646 2618/2618/2618 2619/2619/2619
f 2646/2646/2646 2619/2619/2619 2647/2647/2647
f 2648/2648/2648 2620/2620/2620 2621/2621/2621
f 2648/2648/2648 2621/2621/2621 2649/2649/2649
f 2650/2650/2650 2622/2622/2622 2623/2623/2623
f 2650/2650/2650 2623/2623/2623 2651/2651/2651
f 178/178/178 175/175/175 2652/2652/2652
f 178/178/178 2652/2652/2652 2653/2653/2653
f 2624/2624/2624 2654/2654/2654 2655/2655/2655
f 2624/2624/2624 2655/2655/2655 2625/2625/2625
f 5697/5697/5697 2626/2626/2626 2627/2627/2627
f 5697/5697/5697 2627/2627/2627 2656/2656/2656
f 5720/5720/5720 2628/2628/2628 2629/2629/2629
f 5720/5720/5720 2629/2629/2629 2657/2657/2657
f 5790/5790/5790 2630/2630/2630 2631/2631/2631
f 5790/5790/5790 2631/2631/2631 2658/2658/2658
f 5786/5786/5786 2632/2632/2632 2633/2633/2633
f 5786/5786/5786 2633/2633/2633 2659/2659/2659
f 5782/5782/5782 2634/2634/2634 2635/2635/2635
f 5782/5782/5782 2635/2635/2635 2660/2660/2660
f 5778/5778/5778 2636/2636/2636 2637/2637/2637
f 5778/5778/5778 2637/2637/2637 2661/2661/2661
f 5735/5735/5735 2638/2638/2638 2639/2639/2639
f 5735/5735/5735 2639/2639/2639 2662/2662/2662
f 5774/5774/5774 2640/2640/2640 2641/2641/2641
f 5774/5774/5774 2641/2641/2641 2663/2663/2663
f 5708/5708/5708 2642/2642/2642 2643/2643/2643
f 5708/5708/5708 2643/2643/2643 2664/2664/2664
f 5746/5746/5746 2644/2644/2644 2645/2645/2645
f 5746/5746/5746 2645/2645/2645 2665/2665/2665
f 5770/5770/5770 2646/2646/2646 2647/2647/2647
f 5770/5770/5770 2647/2647/2647 2666/2666/2666
f 5766/5766/5766 2648/2648/2648 2649/2649/2649
f 5766/5766/5766 2649/2649/2649 2667/2667/2667
f 5758/5758/5758 2650/2650/2650 2651/2651/2651
f 5758/5758/5758 2651/2651/2651 5740/5740/5740
f 2668/2668/2668 163/163/163 2669/2669/2669
f 2668/2668/2668 2669/2669/2669 2670/2670/2670
f 2671/2671/2671 2672/2672/2672 2673/2673/2673
f 2671/2671/2671 2673/2673/2673 2674/2674/2674
f 2675/2675/2675 2671/2671/2671 2674/2674/2674
f 2675/2675/2675 2674/2674/2674 2676/2676/2676
f 2677/2677/2677 2678/2678/2678 2679/2679/2679
f 2677/2677/2677 2679/2679/2679 2680/2680/2680
f 2681/2681/2681 2682/2682/2682 2683/2683/2683
f 2681/2681/2681 2683/2683/2683 2684/2684/2684
f 2685/2685/2685 2686/2686/2686 2687/2687/2687
f 2685/2685/2685 2687/2687/2687 2688/2688/2688
f 2688/2688/2688 2687/2687/2687 2689/2689/2689
f 2688/2688/2688 2689/2689/2689 2690/2690/2690
f 2690/2690/2690 2689/2689/2689 2691/2691/2691
f 2690/2690/2690 2691/2691/2691 2692/2692/2692
f 2692/2692/2692 2691/2691/2691 2693/2693/2693
f 2692/2692/2692 2693/2693/2693 2694/2694/2694
f 2695/2695/2695 2696/2696/2696 2697/2697/2697
f 2695/2695/2695 2697/2697/2697 2698/2698/2698
f 2698/2698/2698 2697/2697/2697 2699/2699/2699
f 2698/2698/2698 2699/2699/2699 2700/2700/2700
f 2701/2701/2701 2702/2702/2702 2703/2703/2703
f 2701/2701/2701 2703/2703/2703 2704/2704/2704
f 2704/2704/2704 2703/2703/2703 2705/2705/2705
f 2704/2704/2704 2705/2705/2705 2706/2706/2706
f 2706/2706/2706 2705/2705/2705 2707/2707/2707
f 2706/2706/2706 2707/2707/2707 2708/2708/2708
f 2708/2708/2708 2707/2707/2707 2709/2709/2709
f 2708/2708/2708 2709/2709/2709 2710/2710/2710
f 2711/2711/2711 2712/2712/2712 2682/2682/2682
f 2711/2711/2711 2682/2682/2682 2681/2681/2681
f 2713/2713/2713 2714/2714/2714 2715/2715/2715
f 2713/2713/2713 2715/2715/2715 2716/2716/2716
f 2717/2717/2717 2718/2718/2718 2719/2719/2719
f 2717/2717/2717 2719/2719/2719 2720/2720/2720
f 2720/2720/2720 2719/2719/2719 2721/2721/2721
f 2720/2720/2720 2721/2721/2721 2722/2722/2722
f 2722/2722/2722 2721/2721/2721 2723/2723/2723
f 2722/2722/2722 2723/2723/2723 2724/2724/2724
f 2724/2724/2724 2723/2723/2723 2725/2725/2725
f 2724/2724/2724 2725/2725/2725 2726/2726/2726
f 2727/2727/2727 2728/2728/2728 2729/2729/2729
f 2727/2727/2727 2729/2729/2729 2730/2730/2730
f 2730/2730/2730 2729/2729/2729 2731/2731/2731
f 2730/2730/2730 2731/2731/2731 2732/2732/2732
f 2733/2733/2733 2734/2734/2734 2735/2735/2735
f 2733/2733/2733 2735/2735/2735 2736/2736/2736
f 2736/2736/2736 2735/2735/2735 2737/2737/2737
f 2736/2736/2736 2737/2737/2737 2738/2738/2738
f 2738/2738/2738 2737/2737/2737 2739/2739/2739
f 2738/2738/2738 2739/2739/2739 2740/2740/2740
f 2740/2740/2740 2739/2739/2739 2741/2741/2741
f 2740/2740/2740 2741/2741/2741 2742/2742/2742
f 2743/2743/2743 2744/2744/2744 2714/2714/2714
f 2743/2743/2743 2714/2714/2714 2713/2713/2713
f 2745/2745/2745 2746/2746/2746 2747/2747/2747
f 2745/2745/2745 2747/2747/2747 2748/2748/2748
f 2749/2749/2749 2750/2750/2750 2751/2751/2751
f 2749/2749/2749 2751/2751/2751 2752/2752/2752
f 2752/2752/2752 2751/2751/2751 2753/2753/2753
f 2752/2752/2752 2753/2753/2753 2754/2754/2754
f 2754/2754/2754 2753/2753/2753 2755/2755/2755
f 2754/2754/2754 2755/2755/2755 2756/2756/2756
f 2756/2756/2756 2755/2755/2755 2757/2757/2757
f 2756/2756/2756 2757/2757/2757 2758/2758/2758
f 2759/2759/2759 2760/2760/2760 2761/2761/2761
f 2759/2759/2759 2761/2761/2761 2762/2762/2762
f 2762/2762/2762 2761/2761/2761 2763/2763/2763
f 2762/2762/2762 2763/2763/2763 2764/2764/2764
f 2765/2765/2765 2766/2766/2766 2767/2767/2767
f 2765/2765/2765 2767/2767/2767 2768/2768/2768
f 2768/2768/2768 2767/2767/2767 2769/2769/2769
f 2768/2768/2768 2769/2769/2769 2770/2770/2770
f 2770/2770/2770 2769/2769/2769 2771/2771/2771
f 2770/2770/2770 2771/2771/2771 2772/2772/2772
f 2772/2772/2772 2771/2771/2771 2773/2773/2773
f 2772/2772/2772 2773/2773/2773 2774/2774/2774
f 2775/2775/2775 2776/2776/2776 2746/2746/2746
f 2775/2775/2775 2746/2746/2746 2745/2745/2745
f 2777/2777/2777 2778/2778/2778 2779/2779/2779
f 2777/2777/2777 2779/2779/2779 2780/2780/2780
f 2781/2781/2781 2782/2782/2782 2783/2783/2783
f 2781/2781/2781 2783/2783/2783 2784/2784/2784
f 2784/2784/2784 2783/2783/2783 2785/2785/2785
f 2784/2784/2784 2785/2785/2785 2786/2786/2786
f 2786/2786/2786 2785/2785/2785 2787/2787/2787
f 2786/2786/2786 2787/2787/2787 2788/2788/2788
f 2788/2788/2788 2787/2787/2787 2789/2789/2789
f 2788/2788/2788 2789/2789/2789 2790/2790/2790
f 2791/2791/2791 2792/2792/2792 2793/2793/2793
f 2791/2791/2791 2793/2793/2793 2794/2794/2794
f 2794/2794/2794 2793/2793/2793 2795/2795/2795
f 2794/2794/2794 2795/2795/2795 2796/2796/2796
f 2797/2797/2797 2798/2798/2798 2799/2799/2799
f 2797/2797/2797 2799/2799/2799 2800/2800/2800
f 2800/2800/2800 2799/2799/2799 2801/2801/2801
f 2800/2800/2800 2801/2801/2801 2802/2802/2802
f 2802/2802/2802 2801/2801/2801 2803/2803/2803
f 2802/2802/2802 2803/2803/2803 2804/2804/2804
f 2804/2804/2804 2803/2803/2803 2805/2805/2805
f 2804/2804/2804 2805/2805/2805 2806/2806/2806
f 2807/2807/2807 2808/2808/2808 2778/2778/2778
f 2807/2807/2807 2778/2778/2778 2777/2777/2777
f 2809/2809/2809 2810/2810/2810 2811/2811/2811
f 2809/2809/2809 2811/2811/2811 2812/2812/2812
f 2813/2813/2813 2814/2814/2814 2815/2815/2815
f 2813/2813/2813 2815/2815/2815 2816/2816/2816
f 2816/2816/2816 2815/2815/2815 2817/2817/2817
f 2816/2816/2816 2817/2817/2817 2818/2818/2818
f 2818/2818/2818 2817/2817/2817 2819/2819/2819
f 2818/2818/2818 2819/2819/2819 2820/2820/2820
f 2820/2820/2820 2819/2819/2819 2821/2821/2821
f 2820/2820/2820 2821/2821/2821 2822/2822/2822
f 2823/2823/2823 2824/2824/2824 2825/2825/2825
f 2823/2823/2823 2825/2825/2825 2826/2826/2826
f 2826/2826/2826 2825/2825/2825 2827/2827/2827
f 2826/2826/2826 2827/2827/2827 2828/2828/2828
f 2829/2829/2829 2830/2830/2830 2831/2831/2831
f 2829/2829/2829 2831/2831/2831 2832/2832/2832
f 2832/2832/2832 2831/2831/2831 2833/2833/2833
f 2832/2832/2832 2833/2833/2833 2834/2834/2834
f 2834/2834/2834 2833/2833/2833 2835/2835/2835
f 2834/2834/2834 2835/2835/2835 2836/2836/2836
f 2836/2836/2836 2835/2835/2835 2837/2837/2837
f 2836/2836/2836 2837/2837/2837 2838/2838/2838
f 2839/2839/2839 2840/2840/2840 2810/2810/2810
f 2839/2839/2839 2810/2810/2810 2809/2809/2809
f 2841/2841/2841 2842/2842/2842 2843/2843/2843
f 2841/2841/2841 2843/2843/2843 2844/2844/2844
f 2845/2845/2845 2846/2846/2846 2847/2847/2847
f 2845/2845/2845 2847/2847/2847 2848/2848/2848
f 2848/2848/2848 2847/2847/2847 2849/2849/2849
f 2848/2848/2848 2849/2849/2849 2850/2850/2850
f 2850/2850/2850 2849/2849/2849 2851/2851/2851
f 2850/2850/2850 2851/2851/2851 2852/2852/2852
f 2852/2852/2852 2851/2851/2851 2853/2853/2853
f 2852/2852/2852 2853/2853/2853 2854/2854/2854
f 2855/2855/2855 2856/2856/2856 2857/2857/2857
f 2855/2855/2855 2857/2857/2857 2858/2858/2858
f 2858/2858/2858 2857/2857/2857 2859/2859/2859
f 2858/2858/2858 2859/2859/2859 2860/2860/2860
f 2861/2861/2861 2862/2862/2862 2863/2863/2863
f 2861/2861/2861 2863/2863/2863 2864/2864/2864
f 2864/2864/2864 2863/2863/2863 2865/2865/2865
f 2864/2864/2864 2865/2865/2865 2866/2866/2866
f 2866/2866/2866 2865/2865/2865 2867/2867/2867
f 2866/2866/2866 2867/2867/2867 2868/2868/2868
f 2868/2868/2868 2867/2867/2867 2869/2869/2869
f 2868/2868/2868 2869/2869/2869 2870/2870/2870
f 2871/2871/2871 2872/2872/2872 2842/2842/2842
f 2871/2871/2871 2842/2842/2842 2841/2841/2841
f 2873/2873/2873 2874/2874/2874 2875/2875/2875
f 2873/2873/2873 2875/2875/2875 2876/2876/2876
f 2877/2877/2877 2878/2878/2878 2879/2879/2879
f 2877/2877/2877 2879/2879/2879 2880/2880/2880
f 2880/2880/2880 2879/2879/2879 2881/2881/2881
f 2880/2880/2880 2881/2881/2881 2882/2882/2882
f 2882/2882/2882 2881/2881/2881 2883/2883/2883
f 2882/2882/2882 2883/2883/2883 2884/2884/2884
f 2884/2884/2884 2883/2883/2883 2885/2885/2885
f 2884/2884/2884 2885/2885/2885 2886/2886/2886
f 2887/2887/2887 2888/2888/2888 2889/2889/2889
f 2887/2887/2887 2889/2889/2889 2890/2890/2890
f 2890/2890/2890 2889/2889/2889 2891/2891/2891
f 2890/2890/2890 2891/2891/2891 2892/2892/2892
f 2893/2893/2893 2894/2894/2894 2895/2895/2895
f 2893/2893/2893 2895/2895/2895 2896/2896/2896
f 2896/2896/2896 2895/2895/2895 2897/2897/2897
f 2896/2896/2896 2897/2897/2897 2898/2898/2898
f 2898/2898/2898 2897/2897/2897 2899/2899/2899
f 2898/2898/2898 2899/2899/2899 2900/2900/2900
f 2900/2900/2900 2899/2899/2899 2901/2901/2901
f 2900/2900/2900 2901/2901/2901 2902/2902/2902
f 2903/2903/2903 2904/2904/2904 2874/2874/2874
f 2903/2903/2903 2874/2874/2874 2873/2873/2873
f 2905/2905/2905 2906/2906/2906 2907/2907/2907
f 2905/2905/2905 2907/2907/2907 2908/2908/2908
f 2909/2909/2909 2910/2910/2910 2911/2911/2911
f 2909/2909/2909 2911/2911/2911 2912/2912/2912
f 2912/2912/2912 2911/2911/2911 2913/2913/2913
f 2912/2912/2912 2913/2913/2913 2914/2914/2914
f 2914/2914/2914 2913/2913/2913 2915/2915/2915
f 2914/2914/2914 2915/2915/2915 2916/2916/2916
f 2916/2916/2916 2915/2915/2915 2917/2917/2917
f 2916/2916/2916 2917/2917/2917 2918/2918/2918
f 2919/2919/2919 2920/2920/2920 2921/2921/2921
f 2919/2919/2919 2921/2921/2921 2922/2922/2922
f 2922/2922/2922 2921/2921/2921 2923/2923/2923
f 2922/2922/2922 2923/2923/2923 2924/2924/2924
f 2925/2925/2925 2926/2926/2926 2927/2927/2927
f 2925/2925/2925 2927/2927/2927 2928/2928/2928
f 2928/2928/2928 2927/2927/2927 2929/2929/2929
f 2928/2928/2928 2929/2929/2929 2930/2930/2930
f 2930/2930/2930 2929/2929/2929 2931/2931/2931
f 2930/2930/2930 2931/2931/2931 2932/2932/2932
f 2932/2932/2932 2931/2931/2931 2933/2933/2933
f 2932/2932/2932 2933/2933/2933 2934/2934/2934
f 2935/2935/2935 2936/2936/2936 2906/2906/2906
f 2935/2935/2935 2906/2906/2906 2905/2905/2905
f 2937/2937/2937 2938/2938/2938 2939/2939/2939
f 2937/2937/2937 2939/2939/2939 2940/2940/2940
f 2941/2941/2941 2942/2942/2942 2943/2943/2943
f 2941/2941/2941 2943/2943/2943 2944/2944/2944
f 2944/2944/2944 2943/2943/2943 2945/2945/2945
f 2944/2944/2944 2945/2945/2945 2946/2946/2946
f 2946/2946/2946 2945/2945/2945 2947/2947/2947
f 2946/2946/2946 2947/2947/2947 2948/2948/2948
f 2948/2948/2948 2947/2947/2947 2949/2949/2949
f 2948/2948/2948 2949/2949/2949 2950/2950/2950
f 2951/2951/2951 2952/2952/2952 2953/2953/2953
f 2951/2951/2951 2953/2953/2953 2954/2954/2954
f 2954/2954/2954 2953/2953/2953 2955/2955/2955
f 2954/2954/2954 2955/2955/2955 2956/2956/2956
f 2957/2957/2957 2958/2958/2958 2959/2959/2959
f 2957/2957/2957 2959/2959/2959 2960/2960/2960
f 2960/2960/2960 2959/2959/2959 2961/2961/2961
f 2960/2960/2960 2961/2961/2961 2962/2962/2962
f 2962/2962/2962 2961/2961/2961 2963/2963/2963
f 2962/2962/2962 2963/2963/2963 2964/2964/2964
f 2964/2964/2964 2963/2963/2963 2965/2965/2965
f 2964/2964/2964 2965/2965/2965 2966/2966/2966
f 2967/2967/2967 2968/2968/2968 2938/2938/2938
f 2967/2967/2967 2938/2938/2938 2937/2937/2937
f 2969/2969/2969 2970/2970/2970 2971/2971/2971
f 2969/2969/2969 2971/2971/2971 2972/2972/2972
f 2973/2973/2973 2974/2974/2974 2975/2975/2975
f 2973/2973/2973 2975/2975/2975 2976/2976/2976
f 2976/2976/2976 2975/2975/2975 2977/2977/2977
f 2976/2976/2976 2977/2977/2977 2978/2978/2978
f 2978/2978/2978 2977/2977/2977 2979/2979/2979
f 2978/2978/2978 2979/2979/2979 2980/2980/2980
f 2980/2980/2980 2979/2979/2979 2981/2981/2981
f 2980/2980/2980 2981/2981/2981 2982/2982/2982
f 2983/2983/2983 2984/2984/2984 2985/2985/2985
f 2983/2983/2983 2985/2985/2985 2986/2986/2986
f 2986/2986/2986 2985/2985/2985 2987/2987/2987
f 2986/2986/2986 2987/2987/2987 2988/2988/2988
f 2989/2989/2989 2990/2990/2990 2991/2991/2991
f 2989/2989/2989 2991/2991/2991 2992/2992/2992
f 2992/2992/2992 2991/2991/2991 2993/2993/2993
f 2992/2992/2992 2993/2993/2993 2994/2994/2994
f 2994/2994/2994 2993/2993/2993 2995/2995/2995
f 2994/2994/2994 2995/2995/2995 2996/2996/2996
f 2996/2996/2996 2995/2995/2995 2997/2997/2997
f 2996/2996/2996 2997/2997/2997 2998/2998/2998
f 2999/2999/2999 3000/3000/3000 2970/2970/2970
f 2999/2999/2999 2970/2970/2970 2969/2969/2969
f 3001/3001/3001 3002/3002/3002 3003/3003/3003
f 3001/3001/3001 3003/3003/3003 3004/3004/3004
f 3005/3005/3005 3006/3006/3006 3007/3007/3007
f 3005/3005/3005 3007/3007/3007 3008/3008/3008
f 3008/3008/3008 3007/3007/3007 3009/3009/3009
f 3008/3008/3008 3009/3009/3009 3010/3010/3010
f 3010/3010/3010 3009/3009/3009 3011/3011/3011
f 3010/3010/3010 3011/3011/3011 3012/3012/3012
f 3012/3012/3012 3011/3011/3011 3013/3013/3013
f 3012/3012/3012 3013/3013/3013 3014/3014/3014
f 3015/3015/3015 3016/3016/3016 3017/3017/3017
f 3015/3015/3015 3017/3017/3017 3018/3018/3018
f 3018/3018/3018 3017/3017/3017 3019/3019/3019
f 3018/3018/3018 3019/3019/3019 3020/3020/3020
f 3021/3021/3021 3022/3022/3022 3023/3023/3023
f 3021/3021/3021 3023/3023/3023 3024/3024/3024
f 3024/3024/3024 3023/3023/3023 3025/3025/3025
f 3024/3024/3024 3025/3025/3025 3026/3026/3026
f 3026/3026/3026 3025/3025/3025 3027/3027/3027
f 3026/3026/3026 3027/3027/3027 3028/3028/3028
f 3028/3028/3028 3027/3027/3027 3029/3029/3029
f 3028/3028/3028 3029/3029/3029 3030/3030/3030
f 3031/3031/3031 3032/3032/3032 3002/3002/3002
f 3031/3031/3031 3002/3002/3002 3001/3001/3001
f 3033/3033/3033 3034/3034/3034 3035/3035/3035
f 3033/3033/3033 3035/3035/3035 3036/3036/3036
f 3037/3037/3037 3038/3038/3038 3039/3039/3039
f 3037/3037/3037 3039/3039/3039 3040/3040/3040
f 3040/3040/3040 3039/3039/3039 3041/3041/3041
f 3040/3040/3040 3041/3041/3041 3042/3042/3042
f 3042/3042/3042 3041/3041/3041 3043/3043/3043
f 3042/3042/3042 3043/3043/3043 3044/3044/3044
f 3044/3044/3044 3043/3043/3043 3045/3045/3045
f 3044/3044/3044 3045/3045/3045 3046/3046/3046
f 3047/3047/3047 3048/3048/3048 3049/3049/3049
f 3047/3047/3047 3049/3049/3049 3050/3050/3050
f 3050/3050/3050 3049/3049/3049 3051/3051/3051
f 3050/3050/3050 3051/3051/3051 3052/3052/3052
f 3053/3053/3053 3054/3054/3054 3055/3055/3055
f 3053/3053/3053 3055/3055/3055 3056/3056/3056
f 3056/3056/3056 3055/3055/3055 3057/3057/3057
f 3056/3056/3056 3057/3057/3057 3058/3058/3058
f 3058/3058/3058 3057/3057/3057 3059/3059/3059
f 3058/3058/3058 3059/3059/3059 3060/3060/3060
f 3060/3060/3060 3059/3059/3059 3061/3061/3061
f 3060/3060/3060 3061/3061/3061 3062/3062/3062
f 3063/3063/3063 3064/3064/3064 3034/3034/3034
f 3063/3063/3063 3034/3034/3034 3033/3033/3033
f 3065/3065/3065 3066/3066/3066 3067/3067/3067
f 3065/3065/3065 3067/3067/3067 3068/3068/3068
f 3069/3069/3069 3070/3070/3070 3071/3071/3071
f 3069/3069/3069 3071/3071/3071 3072/3072/3072
f 3072/3072/3072 3071/3071/3071 3073/3073/3073
f 3072/3072/3072 3073/3073/3073 3074/3074/3074
f 3074/3074/3074 3073/3073/3073 3075/3075/3075
f 3074/3074/3074 3075/3075/3075 3076/3076/3076
f 3076/3076/3076 3075/3075/3075 3077/3077/3077
f 3076/3076/3076 3077/3077/3077 3078/3078/3078
f 3079/3079/3079 3080/3080/3080 3081/3081/3081
f 3079/3079/3079 3081/3081/3081 3082/3082/3082
f 3082/3082/3082 3081/3081/3081 3083/3083/3083
f 3082/3082/3082 3083/3083/3083 3084/3084/3084
f 3085/3085/3085 3086/3086/3086 3087/3087/3087
f 3085/3085/3085 3087/3087/3087 3088/3088/3088
f 3088/3088/3088 3087/3087/3087 3089/3089/3089
f 3088/3088/3088 3089/3089/3089 3090/3090/3090
f 3090/3090/3090 3089/3089/3089 3091/3091/3091
f 3090/3090/3090 3091/3091/3091 3092/3092/3092
f 3092/3092/3092 3091/3091/3091 3093/3093/3093
f 3092/3092/3092 3093/3093/3093 3094/3094/3094
f 3095/3095/3095 3096/3096/3096 3066/3066/3066
f 3095/3095/3095 3066/3066/3066 3065/3065/3065
f 3097/3097/3097 3098/3098/3098 3099/3099/3099
f 3097/3097/3097 3099/3099/3099 3100/3100/3100
f 3101/3101/3101 3102/3102/3102 3103/3103/3103
f 3101/3101/3101 3103/3103/3103 3104/3104/3104
f 3104/3104/3104 3103/3103/3103 3105/3105/3105
f 3104/3104/3104 3105/3105/3105 3106/3106/3106
f 3106/3106/3106 3105/3105/3105 3107/3107/3107
f 3106/3106/3106 3107/3107/3107 3108/3108/3108
f 3108/3108/3108 3107/3107/3107 3109/3109/3109
f 3108/3108/3108 3109/3109/3109 3110/3110/3110
f 3111/3111/3111 3112/3112/3112 3113/3113/3113
f 3111/3111/3111 3113/3113/3113 3114/3114/3114
f 3114/3114/3114 3113/3113/3113 3115/3115/3115
f 3114/3114/3114 3115/3115/3115 3116/3116/3116
f 3117/3117/3117 3118/3118/3118 3119/3119/3119
f 3117/3117/3117 3119/3119/3119 3120/3120/3120
f 3120/3120/3120 3119/3119/3119 3121/3121/3121
f 3120/3120/3120 3121/3121/3121 3122/3122/3122
f 3122/3122/3122 3121/3121/3121 3123/3123/3123
f 3122/3122/3122 3123/3123/3123 3124/3124/3124
f 3124/3124/3124 3123/3123/3123 3125/3125/3125
f 3124/3124/3124 3125/3125/3125 3126/3126/3126
f 3127/3127/3127 3128/3128/3128 3098/3098/3098
f 3127/3127/3127 3098/3098/3098 3097/3097/3097
f 2680/2680/2680 2679/2679/2679 3129/3129/3129
f 2680/2680/2680 3129/3129/3129 3130/3130/3130
f 3131/3131/3131 2678/2678/2678 2677/2677/2677
f 3131/3131/3131 2677/2677/2677 3132/3132/3132
f 3129/3129/3129 3133/3133/3133 3134/3134/3134
f 3129/3129/3129 3134/3134/3134 3130/3130/3130
f 3135/3135/3135 3136/3136/3136 3131/3131/3131
f 3135/3135/3135 3131/3131/3131 3132/3132/3132
f 3133/3133/3133 3137/3137/3137 3138/3138/3138
f 3133/3133/3133 3138/3138/3138 3134/3134/3134
f 3139/3139/3139 3140/3140/3140 3141/3141/3141
f 3139/3139/3139 3141/3141/3141 3142/3142/3142
f 3143/3143/3143 3144/3144/3144 3136/3136/3136
f 3143/3143/3143 3136/3136/3136 3135/3135/3135
f 3145/3145/3145 3146/3146/3146 3147/3147/3147
f 3145/3145/3145 3147/3147/3147 5698/5698/5698
f 3148/3148/3148 3149/3149/3149 3150/3150/3150
f 3148/3148/3148 3150/3150/3150 5793/5793/5793
f 3151/3151/3151 3152/3152/3152 3153/3153/3153
f 3151/3151/3151 3153/3153/3153 5798/5798/5798
f 3154/3154/3154 3155/3155/3155 3156/3156/3156
f 3154/3154/3154 3156/3156/3156 5804/5804/5804
f 3157/3157/3157 3158/3158/3158 3159/3159/3159
f 3157/3157/3157 3159/3159/3159 5810/5810/5810
f 3160/3160/3160 3161/3161/3161 3162/3162/3162
f 3160/3160/3160 3162/3162/3162 5816/5816/5816
f 3163/3163/3163 3164/3164/3164 5688/5688/5688
f 3163/3163/3163 5688/5688/5688 5822/5822/5822
f 3165/3165/3165 3166/3166/3166 3146/3146/3146
f 3165/3165/3165 3146/3146/3146 3145/3145/3145
f 3167/3167/3167 3168/3168/3168 3149/3149/3149
f 3167/3167/3167 3149/3149/3149 3148/3148/3148
f 3169/3169/3169 3170/3170/3170 3152/3152/3152
f 3169/3169/3169 3152/3152/3152 3151/3151/3151
f 3171/3171/3171 3172/3172/3172 3155/3155/3155
f 3171/3171/3171 3155/3155/3155 3154/3154/3154
f 3173/3173/3173 3174/3174/3174 3158/3158/3158
f 3173/3173/3173 3158/3158/3158 3157/3157/3157
f 3175/3175/3175 3176/3176/3176 3161/3161/3161
f 3175/3175/3175 3161/3161/3161 3160/3160/3160
f 3177/3177/3177 3178/3178/3178 3164/3164/3164
f 3177/3177/3177 3164/3164/3164 3163/3163/3163
f 3179/3179/3179 3180/3180/3180 3166/3166/3166
f 3179/3179/3179 3166/3166/3166 3165/3165/3165
f 3181/3181/3181 3182/3182/3182 3168/3168/3168
f 3181/3181/3181 3168/3168/3168 3167/3167/3167
f 3183/3183/3183 3184/3184/3184 3170/3170/3170
f 3183/3183/3183 3170/3170/3170 3169/3169/3169
f 3185/3185/3185 3186/3186/3186 3172/3172/3172
f 3185/3185/3185 3172/3172/3172 3171/3171/3171
f 3187/3187/3187 3188/3188/3188 3174/3174/3174
f 3187/3187/3187 3174/3174/3174 3173/3173/3173
f 3189/3189/3189 3190/3190/3190 3176/3176/3176
f 3189/3189/3189 3176/3176/3176 3175/3175/3175
f 3191/3191/3191 3192/3192/3192 3178/3178/3178
f 3191/3191/3191 3178/3178/3178 3177/3177/3177
f 3193/3193/3193 3194/3194/3194 3180/3180/3180
f 3193/3193/3193 3180/3180/3180 3179/3179/3179
f 3195/3195/3195 3196/3196/3196 3182/3182/3182
f 3195/3195/3195 3182/3182/3182 3181/3181/3181
f 3197/3197/3197 3198/3198/3198 3184/3184/3184
f 3197/3197/3197 3184/3184/3184 3183/3183/3183
f 3199/3199/3199 3200/3200/3200 3186/3186/3186
f 3199/3199/3199 3186/3186/3186 3185/3185/3185
f 3201/3201/3201 3202/3202/3202 3188/3188/3188
f 3201/3201/3201 3188/3188/3188 3187/3187/3187
f 3203/3203/3203 3204/3204/3204 3190/3190/3190
f 3203/3203/3203 3190/3190/3190 3189/3189/3189
f 3205/3205/3205 3206/3206/3206 3192/3192/3192
f 3205/3205/3205 3192/3192/3192 3191/3191/3191
f 3207/3207/3207 3208/3208/3208 3194/3194/3194
f 3207/3207/3207 3194/3194/3194 3193/3193/3193
f 3209/3209/3209 3210/3210/3210 3196/3196/3196
f 3209/3209/3209 3196/3196/3196 3195/3195/3195
f 3211/3211/3211 3212/3212/3212 3198/3198/3198
f 3211/3211/3211 3198/3198/3198 3197/3197/3197
f 3213/3213/3213 3214/3214/3214 3200/3200/3200
f 3213/3213/3213 3200/3200/3200 3199/3199/3199
f 3215/3215/3215 3216/3216/3216 3202/3202/3202
f 3215/3215/3215 3202/3202/3202 3201/3201/3201
f 180/180/180 179/179/179 3204/3204/3204
f 180/180/180 3204/3204/3204 3203/3203/3203
f 3217/3217/3217 3218/3218/3218 3206/3206/3206
f 3217/3217/3217 3206/3206/3206 3205/3205/3205
f 3219/3219/3219 3220/3220/3220 3208/3208/3208
f 3219/3219/3219 3208/3208/3208 3207/3207/3207
f 5832/5832/5832 3221/3221/3221 3210/3210/3210
f 5832/5832/5832 3210/3210/3210 3209/3209/3209
f 5836/5836/5836 3222/3222/3222 3212/3212/3212
f 5836/5836/5836 3212/3212/3212 3211/3211/3211
f 5840/5840/5840 3223/3223/3223 3214/3214/3214
f 5840/5840/5840 3214/3214/3214 3213/3213/3213
f 5844/5844/5844 3224/3224/3224 3216/3216/3216
f 5844/5844/5844 3216/3216/3216 3215/3215/3215
f 5761/5761/5761 3218/3218/3218 3217/3217/3217
f 5761/5761/5761 3217/3217/3217 5714/5714/5714
f 3225/3225/3225 3226/3226/3226 3227/3227/3227
f 3225/3225/3225 3227/3227/3227 5689/5689/5689
f 3228/3228/3228 3229/3229/3229 3230/3230/3230
f 3228/3228/3228 3230/3230/3230 5824/5824/5824
f 3231/3231/3231 3232/3232/3232 3233/3233/3233
f 3231/3231/3231 3233/3233/3233 5817/5817/5817
f 3234/3234/3234 3235/3235/3235 3236/3236/3236
f 3234/3234/3234 3236/3236/3236 5812/5812/5812
f 3237/3237/3237 3238/3238/3238 3239/3239/3239
f 3237/3237/3237 3239/3239/3239 5805/5805/5805
f 3240/3240/3240 3241/3241/3241 3242/3242/3242
f 3240/3240/3240 3242/3242/3242 5800/5800/5800
f 3243/3243/3243 3244/3244/3244 3245/3245/3245
f 3243/3243/3243 3245/3245/3245 5794/5794/5794
f 3246/3246/3246 3247/3247/3247 3243/3243/3243
f 3246/3246/3246 3243/3243/3243 5794/5794/5794
f 3248/3248/3248 3249/3249/3249 3244/3244/3244
f 3248/3248/3248 3244/3244/3244 3243/3243/3243
f 3250/3250/3250 3251/3251/3251 3226/3226/3226
f 3250/3250/3250 3226/3226/3226 3225/3225/3225
f 3252/3252/3252 3253/3253/3253 3229/3229/3229
f 3252/3252/3252 3229/3229/3229 3228/3228/3228
f 3254/3254/3254 3255/3255/3255 3232/3232/3232
f 3254/3254/3254 3232/3232/3232 3231/3231/3231
f 3256/3256/3256 3257/3257/3257 3235/3235/3235
f 3256/3256/3256 3235/3235/3235 3234/3234/3234
f 3258/3258/3258 3259/3259/3259 3238/3238/3238
f 3258/3258/3258 3238/3238/3238 3237/3237/3237
f 3260/3260/3260 3261/3261/3261 3241/3241/3241
f 3260/3260/3260 3241/3241/3241 3240/3240/3240
f 3262/3262/3262 3263/3263/3263 3247/3247/3247
f 3262/3262/3262 3247/3247/3247 3246/3246/3246
f 3264/3264/3264 3265/3265/3265 3249/3249/3249
f 3264/3264/3264 3249/3249/3249 3248/3248/3248
f 3266/3266/3266 3267/3267/3267 3251/3251/3251
f 3266/3266/3266 3251/3251/3251 3250/3250/3250
f 3268/3268/3268 3269/3269/3269 3253/3253/3253
f 3268/3268/3268 3253/3253/3253 3252/3252/3252
f 3270/3270/3270 3271/3271/3271 3255/3255/3255
f 3270/3270/3270 3255/3255/3255 3254/3254/3254
f 3272/3272/3272 3273/3273/3273 3257/3257/3257
f 3272/3272/3272 3257/3257/3257 3256/3256/3256
f 3274/3274/3274 3275/3275/3275 3259/3259/3259
f 3274/3274/3274 3259/3259/3259 3258/3258/3258
f 3276/3276/3276 3277/3277/3277 3261/3261/3261
f 3276/3276/3276 3261/3261/3261 3260/3260/3260
f 3278/3278/3278 3279/3279/3279 3263/3263/3263
f 3278/3278/3278 3263/3263/3263 3262/3262/3262
f 3280/3280/3280 3281/3281/3281 3265/3265/3265
f 3280/3280/3280 3265/3265/3265 3264/3264/3264
f 3282/3282/3282 3283/3283/3283 3267/3267/3267
f 3282/3282/3282 3267/3267/3267 3266/3266/3266
f 3284/3284/3284 3285/3285/3285 3269/3269/3269
f 3284/3284/3284 3269/3269/3269 3268/3268/3268
f 3286/3286/3286 3287/3287/3287 3271/3271/3271
f 3286/3286/3286 3271/3271/3271 3270/3270/3270
f 3288/3288/3288 3289/3289/3289 3273/3273/3273
f 3288/3288/3288 3273/3273/3273 3272/3272/3272
f 3290/3290/3290 3291/3291/3291 3275/3275/3275
f 3290/3290/3290 3275/3275/3275 3274/3274/3274
f 3292/3292/3292 3293/3293/3293 3277/3277/3277
f 3292/3292/3292 3277/3277/3277 3276/3276/3276
f 3294/3294/3294 3295/3295/3295 3279/3279/3279
f 3294/3294/3294 3279/3279/3279 3278/3278/3278
f 3296/3296/3296 3297/3297/3297 3281/3281/3281
f 3296/3296/3296 3281/3281/3281 3280/3280/3280
f 3298/3298/3298 3299/3299/3299 3283/3283/3283
f 3298/3298/3298 3283/3283/3283 3282/3282/3282
f 3300/3300/3300 3301/3301/3301 3285/3285/3285
f 3300/3300/3300 3285/3285/3285 3284/3284/3284
f 3302/3302/3302 3303/3303/3303 3287/3287/3287
f 3302/3302/3302 3287/3287/3287 3286/3286/3286
f 3304/3304/3304 3305/3305/3305 3289/3289/3289
f 3304/3304/3304 3289/3289/3289 3288/3288/3288
f 3306/3306/3306 3307/3307/3307 3291/3291/3291
f 3306/3306/3306 3291/3291/3291 3290/3290/3290
f 3308/3308/3308 3309/3309/3309 3293/3293/3293
f 3308/3308/3308 3293/3293/3293 3292/3292/3292
f 3310/3310/3310 3311/3311/3311 3295/3295/3295
f 3310/3310/3310 3295/3295/3295 3294/3294/3294
f 3312/3312/3312 3313/3313/3313 3297/3297/3297
f 3312/3312/3312 3297/3297/3297 3296/3296/3296
f 5762/5762/5762 3314/3314/3314 3299/3299/3299
f 5762/5762/5762 3299/3299/3299 3298/3298/3298
f 5713/5713/5713 3315/3315/3315 3301/3301/3301
f 5713/5713/5713 3301/3301/3301 3300/3300/3300
f 5700/5700/5700 3316/3316/3316 3303/3303/3303
f 5700/5700/5700 3303/3303/3303 3302/3302/3302
f 5841/5841/5841 3317/3317/3317 3305/3305/3305
f 5841/5841/5841 3305/3305/3305 3304/3304/3304
f 5837/5837/5837 3318/3318/3318 3307/3307/3307
f 5837/5837/5837 3307/3307/3307 3306/3306/3306
f 5833/5833/5833 3319/3319/3319 3309/3309/3309
f 5833/5833/5833 3309/3309/3309 3308/3308/3308
f 5829/5829/5829 3320/3320/3320 3311/3311/3311
f 5829/5829/5829 3311/3311/3311 3310/3310/3310
f 5825/5825/5825 3321/3321/3321 3313/3313/3313
f 5825/5825/5825 3313/3313/3313 3312/3312/3312
f 3322/3322/3322 3323/3323/3323 3324/3324/3324
f 3322/3322/3322 3324/3324/3324 3325/3325/3325
f 3326/3326/3326 3327/3327/3327 3328/3328/3328
f 3326/3326/3326 3328/3328/3328 3329/3329/3329
f 3327/3327/3327 3330/3330/3330 3331/3331/3331
f 3327/3327/3327 3331/3331/3331 3328/3328/3328
f 3330/3330/3330 3332/3332/3332 3333/3333/3333
f 3330/3330/3330 3333/3333/3333 3331/3331/3331
f 3332/3332/3332 3334/3334/3334 3335/3335/3335
f 3332/3332/3332 3335/3335/3335 3333/3333/3333
f 3336/3336/3336 3337/3337/3337 3338/3338/3338
f 3336/3336/3336 3338/3338/3338 3339/3339/3339
f 3337/3337/3337 3340/3340/3340 3341/3341/3341
f 3337/3337/3337 3341/3341/3341 3338/3338/3338
f 3342/3342/3342 3343/3343/3343 3344/3344/3344
f 3342/3342/3342 3344/3344/3344 3345/3345/3345
f 3343/3343/3343 3346/3346/3346 3347/3347/3347
f 3343/3343/3343 3347/3347/3347 3344/3344/3344
f 3346/3346/3346 3348/3348/3348 3349/3349/3349
f 3346/3346/3346 3349/3349/3349 3347/3347/3347
f 3348/3348/3348 3350/3350/3350 3351/3351/3351
f 3348/3348/3348 3351/3351/3351 3349/3349/3349
f 3352/3352/3352 3322/3322/3322 3325/3325/3325
f 3352/3352/3352 3325/3325/3325 3353/3353/3353
f 3354/3354/3354 3355/3355/3355 3356/3356/3356
f 3354/3354/3354 3356/3356/3356 3357/3357/3357
f 3358/3358/3358 3359/3359/3359 3360/3360/3360
f 3358/3358/3358 3360/3360/3360 3361/3361/3361
f 3359/3359/3359 3362/3362/3362 3363/3363/3363
f 3359/3359/3359 3363/3363/3363 3360/3360/3360
f 3362/3362/3362 3364/3364/3364 3365/3365/3365
f 3362/3362/3362 3365/3365/3365 3363/3363/3363
f 3364/3364/3364 3366/3366/3366 3367/3367/3367
f 3364/3364/3364 3367/3367/3367 3365/3365/3365
f 3368/3368/3368 3369/3369/3369 3370/3370/3370
f 3368/3368/3368 3370/3370/3370 3371/3371/3371
f 3369/3369/3369 3372/3372/3372 3373/3373/3373
f 3369/3369/3369 3373/3373/3373 3370/3370/3370
f 3374/3374/3374 3375/3375/3375 3376/3376/3376
f 3374/3374/3374 3376/3376/3376 3377/3377/3377
f 3375/3375/3375 3378/3378/3378 3379/3379/3379
f 3375/3375/3375 3379/3379/3379 3376/3376/3376
f 3378/3378/3378 3380/3380/3380 3381/3381/3381
f 3378/3378/3378 3381/3381/3381 3379/3379/3379
f 3380/3380/3380 3382/3382/3382 3383/3383/3383
f 3380/3380/3380 3383/3383/3383 3381/3381/3381
f 3384/3384/3384 3354/3354/3354 3357/3357/3357
f 3384/3384/3384 3357/3357/3357 3385/3385/3385
f 3386/3386/3386 3387/3387/3387 3388/3388/3388
f 3386/3386/3386 3388/3388/3388 3389/3389/3389
f 3390/3390/3390 3391/3391/3391 3392/3392/3392
f 3390/3390/3390 3392/3392/3392 3393/3393/3393
f 3391/3391/3391 3394/3394/3394 3395/3395/3395
f 3391/3391/3391 3395/3395/3395 3392/3392/3392
f 3394/3394/3394 3396/3396/3396 3397/3397/3397
f 3394/3394/3394 3397/3397/3397 3395/3395/3395
f 3396/3396/3396 3398/3398/3398 3399/3399/3399
f 3396/3396/3396 3399/3399/3399 3397/3397/3397
f 3400/3400/3400 3401/3401/3401 3402/3402/3402
f 3400/3400/3400 3402/3402/3402 3403/3403/3403
f 3401/3401/3401 3404/3404/3404 3405/3405/3405
f 3401/3401/3401 3405/3405/3405 3402/3402/3402
f 3406/3406/3406 3407/3407/3407 3408/3408/3408
f 3406/3406/3406 3408/3408/3408 3409/3409/3409
f 3407/3407/3407 3410/3410/3410 3411/3411/3411
f 3407/3407/3407 3411/3411/3411 3408/3408/3408
f 3410/3410/3410 3412/3412/3412 3413/3413/3413
f 3410/3410/3410 3413/3413/3413 3411/3411/3411
f 3412/3412/3412 3414/3414/3414 3415/3415/3415
f 3412/3412/3412 3415/3415/3415 3413/3413/3413
f 3416/3416/3416 3386/3386/3386 3389/3389/3389
f 3416/3416/3416 3389/3389/3389 3417/3417/3417
f 3418/3418/3418 3419/3419/3419 3420/3420/3420
f 3418/3418/3418 3420/3420/3420 3421/3421/3421
f 3422/3422/3422 3423/3423/3423 3424/3424/3424
f 3422/3422/3422 3424/3424/3424 3425/3425/3425
f 3423/3423/3423 3426/3426/3426 3427/3427/3427
f 3423/3423/3423 3427/3427/3427 3424/3424/3424
f 3426/3426/3426 3428/3428/3428 3429/3429/3429
f 3426/3426/3426 3429/3429/3429 3427/3427/3427
f 3428/3428/3428 3430/3430/3430 3431/3431/3431
f 3428/3428/3428 3431/3431/3431 3429/3429/3429
f 3432/3432/3432 3433/3433/3433 3434/3434/3434
f 3432/3432/3432 3434/3434/3434 3435/3435/3435
f 3433/3433/3433 3436/3436/3436 3437/3437/3437
f 3433/3433/3433 3437/3437/3437 3434/3434/3434
f 3438/3438/3438 3439/3439/3439 3440/3440/3440
f 3438/3438/3438 3440/3440/3440 3441/3441/3441
f 3439/3439/3439 3442/3442/3442 3443/3443/3443
f 3439/3439/3439 3443/3443/3443 3440/3440/3440
f 3442/3442/3442 3444/3444/3444 3445/3445/3445
f 3442/3442/3442 3445/3445/3445 3443/3443/3443
f 3444/3444/3444 3446/3446/3446 3447/3447/3447
f 3444/3444/3444 3447/3447/3447 3445/3445/3445
f 3448/3448/3448 3418/3418/3418 3421/3421/3421
f 3448/3448/3448 3421/3421/3421 3449/3449/3449
f 3450/3450/3450 3451/3451/3451 3452/3452/3452
f 3450/3450/3450 3452/3452/3452 3453/3453/3453
f 3454/3454/3454 3455/3455/3455 3456/3456/3456
f 3454/3454/3454 3456/3456/3456 3457/3457/3457
f 3455/3455/3455 3458/3458/3458 3459/3459/3459
f 3455/3455/3455 3459/3459/3459 3456/3456/3456
f 3458/3458/3458 3460/3460/3460 3461/3461/3461
f 3458/3458/3458 3461/3461/3461 3459/3459/3459
f 3460/3460/3460 3462/3462/3462 3463/3463/3463
f 3460/3460/3460 3463/3463/3463 3461/3461/3461
f 3464/3464/3464 3465/3465/3465 3466/3466/3466
f 3464/3464/3464 3466/3466/3466 3467/3467/3467
f 3465/3465/3465 3468/3468/3468 3469/3469/3469
f 3465/3465/3465 3469/3469/3469 3466/3466/3466
f 3470/3470/3470 3471/3471/3471 3472/3472/3472
f 3470/3470/3470 3472/3472/3472 3473/3473/3473
f 3471/3471/3471 3474/3474/3474 3475/3475/3475
f 3471/3471/3471 3475/3475/3475 3472/3472/3472
f 3474/3474/3474 3476/3476/3476 3477/3477/3477
f 3474/3474/3474 3477/3477/3477 3475/3475/3475
f 3476/3476/3476 3478/3478/3478 3479/3479/3479
f 3476/3476/3476 3479/3479/3479 3477/3477/3477
f 3480/3480/3480 3450/3450/3450 3453/3453/3453
f 3480/3480/3480 3453/3453/3453 3481/3481/3481
f 3482/3482/3482 3483/3483/3483 3484/3484/3484
f 3482/3482/3482 3484/3484/3484 3485/3485/3485
f 3486/3486/3486 3487/3487/3487 3488/3488/3488
f 3486/3486/3486 3488/3488/3488 3489/3489/3489
f 3487/3487/3487 3490/3490/3490 3491/3491/3491
f 3487/3487/3487 3491/3491/3491 3488/3488/3488
f 3490/3490/3490 3492/3492/3492 3493/3493/3493
f 3490/3490/3490 3493/3493/3493 3491/3491/3491
f 3492/3492/3492 3494/3494/3494 3495/3495/3495
f 3492/3492/3492 3495/3495/3495 3493/3493/3493
f 3496/3496/3496 3497/3497/3497 3498/3498/3498
f 3496/3496/3496 3498/3498/3498 3499/3499/3499
f 3497/3497/3497 3500/3500/3500 3501/3501/3501
f 3497/3497/3497 3501/3501/3501 3498/3498/3498
f 3502/3502/3502 3503/3503/3503 3504/3504/3504
f 3502/3502/3502 3504/3504/3504 3505/3505/3505
f 3503/3503/3503 3506/3506/3506 3507/3507/3507
f 3503/3503/3503 3507/3507/3507 3504/3504/3504
f 3506/3506/3506 3508/3508/3508 3509/3509/3509
f 3506/3506/3506 3509/3509/3509 3507/3507/3507
f 3508/3508/3508 3510/3510/3510 3511/3511/3511
f 3508/3508/3508 3511/3511/3511 3509/3509/3509
f 3512/3512/3512 3482/3482/3482 3485/3485/3485
f 3512/3512/3512 3485/3485/3485 3513/3513/3513
f 3514/3514/3514 3515/3515/3515 3516/3516/3516
f 3514/3514/3514 3516/3516/3516 3517/3517/3517
f 3518/3518/3518 3519/3519/3519 3520/3520/3520
f 3518/3518/3518 3520/3520/3520 3521/3521/3521
f 3519/3519/3519 3522/3522/3522 3523/3523/3523
f 3519/3519/3519 3523/3523/3523 3520/3520/3520
f 3522/3522/3522 3524/3524/3524 3525/3525/3525
f 3522/3522/3522 3525/3525/3525 3523/3523/3523
f 3524/3524/3524 3526/3526/3526 3527/3527/3527
f 3524/3524/3524 3527/3527/3527 3525/3525/3525
f 3528/3528/3528 3529/3529/3529 3530/3530/3530
f 3528/3528/3528 3530/3530/3530 3531/3531/3531
f 3529/3529/3529 3532/3532/3532 3533/3533/3533
f 3529/3529/3529 3533/3533/3533 3530/3530/3530
f 3534/3534/3534 3535/3535/3535 3536/3536/3536
f 3534/3534/3534 3536/3536/3536 3537/3537/3537
f 3535/3535/3535 3538/3538/3538 3539/3539/3539
f 3535/3535/3535 3539/3539/3539 3536/3536/3536
f 3538/3538/3538 3540/3540/3540 3541/3541/3541
f 3538/3538/3538 3541/3541/3541 3539/3539/3539
f 3540/3540/3540 3542/3542/3542 3543/3543/3543
f 3540/3540/3540 3543/3543/3543 3541/3541/3541
f 3544/3544/3544 3514/3514/3514 3517/3517/3517
f 3544/3544/3544 3517/3517/3517 3545/3545/3545
f 3546/3546/3546 3547/3547/3547 3548/3548/3548
f 3546/3546/3546 3548/3548/3548 3549/3549/3549
f 3550/3550/3550 3551/3551/3551 3552/3552/3552
f 3550/3550/3550 3552/3552/3552 3553/3553/3553
f 3551/3551/3551 3554/3554/3554 3555/3555/3555
f 3551/3551/3551 3555/3555/3555 3552/3552/3552
f 3554/3554/3554 3556/3556/3556 3557/3557/3557
f 3554/3554/3554 3557/3557/3557 3555/3555/3555
f 3556/3556/3556 3558/3558/3558 3559/3559/3559
f 3556/3556/3556 3559/3559/3559 3557/3557/3557
f 3560/3560/3560 3561/3561/3561 3562/3562/3562
f 3560/3560/3560 3562/3562/3562 3563/3563/3563
f 3561/3561/3561 3564/3564/3564 3565/3565/3565
f 3561/3561/3561 3565/3565/3565 3562/3562/3562
f 3566/3566/3566 3567/3567/3567 3568/3568/3568
f 3566/3566/3566 3568/3568/3568 3569/3569/3569
f 3567/3567/3567 3570/3570/3570 3571/3571/3571
f 3567/3567/3567 3571/3571/3571 3568/3568/3568
f 3570/3570/3570 3572/3572/3572 3573/3573/3573
f 3570/3570/3570 3573/3573/3573 3571/3571/3571
f 3572/3572/3572 3574/3574/3574 3575/3575/3575
f 3572/3572/3572 3575/3575/3575 3573/3573/3573
f 3576/3576/3576 3546/3546/3546 3549/3549/3549
f 3576/3576/3576 3549/3549/3549 3577/3577/3577
f 3578/3578/3578 3579/3579/3579 3580/3580/3580
f 3578/3578/3578 3580/3580/3580 152/152/152
f 3581/3581/3581 3582/3582/3582 3583/3583/3583
f 3581/3581/3581 3583/3583/3583 3584/3584/3584
f 3585/3585/3585 3586/3586/3586 3582/3582/3582
f 3585/3585/3585 3582/3582/3582 3581/3581/3581
f 2594/2594/2594 2597/2597/2597 2567/2567/2567
f 2594/2594/2594 2567/2567/2567 2566/2566/2566
f 3587/3587/3587 3588/3588/3588 2652/2652/2652
f 3587/3587/3587 2652/2652/2652 175/175/175
f 3589/3589/3589 3590/3590/3590 3591/3591/3591
f 3589/3589/3589 3591/3591/3591 3592/3592/3592
f 3593/3593/3593 3594/3594/3594 3590/3590/3590
f 3593/3593/3593 3590/3590/3590 3589/3589/3589
f 3595/3595/3595 3596/3596/3596 3597/3597/3597
f 3595/3595/3595 3597/3597/3597 3598/3598/3598
f 183/183/183 3599/3599/3599 3600/3600/3600
f 183/183/183 3600/3600/3600 184/184/184
f 3599/3599/3599 3601/3601/3601 3602/3602/3602
f 3599/3599/3599 3602/3602/3602 3600/3600/3600
f 3601/3601/3601 3603/3603/3603 3604/3604/3604
f 3601/3601/3601 3604/3604/3604 3602/3602/3602
f 3603/3603/3603 3605/3605/3605 3606/3606/3606
f 3603/3603/3603 3606/3606/3606 3604/3604/3604
f 3605/3605/3605 3607/3607/3607 3608/3608/3608
f 3605/3605/3605 3608/3608/3608 3606/3606/3606
f 3607/3607/3607 3609/3609/3609 5828/5828/5828
f 3607/3607/3607 5828/5828/5828 3608/3608/3608
f 3610/3610/3610 3611/3611/3611 3612/3612/3612
f 3610/3610/3610 3612/3612/3612 3613/3613/3613
f 3611/3611/3611 3614/3614/3614 3615/3615/3615
f 3611/3611/3611 3615/3615/3615 3612/3612/3612
f 3614/3614/3614 3616/3616/3616 3617/3617/3617
f 3614/3614/3614 3617/3617/3617 3615/3615/3615
f 3616/3616/3616 3618/3618/3618 3619/3619/3619
f 3616/3616/3616 3619/3619/3619 3617/3617/3617
f 3620/3620/3620 3621/3621/3621 3622/3622/3622
f 5845/5845/5845 5682/5682/5682 3623/3623/3623
f 5721/5721/5721 3624/3624/3624 5683/5683/5683
f 3625/3625/3625 3626/3626/3626 3627/3627/3627
f 3625/3625/3625 3627/3627/3627 3628/3628/3628
f 3629/3629/3629 3630/3630/3630 3631/3631/3631
f 3629/3629/3629 3631/3631/3631 3632/3632/3632
f 3630/3630/3630 3633/3633/3633 3634/3634/3634
f 3630/3630/3630 3634/3634/3634 3631/3631/3631
f 3633/3633/3633 3635/3635/3635 3636/3636/3636
f 3633/3633/3633 3636/3636/3636 3634/3634/3634
f 3635/3635/3635 3637/3637/3637 3638/3638/3638
f 3635/3635/3635 3638/3638/3638 3636/3636/3636
f 3637/3637/3637 3639/3639/3639 3640/3640/3640
f 3637/3637/3637 3640/3640/3640 3638/3638/3638
f 3639/3639/3639 3641/3641/3641 3642/3642/3642
f 3639/3639/3639 3642/3642/3642 3640/3640/3640
f 3641/3641/3641 3643/3643/3643 3644/3644/3644
f 3641/3641/3641 3644/3644/3644 3642/3642/3642
f 3643/3643/3643 3645/3645/3645 3646/3646/3646
f 3643/3643/3643 3646/3646/3646 3644/3644/3644
f 3645/3645/3645 3647/3647/3647 3648/3648/3648
f 3645/3645/3645 3648/3648/3648 3646/3646/3646
f 3647/3647/3647 3649/3649/3649 3650/3650/3650
f 3647/3647/3647 3650/3650/3650 3648/3648/3648
f 3649/3649/3649 3651/3651/3651 3652/3652/3652
f 3649/3649/3649 3652/3652/3652 3650/3650/3650
f 3651/3651/3651 3653/3653/3653 3654/3654/3654
f 3651/3651/3651 3654/3654/3654 3652/3652/3652
f 3653/3653/3653 3655/3655/3655 3656/3656/3656
f 3653/3653/3653 3656/3656/3656 3654/3654/3654
f 3655/3655/3655 3657/3657/3657 3658/3658/3658
f 3655/3655/3655 3658/3658/3658 3656/3656/3656
f 3659/3659/3659 3660/3660/3660 3661/3661/3661
f 3659/3659/3659 3661/3661/3661 3662/3662/3662
f 3660/3660/3660 3663/3663/3663 3664/3664/3664
f 3660/3660/3660 3664/3664/3664 3661/3661/3661
f 3663/3663/3663 3665/3665/3665 3666/3666/3666
f 3663/3663/3663 3666/3666/3666 3664/3664/3664
f 3665/3665/3665 3667/3667/3667 3668/3668/3668
f 3665/3665/3665 3668/3668/3668 3666/3666/3666
f 3669/3669/3669 3670/3670/3670 3671/3671/3671
f 3669/3669/3669 3671/3671/3671 3672/3672/3672
f 3670/3670/3670 3673/3673/3673 3674/3674/3674
f 3670/3670/3670 3674/3674/3674 3671/3671/3671
f 3675/3675/3675 3676/3676/3676 3677/3677/3677
f 3675/3675/3675 3677/3677/3677 3678/3678/3678
f 3676/3676/3676 3679/3679/3679 3680/3680/3680
f 3676/3676/3676 3680/3680/3680 3677/3677/3677
f 3679/3679/3679 3681/3681/3681 3682/3682/3682
f 3679/3679/3679 3682/3682/3682 3680/3680/3680
f 3681/3681/3681 3683/3683/3683 3684/3684/3684
f 3681/3681/3681 3684/3684/3684 3682/3682/3682
f 3685/3685/3685 3686/3686/3686 3687/3687/3687
f 3685/3685/3685 3687/3687/3687 3688/3688/3688
f 3686/3686/3686 3689/3689/3689 3690/3690/3690
f 3686/3686/3686 3690/3690/3690 3687/3687/3687
f 3691/3691/3691 3692/3692/3692 3693/3693/3693
f 3691/3691/3691 3693/3693/3693 3694/3694/3694
f 3692/3692/3692 3695/3695/3695 3696/3696/3696
f 3692/3692/3692 3696/3696/3696 3693/3693/3693
f 3695/3695/3695 3697/3697/3697 3698/3698/3698
f 3695/3695/3695 3698/3698/3698 3696/3696/3696
f 3697/3697/3697 3699/3699/3699 3700/3700/3700
f 3697/3697/3697 3700/3700/3700 3698/3698/3698
f 3699/3699/3699 3701/3701/3701 3702/3702/3702
f 3699/3699/3699 3702/3702/3702 3700/3700/3700
f 3701/3701/3701 3703/3703/3703 3704/3704/3704
f 3701/3701/3701 3704/3704/3704 3702/3702/3702
f 3703/3703/3703 3705/3705/3705 3706/3706/3706
f 3703/3703/3703 3706/3706/3706 3704/3704/3704
f 3705/3705/3705 3707/3707/3707 3708/3708/3708
f 3705/3705/3705 3708/3708/3708 3706/3706/3706
f 3707/3707/3707 3709/3709/3709 3710/3710/3710
f 3707/3707/3707 3710/3710/3710 3708/3708/3708
f 3709/3709/3709 3711/3711/3711 3712/3712/3712
f 3709/3709/3709 3712/3712/3712 3710/3710/3710
f 3711/3711/3711 3713/3713/3713 3714/3714/3714
f 3711/3711/3711 3714/3714/3714 3712/3712/3712
f 3713/3713/3713 3691/3691/3691 3694/3694/3694
f 3713/3713/3713 3694/3694/3694 3714/3714/3714
f 3715/3715/3715 3716/3716/3716 3717/3717/3717
f 3715/3715/3715 3717/3717/3717 3718/3718/3718
f 3716/3716/3716 3719/3719/3719 3720/3720/3720
f 3716/3716/3716 3720/3720/3720 3717/3717/3717
f 3719/3719/3719 3721/3721/3721 3722/3722/3722
f 3719/3719/3719 3722/3722/3722 3720/3720/3720
f 3721/3721/3721 3723/3723/3723 3724/3724/3724
f 3721/3721/3721 3724/3724/3724 3722/3722/3722
f 3723/3723/3723 3725/3725/3725 3726/3726/3726
f 3723/3723/3723 3726/3726/3726 3724/3724/3724
f 3725/3725/3725 3727/3727/3727 3728/3728/3728
f 3725/3725/3725 3728/3728/3728 3726/3726/3726
f 3727/3727/3727 3729/3729/3729 3730/3730/3730
f 3727/3727/3727 3730/3730/3730 3728/3728/3728
f 3729/3729/3729 3731/3731/3731 3732/3732/3732
f 3729/3729/3729 3732/3732/3732 3730/3730/3730
f 3731/3731/3731 3733/3733/3733 3734/3734/3734
f 3731/3731/3731 3734/3734/3734 3732/3732/3732
f 3733/3733/3733 3735/3735/3735 3736/3736/3736
f 3733/3733/3733 3736/3736/3736 3734/3734/3734
f 3735/3735/3735 3737/3737/3737 3738/3738/3738
f 3735/3735/3735 3738/3738/3738 3736/3736/3736
f 3737/3737/3737 3715/3715/3715 3718/3718/3718
f 3737/3737/3737 3718/3718/3718 3738/3738/3738
f 3739/3739/3739 3740/3740/3740 3741/3741/3741
f 3739/3739/3739 3741/3741/3741 3742/3742/3742
f 3740/3740/3740 3743/3743/3743 3744/3744/3744
f 3740/3740/3740 3744/3744/3744 3741/3741/3741
f 3743/3743/3743 3745/3745/3745 3746/3746/3746
f 3743/3743/3743 3746/3746/3746 3744/3744/3744
f 3745/3745/3745 3747/3747/3747 3748/3748/3748
f 3745/3745/3745 3748/3748/3748 3746/3746/3746
f 3749/3749/3749 3750/3750/3750 3751/3751/3751
f 3749/3749/3749 3751/3751/3751 3752/3752/3752
f 3750/3750/3750 3753/3753/3753 3754/3754/3754
f 3750/3750/3750 3754/3754/3754 3751/3751/3751
f 3755/3755/3755 3756/3756/3756 3757/3757/3757
f 3755/3755/3755 3757/3757/3757 3758/3758/3758
f 3756/3756/3756 3759/3759/3759 3760/3760/3760
f 3756/3756/3756 3760/3760/3760 3757/3757/3757
f 3759/3759/3759 3761/3761/3761 3762/3762/3762
f 3759/3759/3759 3762/3762/3762 3760/3760/3760
f 3761/3761/3761 3763/3763/3763 3764/3764/3764
f 3761/3761/3761 3764/3764/3764 3762/3762/3762
f 3765/3765/3765 3766/3766/3766 3767/3767/3767
f 3765/3765/3765 3767/3767/3767 3768/3768/3768
f 3766/3766/3766 3769/3769/3769 3770/3770/3770
f 3766/3766/3766 3770/3770/3770 3767/3767/3767
f 3771/3771/3771 3772/3772/3772 3773/3773/3773
f 3771/3771/3771 3773/3773/3773 3774/3774/3774
f 3775/3775/3775 3776/3776/3776 3777/3777/3777
f 3775/3775/3775 3777/3777/3777 3778/3778/3778
f 3776/3776/3776 3779/3779/3779 3780/3780/3780
f 3776/3776/3776 3780/3780/3780 3777/3777/3777
f 3779/3779/3779 3781/3781/3781 3782/3782/3782
f 3779/3779/3779 3782/3782/3782 3780/3780/3780
f 3781/3781/3781 3783/3783/3783 3784/3784/3784
f 3781/3781/3781 3784/3784/3784 3782/3782/3782
f 3785/3785/3785 3786/3786/3786 3787/3787/3787
f 3785/3785/3785 3787/3787/3787 3788/3788/3788
f 3786/3786/3786 3789/3789/3789 3790/3790/3790
f 3786/3786/3786 3790/3790/3790 3787/3787/3787
f 3791/3791/3791 3792/3792/3792 3793/3793/3793
f 3791/3791/3791 3793/3793/3793 3794/3794/3794
f 3792/3792/3792 3795/3795/3795 3796/3796/3796
f 3792/3792/3792 3796/3796/3796 3793/3793/3793
f 3795/3795/3795 3797/3797/3797 3798/3798/3798
f 3795/3795/3795 3798/3798/3798 3796/3796/3796
f 3797/3797/3797 3799/3799/3799 3800/3800/3800
f 3797/3797/3797 3800/3800/3800 3798/3798/3798
f 3801/3801/3801 3771/3771/3771 3774/3774/3774
f 3801/3801/3801 3774/3774/3774 3802/3802/3802
f 3659/3659/3659 3803/3803/3803 3804/3804/3804
f 3659/3659/3659 3804/3804/3804 3660/3660/3660
f 3805/3805/3805 3713/3713/3713 3711/3711/3711
f 3805/3805/3805 3711/3711/3711 3806/3806/3806
f 3660/3660/3660 3804/3804/3804 3807/3807/3807
f 3660/3660/3660 3807/3807/3807 3663/3663/3663
f 3806/3806/3806 3711/3711/3711 3709/3709/3709
f 3806/3806/3806 3709/3709/3709 3808/3808/3808
f 3663/3663/3663 3807/3807/3807 3809/3809/3809
f 3663/3663/3663 3809/3809/3809 3665/3665/3665
f 3808/3808/3808 3709/3709/3709 3707/3707/3707
f 3808/3808/3808 3707/3707/3707 3810/3810/3810
f 3665/3665/3665 3809/3809/3809 3811/3811/3811
f 3665/3665/3665 3811/3811/3811 3667/3667/3667
f 3810/3810/3810 3707/3707/3707 3705/3705/3705
f 3810/3810/3810 3705/3705/3705 3812/3812/3812
f 3669/3669/3669 3813/3813/3813 3814/3814/3814
f 3669/3669/3669 3814/3814/3814 3670/3670/3670
f 3812/3812/3812 3705/3705/3705 3703/3703/3703
f 3812/3812/3812 3703/3703/3703 3815/3815/3815
f 3670/3670/3670 3814/3814/3814 3816/3816/3816
f 3670/3670/3670 3816/3816/3816 3673/3673/3673
f 3815/3815/3815 3703/3703/3703 3701/3701/3701
f 3815/3815/3815 3701/3701/3701 3817/3817/3817
f 3675/3675/3675 3818/3818/3818 3819/3819/3819
f 3675/3675/3675 3819/3819/3819 3676/3676/3676
f 3817/3817/3817 3701/3701/3701 3699/3699/3699
f 3817/3817/3817 3699/3699/3699 3820/3820/3820
f 3676/3676/3676 3819/3819/3819 3821/3821/3821
f 3676/3676/3676 3821/3821/3821 3679/3679/3679
f 3820/3820/3820 3699/3699/3699 3697/3697/3697
f 3820/3820/3820 3697/3697/3697 3822/3822/3822
f 3679/3679/3679 3821/3821/3821 3823/3823/3823
f 3679/3679/3679 3823/3823/3823 3681/3681/3681
f 3822/3822/3822 3697/3697/3697 3695/3695/3695
f 3822/3822/3822 3695/3695/3695 3824/3824/3824
f 3681/3681/3681 3823/3823/3823 3825/3825/3825
f 3681/3681/3681 3825/3825/3825 3683/3683/3683
f 3824/3824/3824 3695/3695/3695 3692/3692/3692
f 3824/3824/3824 3692/3692/3692 3826/3826/3826
f 3685/3685/3685 3827/3827/3827 3828/3828/3828
f 3685/3685/3685 3828/3828/3828 3686/3686/3686
f 3826/3826/3826 3692/3692/3692 3691/3691/3691
f 3826/3826/3826 3691/3691/3691 3829/3829/3829
f 3713/3713/3713 3805/3805/3805 3829/3829/3829
f 3713/3713/3713 3829/3829/3829 3691/3691/3691
f 3830/3830/3830 3689/3689/3689 3686/3686/3686
f 3830/3830/3830 3686/3686/3686 3828/3828/3828
f 3690/3690/3690 3831/3831/3831 3832/3832/3832
f 3690/3690/3690 3832/3832/3832 3687/3687/3687
f 3833/3833/3833 3716/3716/3716 3715/3715/3715
f 3833/3833/3833 3715/3715/3715 3834/3834/3834
f 3716/3716/3716 3833/3833/3833 3835/3835/3835
f 3716/3716/3716 3835/3835/3835 3719/3719/3719
f 3836/3836/3836 3662/3662/3662 3661/3661/3661
f 3836/3836/3836 3661/3661/3661 3837/3837/3837
f 3719/3719/3719 3835/3835/3835 3838/3838/3838
f 3719/3719/3719 3838/3838/3838 3721/3721/3721
f 3837/3837/3837 3661/3661/3661 3664/3664/3664
f 3837/3837/3837 3664/3664/3664 3839/3839/3839
f 3721/3721/3721 3838/3838/3838 3840/3840/3840
f 3721/3721/3721 3840/3840/3840 3723/3723/3723
f 3839/3839/3839 3664/3664/3664 3666/3666/3666
f 3839/3839/3839 3666/3666/3666 3841/3841/3841
f 3723/3723/3723 3840/3840/3840 3842/3842/3842
f 3723/3723/3723 3842/3842/3842 3725/3725/3725
f 3841/3841/3841 3666/3666/3666 3668/3668/3668
f 3841/3841/3841 3668/3668/3668 3843/3843/3843
f 3725/3725/3725 3842/3842/3842 3844/3844/3844
f 3725/3725/3725 3844/3844/3844 3727/3727/3727
f 3845/3845/3845 3672/3672/3672 3671/3671/3671
f 3845/3845/3845 3671/3671/3671 3846/3846/3846
f 3727/3727/3727 3844/3844/3844 3847/3847/3847
f 3727/3727/3727 3847/3847/3847 3729/3729/3729
f 3846/3846/3846 3671/3671/3671 3674/3674/3674
f 3846/3846/3846 3674/3674/3674 3848/3848/3848
f 3729/3729/3729 3847/3847/3847 3849/3849/3849
f 3729/3729/3729 3849/3849/3849 3731/3731/3731
f 3850/3850/3850 3678/3678/3678 3677/3677/3677
f 3850/3850/3850 3677/3677/3677 3851/3851/3851
f 3731/3731/3731 3849/3849/3849 3852/3852/3852
f 3731/3731/3731 3852/3852/3852 3733/3733/3733
f 3851/3851/3851 3677/3677/3677 3680/3680/3680
f 3851/3851/3851 3680/3680/3680 3853/3853/3853
f 3733/3733/3733 3852/3852/3852 3854/3854/3854
f 3733/3733/3733 3854/3854/3854 3735/3735/3735
f 3853/3853/3853 3680/3680/3680 3682/3682/3682
f 3853/3853/3853 3682/3682/3682 3855/3855/3855
f 3735/3735/3735 3854/3854/3854 3856/3856/3856
f 3735/3735/3735 3856/3856/3856 3737/3737/3737
f 3855/3855/3855 3682/3682/3682 3684/3684/3684
f 3855/3855/3855 3684/3684/3684 3857/3857/3857
f 3737/3737/3737 3856/3856/3856 3834/3834/3834
f 3737/3737/3737 3834/3834/3834 3715/3715/3715
f 3858/3858/3858 3688/3688/3688 3687/3687/3687
f 3858/3858/3858 3687/3687/3687 3832/3832/3832
f 3693/3693/3693 3859/3859/3859 3860/3860/3860
f 3693/3693/3693 3860/3860/3860 3694/3694/3694
f 3861/3861/3861 3769/3769/3769 3766/3766/3766
f 3861/3861/3861 3766/3766/3766 3862/3862/3862
f 3694/3694/3694 3860/3860/3860 3863/3863/3863
f 3694/3694/3694 3863/3863/3863 3714/3714/3714
f 3862/3862/3862 3766/3766/3766 3765/3765/3765
f 3862/3862/3862 3765/3765/3765 3864/3864/3864
f 3739/3739/3739 3865/3865/3865 3866/3866/3866
f 3739/3739/3739 3866/3866/3866 3740/3740/3740
f 3859/3859/3859 3693/3693/3693 3696/3696/3696
f 3859/3859/3859 3696/3696/3696 3867/3867/3867
f 3740/3740/3740 3866/3866/3866 3868/3868/3868
f 3740/3740/3740 3868/3868/3868 3743/3743/3743
f 3867/3867/3867 3696/3696/3696 3698/3698/3698
f 3867/3867/3867 3698/3698/3698 3869/3869/3869
f 3743/3743/3743 3868/3868/3868 3870/3870/3870
f 3743/3743/3743 3870/3870/3870 3745/3745/3745
f 3869/3869/3869 3698/3698/3698 3700/3700/3700
f 3869/3869/3869 3700/3700/3700 3871/3871/3871
f 3745/3745/3745 3870/3870/3870 3872/3872/3872
f 3745/3745/3745 3872/3872/3872 3747/3747/3747
f 3871/3871/3871 3700/3700/3700 3702/3702/3702
f 3871/3871/3871 3702/3702/3702 3873/3873/3873
f 3749/3749/3749 3874/3874/3874 3875/3875/3875
f 3749/3749/3749 3875/3875/3875 3750/3750/3750
f 3873/3873/3873 3702/3702/3702 3704/3704/3704
f 3873/3873/3873 3704/3704/3704 3876/3876/3876
f 3750/3750/3750 3875/3875/3875 3877/3877/3877
f 3750/3750/3750 3877/3877/3877 3753/3753/3753
f 3876/3876/3876 3704/3704/3704 3706/3706/3706
f 3876/3876/3876 3706/3706/3706 3878/3878/3878
f 3755/3755/3755 3879/3879/3879 3880/3880/3880
f 3755/3755/3755 3880/3880/3880 3756/3756/3756
f 3878/3878/3878 3706/3706/3706 3708/3708/3708
f 3878/3878/3878 3708/3708/3708 3881/3881/3881
f 3756/3756/3756 3880/3880/3880 3882/3882/3882
f 3756/3756/3756 3882/3882/3882 3759/3759/3759
f 3881/3881/3881 3708/3708/3708 3710/3710/3710
f 3881/3881/3881 3710/3710/3710 3883/3883/3883
f 3759/3759/3759 3882/3882/3882 3884/3884/3884
f 3759/3759/3759 3884/3884/3884 3761/3761/3761
f 3883/3883/3883 3710/3710/3710 3712/3712/3712
f 3883/3883/3883 3712/3712/3712 3885/3885/3885
f 3761/3761/3761 3884/3884/3884 3886/3886/3886
f 3761/3761/3761 3886/3886/3886 3763/3763/3763
f 3885/3885/3885 3712/3712/3712 3714/3714/3714
f 3885/3885/3885 3714/3714/3714 3863/3863/3863
f 3717/3717/3717 3887/3887/3887 3888/3888/3888
f 3717/3717/3717 3888/3888/3888 3718/3718/3718
f 3889/3889/3889 3772/3772/3772 3771/3771/3771
f 3889/3889/3889 3771/3771/3771 3890/3890/3890
f 3718/3718/3718 3888/3888/3888 3891/3891/3891
f 3718/3718/3718 3891/3891/3891 3738/3738/3738
f 3890/3890/3890 3771/3771/3771 3801/3801/3801
f 3890/3890/3890 3801/3801/3801 3892/3892/3892
f 3775/3775/3775 3893/3893/3893 3894/3894/3894
f 3775/3775/3775 3894/3894/3894 3776/3776/3776
f 3887/3887/3887 3717/3717/3717 3720/3720/3720
f 3887/3887/3887 3720/3720/3720 3895/3895/3895
f 3776/3776/3776 3894/3894/3894 3896/3896/3896
f 3776/3776/3776 3896/3896/3896 3779/3779/3779
f 3895/3895/3895 3720/3720/3720 3722/3722/3722
f 3895/3895/3895 3722/3722/3722 3897/3897/3897
f 3779/3779/3779 3896/3896/3896 3898/3898/3898
f 3779/3779/3779 3898/3898/3898 3781/3781/3781
f 3897/3897/3897 3722/3722/3722 3724/3724/3724
f 3897/3897/3897 3724/3724/3724 3899/3899/3899
f 3781/3781/3781 3898/3898/3898 3900/3900/3900
f 3781/3781/3781 3900/3900/3900 3783/3783/3783
f 3899/3899/3899 3724/3724/3724 3726/3726/3726
f 3899/3899/3899 3726/3726/3726 3901/3901/3901
f 3785/3785/3785 3902/3902/3902 3903/3903/3903
f 3785/3785/3785 3903/3903/3903 3786/3786/3786
f 3901/3901/3901 3726/3726/3726 3728/3728/3728
f 3901/3901/3901 3728/3728/3728 3904/3904/3904
f 3786/3786/3786 3903/3903/3903 3905/3905/3905
f 3786/3786/3786 3905/3905/3905 3789/3789/3789
f 3904/3904/3904 3728/3728/3728 3730/3730/3730
f 3904/3904/3904 3730/3730/3730 3906/3906/3906
f 3791/3791/3791 3907/3907/3907 3908/3908/3908
f 3791/3791/3791 3908/3908/3908 3792/3792/3792
f 3906/3906/3906 3730/3730/3730 3732/3732/3732
f 3906/3906/3906 3732/3732/3732 3909/3909/3909
f 3792/3792/3792 3908/3908/3908 3910/3910/3910
f 3792/3792/3792 3910/3910/3910 3795/3795/3795
f 3909/3909/3909 3732/3732/3732 3734/3734/3734
f 3909/3909/3909 3734/3734/3734 3911/3911/3911
f 3795/3795/3795 3910/3910/3910 3912/3912/3912
f 3795/3795/3795 3912/3912/3912 3797/3797/3797
f 3911/3911/3911 3734/3734/3734 3736/3736/3736
f 3911/3911/3911 3736/3736/3736 3913/3913/3913
f 3797/3797/3797 3912/3912/3912 3914/3914/3914
f 3797/3797/3797 3914/3914/3914 3799/3799/3799
f 3913/3913/3913 3736/3736/3736 3738/3738/3738
f 3913/3913/3913 3738/3738/3738 3891/3891/3891
f 3915/3915/3915 3916/3916/3916 3917/3917/3917
f 3915/3915/3915 3917/3917/3917 3918/3918/3918
f 3916/3916/3916 3919/3919/3919 3920/3920/3920
f 3916/3916/3916 3920/3920/3920 3917/3917/3917
f 3919/3919/3919 3921/3921/3921 3922/3922/3922
f 3919/3919/3919 3922/3922/3922 3920/3920/3920
f 3921/3921/3921 3923/3923/3923 3924/3924/3924
f 3921/3921/3921 3924/3924/3924 3922/3922/3922
f 3925/3925/3925 3926/3926/3926 3927/3927/3927
f 3925/3925/3925 3927/3927/3927 3928/3928/3928
f 3926/3926/3926 3929/3929/3929 3930/3930/3930
f 3926/3926/3926 3930/3930/3930 3927/3927/3927
f 3931/3931/3931 3932/3932/3932 3933/3933/3933
f 3931/3931/3931 3933/3933/3933 3934/3934/3934
f 3932/3932/3932 3935/3935/3935 3936/3936/3936
f 3932/3932/3932 3936/3936/3936 3933/3933/3933
f 3935/3935/3935 3937/3937/3937 3938/3938/3938
f 3935/3935/3935 3938/3938/3938 3936/3936/3936
f 3937/3937/3937 3939/3939/3939 3940/3940/3940
f 3937/3937/3937 3940/3940/3940 3938/3938/3938
f 3941/3941/3941 3942/3942/3942 3943/3943/3943
f 3941/3941/3941 3943/3943/3943 3944/3944/3944
f 3942/3942/3942 3945/3945/3945 3946/3946/3946
f 3942/3942/3942 3946/3946/3946 3943/3943/3943
f 3947/3947/3947 3948/3948/3948 3949/3949/3949
f 3947/3947/3947 3949/3949/3949 3950/3950/3950
f 3948/3948/3948 3951/3951/3951 3952/3952/3952
f 3948/3948/3948 3952/3952/3952 3949/3949/3949
f 3951/3951/3951 3953/3953/3953 3954/3954/3954
f 3951/3951/3951 3954/3954/3954 3952/3952/3952
f 3953/3953/3953 3955/3955/3955 3956/3956/3956
f 3953/3953/3953 3956/3956/3956 3954/3954/3954
f 3955/3955/3955 3957/3957/3957 3958/3958/3958
f 3955/3955/3955 3958/3958/3958 3956/3956/3956
f 3957/3957/3957 3959/3959/3959 3960/3960/3960
f 3957/3957/3957 3960/3960/3960 3958/3958/3958
f 3959/3959/3959 3961/3961/3961 3962/3962/3962
f 3959/3959/3959 3962/3962/3962 3960/3960/3960
f 3961/3961/3961 3963/3963/3963 3964/3964/3964
f 3961/3961/3961 3964/3964/3964 3962/3962/3962
f 3963/3963/3963 3965/3965/3965 3966/3966/3966
f 3963/3963/3963 3966/3966/3966 3964/3964/3964
f 3965/3965/3965 3967/3967/3967 3968/3968/3968
f 3965/3965/3965 3968/3968/3968 3966/3966/3966
f 3967/3967/3967 3969/3969/3969 3970/3970/3970
f 3967/3967/3967 3970/3970/3970 3968/3968/3968
f 3969/3969/3969 3947/3947/3947 3950/3950/3950
f 3969/3969/3969 3950/3950/3950 3970/3970/3970
f 3971/3971/3971 3972/3972/3972 3973/3973/3973
f 3971/3971/3971 3973/3973/3973 3974/3974/3974
f 3972/3972/3972 3975/3975/3975 3976/3976/3976
f 3972/3972/3972 3976/3976/3976 3973/3973/3973
f 3975/3975/3975 3977/3977/3977 3978/3978/3978
f 3975/3975/3975 3978/3978/3978 3976/3976/3976
f 3977/3977/3977 3979/3979/3979 3980/3980/3980
f 3977/3977/3977 3980/3980/3980 3978/3978/3978
f 3979/3979/3979 3981/3981/3981 3982/3982/3982
f 3979/3979/3979 3982/3982/3982 3980/3980/3980
f 3981/3981/3981 3983/3983/3983 3984/3984/3984
f 3981/3981/3981 3984/3984/3984 3982/3982/3982
f 3983/3983/3983 3985/3985/3985 3986/3986/3986
f 3983/3983/3983 3986/3986/3986 3984/3984/3984
f 3985/3985/3985 3987/3987/3987 3988/3988/3988
f 3985/3985/3985 3988/3988/3988 3986/3986/3986
f 3987/3987/3987 3989/3989/3989 3990/3990/3990
f 3987/3987/3987 3990/3990/3990 3988/3988/3988
f 3989/3989/3989 3991/3991/3991 3992/3992/3992
f 3989/3989/3989 3992/3992/3992 3990/3990/3990
f 3991/3991/3991 3993/3993/3993 3994/3994/3994
f 3991/3991/3991 3994/3994/3994 3992/3992/3992
f 3993/3993/3993 3971/3971/3971 3974/3974/3974
f 3993/3993/3993 3974/3974/3974 3994/3994/3994
f 3995/3995/3995 3996/3996/3996 3997/3997/3997
f 3995/3995/3995 3997/3997/3997 3998/3998/3998
f 3996/3996/3996 3999/3999/3999 4000/4000/4000
f 3996/3996/3996 4000/4000/4000 3997/3997/3997
f 3999/3999/3999 4001/4001/4001 4002/4002/4002
f 3999/3999/3999 4002/4002/4002 4000/4000/4000
f 4001/4001/4001 4003/4003/4003 4004/4004/4004
f 4001/4001/4001 4004/4004/4004 4002/4002/4002
f 4005/4005/4005 4006/4006/4006 4007/4007/4007
f 4005/4005/4005 4007/4007/4007 4008/4008/4008
f 4006/4006/4006 4009/4009/4009 4010/4010/4010
f 4006/4006/4006 4010/4010/4010 4007/4007/4007
f 4011/4011/4011 4012/4012/4012 4013/4013/4013
f 4011/4011/4011 4013/4013/4013 4014/4014/4014
f 4012/4012/4012 4015/4015/4015 4016/4016/4016
f 4012/4012/4012 4016/4016/4016 4013/4013/4013
f 4015/4015/4015 4017/4017/4017 4018/4018/4018
f 4015/4015/4015 4018/4018/4018 4016/4016/4016
f 4017/4017/4017 4019/4019/4019 4020/4020/4020
f 4017/4017/4017 4020/4020/4020 4018/4018/4018
f 4021/4021/4021 4022/4022/4022 4023/4023/4023
f 4021/4021/4021 4023/4023/4023 4024/4024/4024
f 4022/4022/4022 4025/4025/4025 4026/4026/4026
f 4022/4022/4022 4026/4026/4026 4023/4023/4023
f 4027/4027/4027 4028/4028/4028 4029/4029/4029
f 4027/4027/4027 4029/4029/4029 4030/4030/4030
f 4031/4031/4031 4032/4032/4032 4033/4033/4033
f 4031/4031/4031 4033/4033/4033 4034/4034/4034
f 4032/4032/4032 4035/4035/4035 4036/4036/4036
f 4032/4032/4032 4036/4036/4036 4033/4033/4033
f 4035/4035/4035 4037/4037/4037 4038/4038/4038
f 4035/4035/4035 4038/4038/4038 4036/4036/4036
f 4037/4037/4037 4039/4039/4039 4040/4040/4040
f 4037/4037/4037 4040/4040/4040 4038/4038/4038
f 4041/4041/4041 4042/4042/4042 4043/4043/4043
f 4041/4041/4041 4043/4043/4043 4044/4044/4044
f 4042/4042/4042 4045/4045/4045 4046/4046/4046
f 4042/4042/4042 4046/4046/4046 4043/4043/4043
f 4047/4047/4047 4048/4048/4048 4049/4049/4049
f 4047/4047/4047 4049/4049/4049 4050/4050/4050
f 4048/4048/4048 4051/4051/4051 4052/4052/4052
f 4048/4048/4048 4052/4052/4052 4049/4049/4049
f 4051/4051/4051 4053/4053/4053 4054/4054/4054
f 4051/4051/4051 4054/4054/4054 4052/4052/4052
f 4053/4053/4053 4055/4055/4055 4056/4056/4056
f 4053/4053/4053 4056/4056/4056 4054/4054/4054
f 4057/4057/4057 4027/4027/4027 4030/4030/4030
f 4057/4057/4057 4030/4030/4030 4058/4058/4058
f 3915/3915/3915 4059/4059/4059 4060/4060/4060
f 3915/3915/3915 4060/4060/4060 3916/3916/3916
f 4061/4061/4061 3969/3969/3969 3967/3967/3967
f 4061/4061/4061 3967/3967/3967 4062/4062/4062
f 3916/3916/3916 4060/4060/4060 4063/4063/4063
f 3916/3916/3916 4063/4063/4063 3919/3919/3919
f 4062/4062/4062 3967/3967/3967 3965/3965/3965
f 4062/4062/4062 3965/3965/3965 4064/4064/4064
f 3919/3919/3919 4063/4063/4063 4065/4065/4065
f 3919/3919/3919 4065/4065/4065 3921/3921/3921
f 4064/4064/4064 3965/3965/3965 3963/3963/3963
f 4064/4064/4064 3963/3963/3963 4066/4066/4066
f 3921/3921/3921 4065/4065/4065 4067/4067/4067
f 3921/3921/3921 4067/4067/4067 3923/3923/3923
f 4066/4066/4066 3963/3963/3963 3961/3961/3961
f 4066/4066/4066 3961/3961/3961 4068/4068/4068
f 3925/3925/3925 4069/4069/4069 4070/4070/4070
f 3925/3925/3925 4070/4070/4070 3926/3926/3926
f 4068/4068/4068 3961/3961/3961 3959/3959/3959
f 4068/4068/4068 3959/3959/3959 4071/4071/4071
f 3926/3926/3926 4070/4070/4070 4072/4072/4072
f 3926/3926/3926 4072/4072/4072 3929/3929/3929
f 4071/4071/4071 3959/3959/3959 3957/3957/3957
f 4071/4071/4071 3957/3957/3957 4073/4073/4073
f 3931/3931/3931 4074/4074/4074 4075/4075/4075
f 3931/3931/3931 4075/4075/4075 3932/3932/3932
f 4073/4073/4073 3957/3957/3957 3955/3955/3955
f 4073/4073/4073 3955/3955/3955 4076/4076/4076
f 3932/3932/3932 4075/4075/4075 4077/4077/4077
f 3932/3932/3932 4077/4077/4077 3935/3935/3935
f 4076/4076/4076 3955/3955/3955 3953/3953/3953
f 4076/4076/4076 3953/3953/3953 4078/4078/4078
f 3935/3935/3935 4077/4077/4077 4079/4079/4079
f 3935/3935/3935 4079/4079/4079 3937/3937/3937
f 4078/4078/4078 3953/3953/3953 3951/3951/3951
f 4078/4078/4078 3951/3951/3951 4080/4080/4080
f 3937/3937/3937 4079/4079/4079 4081/4081/4081
f 3937/3937/3937 4081/4081/4081 3939/3939/3939
f 4080/4080/4080 3951/3951/3951 3948/3948/3948
f 4080/4080/4080 3948/3948/3948 4082/4082/4082
f 3941/3941/3941 4083/4083/4083 4084/4084/4084
f 3941/3941/3941 4084/4084/4084 3942/3942/3942
f 4082/4082/4082 3948/3948/3948 3947/3947/3947
f 4082/4082/4082 3947/3947/3947 4085/4085/4085
f 3969/3969/3969 4061/4061/4061 4085/4085/4085
f 3969/3969/3969 4085/4085/4085 3947/3947/3947
f 4086/4086/4086 3945/3945/3945 3942/3942/3942
f 4086/4086/4086 3942/3942/3942 4084/4084/4084
f 3946/3946/3946 4087/4087/4087 4088/4088/4088
f 3946/3946/3946 4088/4088/4088 3943/3943/3943
f 4089/4089/4089 3972/3972/3972 3971/3971/3971
f 4089/4089/4089 3971/3971/3971 4090/4090/4090
f 3972/3972/3972 4089/4089/4089 4091/4091/4091
f 3972/3972/3972 4091/4091/4091 3975/3975/3975
f 4092/4092/4092 3918/3918/3918 3917/3917/3917
f 4092/4092/4092 3917/3917/3917 4093/4093/4093
f 3975/3975/3975 4091/4091/4091 4094/4094/4094
f 3975/3975/3975 4094/4094/4094 3977/3977/3977
f 4093/4093/4093 3917/3917/3917 3920/3920/3920
f 4093/4093/4093 3920/3920/3920 4095/4095/4095
f 3977/3977/3977 4094/4094/4094 4096/4096/4096
f 3977/3977/3977 4096/4096/4096 3979/3979/3979
f 4095/4095/4095 3920/3920/3920 3922/3922/3922
f 4095/4095/4095 3922/3922/3922 4097/4097/4097
f 3979/3979/3979 4096/4096/4096 4098/4098/4098
f 3979/3979/3979 4098/4098/4098 3981/3981/3981
f 4097/4097/4097 3922/3922/3922 3924/3924/3924
f 4097/4097/4097 3924/3924/3924 4099/4099/4099
f 3981/3981/3981 4098/4098/4098 4100/4100/4100
f 3981/3981/3981 4100/4100/4100 3983/3983/3983
f 4101/4101/4101 3928/3928/3928 3927/3927/3927
f 4101/4101/4101 3927/3927/3927 4102/4102/4102
f 3983/3983/3983 4100/4100/4100 4103/4103/4103
f 3983/3983/3983 4103/4103/4103 3985/3985/3985
f 4102/4102/4102 3927/3927/3927 3930/3930/3930
f 4102/4102/4102 3930/3930/3930 4104/4104/4104
f 3985/3985/3985 4103/4103/4103 4105/4105/4105
f 3985/3985/3985 4105/4105/4105 3987/3987/3987
f 4106/4106/4106 3934/3934/3934 3933/3933/3933
f 4106/4106/4106 3933/3933/3933 4107/4107/4107
f 3987/3987/3987 4105/4105/4105 4108/4108/4108
f 3987/3987/3987 4108/4108/4108 3989/3989/3989
f 4107/4107/4107 3933/3933/3933 3936/3936/3936
f 4107/4107/4107 3936/3936/3936 4109/4109/4109
f 3989/3989/3989 4108/4108/4108 4110/4110/4110
f 3989/3989/3989 4110/4110/4110 3991/3991/3991
f 4109/4109/4109 3936/3936/3936 3938/3938/3938
f 4109/4109/4109 3938/3938/3938 4111/4111/4111
f 3991/3991/3991 4110/4110/4110 4112/4112/4112
f 3991/3991/3991 4112/4112/4112 3993/3993/3993
f 4111/4111/4111 3938/3938/3938 3940/3940/3940
f 4111/4111/4111 3940/3940/3940 4113/4113/4113
f 3993/3993/3993 4112/4112/4112 4090/4090/4090
f 3993/3993/3993 4090/4090/4090 3971/3971/3971
f 4114/4114/4114 3944/3944/3944 3943/3943/3943
f 4114/4114/4114 3943/3943/3943 4088/4088/4088
f 3949/3949/3949 4115/4115/4115 4116/4116/4116
f 3949/3949/3949 4116/4116/4116 3950/3950/3950
f 4117/4117/4117 4025/4025/4025 4022/4022/4022
f 4117/4117/4117 4022/4022/4022 4118/4118/4118
f 3950/3950/3950 4116/4116/4116 4119/4119/4119
f 3950/3950/3950 4119/4119/4119 3970/3970/3970
f 4118/4118/4118 4022/4022/4022 4021/4021/4021
f 4118/4118/4118 4021/4021/4021 4120/4120/4120
f 3995/3995/3995 4121/4121/4121 4122/4122/4122
f 3995/3995/3995 4122/4122/4122 3996/3996/3996
f 4115/4115/4115 3949/3949/3949 3952/3952/3952
f 4115/4115/4115 3952/3952/3952 4123/4123/4123
f 3996/3996/3996 4122/4122/4122 4124/4124/4124
f 3996/3996/3996 4124/4124/4124 3999/3999/3999
f 4123/4123/4123 3952/3952/3952 3954/3954/3954
f 4123/4123/4123 3954/3954/3954 4125/4125/4125
f 3999/3999/3999 4124/4124/4124 4126/4126/4126
f 3999/3999/3999 4126/4126/4126 4001/4001/4001
f 4125/4125/4125 3954/3954/3954 3956/3956/3956
f 4125/4125/4125 3956/3956/3956 4127/4127/4127
f 4001/4001/4001 4126/4126/4126 4128/4128/4128
f 4001/4001/4001 4128/4128/4128 4003/4003/4003
f 4127/4127/4127 3956/3956/3956 3958/3958/3958
f 4127/4127/4127 3958/3958/3958 4129/4129/4129
f 4005/4005/4005 4130/4130/4130 4131/4131/4131
f 4005/4005/4005 4131/4131/4131 4006/4006/4006
f 4129/4129/4129 3958/3958/3958 3960/3960/3960
f 4129/4129/4129 3960/3960/3960 4132/4132/4132
f 4006/4006/4006 4131/4131/4131 4133/4133/4133
f 4006/4006/4006 4133/4133/4133 4009/4009/4009
f 4132/4132/4132 3960/3960/3960 3962/3962/3962
f 4132/4132/4132 3962/3962/3962 4134/4134/4134
f 4011/4011/4011 4135/4135/4135 4136/4136/4136
f 4011/4011/4011 4136/4136/4136 4012/4012/4012
f 4134/4134/4134 3962/3962/3962 3964/3964/3964
f 4134/4134/4134 3964/3964/3964 4137/4137/4137
f 4012/4012/4012 4136/4136/4136 4138/4138/4138
f 4012/4012/4012 4138/4138/4138 4015/4015/4015
f 4137/4137/4137 3964/3964/3964 3966/3966/3966
f 4137/4137/4137 3966/3966/3966 4139/4139/4139
f 4015/4015/4015 4138/4138/4138 4140/4140/4140
f 4015/4015/4015 4140/4140/4140 4017/4017/4017
f 4139/4139/4139 3966/3966/3966 3968/3968/3968
f 4139/4139/4139 3968/3968/3968 4141/4141/4141
f 4017/4017/4017 4140/4140/4140 4142/4142/4142
f 4017/4017/4017 4142/4142/4142 4019/4019/4019
f 4141/4141/4141 3968/3968/3968 3970/3970/3970
f 4141/4141/4141 3970/3970/3970 4119/4119/4119
f 3973/3973/3973 4143/4143/4143 4144/4144/4144
f 3973/3973/3973 4144/4144/4144 3974/3974/3974
f 4145/4145/4145 4028/4028/4028 4027/4027/4027
f 4145/4145/4145 4027/4027/4027 4146/4146/4146
f 3974/3974/3974 4144/4144/4144 4147/4147/4147
f 3974/3974/3974 4147/4147/4147 3994/3994/3994
f 4146/4146/4146 4027/4027/4027 4057/4057/4057
f 4146/4146/4146 4057/4057/4057 4148/4148/4148
f 4031/4031/4031 4149/4149/4149 4150/4150/4150
f 4031/4031/4031 4150/4150/4150 4032/4032/4032
f 4143/4143/4143 3973/3973/3973 3976/3976/3976
f 4143/4143/4143 3976/3976/3976 4151/4151/4151
f 4032/4032/4032 4150/4150/4150 4152/4152/4152
f 4032/4032/4032 4152/4152/4152 4035/4035/4035
f 4151/4151/4151 3976/3976/3976 3978/3978/3978
f 4151/4151/4151 3978/3978/3978 4153/4153/4153
f 4035/4035/4035 4152/4152/4152 4154/4154/4154
f 4035/4035/4035 4154/4154/4154 4037/4037/4037
f 4153/4153/4153 3978/3978/3978 3980/3980/3980
f 4153/4153/4153 3980/3980/3980 4155/4155/4155
f 4037/4037/4037 4154/4154/4154 4156/4156/4156
f 4037/4037/4037 4156/4156/4156 4039/4039/4039
f 4155/4155/4155 3980/3980/3980 3982/3982/3982
f 4155/4155/4155 3982/3982/3982 4157/4157/4157
f 4041/4041/4041 4158/4158/4158 4159/4159/4159
f 4041/4041/4041 4159/4159/4159 4042/4042/4042
f 4157/4157/4157 3982/3982/3982 3984/3984/3984
f 4157/4157/4157 3984/3984/3984 4160/4160/4160
f 4042/4042/4042 4159/4159/4159 4161/4161/4161
f 4042/4042/4042 4161/4161/4161 4045/4045/4045
f 4160/4160/4160 3984/3984/3984 3986/3986/3986
f 4160/4160/4160 3986/3986/3986 4162/4162/4162
f 4047/4047/4047 4163/4163/4163 4164/4164/4164
f 4047/4047/4047 4164/4164/4164 4048/4048/4048
f 4162/4162/4162 3986/3986/3986 3988/3988/3988
f 4162/4162/4162 3988/3988/3988 4165/4165/4165
f 4048/4048/4048 4164/4164/4164 4166/4166/4166
f 4048/4048/4048 4166/4166/4166 4051/4051/4051
f 4165/4165/4165 3988/3988/3988 3990/3990/3990
f 4165/4165/4165 3990/3990/3990 4167/4167/4167
f 4051/4051/4051 4166/4166/4166 4168/4168/4168
f 4051/4051/4051 4168/4168/4168 4053/4053/4053
f 4167/4167/4167 3990/3990/3990 3992/3992/3992
f 4167/4167/4167 3992/3992/3992 4169/4169/4169
f 4053/4053/4053 4168/4168/4168 4170/4170/4170
f 4053/4053/4053 4170/4170/4170 4055/4055/4055
f 4169/4169/4169 3992/3992/3992 3994/3994/3994
f 4169/4169/4169 3994/3994/3994 4147/4147/4147
f 4171/4171/4171 4172/4172/4172 4173/4173/4173
f 4171/4171/4171 4173/4173/4173 4174/4174/4174
f 4172/4172/4172 4175/4175/4175 4176/4176/4176
f 4172/4172/4172 4176/4176/4176 4173/4173/4173
f 4175/4175/4175 4177/4177/4177 4178/4178/4178
f 4175/4175/4175 4178/4178/4178 4176/4176/4176
f 4177/4177/4177 4179/4179/4179 4180/4180/4180
f 4177/4177/4177 4180/4180/4180 4178/4178/4178
f 4181/4181/4181 4182/4182/4182 4183/4183/4183
f 4181/4181/4181 4183/4183/4183 4184/4184/4184
f 4182/4182/4182 4185/4185/4185 4186/4186/4186
f 4182/4182/4182 4186/4186/4186 4183/4183/4183
f 4187/4187/4187 4188/4188/4188 4189/4189/4189
f 4187/4187/4187 4189/4189/4189 4190/4190/4190
f 4188/4188/4188 4191/4191/4191 4192/4192/4192
f 4188/4188/4188 4192/4192/4192 4189/4189/4189
f 4191/4191/4191 4193/4193/4193 4194/4194/4194
f 4191/4191/4191 4194/4194/4194 4192/4192/4192
f 4193/4193/4193 4195/4195/4195 4196/4196/4196
f 4193/4193/4193 4196/4196/4196 4194/4194/4194
f 4197/4197/4197 4198/4198/4198 4199/4199/4199
f 4197/4197/4197 4199/4199/4199 4200/4200/4200
f 4198/4198/4198 4201/4201/4201 4202/4202/4202
f 4198/4198/4198 4202/4202/4202 4199/4199/4199
f 4203/4203/4203 4204/4204/4204 4205/4205/4205
f 4203/4203/4203 4205/4205/4205 4206/4206/4206
f 4204/4204/4204 4207/4207/4207 4208/4208/4208
f 4204/4204/4204 4208/4208/4208 4205/4205/4205
f 4207/4207/4207 4209/4209/4209 4210/4210/4210
f 4207/4207/4207 4210/4210/4210 4208/4208/4208
f 4209/4209/4209 4211/4211/4211 4212/4212/4212
f 4209/4209/4209 4212/4212/4212 4210/4210/4210
f 4211/4211/4211 4213/4213/4213 4214/4214/4214
f 4211/4211/4211 4214/4214/4214 4212/4212/4212
f 4213/4213/4213 4215/4215/4215 4216/4216/4216
f 4213/4213/4213 4216/4216/4216 4214/4214/4214
f 4215/4215/4215 4217/4217/4217 4218/4218/4218
f 4215/4215/4215 4218/4218/4218 4216/4216/4216
f 4217/4217/4217 4219/4219/4219 4220/4220/4220
f 4217/4217/4217 4220/4220/4220 4218/4218/4218
f 4219/4219/4219 4221/4221/4221 4222/4222/4222
f 4219/4219/4219 4222/4222/4222 4220/4220/4220
f 4221/4221/4221 4223/4223/4223 4224/4224/4224
f 4221/4221/4221 4224/4224/4224 4222/4222/4222
f 4223/4223/4223 4225/4225/4225 4226/4226/4226
f 4223/4223/4223 4226/4226/4226 4224/4224/4224
f 4225/4225/4225 4203/4203/4203 4206/4206/4206
f 4225/4225/4225 4206/4206/4206 4226/4226/4226
f 4227/4227/4227 4228/4228/4228 4229/4229/4229
f 4227/4227/4227 4229/4229/4229 4230/4230/4230
f 4228/4228/4228 4231/4231/4231 4232/4232/4232
f 4228/4228/4228 4232/4232/4232 4229/4229/4229
f 4231/4231/4231 4233/4233/4233 4234/4234/4234
f 4231/4231/4231 4234/4234/4234 4232/4232/4232
f 4233/4233/4233 4235/4235/4235 4236/4236/4236
f 4233/4233/4233 4236/4236/4236 4234/4234/4234
f 4235/4235/4235 4237/4237/4237 4238/4238/4238
f 4235/4235/4235 4238/4238/4238 4236/4236/4236
f 4237/4237/4237 4239/4239/4239 4240/4240/4240
f 4237/4237/4237 4240/4240/4240 4238/4238/4238
f 4239/4239/4239 4241/4241/4241 4242/4242/4242
f 4239/4239/4239 4242/4242/4242 4240/4240/4240
f 4241/4241/4241 4243/4243/4243 4244/4244/4244
f 4241/4241/4241 4244/4244/4244 4242/4242/4242
f 4243/4243/4243 4245/4245/4245 4246/4246/4246
f 4243/4243/4243 4246/4246/4246 4244/4244/4244
f 4245/4245/4245 4247/4247/4247 4248/4248/4248
f 4245/4245/4245 4248/4248/4248 4246/4246/4246
f 4247/4247/4247 4249/4249/4249 4250/4250/4250
f 4247/4247/4247 4250/4250/4250 4248/4248/4248
f 4249/4249/4249 4227/4227/4227 4230/4230/4230
f 4249/4249/4249 4230/4230/4230 4250/4250/4250
f 4251/4251/4251 4252/4252/4252 4253/4253/4253
f 4251/4251/4251 4253/4253/4253 4254/4254/4254
f 4252/4252/4252 4255/4255/4255 4256/4256/4256
f 4252/4252/4252 4256/4256/4256 4253/4253/4253
f 4255/4255/4255 4257/4257/4257 4258/4258/4258
f 4255/4255/4255 4258/4258/4258 4256/4256/4256
f 4257/4257/4257 4259/4259/4259 4260/4260/4260
f 4257/4257/4257 4260/4260/4260 4258/4258/4258
f 4261/4261/4261 4262/4262/4262 4263/4263/4263
f 4261/4261/4261 4263/4263/4263 4264/4264/4264
f 4262/4262/4262 4265/4265/4265 4266/4266/4266
f 4262/4262/4262 4266/4266/4266 4263/4263/4263
f 4267/4267/4267 4268/4268/4268 4269/4269/4269
f 4267/4267/4267 4269/4269/4269 4270/4270/4270
f 4268/4268/4268 4271/4271/4271 4272/4272/4272
f 4268/4268/4268 4272/4272/4272 4269/4269/4269
f 4271/4271/4271 4273/4273/4273 4274/4274/4274
f 4271/4271/4271 4274/4274/4274 4272/4272/4272
f 4273/4273/4273 4275/4275/4275 4276/4276/4276
f 4273/4273/4273 4276/4276/4276 4274/4274/4274
f 4277/4277/4277 4278/4278/4278 4279/4279/4279
f 4277/4277/4277 4279/4279/4279 4280/4280/4280
f 4278/4278/4278 4281/4281/4281 4282/4282/4282
f 4278/4278/4278 4282/4282/4282 4279/4279/4279
f 4283/4283/4283 4284/4284/4284 4285/4285/4285
f 4283/4283/4283 4285/4285/4285 4286/4286/4286
f 4287/4287/4287 4288/4288/4288 4289/4289/4289
f 4287/4287/4287 4289/4289/4289 4290/4290/4290
f 4288/4288/4288 4291/4291/4291 4292/4292/4292
f 4288/4288/4288 4292/4292/4292 4289/4289/4289
f 4291/4291/4291 4293/4293/4293 4294/4294/4294
f 4291/4291/4291 4294/4294/4294 4292/4292/4292
f 4293/4293/4293 4295/4295/4295 4296/4296/4296
f 4293/4293/4293 4296/4296/4296 4294/4294/4294
f 4297/4297/4297 4298/4298/4298 4299/4299/4299
f 4297/4297/4297 4299/4299/4299 4300/4300/4300
f 4298/4298/4298 4301/4301/4301 4302/4302/4302
f 4298/4298/4298 4302/4302/4302 4299/4299/4299
f 4303/4303/4303 4304/4304/4304 4305/4305/4305
f 4303/4303/4303 4305/4305/4305 4306/4306/4306
f 4304/4304/4304 4307/4307/4307 4308/4308/4308
f 4304/4304/4304 4308/4308/4308 4305/4305/4305
f 4307/4307/4307 4309/4309/4309 4310/4310/4310
f 4307/4307/4307 4310/4310/4310 4308/4308/4308
f 4309/4309/4309 4311/4311/4311 4312/4312/4312
f 4309/4309/4309 4312/4312/4312 4310/4310/4310
f 4313/4313/4313 4283/4283/4283 4286/4286/4286
f 4313/4313/4313 4286/4286/4286 4314/4314/4314
f 4171/4171/4171 4315/4315/4315 4316/4316/4316
f 4171/4171/4171 4316/4316/4316 4172/4172/4172
f 4317/4317/4317 4225/4225/4225 4223/4223/4223
f 4317/4317/4317 4223/4223/4223 4318/4318/4318
f 4172/4172/4172 4316/4316/4316 4319/4319/4319
f 4172/4172/4172 4319/4319/4319 4175/4175/4175
f 4318/4318/4318 4223/4223/4223 4221/4221/4221
f 4318/4318/4318 4221/4221/4221 4320/4320/4320
f 4175/4175/4175 4319/4319/4319 4321/4321/4321
f 4175/4175/4175 4321/4321/4321 4177/4177/4177
f 4320/4320/4320 4221/4221/4221 4219/4219/4219
f 4320/4320/4320 4219/4219/4219 4322/4322/4322
f 4177/4177/4177 4321/4321/4321 4323/4323/4323
f 4177/4177/4177 4323/4323/4323 4179/4179/4179
f 4322/4322/4322 4219/4219/4219 4217/4217/4217
f 4322/4322/4322 4217/4217/4217 4324/4324/4324
f 4181/4181/4181 4325/4325/4325 4326/4326/4326
f 4181/4181/4181 4326/4326/4326 4182/4182/4182
f 4324/4324/4324 4217/4217/4217 4215/4215/4215
f 4324/4324/4324 4215/4215/4215 4327/4327/4327
f 4182/4182/4182 4326/4326/4326 4328/4328/4328
f 4182/4182/4182 4328/4328/4328 4185/4185/4185
f 4327/4327/4327 4215/4215/4215 4213/4213/4213
f 4327/4327/4327 4213/4213/4213 4329/4329/4329
f 4187/4187/4187 4330/4330/4330 4331/4331/4331
f 4187/4187/4187 4331/4331/4331 4188/4188/4188
f 4329/4329/4329 4213/4213/4213 4211/4211/4211
f 4329/4329/4329 4211/4211/4211 4332/4332/4332
f 4188/4188/4188 4331/4331/4331 4333/4333/4333
f 4188/4188/4188 4333/4333/4333 4191/4191/4191
f 4332/4332/4332 4211/4211/4211 4209/4209/4209
f 4332/4332/4332 4209/4209/4209 4334/4334/4334
f 4191/4191/4191 4333/4333/4333 4335/4335/4335
f 4191/4191/4191 4335/4335/4335 4193/4193/4193
f 4334/4334/4334 4209/4209/4209 4207/4207/4207
f 4334/4334/4334 4207/4207/4207 4336/4336/4336
f 4193/4193/4193 4335/4335/4335 4337/4337/4337
f 4193/4193/4193 4337/4337/4337 4195/4195/4195
f 4336/4336/4336 4207/4207/4207 4204/4204/4204
f 4336/4336/4336 4204/4204/4204 4338/4338/4338
f 4197/4197/4197 4339/4339/4339 4340/4340/4340
f 4197/4197/4197 4340/4340/4340 4198/4198/4198
f 4338/4338/4338 4204/4204/4204 4203/4203/4203
f 4338/4338/4338 4203/4203/4203 4341/4341/4341
f 4225/4225/4225 4317/4317/4317 4341/4341/4341
f 4225/4225/4225 4341/4341/4341 4203/4203/4203
f 4342/4342/4342 4201/4201/4201 4198/4198/4198
f 4342/4342/4342 4198/4198/4198 4340/4340/4340
f 4202/4202/4202 4343/4343/4343 4344/4344/4344
f 4202/4202/4202 4344/4344/4344 4199/4199/4199
f 4345/4345/4345 4228/4228/4228 4227/4227/4227
f 4345/4345/4345 4227/4227/4227 4346/4346/4346
f 4228/4228/4228 4345/4345/4345 4347/4347/4347
f 4228/4228/4228 4347/4347/4347 4231/4231/4231
f 4348/4348/4348 4174/4174/4174 4173/4173/4173
f 4348/4348/4348 4173/4173/4173 4349/4349/4349
f 4231/4231/4231 4347/4347/4347 4350/4350/4350
f 4231/4231/4231 4350/4350/4350 4233/4233/4233
f 4349/4349/4349 4173/4173/4173 4176/4176/4176
f 4349/4349/4349 4176/4176/4176 4351/4351/4351
f 4233/4233/4233 4350/4350/4350 4352/4352/4352
f 4233/4233/4233 4352/4352/4352 4235/4235/4235
f 4351/4351/4351 4176/4176/4176 4178/4178/4178
f 4351/4351/4351 4178/4178/4178 4353/4353/4353
f 4235/4235/4235 4352/4352/4352 4354/4354/4354
f 4235/4235/4235 4354/4354/4354 4237/4237/4237
f 4353/4353/4353 4178/4178/4178 4180/4180/4180
f 4353/4353/4353 4180/4180/4180 4355/4355/4355
f 4237/4237/4237 4354/4354/4354 4356/4356/4356
f 4237/4237/4237 4356/4356/4356 4239/4239/4239
f 4357/4357/4357 4184/4184/4184 4183/4183/4183
f 4357/4357/4357 4183/4183/4183 4358/4358/4358
f 4239/4239/4239 4356/4356/4356 4359/4359/4359
f 4239/4239/4239 4359/4359/4359 4241/4241/4241
f 4358/4358/4358 4183/4183/4183 4186/4186/4186
f 4358/4358/4358 4186/4186/4186 4360/4360/4360
f 4241/4241/4241 4359/4359/4359 4361/4361/4361
f 4241/4241/4241 4361/4361/4361 4243/4243/4243
f 4362/4362/4362 4190/4190/4190 4189/4189/4189
f 4362/4362/4362 4189/4189/4189 4363/4363/4363
f 4243/4243/4243 4361/4361/4361 4364/4364/4364
f 4243/4243/4243 4364/4364/4364 4245/4245/4245
f 4363/4363/4363 4189/4189/4189 4192/4192/4192
f 4363/4363/4363 4192/4192/4192 4365/4365/4365
f 4245/4245/4245 4364/4364/4364 4366/4366/4366
f 4245/4245/4245 4366/4366/4366 4247/4247/4247
f 4365/4365/4365 4192/4192/4192 4194/4194/4194
f 4365/4365/4365 4194/4194/4194 4367/4367/4367
f 4247/4247/4247 4366/4366/4366 4368/4368/4368
f 4247/4247/4247 4368/4368/4368 4249/4249/4249
f 4367/4367/4367 4194/4194/4194 4196/4196/4196
f 4367/4367/4367 4196/4196/4196 4369/4369/4369
f 4249/4249/4249 4368/4368/4368 4346/4346/4346
f 4249/4249/4249 4346/4346/4346 4227/4227/4227
f 4370/4370/4370 4200/4200/4200 4199/4199/4199
f 4370/4370/4370 4199/4199/4199 4344/4344/4344
f 4205/4205/4205 4371/4371/4371 4372/4372/4372
f 4205/4205/4205 4372/4372/4372 4206/4206/4206
f 4373/4373/4373 4281/4281/4281 4278/4278/4278
f 4373/4373/4373 4278/4278/4278 4374/4374/4374
f 4206/4206/4206 4372/4372/4372 4375/4375/4375
f 4206/4206/4206 4375/4375/4375 4226/4226/4226
f 4374/4374/4374 4278/4278/4278 4277/4277/4277
f 4374/4374/4374 4277/4277/4277 4376/4376/4376
f 4251/4251/4251 4377/4377/4377 4378/4378/4378
f 4251/4251/4251 4378/4378/4378 4252/4252/4252
f 4371/4371/4371 4205/4205/4205 4208/4208/4208
f 4371/4371/4371 4208/4208/4208 4379/4379/4379
f 4252/4252/4252 4378/4378/4378 4380/4380/4380
f 4252/4252/4252 4380/4380/4380 4255/4255/4255
f 4379/4379/4379 4208/4208/4208 4210/4210/4210
f 4379/4379/4379 4210/4210/4210 4381/4381/4381
f 4255/4255/4255 4380/4380/4380 4382/4382/4382
f 4255/4255/4255 4382/4382/4382 4257/4257/4257
f 4381/4381/4381 4210/4210/4210 4212/4212/4212
f 4381/4381/4381 4212/4212/4212 4383/4383/4383
f 4257/4257/4257 4382/4382/4382 4384/4384/4384
f 4257/4257/4257 4384/4384/4384 4259/4259/4259
f 4383/4383/4383 4212/4212/4212 4214/4214/4214
f 4383/4383/4383 4214/4214/4214 4385/4385/4385
f 4261/4261/4261 4386/4386/4386 4387/4387/4387
f 4261/4261/4261 4387/4387/4387 4262/4262/4262
f 4385/4385/4385 4214/4214/4214 4216/4216/4216
f 4385/4385/4385 4216/4216/4216 4388/4388/4388
f 4262/4262/4262 4387/4387/4387 4389/4389/4389
f 4262/4262/4262 4389/4389/4389 4265/4265/4265
f 4388/4388/4388 4216/4216/4216 4218/4218/4218
f 4388/4388/4388 4218/4218/4218 4390/4390/4390
f 4267/4267/4267 4391/4391/4391 4392/4392/4392
f 4267/4267/4267 4392/4392/4392 4268/4268/4268
f 4390/4390/4390 4218/4218/4218 4220/4220/4220
f 4390/4390/4390 4220/4220/4220 4393/4393/4393
f 4268/4268/4268 4392/4392/4392 4394/4394/4394
f 4268/4268/4268 4394/4394/4394 4271/4271/4271
f 4393/4393/4393 4220/4220/4220 4222/4222/4222
f 4393/4393/4393 4222/4222/4222 4395/4395/4395
f 4271/4271/4271 4394/4394/4394 4396/4396/4396
f 4271/4271/4271 4396/4396/4396 4273/4273/4273
f 4395/4395/4395 4222/4222/4222 4224/4224/4224
f 4395/4395/4395 4224/4224/4224 4397/4397/4397
f 4273/4273/4273 4396/4396/4396 4398/4398/4398
f 4273/4273/4273 4398/4398/4398 4275/4275/4275
f 4397/4397/4397 4224/4224/4224 4226/4226/4226
f 4397/4397/4397 4226/4226/4226 4375/4375/4375
f 4229/4229/4229 4399/4399/4399 4400/4400/4400
f 4229/4229/4229 4400/4400/4400 4230/4230/4230
f 4401/4401/4401 4284/4284/4284 4283/4283/4283
f 4401/4401/4401 4283/4283/4283 4402/4402/4402
f 4230/4230/4230 4400/4400/4400 4403/4403/4403
f 4230/4230/4230 4403/4403/4403 4250/4250/4250
f 4402/4402/4402 4283/4283/4283 4313/4313/4313
f 4402/4402/4402 4313/4313/4313 4404/4404/4404
f 4287/4287/4287 4405/4405/4405 4406/4406/4406
f 4287/4287/4287 4406/4406/4406 4288/4288/4288
f 4399/4399/4399 4229/4229/4229 4232/4232/4232
f 4399/4399/4399 4232/4232/4232 4407/4407/4407
f 4288/4288/4288 4406/4406/4406 4408/4408/4408
f 4288/4288/4288 4408/4408/4408 4291/4291/4291
f 4407/4407/4407 4232/4232/4232 4234/4234/4234
f 4407/4407/4407 4234/4234/4234 4409/4409/4409
f 4291/4291/4291 4408/4408/4408 4410/4410/4410
f 4291/4291/4291 4410/4410/4410 4293/4293/4293
f 4409/4409/4409 4234/4234/4234 4236/4236/4236
f 4409/4409/4409 4236/4236/4236 4411/4411/4411
f 4293/4293/4293 4410/4410/4410 4412/4412/4412
f 4293/4293/4293 4412/4412/4412 4295/4295/4295
f 4411/4411/4411 4236/4236/4236 4238/4238/4238
f 4411/4411/4411 4238/4238/4238 4413/4413/4413
f 4297/4297/4297 4414/4414/4414 4415/4415/4415
f 4297/4297/4297 4415/4415/4415 4298/4298/4298
f 4413/4413/4413 4238/4238/4238 4240/4240/4240
f 4413/4413/4413 4240/4240/4240 4416/4416/4416
f 4298/4298/4298 4415/4415/4415 4417/4417/4417
f 4298/4298/4298 4417/4417/4417 4301/4301/4301
f 4416/4416/4416 4240/4240/4240 4242/4242/4242
f 4416/4416/4416 4242/4242/4242 4418/4418/4418
f 4303/4303/4303 4419/4419/4419 4420/4420/4420
f 4303/4303/4303 4420/4420/4420 4304/4304/4304
f 4418/4418/4418 4242/4242/4242 4244/4244/4244
f 4418/4418/4418 4244/4244/4244 4421/4421/4421
f 4304/4304/4304 4420/4420/4420 4422/4422/4422
f 4304/4304/4304 4422/4422/4422 4307/4307/4307
f 4421/4421/4421 4244/4244/4244 4246/4246/4246
f 4421/4421/4421 4246/4246/4246 4423/4423/4423
f 4307/4307/4307 4422/4422/4422 4424/4424/4424
f 4307/4307/4307 4424/4424/4424 4309/4309/4309
f 4423/4423/4423 4246/4246/4246 4248/4248/4248
f 4423/4423/4423 4248/4248/4248 4425/4425/4425
f 4309/4309/4309 4424/4424/4424 4426/4426/4426
f 4309/4309/4309 4426/4426/4426 4311/4311/4311
f 4425/4425/4425 4248/4248/4248 4250/4250/4250
f 4425/4425/4425 4250/4250/4250 4403/4403/4403
f 4427/4427/4427 186/186/186 185/185/185
f 4427/4427/4427 185/185/185 4428/4428/4428
f 4429/4429/4429 4430/4430/4430 4431/4431/4431
f 4429/4429/4429 4431/4431/4431 4432/4432/4432
f 4433/4433/4433 4427/4427/4427 4428/4428/4428
f 4433/4433/4433 4428/4428/4428 4434/4434/4434
f 4428/4428/4428 185/185/185 188/188/188
f 4428/4428/4428 188/188/188 4435/4435/4435
f 4436/4436/4436 4437/4437/4437 4438/4438/4438
f 4436/4436/4436 4438/4438/4438 4439/4439/4439
f 4434/4434/4434 4428/4428/4428 4435/4435/4435
f 4434/4434/4434 4435/4435/4435 4440/4440/4440
f 4435/4435/4435 188/188/188 189/189/189
f 4435/4435/4435 189/189/189 4441/4441/4441
f 4439/4439/4439 4438/4438/4438 4442/4442/4442
f 4439/4439/4439 4442/4442/4442 4443/4443/4443
f 4440/4440/4440 4435/4435/4435 4441/4441/4441
f 4440/4440/4440 4441/4441/4441 4444/4444/4444
f 4441/4441/4441 189/189/189 190/190/190
f 4441/4441/4441 190/190/190 4445/4445/4445
f 4446/4446/4446 4447/4447/4447 4448/4448/4448
f 4446/4446/4446 4448/4448/4448 4449/4449/4449
f 4444/4444/4444 4441/4441/4441 4445/4445/4445
f 4444/4444/4444 4445/4445/4445 4450/4450/4450
f 4445/4445/4445 190/190/190 191/191/191
f 4445/4445/4445 191/191/191 4451/4451/4451
f 4449/4449/4449 4448/4448/4448 4452/4452/4452
f 4449/4449/4449 4452/4452/4452 4453/4453/4453
f 4450/4450/4450 4445/4445/4445 4451/4451/4451
f 4450/4450/4450 4451/4451/4451 4454/4454/4454
f 4451/4451/4451 191/191/191 192/192/192
f 4451/4451/4451 192/192/192 4455/4455/4455
f 4453/4453/4453 4452/4452/4452 4456/4456/4456
f 4453/4453/4453 4456/4456/4456 4457/4457/4457
f 4454/4454/4454 4451/4451/4451 4455/4455/4455
f 4454/4454/4454 4455/4455/4455 4458/4458/4458
f 4455/4455/4455 192/192/192 193/193/193
f 4455/4455/4455 193/193/193 4459/4459/4459
f 4457/4457/4457 4456/4456/4456 4460/4460/4460
f 4457/4457/4457 4460/4460/4460 4461/4461/4461
f 4458/4458/4458 4455/4455/4455 4459/4459/4459
f 4458/4458/4458 4459/4459/4459 4462/4462/4462
f 4459/4459/4459 193/193/193 194/194/194
f 4459/4459/4459 194/194/194 4463/4463/4463
f 4464/4464/4464 4465/4465/4465 4466/4466/4466
f 4464/4464/4464 4466/4466/4466 4467/4467/4467
f 4462/4462/4462 4459/4459/4459 4463/4463/4463
f 4462/4462/4462 4463/4463/4463 4468/4468/4468
f 4463/4463/4463 194/194/194 195/195/195
f 4463/4463/4463 195/195/195 4469/4469/4469
f 4467/4467/4467 4466/4466/4466 4470/4470/4470
f 4467/4467/4467 4470/4470/4470 4471/4471/4471
f 4468/4468/4468 4463/4463/4463 4469/4469/4469
f 4468/4468/4468 4469/4469/4469 4472/4472/4472
f 4469/4469/4469 195/195/195 196/196/196
f 4469/4469/4469 196/196/196 4473/4473/4473
f 4474/4474/4474 4475/4475/4475 4476/4476/4476
f 4474/4474/4474 4476/4476/4476 4477/4477/4477
f 4472/4472/4472 4469/4469/4469 4473/4473/4473
f 4472/4472/4472 4473/4473/4473 4478/4478/4478
f 4473/4473/4473 196/196/196 197/197/197
f 4473/4473/4473 197/197/197 4479/4479/4479
f 4477/4477/4477 4476/4476/4476 4480/4480/4480
f 4477/4477/4477 4480/4480/4480 4481/4481/4481
f 4478/4478/4478 4473/4473/4473 4479/4479/4479
f 4478/4478/4478 4479/4479/4479 4482/4482/4482
f 186/186/186 4427/4427/4427 4479/4479/4479
f 186/186/186 4479/4479/4479 197/197/197
f 4427/4427/4427 4433/4433/4433 4482/4482/4482
f 4427/4427/4427 4482/4482/4482 4479/4479/4479
f 4430/4430/4430 4429/4429/4429 4481/4481/4481
f 4430/4430/4430 4481/4481/4481 4480/4480/4480
f 198/198/198 4483/4483/4483 4484/4484/4484
f 198/198/198 4484/4484/4484 199/199/199
f 4483/4483/4483 198/198/198 210/210/210
f 4483/4483/4483 210/210/210 4485/4485/4485
f 199/199/199 4484/4484/4484 4486/4486/4486
f 199/199/199 4486/4486/4486 201/201/201
f 201/201/201 4486/4486/4486 4487/4487/4487
f 201/201/201 4487/4487/4487 202/202/202
f 202/202/202 4487/4487/4487 4488/4488/4488
f 202/202/202 4488/4488/4488 203/203/203
f 203/203/203 4488/4488/4488 4489/4489/4489
f 203/203/203 4489/4489/4489 204/204/204
f 204/204/204 4489/4489/4489 4490/4490/4490
f 204/204/204 4490/4490/4490 205/205/205
f 205/205/205 4490/4490/4490 4491/4491/4491
f 205/205/205 4491/4491/4491 206/206/206
f 206/206/206 4491/4491/4491 4492/4492/4492
f 206/206/206 4492/4492/4492 207/207/207
f 207/207/207 4492/4492/4492 4493/4493/4493
f 207/207/207 4493/4493/4493 208/208/208
f 208/208/208 4493/4493/4493 4494/4494/4494
f 208/208/208 4494/4494/4494 209/209/209
f 209/209/209 4494/4494/4494 4485/4485/4485
f 209/209/209 4485/4485/4485 210/210/210
f 4429/4429/4429 4432/4432/4432 4495/4495/4495
f 4429/4429/4429 4495/4495/4495 4496/4496/4496
f 4436/4436/4436 4439/4439/4439 4497/4497/4497
f 4436/4436/4436 4497/4497/4497 4498/4498/4498
f 4439/4439/4439 4443/4443/4443 4499/4499/4499
f 4439/4439/4439 4499/4499/4499 4497/4497/4497
f 4446/4446/4446 4449/4449/4449 4500/4500/4500
f 4446/4446/4446 4500/4500/4500 4501/4501/4501
f 4449/4449/4449 4453/4453/4453 4502/4502/4502
f 4449/4449/4449 4502/4502/4502 4500/4500/4500
f 4453/4453/4453 4457/4457/4457 4503/4503/4503
f 4453/4453/4453 4503/4503/4503 4502/4502/4502
f 4457/4457/4457 4461/4461/4461 4504/4504/4504
f 4457/4457/4457 4504/4504/4504 4503/4503/4503
f 4464/4464/4464 4467/4467/4467 4505/4505/4505
f 4464/4464/4464 4505/4505/4505 4506/4506/4506
f 4467/4467/4467 4471/4471/4471 4507/4507/4507
f 4467/4467/4467 4507/4507/4507 4505/4505/4505
f 4474/4474/4474 4477/4477/4477 4508/4508/4508
f 4474/4474/4474 4508/4508/4508 4509/4509/4509
f 4477/4477/4477 4481/4481/4481 4510/4510/4510
f 4477/4477/4477 4510/4510/4510 4508/4508/4508
f 4481/4481/4481 4429/4429/4429 4496/4496/4496
f 4481/4481/4481 4496/4496/4496 4510/4510/4510
f 4511/4511/4511 4512/4512/4512 4513/4513/4513
f 4511/4511/4511 4513/4513/4513 4514/4514/4514
f 4512/4512/4512 4515/4515/4515 4516/4516/4516
f 4512/4512/4512 4516/4516/4516 4513/4513/4513
f 4515/4515/4515 4517/4517/4517 4518/4518/4518
f 4515/4515/4515 4518/4518/4518 4516/4516/4516
f 4517/4517/4517 4519/4519/4519 4520/4520/4520
f 4517/4517/4517 4520/4520/4520 4518/4518/4518
f 4521/4521/4521 4522/4522/4522 4523/4523/4523
f 4521/4521/4521 4523/4523/4523 4524/4524/4524
f 4522/4522/4522 4525/4525/4525 4526/4526/4526
f 4522/4522/4522 4526/4526/4526 4523/4523/4523
f 4527/4527/4527 4528/4528/4528 4529/4529/4529
f 4527/4527/4527 4529/4529/4529 4530/4530/4530
f 4528/4528/4528 4531/4531/4531 4532/4532/4532
f 4528/4528/4528 4532/4532/4532 4529/4529/4529
f 4531/4531/4531 4533/4533/4533 4534/4534/4534
f 4531/4531/4531 4534/4534/4534 4532/4532/4532
f 4533/4533/4533 4535/4535/4535 4536/4536/4536
f 4533/4533/4533 4536/4536/4536 4534/4534/4534
f 4537/4537/4537 4538/4538/4538 4539/4539/4539
f 4537/4537/4537 4539/4539/4539 4540/4540/4540
f 4538/4538/4538 4541/4541/4541 4542/4542/4542
f 4538/4538/4538 4542/4542/4542 4539/4539/4539
f 4543/4543/4543 4544/4544/4544 4545/4545/4545
f 4543/4543/4543 4545/4545/4545 4546/4546/4546
f 4544/4544/4544 4547/4547/4547 4548/4548/4548
f 4544/4544/4544 4548/4548/4548 4545/4545/4545
f 4547/4547/4547 4549/4549/4549 4550/4550/4550
f 4547/4547/4547 4550/4550/4550 4548/4548/4548
f 4549/4549/4549 4551/4551/4551 4552/4552/4552
f 4549/4549/4549 4552/4552/4552 4550/4550/4550
f 4551/4551/4551 4553/4553/4553 4554/4554/4554
f 4551/4551/4551 4554/4554/4554 4552/4552/4552
f 4553/4553/4553 4555/4555/4555 4556/4556/4556
f 4553/4553/4553 4556/4556/4556 4554/4554/4554
f 4555/4555/4555 4557/4557/4557 4558/4558/4558
f 4555/4555/4555 4558/4558/4558 4556/4556/4556
f 4557/4557/4557 4559/4559/4559 4560/4560/4560
f 4557/4557/4557 4560/4560/4560 4558/4558/4558
f 4559/4559/4559 4561/4561/4561 4562/4562/4562
f 4559/4559/4559 4562/4562/4562 4560/4560/4560
f 4561/4561/4561 4563/4563/4563 4564/4564/4564
f 4561/4561/4561 4564/4564/4564 4562/4562/4562
f 4563/4563/4563 4565/4565/4565 4566/4566/4566
f 4563/4563/4563 4566/4566/4566 4564/4564/4564
f 4565/4565/4565 4543/4543/4543 4546/4546/4546
f 4565/4565/4565 4546/4546/4546 4566/4566/4566
f 4567/4567/4567 4568/4568/4568 4569/4569/4569
f 4567/4567/4567 4569/4569/4569 4570/4570/4570
f 4568/4568/4568 4571/4571/4571 4572/4572/4572
f 4568/4568/4568 4572/4572/4572 4569/4569/4569
f 4571/4571/4571 4573/4573/4573 4574/4574/4574
f 4571/4571/4571 4574/4574/4574 4572/4572/4572
f 4573/4573/4573 4575/4575/4575 4576/4576/4576
f 4573/4573/4573 4576/4576/4576 4574/4574/4574
f 4575/4575/4575 4577/4577/4577 4578/4578/4578
f 4575/4575/4575 4578/4578/4578 4576/4576/4576
f 4577/4577/4577 4579/4579/4579 4580/4580/4580
f 4577/4577/4577 4580/4580/4580 4578/4578/4578
f 4579/4579/4579 4581/4581/4581 4582/4582/4582
f 4579/4579/4579 4582/4582/4582 4580/4580/4580
f 4581/4581/4581 4583/4583/4583 4584/4584/4584
f 4581/4581/4581 4584/4584/4584 4582/4582/4582
f 4583/4583/4583 4585/4585/4585 4586/4586/4586
f 4583/4583/4583 4586/4586/4586 4584/4584/4584
f 4585/4585/4585 4587/4587/4587 4588/4588/4588
f 4585/4585/4585 4588/4588/4588 4586/4586/4586
f 4587/4587/4587 4589/4589/4589 4590/4590/4590
f 4587/4587/4587 4590/4590/4590 4588/4588/4588
f 4589/4589/4589 4567/4567/4567 4570/4570/4570
f 4589/4589/4589 4570/4570/4570 4590/4590/4590
f 4591/4591/4591 4592/4592/4592 4593/4593/4593
f 4591/4591/4591 4593/4593/4593 4594/4594/4594
f 4592/4592/4592 4595/4595/4595 4596/4596/4596
f 4592/4592/4592 4596/4596/4596 4593/4593/4593
f 4595/4595/4595 4597/4597/4597 4598/4598/4598
f 4595/4595/4595 4598/4598/4598 4596/4596/4596
f 4597/4597/4597 4599/4599/4599 4600/4600/4600
f 4597/4597/4597 4600/4600/4600 4598/4598/4598
f 4601/4601/4601 4602/4602/4602 4603/4603/4603
f 4601/4601/4601 4603/4603/4603 4604/4604/4604
f 4602/4602/4602 4605/4605/4605 4606/4606/4606
f 4602/4602/4602 4606/4606/4606 4603/4603/4603
f 4607/4607/4607 4608/4608/4608 4609/4609/4609
f 4607/4607/4607 4609/4609/4609 4610/4610/4610
f 4608/4608/4608 4611/4611/4611 4612/4612/4612
f 4608/4608/4608 4612/4612/4612 4609/4609/4609
f 4611/4611/4611 4613/4613/4613 4614/4614/4614
f 4611/4611/4611 4614/4614/4614 4612/4612/4612
f 4613/4613/4613 4615/4615/4615 4616/4616/4616
f 4613/4613/4613 4616/4616/4616 4614/4614/4614
f 4617/4617/4617 4618/4618/4618 4619/4619/4619
f 4617/4617/4617 4619/4619/4619 4620/4620/4620
f 4618/4618/4618 4621/4621/4621 4622/4622/4622
f 4618/4618/4618 4622/4622/4622 4619/4619/4619
f 4623/4623/4623 4624/4624/4624 4625/4625/4625
f 4623/4623/4623 4625/4625/4625 4626/4626/4626
f 4627/4627/4627 4628/4628/4628 4629/4629/4629
f 4627/4627/4627 4629/4629/4629 4630/4630/4630
f 4628/4628/4628 4631/4631/4631 4632/4632/4632
f 4628/4628/4628 4632/4632/4632 4629/4629/4629
f 4631/4631/4631 4633/4633/4633 4634/4634/4634
f 4631/4631/4631 4634/4634/4634 4632/4632/4632
f 4633/4633/4633 4635/4635/4635 4636/4636/4636
f 4633/4633/4633 4636/4636/4636 4634/4634/4634
f 4637/4637/4637 4638/4638/4638 4639/4639/4639
f 4637/4637/4637 4639/4639/4639 4640/4640/4640
f 4638/4638/4638 4641/4641/4641 4642/4642/4642
f 4638/4638/4638 4642/4642/4642 4639/4639/4639
f 4643/4643/4643 4644/4644/4644 4645/4645/4645
f 4643/4643/4643 4645/4645/4645 4646/4646/4646
f 4644/4644/4644 4647/4647/4647 4648/4648/4648
f 4644/4644/4644 4648/4648/4648 4645/4645/4645
f 4647/4647/4647 4649/4649/4649 4650/4650/4650
f 4647/4647/4647 4650/4650/4650 4648/4648/4648
f 4649/4649/4649 4651/4651/4651 4652/4652/4652
f 4649/4649/4649 4652/4652/4652 4650/4650/4650
f 4653/4653/4653 4623/4623/4623 4626/4626/4626
f 4653/4653/4653 4626/4626/4626 4654/4654/4654
f 4511/4511/4511 4655/4655/4655 4656/4656/4656
f 4511/4511/4511 4656/4656/4656 4512/4512/4512
f 4657/4657/4657 4565/4565/4565 4563/4563/4563
f 4657/4657/4657 4563/4563/4563 4658/4658/4658
f 4512/4512/4512 4656/4656/4656 4659/4659/4659
f 4512/4512/4512 4659/4659/4659 4515/4515/4515
f 4658/4658/4658 4563/4563/4563 4561/4561/4561
f 4658/4658/4658 4561/4561/4561 4660/4660/4660
f 4515/4515/4515 4659/4659/4659 4661/4661/4661
f 4515/4515/4515 4661/4661/4661 4517/4517/4517
f 4660/4660/4660 4561/4561/4561 4559/4559/4559
f 4660/4660/4660 4559/4559/4559 4662/4662/4662
f 4517/4517/4517 4661/4661/4661 4663/4663/4663
f 4517/4517/4517 4663/4663/4663 4519/4519/4519
f 4662/4662/4662 4559/4559/4559 4557/4557/4557
f 4662/4662/4662 4557/4557/4557 4664/4664/4664
f 4521/4521/4521 4665/4665/4665 4666/4666/4666
f 4521/4521/4521 4666/4666/4666 4522/4522/4522
f 4664/4664/4664 4557/4557/4557 4555/4555/4555
f 4664/4664/4664 4555/4555/4555 4667/4667/4667
f 4522/4522/4522 4666/4666/4666 4668/4668/4668
f 4522/4522/4522 4668/4668/4668 4525/4525/4525
f 4667/4667/4667 4555/4555/4555 4553/4553/4553
f 4667/4667/4667 4553/4553/4553 4669/4669/4669
f 4527/4527/4527 4670/4670/4670 4671/4671/4671
f 4527/4527/4527 4671/4671/4671 4528/4528/4528
f 4669/4669/4669 4553/4553/4553 4551/4551/4551
f 4669/4669/4669 4551/4551/4551 4672/4672/4672
f 4528/4528/4528 4671/4671/4671 4673/4673/4673
f 4528/4528/4528 4673/4673/4673 4531/4531/4531
f 4672/4672/4672 4551/4551/4551 4549/4549/4549
f 4672/4672/4672 4549/4549/4549 4674/4674/4674
f 4531/4531/4531 4673/4673/4673 4675/4675/4675
f 4531/4531/4531 4675/4675/4675 4533/4533/4533
f 4674/4674/4674 4549/4549/4549 4547/4547/4547
f 4674/4674/4674 4547/4547/4547 4676/4676/4676
f 4533/4533/4533 4675/4675/4675 4677/4677/4677
f 4533/4533/4533 4677/4677/4677 4535/4535/4535
f 4676/4676/4676 4547/4547/4547 4544/4544/4544
f 4676/4676/4676 4544/4544/4544 4678/4678/4678
f 4537/4537/4537 4679/4679/4679 4680/4680/4680
f 4537/4537/4537 4680/4680/4680 4538/4538/4538
f 4678/4678/4678 4544/4544/4544 4543/4543/4543
f 4678/4678/4678 4543/4543/4543 4681/4681/4681
f 4565/4565/4565 4657/4657/4657 4681/4681/4681
f 4565/4565/4565 4681/4681/4681 4543/4543/4543
f 4682/4682/4682 4541/4541/4541 4538/4538/4538
f 4682/4682/4682 4538/4538/4538 4680/4680/4680
f 4542/4542/4542 4683/4683/4683 4684/4684/4684
f 4542/4542/4542 4684/4684/4684 4539/4539/4539
f 4685/4685/4685 4568/4568/4568 4567/4567/4567
f 4685/4685/4685 4567/4567/4567 4686/4686/4686
f 4568/4568/4568 4685/4685/4685 4687/4687/4687
f 4568/4568/4568 4687/4687/4687 4571/4571/4571
f 4688/4688/4688 4514/4514/4514 4513/4513/4513
f 4688/4688/4688 4513/4513/4513 4689/4689/4689
f 4571/4571/4571 4687/4687/4687 4690/4690/4690
f 4571/4571/4571 4690/4690/4690 4573/4573/4573
f 4689/4689/4689 4513/4513/4513 4516/4516/4516
f 4689/4689/4689 4516/4516/4516 4691/4691/4691
f 4573/4573/4573 4690/4690/4690 4692/4692/4692
f 4573/4573/4573 4692/4692/4692 4575/4575/4575
f 4691/4691/4691 4516/4516/4516 4518/4518/4518
f 4691/4691/4691 4518/4518/4518 4693/4693/4693
f 4575/4575/4575 4692/4692/4692 4694/4694/4694
f 4575/4575/4575 4694/4694/4694 4577/4577/4577
f 4693/4693/4693 4518/4518/4518 4520/4520/4520
f 4693/4693/4693 4520/4520/4520 4695/4695/4695
f 4577/4577/4577 4694/4694/4694 4696/4696/4696
f 4577/4577/4577 4696/4696/4696 4579/4579/4579
f 4697/4697/4697 4524/4524/4524 4523/4523/4523
f 4697/4697/4697 4523/4523/4523 4698/4698/4698
f 4579/4579/4579 4696/4696/4696 4699/4699/4699
f 4579/4579/4579 4699/4699/4699 4581/4581/4581
f 4698/4698/4698 4523/4523/4523 4526/4526/4526
f 4698/4698/4698 4526/4526/4526 4700/4700/4700
f 4581/4581/4581 4699/4699/4699 4701/4701/4701
f 4581/4581/4581 4701/4701/4701 4583/4583/4583
f 4702/4702/4702 4530/4530/4530 4529/4529/4529
f 4702/4702/4702 4529/4529/4529 4703/4703/4703
f 4583/4583/4583 4701/4701/4701 4704/4704/4704
f 4583/4583/4583 4704/4704/4704 4585/4585/4585
f 4703/4703/4703 4529/4529/4529 4532/4532/4532
f 4703/4703/4703 4532/4532/4532 4705/4705/4705
f 4585/4585/4585 4704/4704/4704 4706/4706/4706
f 4585/4585/4585 4706/4706/4706 4587/4587/4587
f 4705/4705/4705 4532/4532/4532 4534/4534/4534
f 4705/4705/4705 4534/4534/4534 4707/4707/4707
f 4587/4587/4587 4706/4706/4706 4708/4708/4708
f 4587/4587/4587 4708/4708/4708 4589/4589/4589
f 4707/4707/4707 4534/4534/4534 4536/4536/4536
f 4707/4707/4707 4536/4536/4536 4709/4709/4709
f 4589/4589/4589 4708/4708/4708 4686/4686/4686
f 4589/4589/4589 4686/4686/4686 4567/4567/4567
f 4710/4710/4710 4540/4540/4540 4539/4539/4539
f 4710/4710/4710 4539/4539/4539 4684/4684/4684
f 4545/4545/4545 4711/4711/4711 4712/4712/4712
f 4545/4545/4545 4712/4712/4712 4546/4546/4546
f 4713/4713/4713 4621/4621/4621 4618/4618/4618
f 4713/4713/4713 4618/4618/4618 4714/4714/4714
f 4546/4546/4546 4712/4712/4712 4715/4715/4715
f 4546/4546/4546 4715/4715/4715 4566/4566/4566
f 4714/4714/4714 4618/4618/4618 4617/4617/4617
f 4714/4714/4714 4617/4617/4617 4716/4716/4716
f 4591/4591/4591 4717/4717/4717 4718/4718/4718
f 4591/4591/4591 4718/4718/4718 4592/4592/4592
f 4711/4711/4711 4545/4545/4545 4548/4548/4548
f 4711/4711/4711 4548/4548/4548 4719/4719/4719
f 4592/4592/4592 4718/4718/4718 4720/4720/4720
f 4592/4592/4592 4720/4720/4720 4595/4595/4595
f 4719/4719/4719 4548/4548/4548 4550/4550/4550
f 4719/4719/4719 4550/4550/4550 4721/4721/4721
f 4595/4595/4595 4720/4720/4720 4722/4722/4722
f 4595/4595/4595 4722/4722/4722 4597/4597/4597
f 4721/4721/4721 4550/4550/4550 4552/4552/4552
f 4721/4721/4721 4552/4552/4552 4723/4723/4723
f 4597/4597/4597 4722/4722/4722 4724/4724/4724
f 4597/4597/4597 4724/4724/4724 4599/4599/4599
f 4723/4723/4723 4552/4552/4552 4554/4554/4554
f 4723/4723/4723 4554/4554/4554 4725/4725/4725
f 4601/4601/4601 4726/4726/4726 4727/4727/4727
f 4601/4601/4601 4727/4727/4727 4602/4602/4602
f 4725/4725/4725 4554/4554/4554 4556/4556/4556
f 4725/4725/4725 4556/4556/4556 4728/4728/4728
f 4602/4602/4602 4727/4727/4727 4729/4729/4729
f 4602/4602/4602 4729/4729/4729 4605/4605/4605
f 4728/4728/4728 4556/4556/4556 4558/4558/4558
f 4728/4728/4728 4558/4558/4558 4730/4730/4730
f 4607/4607/4607 4731/4731/4731 4732/4732/4732
f 4607/4607/4607 4732/4732/4732 4608/4608/4608
f 4730/4730/4730 4558/4558/4558 4560/4560/4560
f 4730/4730/4730 4560/4560/4560 4733/4733/4733
f 4608/4608/4608 4732/4732/4732 4734/4734/4734
f 4608/4608/4608 4734/4734/4734 4611/4611/4611
f 4733/4733/4733 4560/4560/4560 4562/4562/4562
f 4733/4733/4733 4562/4562/4562 4735/4735/4735
f 4611/4611/4611 4734/4734/4734 4736/4736/4736
f 4611/4611/4611 4736/4736/4736 4613/4613/4613
f 4735/4735/4735 4562/4562/4562 4564/4564/4564
f 4735/4735/4735 4564/4564/4564 4737/4737/4737
f 4613/4613/4613 4736/4736/4736 4738/4738/4738
f 4613/4613/4613 4738/4738/4738 4615/4615/4615
f 4737/4737/4737 4564/4564/4564 4566/4566/4566
f 4737/4737/4737 4566/4566/4566 4715/4715/4715
f 4569/4569/4569 4739/4739/4739 4740/4740/4740
f 4569/4569/4569 4740/4740/4740 4570/4570/4570
f 4741/4741/4741 4624/4624/4624 4623/4623/4623
f 4741/4741/4741 4623/4623/4623 4742/4742/4742
f 4570/4570/4570 4740/4740/4740 4743/4743/4743
f 4570/4570/4570 4743/4743/4743 4590/4590/4590
f 4742/4742/4742 4623/4623/4623 4653/4653/4653
f 4742/4742/4742 4653/4653/4653 4744/4744/4744
f 4627/4627/4627 4745/4745/4745 4746/4746/4746
f 4627/4627/4627 4746/4746/4746 4628/4628/4628
f 4739/4739/4739 4569/4569/4569 4572/4572/4572
f 4739/4739/4739 4572/4572/4572 4747/4747/4747
f 4628/4628/4628 4746/4746/4746 4748/4748/4748
f 4628/4628/4628 4748/4748/4748 4631/4631/4631
f 4747/4747/4747 4572/4572/4572 4574/4574/4574
f 4747/4747/4747 4574/4574/4574 4749/4749/4749
f 4631/4631/4631 4748/4748/4748 4750/4750/4750
f 4631/4631/4631 4750/4750/4750 4633/4633/4633
f 4749/4749/4749 4574/4574/4574 4576/4576/4576
f 4749/4749/4749 4576/4576/4576 4751/4751/4751
f 4633/4633/4633 4750/4750/4750 4752/4752/4752
f 4633/4633/4633 4752/4752/4752 4635/4635/4635
f 4751/4751/4751 4576/4576/4576 4578/4578/4578
f 4751/4751/4751 4578/4578/4578 4753/4753/4753
f 4637/4637/4637 4754/4754/4754 4755/4755/4755
f 4637/4637/4637 4755/4755/4755 4638/4638/4638
f 4753/4753/4753 4578/4578/4578 4580/4580/4580
f 4753/4753/4753 4580/4580/4580 4756/4756/4756
f 4638/4638/4638 4755/4755/4755 4757/4757/4757
f 4638/4638/4638 4757/4757/4757 4641/4641/4641
f 4756/4756/4756 4580/4580/4580 4582/4582/4582
f 4756/4756/4756 4582/4582/4582 4758/4758/4758
f 4643/4643/4643 4759/4759/4759 4760/4760/4760
f 4643/4643/4643 4760/4760/4760 4644/4644/4644
f 4758/4758/4758 4582/4582/4582 4584/4584/4584
f 4758/4758/4758 4584/4584/4584 4761/4761/4761
f 4644/4644/4644 4760/4760/4760 4762/4762/4762
f 4644/4644/4644 4762/4762/4762 4647/4647/4647
f 4761/4761/4761 4584/4584/4584 4586/4586/4586
f 4761/4761/4761 4586/4586/4586 4763/4763/4763
f 4647/4647/4647 4762/4762/4762 4764/4764/4764
f 4647/4647/4647 4764/4764/4764 4649/4649/4649
f 4763/4763/4763 4586/4586/4586 4588/4588/4588
f 4763/4763/4763 4588/4588/4588 4765/4765/4765
f 4649/4649/4649 4764/4764/4764 4766/4766/4766
f 4649/4649/4649 4766/4766/4766 4651/4651/4651
f 4765/4765/4765 4588/4588/4588 4590/4590/4590
f 4765/4765/4765 4590/4590/4590 4743/4743/4743
f 211/211/211 4767/4767/4767 4768/4768/4768
f 211/211/211 4768/4768/4768 212/212/212
f 4769/4769/4769 4770/4770/4770 4771/4771/4771
f 4769/4769/4769 4771/4771/4771 4772/4772/4772
f 218/218/218 4773/4773/4773 4774/4774/4774
f 218/218/218 4774/4774/4774 219/219/219
f 4775/4775/4775 4776/4776/4776 4777/4777/4777
f 4775/4775/4775 4777/4777/4777 4778/4778/4778
f 4779/4779/4779 4780/4780/4780 4771/4771/4771
f 4779/4779/4779 4771/4771/4771 4770/4770/4770
f 4781/4781/4781 4782/4782/4782 4783/4783/4783
f 4781/4781/4781 4783/4783/4783 4784/4784/4784
f 4782/4782/4782 4785/4785/4785 4786/4786/4786
f 4782/4782/4782 4786/4786/4786 4783/4783/4783
f 4785/4785/4785 4787/4787/4787 4788/4788/4788
f 4785/4785/4785 4788/4788/4788 4786/4786/4786
f 4789/4789/4789 4790/4790/4790 4777/4777/4777
f 4789/4789/4789 4777/4777/4777 4776/4776/4776
f 4790/4790/4790 4791/4791/4791 4792/4792/4792
f 4790/4790/4790 4792/4792/4792 4777/4777/4777
f 4791/4791/4791 4793/4793/4793 4794/4794/4794
f 4791/4791/4791 4794/4794/4794 4792/4792/4792
f 4795/4795/4795 4796/4796/4796 4797/4797/4797
f 4795/4795/4795 4797/4797/4797 4798/4798/4798
f 4796/4796/4796 4799/4799/4799 4800/4800/4800
f 4796/4796/4796 4800/4800/4800 4797/4797/4797
f 4799/4799/4799 4779/4779/4779 4770/4770/4770
f 4799/4799/4799 4770/4770/4770 4800/4800/4800
f 212/212/212 4768/4768/4768 4801/4801/4801
f 212/212/212 4801/4801/4801 214/214/214
f 4802/4802/4802 4784/4784/4784 4783/4783/4783
f 4802/4802/4802 4783/4783/4783 4803/4803/4803
f 214/214/214 4801/4801/4801 4804/4804/4804
f 214/214/214 4804/4804/4804 215/215/215
f 4803/4803/4803 4783/4783/4783 4786/4786/4786
f 4803/4803/4803 4786/4786/4786 4805/4805/4805
f 215/215/215 4804/4804/4804 4806/4806/4806
f 215/215/215 4806/4806/4806 5742/5742/5742
f 4804/4804/4804 4807/4807/4807 4808/4808/4808
f 4804/4804/4804 4808/4808/4808 4806/4806/4806
f 219/219/219 4774/4774/4774 4809/4809/4809
f 219/219/219 4809/4809/4809 220/220/220
f 4778/4778/4778 4777/4777/4777 4792/4792/4792
f 4778/4778/4778 4792/4792/4792 4810/4810/4810
f 220/220/220 4809/4809/4809 4811/4811/4811
f 220/220/220 4811/4811/4811 221/221/221
f 4810/4810/4810 4792/4792/4792 4794/4794/4794
f 4810/4810/4810 4794/4794/4794 4812/4812/4812
f 221/221/221 4811/4811/4811 4813/4813/4813
f 221/221/221 4813/4813/4813 222/222/222
f 4814/4814/4814 4798/4798/4798 4797/4797/4797
f 4814/4814/4814 4797/4797/4797 4815/4815/4815
f 222/222/222 4813/4813/4813 4816/4816/4816
f 222/222/222 4816/4816/4816 223/223/223
f 4815/4815/4815 4797/4797/4797 4800/4800/4800
f 4815/4815/4815 4800/4800/4800 4817/4817/4817
f 4770/4770/4770 4769/4769/4769 4817/4817/4817
f 4770/4770/4770 4817/4817/4817 4800/4800/4800
f 4767/4767/4767 211/211/211 223/223/223
f 4767/4767/4767 223/223/223 4816/4816/4816
f 4806/4806/4806 4808/4808/4808 4818/4818/4818
f 4806/4806/4806 4818/4818/4818 4819/4819/4819
f 4818/4818/4818 4820/4820/4820 4821/4821/4821
f 4818/4818/4818 4821/4821/4821 4819/4819/4819
f 4821/4821/4821 5742/5742/5742 4806/4806/4806
f 4821/4821/4821 4806/4806/4806 4819/4819/4819
f 4822/4822/4822 4823/4823/4823 4824/4824/4824
f 4822/4822/4822 4824/4824/4824 4825/4825/4825
f 4823/4823/4823 4826/4826/4826 4827/4827/4827
f 4823/4823/4823 4827/4827/4827 4824/4824/4824
f 4828/4828/4828 4829/4829/4829 4830/4830/4830
f 4828/4828/4828 4830/4830/4830 4831/4831/4831
f 4832/4832/4832 4833/4833/4833 4834/4834/4834
f 4832/4832/4832 4834/4834/4834 4835/4835/4835
f 4820/4820/4820 4818/4818/4818 4836/4836/4836
f 4820/4820/4820 4836/4836/4836 4837/4837/4837
f 4818/4818/4818 4808/4808/4808 4838/4838/4838
f 4818/4818/4818 4838/4838/4838 4836/4836/4836
f 4839/4839/4839 4840/4840/4840 4841/4841/4841
f 4839/4839/4839 4841/4841/4841 4842/4842/4842
f 4841/4841/4841 4843/4843/4843 4831/4831/4831
f 4841/4841/4841 4831/4831/4831 4842/4842/4842
f 217/217/217 4820/4820/4820 4837/4837/4837
f 217/217/217 4837/4837/4837 4844/4844/4844
f 218/218/218 217/217/217 4844/4844/4844
f 218/218/218 4844/4844/4844 4834/4834/4834
f 4776/4776/4776 4775/4775/4775 4845/4845/4845
f 4776/4776/4776 4845/4845/4845 4846/4846/4846
f 4773/4773/4773 218/218/218 4834/4834/4834
f 4773/4773/4773 4834/4834/4834 4833/4833/4833
f 4839/4839/4839 4847/4847/4847 4848/4848/4848
f 4839/4839/4839 4848/4848/4848 4840/4840/4840
f 4822/4822/4822 4825/4825/4825 4849/4849/4849
f 4822/4822/4822 4849/4849/4849 4850/4850/4850
f 4851/4851/4851 4852/4852/4852 4853/4853/4853
f 4851/4851/4851 4853/4853/4853 4854/4854/4854
f 4828/4828/4828 4831/4831/4831 4843/4843/4843
f 4828/4828/4828 4843/4843/4843 4855/4855/4855
f 4837/4837/4837 4856/4856/4856 4857/4857/4857
f 4837/4837/4837 4857/4857/4857 4844/4844/4844
f 4858/4858/4858 4839/4839/4839 4842/4842/4842
f 4858/4858/4858 4842/4842/4842 4859/4859/4859
f 4839/4839/4839 4858/4858/4858 4860/4860/4860
f 4839/4839/4839 4860/4860/4860 4847/4847/4847
f 4856/4856/4856 4837/4837/4837 4836/4836/4836
f 4856/4856/4856 4836/4836/4836 4861/4861/4861
f 4851/4851/4851 4862/4862/4862 4863/4863/4863
f 4851/4851/4851 4863/4863/4863 4852/4852/4852
f 4862/4862/4862 4846/4846/4846 4845/4845/4845
f 4862/4862/4862 4845/4845/4845 4863/4863/4863
f 4831/4831/4831 4830/4830/4830 4859/4859/4859
f 4831/4831/4831 4859/4859/4859 4842/4842/4842
f 4835/4835/4835 4834/4834/4834 4844/4844/4844
f 4835/4835/4835 4844/4844/4844 4857/4857/4857
f 4864/4864/4864 4865/4865/4865 4866/4866/4866
f 4864/4864/4864 4866/4866/4866 4867/4867/4867
f 4865/4865/4865 4868/4868/4868 4869/4869/4869
f 4865/4865/4865 4869/4869/4869 4866/4866/4866
f 4868/4868/4868 4870/4870/4870 4871/4871/4871
f 4868/4868/4868 4871/4871/4871 4869/4869/4869
f 4870/4870/4870 4872/4872/4872 4873/4873/4873
f 4870/4870/4870 4873/4873/4873 4871/4871/4871
f 4874/4874/4874 4875/4875/4875 4876/4876/4876
f 4874/4874/4874 4876/4876/4876 4877/4877/4877
f 4875/4875/4875 4878/4878/4878 4879/4879/4879
f 4875/4875/4875 4879/4879/4879 4876/4876/4876
f 4880/4880/4880 4881/4881/4881 4882/4882/4882
f 4880/4880/4880 4882/4882/4882 4883/4883/4883
f 4881/4881/4881 4884/4884/4884 4885/4885/4885
f 4881/4881/4881 4885/4885/4885 4882/4882/4882
f 4884/4884/4884 4886/4886/4886 4887/4887/4887
f 4884/4884/4884 4887/4887/4887 4885/4885/4885
f 4886/4886/4886 4888/4888/4888 4889/4889/4889
f 4886/4886/4886 4889/4889/4889 4887/4887/4887
f 4890/4890/4890 4891/4891/4891 4892/4892/4892
f 4890/4890/4890 4892/4892/4892 4893/4893/4893
f 4891/4891/4891 4894/4894/4894 4895/4895/4895
f 4891/4891/4891 4895/4895/4895 4892/4892/4892
f 4896/4896/4896 4897/4897/4897 4898/4898/4898
f 4896/4896/4896 4898/4898/4898 4899/4899/4899
f 4897/4897/4897 4900/4900/4900 4901/4901/4901
f 4897/4897/4897 4901/4901/4901 4898/4898/4898
f 4900/4900/4900 4902/4902/4902 4903/4903/4903
f 4900/4900/4900 4903/4903/4903 4901/4901/4901
f 4902/4902/4902 4904/4904/4904 4905/4905/4905
f 4902/4902/4902 4905/4905/4905 4903/4903/4903
f 4904/4904/4904 4906/4906/4906 4907/4907/4907
f 4904/4904/4904 4907/4907/4907 4905/4905/4905
f 4906/4906/4906 4908/4908/4908 4909/4909/4909
f 4906/4906/4906 4909/4909/4909 4907/4907/4907
f 4908/4908/4908 4910/4910/4910 4911/4911/4911
f 4908/4908/4908 4911/4911/4911 4909/4909/4909
f 4910/4910/4910 4912/4912/4912 4913/4913/4913
f 4910/4910/4910 4913/4913/4913 4911/4911/4911
f 4912/4912/4912 4914/4914/4914 4915/4915/4915
f 4912/4912/4912 4915/4915/4915 4913/4913/4913
f 4914/4914/4914 4916/4916/4916 4917/4917/4917
f 4914/4914/4914 4917/4917/4917 4915/4915/4915
f 4916/4916/4916 4918/4918/4918 4919/4919/4919
f 4916/4916/4916 4919/4919/4919 4917/4917/4917
f 4918/4918/4918 4896/4896/4896 4899/4899/4899
f 4918/4918/4918 4899/4899/4899 4919/4919/4919
f 4920/4920/4920 4921/4921/4921 4922/4922/4922
f 4920/4920/4920 4922/4922/4922 4923/4923/4923
f 4921/4921/4921 4924/4924/4924 4925/4925/4925
f 4921/4921/4921 4925/4925/4925 4922/4922/4922
f 4924/4924/4924 4926/4926/4926 4927/4927/4927
f 4924/4924/4924 4927/4927/4927 4925/4925/4925
f 4926/4926/4926 4928/4928/4928 4929/4929/4929
f 4926/4926/4926 4929/4929/4929 4927/4927/4927
f 4928/4928/4928 4930/4930/4930 4931/4931/4931
f 4928/4928/4928 4931/4931/4931 4929/4929/4929
f 4930/4930/4930 4932/4932/4932 4933/4933/4933
f 4930/4930/4930 4933/4933/4933 4931/4931/4931
f 4932/4932/4932 4934/4934/4934 4935/4935/4935
f 4932/4932/4932 4935/4935/4935 4933/4933/4933
f 4934/4934/4934 4936/4936/4936 4937/4937/4937
f 4934/4934/4934 4937/4937/4937 4935/4935/4935
f 4936/4936/4936 4938/4938/4938 4939/4939/4939
f 4936/4936/4936 4939/4939/4939 4937/4937/4937
f 4938/4938/4938 4940/4940/4940 4941/4941/4941
f 4938/4938/4938 4941/4941/4941 4939/4939/4939
f 4940/4940/4940 4942/4942/4942 4943/4943/4943
f 4940/4940/4940 4943/4943/4943 4941/4941/4941
f 4942/4942/4942 4920/4920/4920 4923/4923/4923
f 4942/4942/4942 4923/4923/4923 4943/4943/4943
f 4944/4944/4944 4945/4945/4945 4946/4946/4946
f 4944/4944/4944 4946/4946/4946 4947/4947/4947
f 4945/4945/4945 4948/4948/4948 4949/4949/4949
f 4945/4945/4945 4949/4949/4949 4946/4946/4946
f 4948/4948/4948 4950/4950/4950 4951/4951/4951
f 4948/4948/4948 4951/4951/4951 4949/4949/4949
f 4950/4950/4950 4952/4952/4952 4953/4953/4953
f 4950/4950/4950 4953/4953/4953 4951/4951/4951
f 4954/4954/4954 4955/4955/4955 4956/4956/4956
f 4954/4954/4954 4956/4956/4956 4957/4957/4957
f 4955/4955/4955 4958/4958/4958 4959/4959/4959
f 4955/4955/4955 4959/4959/4959 4956/4956/4956
f 4960/4960/4960 4961/4961/4961 4962/4962/4962
f 4960/4960/4960 4962/4962/4962 4963/4963/4963
f 4961/4961/4961 4964/4964/4964 4965/4965/4965
f 4961/4961/4961 4965/4965/4965 4962/4962/4962
f 4964/4964/4964 4966/4966/4966 4967/4967/4967
f 4964/4964/4964 4967/4967/4967 4965/4965/4965
f 4966/4966/4966 4968/4968/4968 4969/4969/4969
f 4966/4966/4966 4969/4969/4969 4967/4967/4967
f 4970/4970/4970 4971/4971/4971 4972/4972/4972
f 4970/4970/4970 4972/4972/4972 4973/4973/4973
f 4971/4971/4971 4974/4974/4974 4975/4975/4975
f 4971/4971/4971 4975/4975/4975 4972/4972/4972
f 4976/4976/4976 4977/4977/4977 4978/4978/4978
f 4976/4976/4976 4978/4978/4978 4979/4979/4979
f 4980/4980/4980 4981/4981/4981 4982/4982/4982
f 4980/4980/4980 4982/4982/4982 4983/4983/4983
f 4981/4981/4981 4984/4984/4984 4985/4985/4985
f 4981/4981/4981 4985/4985/4985 4982/4982/4982
f 4984/4984/4984 4986/4986/4986 4987/4987/4987
f 4984/4984/4984 4987/4987/4987 4985/4985/4985
f 4986/4986/4986 4988/4988/4988 4989/4989/4989
f 4986/4986/4986 4989/4989/4989 4987/4987/4987
f 4990/4990/4990 4991/4991/4991 4992/4992/4992
f 4990/4990/4990 4992/4992/4992 4993/4993/4993
f 4991/4991/4991 4994/4994/4994 4995/4995/4995
f 4991/4991/4991 4995/4995/4995 4992/4992/4992
f 4996/4996/4996 4997/4997/4997 4998/4998/4998
f 4996/4996/4996 4998/4998/4998 4999/4999/4999
f 4997/4997/4997 5000/5000/5000 5001/5001/5001
f 4997/4997/4997 5001/5001/5001 4998/4998/4998
f 5000/5000/5000 5002/5002/5002 5003/5003/5003
f 5000/5000/5000 5003/5003/5003 5001/5001/5001
f 5002/5002/5002 5004/5004/5004 5005/5005/5005
f 5002/5002/5002 5005/5005/5005 5003/5003/5003
f 5006/5006/5006 4976/4976/4976 4979/4979/4979
f 5006/5006/5006 4979/4979/4979 5007/5007/5007
f 4864/4864/4864 5008/5008/5008 5009/5009/5009
f 4864/4864/4864 5009/5009/5009 4865/4865/4865
f 5010/5010/5010 4918/4918/4918 4916/4916/4916
f 5010/5010/5010 4916/4916/4916 5011/5011/5011
f 4865/4865/4865 5009/5009/5009 5012/5012/5012
f 4865/4865/4865 5012/5012/5012 4868/4868/4868
f 5011/5011/5011 4916/4916/4916 4914/4914/4914
f 5011/5011/5011 4914/4914/4914 5013/5013/5013
f 4868/4868/4868 5012/5012/5012 5014/5014/5014
f 4868/4868/4868 5014/5014/5014 4870/4870/4870
f 5013/5013/5013 4914/4914/4914 4912/4912/4912
f 5013/5013/5013 4912/4912/4912 5015/5015/5015
f 4870/4870/4870 5014/5014/5014 5016/5016/5016
f 4870/4870/4870 5016/5016/5016 4872/4872/4872
f 5015/5015/5015 4912/4912/4912 4910/4910/4910
f 5015/5015/5015 4910/4910/4910 5017/5017/5017
f 4874/4874/4874 5018/5018/5018 5019/5019/5019
f 4874/4874/4874 5019/5019/5019 4875/4875/4875
f 5017/5017/5017 4910/4910/4910 4908/4908/4908
f 5017/5017/5017 4908/4908/4908 5020/5020/5020
f 4875/4875/4875 5019/5019/5019 5021/5021/5021
f 4875/4875/4875 5021/5021/5021 4878/4878/4878
f 5020/5020/5020 4908/4908/4908 4906/4906/4906
f 5020/5020/5020 4906/4906/4906 5022/5022/5022
f 4880/4880/4880 5023/5023/5023 5024/5024/5024
f 4880/4880/4880 5024/5024/5024 4881/4881/4881
f 5022/5022/5022 4906/4906/4906 4904/4904/4904
f 5022/5022/5022 4904/4904/4904 5025/5025/5025
f 4881/4881/4881 5024/5024/5024 5026/5026/5026
f 4881/4881/4881 5026/5026/5026 4884/4884/4884
f 5025/5025/5025 4904/4904/4904 4902/4902/4902
f 5025/5025/5025 4902/4902/4902 5027/5027/5027
f 4884/4884/4884 5026/5026/5026 5028/5028/5028
f 4884/4884/4884 5028/5028/5028 4886/4886/4886
f 5027/5027/5027 4902/4902/4902 4900/4900/4900
f 5027/5027/5027 4900/4900/4900 5029/5029/5029
f 4886/4886/4886 5028/5028/5028 5030/5030/5030
f 4886/4886/4886 5030/5030/5030 4888/4888/4888
f 5029/5029/5029 4900/4900/4900 4897/4897/4897
f 5029/5029/5029 4897/4897/4897 5031/5031/5031
f 4890/4890/4890 5032/5032/5032 5033/5033/5033
f 4890/4890/4890 5033/5033/5033 4891/4891/4891
f 5031/5031/5031 4897/4897/4897 4896/4896/4896
f 5031/5031/5031 4896/4896/4896 5034/5034/5034
f 4918/4918/4918 5010/5010/5010 5034/5034/5034
f 4918/4918/4918 5034/5034/5034 4896/4896/4896
f 5035/5035/5035 4894/4894/4894 4891/4891/4891
f 5035/5035/5035 4891/4891/4891 5033/5033/5033
f 4895/4895/4895 5036/5036/5036 5037/5037/5037
f 4895/4895/4895 5037/5037/5037 4892/4892/4892
f 5038/5038/5038 4921/4921/4921 4920/4920/4920
f 5038/5038/5038 4920/4920/4920 5039/5039/5039
f 4921/4921/4921 5038/5038/5038 5040/5040/5040
f 4921/4921/4921 5040/5040/5040 4924/4924/4924
f 5041/5041/5041 4867/4867/4867 4866/4866/4866
f 5041/5041/5041 4866/4866/4866 5042/5042/5042
f 4924/4924/4924 5040/5040/5040 5043/5043/5043
f 4924/4924/4924 5043/5043/5043 4926/4926/4926
f 5042/5042/5042 4866/4866/4866 4869/4869/4869
f 5042/5042/5042 4869/4869/4869 5044/5044/5044
f 4926/4926/4926 5043/5043/5043 5045/5045/5045
f 4926/4926/4926 5045/5045/5045 4928/4928/4928
f 5044/5044/5044 4869/4869/4869 4871/4871/4871
f 5044/5044/5044 4871/4871/4871 5046/5046/5046
f 4928/4928/4928 5045/5045/5045 5047/5047/5047
f 4928/4928/4928 5047/5047/5047 4930/4930/4930
f 5046/5046/5046 4871/4871/4871 4873/4873/4873
f 5046/5046/5046 4873/4873/4873 5048/5048/5048
f 4930/4930/4930 5047/5047/5047 5049/5049/5049
f 4930/4930/4930 5049/5049/5049 4932/4932/4932
f 5050/5050/5050 4877/4877/4877 4876/4876/4876
f 5050/5050/5050 4876/4876/4876 5051/5051/5051
f 4932/4932/4932 5049/5049/5049 5052/5052/5052
f 4932/4932/4932 5052/5052/5052 4934/4934/4934
f 5051/5051/5051 4876/4876/4876 4879/4879/4879
f 5051/5051/5051 4879/4879/4879 5053/5053/5053
f 4934/4934/4934 5052/5052/5052 5054/5054/5054
f 4934/4934/4934 5054/5054/5054 4936/4936/4936
f 5055/5055/5055 4883/4883/4883 4882/4882/4882
f 5055/5055/5055 4882/4882/4882 5056/5056/5056
f 4936/4936/4936 5054/5054/5054 5057/5057/5057
f 4936/4936/4936 5057/5057/5057 4938/4938/4938
f 5056/5056/5056 4882/4882/4882 4885/4885/4885
f 5056/5056/5056 4885/4885/4885 5058/5058/5058
f 4938/4938/4938 5057/5057/5057 5059/5059/5059
f 4938/4938/4938 5059/5059/5059 4940/4940/4940
f 5058/5058/5058 4885/4885/4885 4887/4887/4887
f 5058/5058/5058 4887/4887/4887 5060/5060/5060
f 4940/4940/4940 5059/5059/5059 5061/5061/5061
f 4940/4940/4940 5061/5061/5061 4942/4942/4942
f 5060/5060/5060 4887/4887/4887 4889/4889/4889
f 5060/5060/5060 4889/4889/4889 5062/5062/5062
f 4942/4942/4942 5061/5061/5061 5039/5039/5039
f 4942/4942/4942 5039/5039/5039 4920/4920/4920
f 5063/5063/5063 4893/4893/4893 4892/4892/4892
f 5063/5063/5063 4892/4892/4892 5037/5037/5037
f 4898/4898/4898 5064/5064/5064 5065/5065/5065
f 4898/4898/4898 5065/5065/5065 4899/4899/4899
f 5066/5066/5066 4974/4974/4974 4971/4971/4971
f 5066/5066/5066 4971/4971/4971 5067/5067/5067
f 4899/4899/4899 5065/5065/5065 5068/5068/5068
f 4899/4899/4899 5068/5068/5068 4919/4919/4919
f 5067/5067/5067 4971/4971/4971 4970/4970/4970
f 5067/5067/5067 4970/4970/4970 5069/5069/5069
f 4944/4944/4944 5070/5070/5070 5071/5071/5071
f 4944/4944/4944 5071/5071/5071 4945/4945/4945
f 5064/5064/5064 4898/4898/4898 4901/4901/4901
f 5064/5064/5064 4901/4901/4901 5072/5072/5072
f 4945/4945/4945 5071/5071/5071 5073/5073/5073
f 4945/4945/4945 5073/5073/5073 4948/4948/4948
f 5072/5072/5072 4901/4901/4901 4903/4903/4903
f 5072/5072/5072 4903/4903/4903 5074/5074/5074
f 4948/4948/4948 5073/5073/5073 5075/5075/5075
f 4948/4948/4948 5075/5075/5075 4950/4950/4950
f 5074/5074/5074 4903/4903/4903 4905/4905/4905
f 5074/5074/5074 4905/4905/4905 5076/5076/5076
f 4950/4950/4950 5075/5075/5075 5077/5077/5077
f 4950/4950/4950 5077/5077/5077 4952/4952/4952
f 5076/5076/5076 4905/4905/4905 4907/4907/4907
f 5076/5076/5076 4907/4907/4907 5078/5078/5078
f 4954/4954/4954 5079/5079/5079 5080/5080/5080
f 4954/4954/4954 5080/5080/5080 4955/4955/4955
f 5078/5078/5078 4907/4907/4907 4909/4909/4909
f 5078/5078/5078 4909/4909/4909 5081/5081/5081
f 4955/4955/4955 5080/5080/5080 5082/5082/5082
f 4955/4955/4955 5082/5082/5082 4958/4958/4958
f 5081/5081/5081 4909/4909/4909 4911/4911/4911
f 5081/5081/5081 4911/4911/4911 5083/5083/5083
f 4960/4960/4960 5084/5084/5084 5085/5085/5085
f 4960/4960/4960 5085/5085/5085 4961/4961/4961
f 5083/5083/5083 4911/4911/4911 4913/4913/4913
f 5083/5083/5083 4913/4913/4913 5086/5086/5086
f 4961/4961/4961 5085/5085/5085 5087/5087/5087
f 4961/4961/4961 5087/5087/5087 4964/4964/4964
f 5086/5086/5086 4913/4913/4913 4915/4915/4915
f 5086/5086/5086 4915/4915/4915 5088/5088/5088
f 4964/4964/4964 5087/5087/5087 5089/5089/5089
f 4964/4964/4964 5089/5089/5089 4966/4966/4966
f 5088/5088/5088 4915/4915/4915 4917/4917/4917
f 5088/5088/5088 4917/4917/4917 5090/5090/5090
f 4966/4966/4966 5089/5089/5089 5091/5091/5091
f 4966/4966/4966 5091/5091/5091 4968/4968/4968
f 5090/5090/5090 4917/4917/4917 4919/4919/4919
f 5090/5090/5090 4919/4919/4919 5068/5068/5068
f 4922/4922/4922 5092/5092/5092 5093/5093/5093
f 4922/4922/4922 5093/5093/5093 4923/4923/4923
f 5094/5094/5094 4977/4977/4977 4976/4976/4976
f 5094/5094/5094 4976/4976/4976 5095/5095/5095
f 4923/4923/4923 5093/5093/5093 5096/5096/5096
f 4923/4923/4923 5096/5096/5096 4943/4943/4943
f 5095/5095/5095 4976/4976/4976 5006/5006/5006
f 5095/5095/5095 5006/5006/5006 5097/5097/5097
f 4980/4980/4980 5098/5098/5098 5099/5099/5099
f 4980/4980/4980 5099/5099/5099 4981/4981/4981
f 5092/5092/5092 4922/4922/4922 4925/4925/4925
f 5092/5092/5092 4925/4925/4925 5100/5100/5100
f 4981/4981/4981 5099/5099/5099 5101/5101/5101
f 4981/4981/4981 5101/5101/5101 4984/4984/4984
f 5100/5100/5100 4925/4925/4925 4927/4927/4927
f 5100/5100/5100 4927/4927/4927 5102/5102/5102
f 4984/4984/4984 5101/5101/5101 5103/5103/5103
f 4984/4984/4984 5103/5103/5103 4986/4986/4986
f 5102/5102/5102 4927/4927/4927 4929/4929/4929
f 5102/5102/5102 4929/4929/4929 5104/5104/5104
f 4986/4986/4986 5103/5103/5103 5105/5105/5105
f 4986/4986/4986 5105/5105/5105 4988/4988/4988
f 5104/5104/5104 4929/4929/4929 4931/4931/4931
f 5104/5104/5104 4931/4931/4931 5106/5106/5106
f 4990/4990/4990 5107/5107/5107 5108/5108/5108
f 4990/4990/4990 5108/5108/5108 4991/4991/4991
f 5106/5106/5106 4931/4931/4931 4933/4933/4933
f 5106/5106/5106 4933/4933/4933 5109/5109/5109
f 4991/4991/4991 5108/5108/5108 5110/5110/5110
f 4991/4991/4991 5110/5110/5110 4994/4994/4994
f 5109/5109/5109 4933/4933/4933 4935/4935/4935
f 5109/5109/5109 4935/4935/4935 5111/5111/5111
f 4996/4996/4996 5112/5112/5112 5113/5113/5113
f 4996/4996/4996 5113/5113/5113 4997/4997/4997
f 5111/5111/5111 4935/4935/4935 4937/4937/4937
f 5111/5111/5111 4937/4937/4937 5114/5114/5114
f 4997/4997/4997 5113/5113/5113 5115/5115/5115
f 4997/4997/4997 5115/5115/5115 5000/5000/5000
f 5114/5114/5114 4937/4937/4937 4939/4939/4939
f 5114/5114/5114 4939/4939/4939 5116/5116/5116
f 5000/5000/5000 5115/5115/5115 5117/5117/5117
f 5000/5000/5000 5117/5117/5117 5002/5002/5002
f 5116/5116/5116 4939/4939/4939 4941/4941/4941
f 5116/5116/5116 4941/4941/4941 5118/5118/5118
f 5002/5002/5002 5117/5117/5117 5119/5119/5119
f 5002/5002/5002 5119/5119/5119 5004/5004/5004
f 5118/5118/5118 4941/4941/4941 4943/4943/4943
f 5118/5118/5118 4943/4943/4943 5096/5096/5096
f 225/225/225 224/224/224 5120/5120/5120
f 225/225/225 5120/5120/5120 5121/5121/5121
f 5122/5122/5122 5123/5123/5123 5124/5124/5124
f 5122/5122/5122 5124/5124/5124 5125/5125/5125
f 5123/5123/5123 5126/5126/5126 5127/5127/5127
f 5123/5123/5123 5127/5127/5127 5124/5124/5124
f 5128/5128/5128 5129/5129/5129 5130/5130/5130
f 5128/5128/5128 5130/5130/5130 5131/5131/5131
f 5129/5129/5129 5132/5132/5132 5133/5133/5133
f 5129/5129/5129 5133/5133/5133 5130/5130/5130
f 5132/5132/5132 5134/5134/5134 5135/5135/5135
f 5132/5132/5132 5135/5135/5135 5133/5133/5133
f 5134/5134/5134 5136/5136/5136 5137/5137/5137
f 5134/5134/5134 5137/5137/5137 5135/5135/5135
f 5138/5138/5138 5139/5139/5139 5140/5140/5140
f 5138/5138/5138 5140/5140/5140 5141/5141/5141
f 5139/5139/5139 5142/5142/5142 5143/5143/5143
f 5139/5139/5139 5143/5143/5143 5140/5140/5140
f 234/234/234 235/235/235 5144/5144/5144
f 234/234/234 5144/5144/5144 5145/5145/5145
f 235/235/235 236/236/236 5146/5146/5146
f 235/235/235 5146/5146/5146 5144/5144/5144
f 236/236/236 225/225/225 5121/5121/5121
f 236/236/236 5121/5121/5121 5146/5146/5146
f 5146/5146/5146 5121/5121/5121 5147/5147/5147
f 5146/5146/5146 5147/5147/5147 5148/5148/5148
f 5144/5144/5144 5146/5146/5146 5148/5148/5148
f 5144/5144/5144 5148/5148/5148 5149/5149/5149
f 5145/5145/5145 5144/5144/5144 5149/5149/5149
f 5145/5145/5145 5149/5149/5149 5150/5150/5150
f 5140/5140/5140 5143/5143/5143 5151/5151/5151
f 5140/5140/5140 5151/5151/5151 5152/5152/5152
f 5141/5141/5141 5140/5140/5140 5152/5152/5152
f 5141/5141/5141 5152/5152/5152 5153/5153/5153
f 5135/5135/5135 5137/5137/5137 5154/5154/5154
f 5135/5135/5135 5154/5154/5154 5155/5155/5155
f 5133/5133/5133 5135/5135/5135 5155/5155/5155
f 5133/5133/5133 5155/5155/5155 5156/5156/5156
f 5130/5130/5130 5133/5133/5133 5156/5156/5156
f 5130/5130/5130 5156/5156/5156 5157/5157/5157
f 5131/5131/5131 5130/5130/5130 5157/5157/5157
f 5131/5131/5131 5157/5157/5157 5158/5158/5158
f 5124/5124/5124 5127/5127/5127 5159/5159/5159
f 5124/5124/5124 5159/5159/5159 5160/5160/5160
f 5125/5125/5125 5124/5124/5124 5160/5160/5160
f 5125/5125/5125 5160/5160/5160 5161/5161/5161
f 5121/5121/5121 5120/5120/5120 5162/5162/5162
f 5121/5121/5121 5162/5162/5162 5147/5147/5147
f 5163/5163/5163 5164/5164/5164 5165/5165/5165
f 5163/5163/5163 5165/5165/5165 5166/5166/5166
f 5167/5167/5167 5168/5168/5168 5169/5169/5169
f 5167/5167/5167 5169/5169/5169 5170/5170/5170
f 5168/5168/5168 5171/5171/5171 5172/5172/5172
f 5168/5168/5168 5172/5172/5172 5169/5169/5169
f 5173/5173/5173 5174/5174/5174 5175/5175/5175
f 5173/5173/5173 5175/5175/5175 5176/5176/5176
f 5174/5174/5174 5177/5177/5177 5178/5178/5178
f 5174/5174/5174 5178/5178/5178 5175/5175/5175
f 5177/5177/5177 5179/5179/5179 5180/5180/5180
f 5177/5177/5177 5180/5180/5180 5178/5178/5178
f 5179/5179/5179 5181/5181/5181 5182/5182/5182
f 5179/5179/5179 5182/5182/5182 5180/5180/5180
f 5183/5183/5183 5184/5184/5184 5185/5185/5185
f 5183/5183/5183 5185/5185/5185 5186/5186/5186
f 5184/5184/5184 5187/5187/5187 5188/5188/5188
f 5184/5184/5184 5188/5188/5188 5185/5185/5185
f 5189/5189/5189 5190/5190/5190 5191/5191/5191
f 5189/5189/5189 5191/5191/5191 5192/5192/5192
f 5190/5190/5190 5193/5193/5193 5194/5194/5194
f 5190/5190/5190 5194/5194/5194 5191/5191/5191
f 5193/5193/5193 5163/5163/5163 5166/5166/5166
f 5193/5193/5193 5166/5166/5166 5194/5194/5194
f 263/263/263 5195/5195/5195 5196/5196/5196
f 263/263/263 5196/5196/5196 264/264/264
f 5197/5197/5197 5198/5198/5198 5199/5199/5199
f 5197/5197/5197 5199/5199/5199 5200/5200/5200
f 270/270/270 5201/5201/5201 5202/5202/5202
f 270/270/270 5202/5202/5202 271/271/271
f 5203/5203/5203 5204/5204/5204 5205/5205/5205
f 5203/5203/5203 5205/5205/5205 5206/5206/5206
f 5207/5207/5207 5208/5208/5208 5199/5199/5199
f 5207/5207/5207 5199/5199/5199 5198/5198/5198
f 5209/5209/5209 5210/5210/5210 5211/5211/5211
f 5209/5209/5209 5211/5211/5211 5212/5212/5212
f 5210/5210/5210 5213/5213/5213 5214/5214/5214
f 5210/5210/5210 5214/5214/5214 5211/5211/5211
f 5213/5213/5213 5215/5215/5215 5216/5216/5216
f 5213/5213/5213 5216/5216/5216 5214/5214/5214
f 5217/5217/5217 5218/5218/5218 5205/5205/5205
f 5217/5217/5217 5205/5205/5205 5204/5204/5204
f 5218/5218/5218 5219/5219/5219 5220/5220/5220
f 5218/5218/5218 5220/5220/5220 5205/5205/5205
f 5219/5219/5219 5221/5221/5221 5222/5222/5222
f 5219/5219/5219 5222/5222/5222 5220/5220/5220
f 5223/5223/5223 5224/5224/5224 5225/5225/5225
f 5223/5223/5223 5225/5225/5225 5226/5226/5226
f 5224/5224/5224 5227/5227/5227 5228/5228/5228
f 5224/5224/5224 5228/5228/5228 5225/5225/5225
f 5227/5227/5227 5207/5207/5207 5198/5198/5198
f 5227/5227/5227 5198/5198/5198 5228/5228/5228
f 264/264/264 5196/5196/5196 5229/5229/5229
f 264/264/264 5229/5229/5229 266/266/266
f 5230/5230/5230 5212/5212/5212 5211/5211/5211
f 5230/5230/5230 5211/5211/5211 5231/5231/5231
f 266/266/266 5229/5229/5229 5232/5232/5232
f 266/266/266 5232/5232/5232 267/267/267
f 5231/5231/5231 5211/5211/5211 5214/5214/5214
f 5231/5231/5231 5214/5214/5214 5233/5233/5233
f 267/267/267 5232/5232/5232 5234/5234/5234
f 267/267/267 5234/5234/5234 5747/5747/5747
f 5232/5232/5232 5235/5235/5235 5236/5236/5236
f 5232/5232/5232 5236/5236/5236 5234/5234/5234
f 271/271/271 5202/5202/5202 5237/5237/5237
f 271/271/271 5237/5237/5237 272/272/272
f 5206/5206/5206 5205/5205/5205 5220/5220/5220
f 5206/5206/5206 5220/5220/5220 5238/5238/5238
f 272/272/272 5237/5237/5237 5239/5239/5239
f 272/272/272 5239/5239/5239 273/273/273
f 5238/5238/5238 5220/5220/5220 5222/5222/5222
f 5238/5238/5238 5222/5222/5222 5240/5240/5240
f 273/273/273 5239/5239/5239 5241/5241/5241
f 273/273/273 5241/5241/5241 274/274/274
f 5242/5242/5242 5226/5226/5226 5225/5225/5225
f 5242/5242/5242 5225/5225/5225 5243/5243/5243
f 274/274/274 5241/5241/5241 5244/5244/5244
f 274/274/274 5244/5244/5244 275/275/275
f 5243/5243/5243 5225/5225/5225 5228/5228/5228
f 5243/5243/5243 5228/5228/5228 5245/5245/5245
f 5198/5198/5198 5197/5197/5197 5245/5245/5245
f 5198/5198/5198 5245/5245/5245 5228/5228/5228
f 5195/5195/5195 263/263/263 275/275/275
f 5195/5195/5195 275/275/275 5244/5244/5244
f 5234/5234/5234 5236/5236/5236 5246/5246/5246
f 5234/5234/5234 5246/5246/5246 5247/5247/5247
f 5246/5246/5246 5248/5248/5248 5249/5249/5249
f 5246/5246/5246 5249/5249/5249 5247/5247/5247
f 5249/5249/5249 5747/5747/5747 5234/5234/5234
f 5249/5249/5249 5234/5234/5234 5247/5247/5247
f 5250/5250/5250 5251/5251/5251 5252/5252/5252
f 5250/5250/5250 5252/5252/5252 5253/5253/5253
f 5251/5251/5251 5254/5254/5254 5255/5255/5255
f 5251/5251/5251 5255/5255/5255 5252/5252/5252
f 5256/5256/5256 5257/5257/5257 5258/5258/5258
f 5256/5256/5256 5258/5258/5258 5259/5259/5259
f 5260/5260/5260 5261/5261/5261 5262/5262/5262
f 5260/5260/5260 5262/5262/5262 5263/5263/5263
f 5248/5248/5248 5246/5246/5246 5264/5264/5264
f 5248/5248/5248 5264/5264/5264 5265/5265/5265
f 5246/5246/5246 5236/5236/5236 5266/5266/5266
f 5246/5246/5246 5266/5266/5266 5264/5264/5264
f 5267/5267/5267 5268/5268/5268 5269/5269/5269
f 5267/5267/5267 5269/5269/5269 5270/5270/5270
f 5269/5269/5269 5271/5271/5271 5259/5259/5259
f 5269/5269/5269 5259/5259/5259 5270/5270/5270
f 269/269/269 5248/5248/5248 5265/5265/5265
f 269/269/269 5265/5265/5265 5272/5272/5272
f 270/270/270 269/269/269 5272/5272/5272
f 270/270/270 5272/5272/5272 5262/5262/5262
f 5204/5204/5204 5203/5203/5203 5273/5273/5273
f 5204/5204/5204 5273/5273/5273 5274/5274/5274
f 5201/5201/5201 270/270/270 5262/5262/5262
f 5201/5201/5201 5262/5262/5262 5261/5261/5261
f 5267/5267/5267 5275/5275/5275 5276/5276/5276
f 5267/5267/5267 5276/5276/5276 5268/5268/5268
f 5250/5250/5250 5253/5253/5253 5277/5277/5277
f 5250/5250/5250 5277/5277/5277 5278/5278/5278
f 5279/5279/5279 5280/5280/5280 5281/5281/5281
f 5279/5279/5279 5281/5281/5281 5282/5282/5282
f 5256/5256/5256 5259/5259/5259 5271/5271/5271
f 5256/5256/5256 5271/5271/5271 5283/5283/5283
f 5265/5265/5265 5284/5284/5284 5285/5285/5285
f 5265/5265/5265 5285/5285/5285 5272/5272/5272
f 5286/5286/5286 5267/5267/5267 5270/5270/5270
f 5286/5286/5286 5270/5270/5270 5287/5287/5287
f 5267/5267/5267 5286/5286/5286 5288/5288/5288
f 5267/5267/5267 5288/5288/5288 5275/5275/5275
f 5284/5284/5284 5265/5265/5265 5264/5264/5264
f 5284/5284/5284 5264/5264/5264 5289/5289/5289
f 5279/5279/5279 5290/5290/5290 5291/5291/5291
f 5279/5279/5279 5291/5291/5291 5280/5280/5280
f 5290/5290/5290 5274/5274/5274 5273/5273/5273
f 5290/5290/5290 5273/5273/5273 5291/5291/5291
f 5259/5259/5259 5258/5258/5258 5287/5287/5287
f 5259/5259/5259 5287/5287/5287 5270/5270/5270
f 5263/5263/5263 5262/5262/5262 5272/5272/5272
f 5263/5263/5263 5272/5272/5272 5285/5285/5285
f 5292/5292/5292 5293/5293/5293 5294/5294/5294
f 5292/5292/5292 5294/5294/5294 5295/5295/5295
f 5296/5296/5296 5297/5297/5297 5298/5298/5298
f 5296/5296/5296 5298/5298/5298 5299/5299/5299
f 5297/5297/5297 5300/5300/5300 5301/5301/5301
f 5297/5297/5297 5301/5301/5301 5298/5298/5298
f 5302/5302/5302 5303/5303/5303 5304/5304/5304
f 5302/5302/5302 5304/5304/5304 5305/5305/5305
f 5303/5303/5303 5306/5306/5306 5307/5307/5307
f 5303/5303/5303 5307/5307/5307 5304/5304/5304
f 5306/5306/5306 5308/5308/5308 5309/5309/5309
f 5306/5306/5306 5309/5309/5309 5307/5307/5307
f 5308/5308/5308 5310/5310/5310 5311/5311/5311
f 5308/5308/5308 5311/5311/5311 5309/5309/5309
f 5312/5312/5312 5313/5313/5313 5314/5314/5314
f 5312/5312/5312 5314/5314/5314 5315/5315/5315
f 5313/5313/5313 5316/5316/5316 5317/5317/5317
f 5313/5313/5313 5317/5317/5317 5314/5314/5314
f 5318/5318/5318 5319/5319/5319 5320/5320/5320
f 5318/5318/5318 5320/5320/5320 5321/5321/5321
f 5319/5319/5319 5322/5322/5322 5323/5323/5323
f 5319/5319/5319 5323/5323/5323 5320/5320/5320
f 5322/5322/5322 5292/5292/5292 5295/5295/5295
f 5322/5322/5322 5295/5295/5295 5323/5323/5323
f 289/289/289 5324/5324/5324 5325/5325/5325
f 289/289/289 5325/5325/5325 290/290/290
f 5326/5326/5326 5327/5327/5327 5328/5328/5328
f 5326/5326/5326 5328/5328/5328 5329/5329/5329
f 296/296/296 5330/5330/5330 5331/5331/5331
f 296/296/296 5331/5331/5331 297/297/297
f 5332/5332/5332 5333/5333/5333 5334/5334/5334
f 5332/5332/5332 5334/5334/5334 5335/5335/5335
f 5336/5336/5336 5337/5337/5337 5328/5328/5328
f 5336/5336/5336 5328/5328/5328 5327/5327/5327
f 5338/5338/5338 5339/5339/5339 5340/5340/5340
f 5338/5338/5338 5340/5340/5340 5341/5341/5341
f 5339/5339/5339 5342/5342/5342 5343/5343/5343
f 5339/5339/5339 5343/5343/5343 5340/5340/5340
f 5342/5342/5342 5344/5344/5344 5345/5345/5345
f 5342/5342/5342 5345/5345/5345 5343/5343/5343
f 5346/5346/5346 5347/5347/5347 5334/5334/5334
f 5346/5346/5346 5334/5334/5334 5333/5333/5333
f 5347/5347/5347 5348/5348/5348 5349/5349/5349
f 5347/5347/5347 5349/5349/5349 5334/5334/5334
f 5348/5348/5348 5350/5350/5350 5351/5351/5351
f 5348/5348/5348 5351/5351/5351 5349/5349/5349
f 5352/5352/5352 5353/5353/5353 5354/5354/5354
f 5352/5352/5352 5354/5354/5354 5355/5355/5355
f 5353/5353/5353 5356/5356/5356 5357/5357/5357
f 5353/5353/5353 5357/5357/5357 5354/5354/5354
f 5356/5356/5356 5336/5336/5336 5327/5327/5327
f 5356/5356/5356 5327/5327/5327 5357/5357/5357
f 290/290/290 5325/5325/5325 5358/5358/5358
f 290/290/290 5358/5358/5358 292/292/292
f 5359/5359/5359 5341/5341/5341 5340/5340/5340
f 5359/5359/5359 5340/5340/5340 5360/5360/5360
f 292/292/292 5358/5358/5358 5361/5361/5361
f 292/292/292 5361/5361/5361 293/293/293
f 5360/5360/5360 5340/5340/5340 5343/5343/5343
f 5360/5360/5360 5343/5343/5343 5362/5362/5362
f 293/293/293 5361/5361/5361 5363/5363/5363
f 293/293/293 5363/5363/5363 5712/5712/5712
f 5361/5361/5361 5364/5364/5364 5365/5365/5365
f 5361/5361/5361 5365/5365/5365 5363/5363/5363
f 297/297/297 5331/5331/5331 5366/5366/5366
f 297/297/297 5366/5366/5366 298/298/298
f 5335/5335/5335 5334/5334/5334 5349/5349/5349
f 5335/5335/5335 5349/5349/5349 5367/5367/5367
f 298/298/298 5366/5366/5366 5368/5368/5368
f 298/298/298 5368/5368/5368 299/299/299
f 5367/5367/5367 5349/5349/5349 5351/5351/5351
f 5367/5367/5367 5351/5351/5351 5369/5369/5369
f 299/299/299 5368/5368/5368 5370/5370/5370
f 299/299/299 5370/5370/5370 300/300/300
f 5371/5371/5371 5355/5355/5355 5354/5354/5354
f 5371/5371/5371 5354/5354/5354 5372/5372/5372
f 300/300/300 5370/5370/5370 5373/5373/5373
f 300/300/300 5373/5373/5373 301/301/301
f 5372/5372/5372 5354/5354/5354 5357/5357/5357
f 5372/5372/5372 5357/5357/5357 5374/5374/5374
f 5327/5327/5327 5326/5326/5326 5374/5374/5374
f 5327/5327/5327 5374/5374/5374 5357/5357/5357
f 5324/5324/5324 289/289/289 301/301/301
f 5324/5324/5324 301/301/301 5373/5373/5373
f 5363/5363/5363 5365/5365/5365 5375/5375/5375
f 5363/5363/5363 5375/5375/5375 5376/5376/5376
f 5375/5375/5375 5377/5377/5377 5378/5378/5378
f 5375/5375/5375 5378/5378/5378 5376/5376/5376
f 5378/5378/5378 5712/5712/5712 5363/5363/5363
f 5378/5378/5378 5363/5363/5363 5376/5376/5376
f 5379/5379/5379 5380/5380/5380 5381/5381/5381
f 5379/5379/5379 5381/5381/5381 5382/5382/5382
f 5380/5380/5380 5383/5383/5383 5384/5384/5384
f 5380/5380/5380 5384/5384/5384 5381/5381/5381
f 5385/5385/5385 5386/5386/5386 5387/5387/5387
f 5385/5385/5385 5387/5387/5387 5388/5388/5388
f 5389/5389/5389 5390/5390/5390 5391/5391/5391
f 5389/5389/5389 5391/5391/5391 5392/5392/5392
f 5377/5377/5377 5375/5375/5375 5393/5393/5393
f 5377/5377/5377 5393/5393/5393 5394/5394/5394
f 5375/5375/5375 5365/5365/5365 5395/5395/5395
f 5375/5375/5375 5395/5395/5395 5393/5393/5393
f 5396/5396/5396 5397/5397/5397 5398/5398/5398
f 5396/5396/5396 5398/5398/5398 5399/5399/5399
f 5398/5398/5398 5400/5400/5400 5388/5388/5388
f 5398/5398/5398 5388/5388/5388 5399/5399/5399
f 295/295/295 5377/5377/5377 5394/5394/5394
f 295/295/295 5394/5394/5394 5401/5401/5401
f 296/296/296 295/295/295 5401/5401/5401
f 296/296/296 5401/5401/5401 5391/5391/5391
f 5333/5333/5333 5332/5332/5332 5402/5402/5402
f 5333/5333/5333 5402/5402/5402 5403/5403/5403
f 5330/5330/5330 296/296/296 5391/5391/5391
f 5330/5330/5330 5391/5391/5391 5390/5390/5390
f 5396/5396/5396 5404/5404/5404 5405/5405/5405
f 5396/5396/5396 5405/5405/5405 5397/5397/5397
f 5379/5379/5379 5382/5382/5382 5406/5406/5406
f 5379/5379/5379 5406/5406/5406 5407/5407/5407
f 5408/5408/5408 5409/5409/5409 5410/5410/5410
f 5408/5408/5408 5410/5410/5410 5411/5411/5411
f 5385/5385/5385 5388/5388/5388 5400/5400/5400
f 5385/5385/5385 5400/5400/5400 5412/5412/5412
f 5394/5394/5394 5413/5413/5413 5414/5414/5414
f 5394/5394/5394 5414/5414/5414 5401/5401/5401
f 5415/5415/5415 5396/5396/5396 5399/5399/5399
f 5415/5415/5415 5399/5399/5399 5416/5416/5416
f 5396/5396/5396 5415/5415/5415 5417/5417/5417
f 5396/5396/5396 5417/5417/5417 5404/5404/5404
f 5413/5413/5413 5394/5394/5394 5393/5393/5393
f 5413/5413/5413 5393/5393/5393 5418/5418/5418
f 5408/5408/5408 5419/5419/5419 5420/5420/5420
f 5408/5408/5408 5420/5420/5420 5409/5409/5409
f 5419/5419/5419 5403/5403/5403 5402/5402/5402
f 5419/5419/5419 5402/5402/5402 5420/5420/5420
f 5388/5388/5388 5387/5387/5387 5416/5416/5416
f 5388/5388/5388 5416/5416/5416 5399/5399/5399
f 5392/5392/5392 5391/5391/5391 5401/5401/5401
f 5392/5392/5392 5401/5401/5401 5414/5414/5414
f 5421/5421/5421 5422/5422/5422 5423/5423/5423
f 5421/5421/5421 5423/5423/5423 5424/5424/5424
f 303/303/303 302/302/302 307/307/307
f 303/303/303 307/307/307 306/306/306
f 304/304/304 303/303/303 309/309/309
f 304/304/304 309/309/309 308/308/308
f 5425/5425/5425 5426/5426/5426 5427/5427/5427
f 5425/5425/5425 5427/5427/5427 5428/5428/5428
f 306/306/306 305/305/305 313/313/313
f 306/306/306 313/313/313 312/312/312
f 5429/5429/5429 5430/5430/5430 315/315/315
f 5429/5429/5429 315/315/315 314/314/314
f 310/310/310 309/309/309 312/312/312
f 310/310/310 312/312/312 311/311/311
f 5431/5431/5431 5432/5432/5432 319/319/319
f 5431/5431/5431 319/319/319 318/318/318
f 5433/5433/5433 5434/5434/5434 321/321/321
f 5433/5433/5433 321/321/321 320/320/320
f 316/316/316 315/315/315 318/318/318
f 316/316/316 318/318/318 317/317/317
f 5435/5435/5435 5436/5436/5436 325/325/325
f 5435/5435/5435 325/325/325 324/324/324
f 322/322/322 321/321/321 324/324/324
f 322/322/322 324/324/324 323/323/323
f 303/303/303 5749/5749/5749 312/312/312
f 303/303/303 312/312/312 309/309/309
f 5430/5430/5430 5431/5431/5431 318/318/318
f 5430/5430/5430 318/318/318 315/315/315
f 5434/5434/5434 5435/5435/5435 5752/5752/5752
f 5434/5434/5434 5752/5752/5752 321/321/321
f 5751/5751/5751 5724/5724/5724 5727/5727/5727
f 5751/5751/5751 5727/5727/5727 5748/5748/5748
f 5437/5437/5437 5438/5438/5438 5439/5439/5439
f 5437/5437/5437 5439/5439/5439 5440/5440/5440
f 5441/5441/5441 5442/5442/5442 5443/5443/5443
f 5441/5441/5441 5443/5443/5443 5444/5444/5444
f 5445/5445/5445 5446/5446/5446 5447/5447/5447
f 5445/5445/5445 5447/5447/5447 5448/5448/5448
f 5449/5449/5449 5450/5450/5450 5451/5451/5451
f 5449/5449/5449 5451/5451/5451 5452/5452/5452
f 5450/5450/5450 5453/5453/5453 5454/5454/5454
f 5450/5450/5450 5454/5454/5454 5451/5451/5451
f 5455/5455/5455 5456/5456/5456 5457/5457/5457
f 5455/5455/5455 5457/5457/5457 5458/5458/5458
f 5456/5456/5456 5459/5459/5459 5460/5460/5460
f 5456/5456/5456 5460/5460/5460 5457/5457/5457
f 5459/5459/5459 5461/5461/5461 5462/5462/5462
f 5459/5459/5459 5462/5462/5462 5460/5460/5460
f 5461/5461/5461 5463/5463/5463 5464/5464/5464
f 5461/5461/5461 5464/5464/5464 5462/5462/5462
f 5465/5465/5465 5466/5466/5466 5467/5467/5467
f 5465/5465/5465 5467/5467/5467 5468/5468/5468
f 5466/5466/5466 5469/5469/5469 5470/5470/5470
f 5466/5466/5466 5470/5470/5470 5467/5467/5467
f 5471/5471/5471 5472/5472/5472 5473/5473/5473
f 5471/5471/5471 5473/5473/5473 5474/5474/5474
f 5472/5472/5472 5475/5475/5475 5476/5476/5476
f 5472/5472/5472 5476/5476/5476 5473/5473/5473
f 5475/5475/5475 5445/5445/5445 5448/5448/5448
f 5475/5475/5475 5448/5448/5448 5476/5476/5476
f 5476/5476/5476 5448/5448/5448 5738/5738/5738
f 5476/5476/5476 5738/5738/5738 5754/5754/5754
f 5473/5473/5473 5476/5476/5476 5754/5754/5754
f 5473/5473/5473 5754/5754/5754 5739/5739/5739
f 5474/5474/5474 5473/5473/5473 5739/5739/5739
f 5474/5474/5474 5739/5739/5739 5731/5731/5731
f 5467/5467/5467 5470/5470/5470 5477/5477/5477
f 5467/5467/5467 5477/5477/5477 5478/5478/5478
f 5468/5468/5468 5467/5467/5467 5478/5478/5478
f 5468/5468/5468 5478/5478/5478 5479/5479/5479
f 5462/5462/5462 5464/5464/5464 5480/5480/5480
f 5462/5462/5462 5480/5480/5480 5481/5481/5481
f 5460/5460/5460 5462/5462/5462 5481/5481/5481
f 5460/5460/5460 5481/5481/5481 5482/5482/5482
f 5457/5457/5457 5460/5460/5460 5482/5482/5482
f 5457/5457/5457 5482/5482/5482 5483/5483/5483
f 5458/5458/5458 5457/5457/5457 5483/5483/5483
f 5458/5458/5458 5483/5483/5483 5484/5484/5484
f 5451/5451/5451 5454/5454/5454 5485/5485/5485
f 5451/5451/5451 5485/5485/5485 5486/5486/5486
f 5452/5452/5452 5451/5451/5451 5486/5486/5486
f 5452/5452/5452 5486/5486/5486 5487/5487/5487
f 5448/5448/5448 5447/5447/5447 5730/5730/5730
f 5448/5448/5448 5730/5730/5730 5738/5738/5738
f 42/42/42 480/480/480 46/46/46
f 480/480/480 42/42/42 5710/5710/5710
f 5710/5710/5710 42/42/42 45/45/45
f 447/447/447 487/487/487 448/448/448
f 487/487/487 447/447/447 484/484/484
f 484/484/484 447/447/447 485/485/485
f 485/485/485 447/447/447 509/509/509
f 506/506/506 449/449/449 436/436/436
f 449/449/449 506/506/506 522/522/522
f 449/449/449 522/522/522 511/511/511
f 449/449/449 511/511/511 514/514/514
f 5488/5488/5488 5489/5489/5489 5490/5490/5490
f 5489/5489/5489 5488/5488/5488 5491/5491/5491
f 5489/5489/5489 5491/5491/5491 5492/5492/5492
f 5492/5492/5492 5491/5491/5491 5493/5493/5493
f 5492/5492/5492 5493/5493/5493 5494/5494/5494
f 5494/5494/5494 5493/5493/5493 5495/5495/5495
f 5494/5494/5494 5495/5495/5495 5496/5496/5496
f 5496/5496/5496 5495/5495/5495 5497/5497/5497
f 5496/5496/5496 5497/5497/5497 5498/5498/5498
f 5498/5498/5498 5497/5497/5497 5499/5499/5499
f 5500/5500/5500 5501/5501/5501 5502/5502/5502
f 5501/5501/5501 5500/5500/5500 5503/5503/5503
f 5501/5501/5501 5503/5503/5503 5504/5504/5504
f 5504/5504/5504 5503/5503/5503 5505/5505/5505
f 5504/5504/5504 5505/5505/5505 5506/5506/5506
f 5506/5506/5506 5505/5505/5505 5507/5507/5507
f 5506/5506/5506 5507/5507/5507 5508/5508/5508
f 5508/5508/5508 5507/5507/5507 5509/5509/5509
f 5508/5508/5508 5509/5509/5509 5510/5510/5510
f 5510/5510/5510 5509/5509/5509 5511/5511/5511
f 5512/5512/5512 5513/5513/5513 5514/5514/5514
f 5513/5513/5513 5512/5512/5512 5515/5515/5515
f 5513/5513/5513 5515/5515/5515 5516/5516/5516
f 5516/5516/5516 5515/5515/5515 5517/5517/5517
f 5517/5517/5517 5515/5515/5515 5518/5518/5518
f 5517/5517/5517 5518/5518/5518 5519/5519/5519
f 5517/5517/5517 5519/5519/5519 5520/5520/5520
f 5520/5520/5520 5519/5519/5519 5521/5521/5521
f 5520/5520/5520 5521/5521/5521 5522/5522/5522
f 5522/5522/5522 5521/5521/5521 5523/5523/5523
f 5524/5524/5524 112/112/112 2258/2258/2258
f 112/112/112 5524/5524/5524 1015/1015/1015
f 1015/1015/1015 5524/5524/5524 5820/5820/5820
f 5525/5525/5525 5526/5526/5526 5527/5527/5527
f 1187/1187/1187 5528/5528/5528 5529/5529/5529
f 5528/5528/5528 1187/1187/1187 5815/5815/5815
f 5815/5815/5815 5530/5530/5530 5528/5528/5528
f 5530/5530/5530 5815/5815/5815 5803/5803/5803
f 5803/5803/5803 1923/1923/1923 5530/5530/5530
f 1923/1923/1923 5803/5803/5803 5792/5792/5792
f 1176/1176/1176 1164/1164/1164 5531/5531/5531
f 1164/1164/1164 1176/1176/1176 118/118/118
f 118/118/118 1176/1176/1176 116/116/116
f 5532/5532/5532 5723/5723/5723 5847/5847/5847
f 141/141/141 140/140/140 5701/5701/5701
f 5787/5787/5787 121/121/121 120/120/120
f 1184/1184/1184 1347/1347/1347 123/123/123
f 1347/1347/1347 1184/1184/1184 5529/5529/5529
f 5529/5529/5529 1184/1184/1184 1187/1187/1187
f 5533/5533/5533 5820/5820/5820 5524/5524/5524
f 5820/5820/5820 5533/5533/5533 5808/5808/5808
f 5534/5534/5534 5808/5808/5808 5533/5533/5533
f 5808/5808/5808 5534/5534/5534 5796/5796/5796
f 142/142/142 5796/5796/5796 5534/5534/5534
f 5796/5796/5796 142/142/142 144/144/144
f 5535/5535/5535 152/152/152 3580/3580/3580
f 152/152/152 5535/5535/5535 2337/2337/2337
f 2337/2337/2337 5535/5535/5535 5823/5823/5823
f 5536/5536/5536 5537/5537/5537 5538/5538/5538
f 2509/2509/2509 5539/5539/5539 5540/5540/5540
f 5539/5539/5539 2509/2509/2509 5818/5818/5818
f 5818/5818/5818 5541/5541/5541 5539/5539/5539
f 5541/5541/5541 5818/5818/5818 5806/5806/5806
f 5806/5806/5806 3245/3245/3245 5541/5541/5541
f 3245/3245/3245 5806/5806/5806 5794/5794/5794
f 2498/2498/2498 2486/2486/2486 5542/5542/5542
f 2486/2486/2486 2498/2498/2498 158/158/158
f 158/158/158 2498/2498/2498 156/156/156
f 5543/5543/5543 5544/5544/5544 5545/5545/5545
f 181/181/181 180/180/180 5703/5703/5703
f 5789/5789/5789 161/161/161 160/160/160
f 2506/2506/2506 2669/2669/2669 163/163/163
f 2669/2669/2669 2506/2506/2506 5540/5540/5540
f 5540/5540/5540 2506/2506/2506 2509/2509/2509
f 5546/5546/5546 5823/5823/5823 5535/5535/5535
f 5823/5823/5823 5546/5546/5546 5811/5811/5811
f 5547/5547/5547 5811/5811/5811 5546/5546/5546
f 5811/5811/5811 5547/5547/5547 5799/5799/5799
f 182/182/182 5799/5799/5799 5547/5547/5547
f 5799/5799/5799 182/182/182 184/184/184
f 5548/5548/5548 5549/5549/5549 5550/5550/5550
f 5549/5549/5549 5548/5548/5548 5551/5551/5551
f 5549/5549/5549 5551/5551/5551 5552/5552/5552
f 5552/5552/5552 5551/5551/5551 5553/5553/5553
f 5552/5552/5552 5553/5553/5553 5554/5554/5554
f 5554/5554/5554 5553/5553/5553 5555/5555/5555
f 5554/5554/5554 5555/5555/5555 5556/5556/5556
f 5556/5556/5556 5555/5555/5555 5557/5557/5557
f 5556/5556/5556 5557/5557/5557 5558/5558/5558
f 5558/5558/5558 5557/5557/5557 5559/5559/5559
f 5560/5560/5560 5561/5561/5561 5562/5562/5562
f 5561/5561/5561 5560/5560/5560 5563/5563/5563
f 5561/5561/5561 5563/5563/5563 5564/5564/5564
f 5564/5564/5564 5563/5563/5563 5565/5565/5565
f 5565/5565/5565 5563/5563/5563 5566/5566/5566
f 5565/5565/5565 5566/5566/5566 5567/5567/5567
f 5565/5565/5565 5567/5567/5567 5568/5568/5568
f 5568/5568/5568 5567/5567/5567 5569/5569/5569
f 5568/5568/5568 5569/5569/5569 5570/5570/5570
f 5570/5570/5570 5569/5569/5569 5571/5571/5571
f 5572/5572/5572 5573/5573/5573 5574/5574/5574
f 5573/5573/5573 5572/5572/5572 5575/5575/5575
f 5573/5573/5573 5575/5575/5575 5576/5576/5576
f 5576/5576/5576 5575/5575/5575 5577/5577/5577
f 5576/5576/5576 5577/5577/5577 5578/5578/5578
f 5578/5578/5578 5577/5577/5577 5579/5579/5579
f 5578/5578/5578 5579/5579/5579 5580/5580/5580
f 5580/5580/5580 5579/5579/5579 5581/5581/5581
f 5580/5580/5580 5581/5581/5581 5582/5582/5582
f 5582/5582/5582 5581/5581/5581 5583/5583/5583
f 5584/5584/5584 5585/5585/5585 5586/5586/5586
f 5585/5585/5585 5584/5584/5584 5587/5587/5587
f 5585/5585/5585 5587/5587/5587 5588/5588/5588
f 5588/5588/5588 5587/5587/5587 5589/5589/5589
f 5589/5589/5589 5587/5587/5587 5590/5590/5590
f 5589/5589/5589 5590/5590/5590 5591/5591/5591
f 5589/5589/5589 5591/5591/5591 5592/5592/5592
f 5592/5592/5592 5591/5591/5591 5593/5593/5593
f 5592/5592/5592 5593/5593/5593 5594/5594/5594
f 5594/5594/5594 5593/5593/5593 5595/5595/5595
f 5596/5596/5596 5597/5597/5597 5598/5598/5598
f 5597/5597/5597 5596/5596/5596 5599/5599/5599
f 5597/5597/5597 5599/5599/5599 5600/5600/5600
f 5600/5600/5600 5599/5599/5599 5601/5601/5601
f 5600/5600/5600 5601/5601/5601 5602/5602/5602
f 5602/5602/5602 5601/5601/5601 5603/5603/5603
f 5602/5602/5602 5603/5603/5603 5604/5604/5604
f 5604/5604/5604 5603/5603/5603 5605/5605/5605
f 5604/5604/5604 5605/5605/5605 5606/5606/5606
f 5606/5606/5606 5605/5605/5605 5607/5607/5607
f 5608/5608/5608 5609/5609/5609 5610/5610/5610
f 5609/5609/5609 5608/5608/5608 5611/5611/5611
f 5609/5609/5609 5611/5611/5611 5612/5612/5612
f 5612/5612/5612 5611/5611/5611 5613/5613/5613
f 5613/5613/5613 5611/5611/5611 5614/5614/5614
f 5613/5613/5613 5614/5614/5614 5615/5615/5615
f 5613/5613/5613 5615/5615/5615 5616/5616/5616
f 5616/5616/5616 5615/5615/5615 5617/5617/5617
f 5616/5616/5616 5617/5617/5617 5618/5618/5618
f 5618/5618/5618 5617/5617/5617 5619/5619/5619
f 5620/5620/5620 5621/5621/5621 5622/5622/5622
f 5621/5621/5621 5620/5620/5620 5623/5623/5623
f 5621/5621/5621 5623/5623/5623 5624/5624/5624
f 5624/5624/5624 5623/5623/5623 5625/5625/5625
f 5624/5624/5624 5625/5625/5625 5626/5626/5626
f 5626/5626/5626 5625/5625/5625 5627/5627/5627
f 5626/5626/5626 5627/5627/5627 5628/5628/5628
f 5628/5628/5628 5627/5627/5627 5629/5629/5629
f 5628/5628/5628 5629/5629/5629 5630/5630/5630
f 5630/5630/5630 5629/5629/5629 5631/5631/5631
f 5632/5632/5632 5633/5633/5633 5634/5634/5634
f 5633/5633/5633 5632/5632/5632 5635/5635/5635
f 5633/5633/5633 5635/5635/5635 5636/5636/5636
f 5636/5636/5636 5635/5635/5635 5637/5637/5637
f 5637/5637/5637 5635/5635/5635 5638/5638/5638
f 5637/5637/5637 5638/5638/5638 5639/5639/5639
f 5637/5637/5637 5639/5639/5639 5640/5640/5640
f 5640/5640/5640 5639/5639/5639 5641/5641/5641
f 5640/5640/5640 5641/5641/5641 5642/5642/5642
f 5642/5642/5642 5641/5641/5641 5643/5643/5643
f 213/213/213 4820/4820/4820 217/217/217
f 4820/4820/4820 213/213/213 5681/5681/5681
f 5681/5681/5681 213/213/213 216/216/216
f 4787/4787/4787 4827/4827/4827 4788/4788/4788
f 4827/4827/4827 4787/4787/4787 4824/4824/4824
f 4824/4824/4824 4787/4787/4787 4825/4825/4825
f 4825/4825/4825 4787/4787/4787 4849/4849/4849
f 4846/4846/4846 4789/4789/4789 4776/4776/4776
f 4789/4789/4789 4846/4846/4846 4862/4862/4862
f 4789/4789/4789 4862/4862/4862 4851/4851/4851
f 4789/4789/4789 4851/4851/4851 4854/4854/4854
f 5644/5644/5644 5645/5645/5645 5646/5646/5646
f 5645/5645/5645 5644/5644/5644 5647/5647/5647
f 5645/5645/5645 5647/5647/5647 5648/5648/5648
f 5648/5648/5648 5647/5647/5647 5649/5649/5649
f 5648/5648/5648 5649/5649/5649 5650/5650/5650
f 5650/5650/5650 5649/5649/5649 5651/5651/5651
f 5650/5650/5650 5651/5651/5651 5652/5652/5652
f 5652/5652/5652 5651/5651/5651 5653/5653/5653
f 5652/5652/5652 5653/5653/5653 5654/5654/5654
f 5654/5654/5654 5653/5653/5653 5655/5655/5655
f 5656/5656/5656 5657/5657/5657 5658/5658/5658
f 5657/5657/5657 5656/5656/5656 5659/5659/5659
f 5657/5657/5657 5659/5659/5659 5660/5660/5660
f 5660/5660/5660 5659/5659/5659 5661/5661/5661
f 5661/5661/5661 5659/5659/5659 5662/5662/5662
f 5661/5661/5661 5662/5662/5662 5663/5663/5663
f 5661/5661/5661 5663/5663/5663 5664/5664/5664
f 5664/5664/5664 5663/5663/5663 5665/5665/5665
f 5664/5664/5664 5665/5665/5665 5666/5666/5666
f 5666/5666/5666 5665/5665/5665 5667/5667/5667
f 265/265/265 5248/5248/5248 269/269/269
f 5248/5248/5248 265/265/265 5680/5680/5680
f 5680/5680/5680 265/265/265 268/268/268
f 5215/5215/5215 5255/5255/5255 5216/5216/5216
f 5255/5255/5255 5215/5215/5215 5252/5252/5252
f 5252/5252/5252 5215/5215/5215 5253/5253/5253
f 5253/5253/5253 5215/5215/5215 5277/5277/5277
f 5274/5274/5274 5217/5217/5217 5204/5204/5204
f 5217/5217/5217 5274/5274/5274 5290/5290/5290
f 5217/5217/5217 5290/5290/5290 5279/5279/5279
f 5217/5217/5217 5279/5279/5279 5282/5282/5282
f 291/291/291 5377/5377/5377 295/295/295
f 5377/5377/5377 291/291/291 5709/5709/5709
f 5709/5709/5709 291/291/291 294/294/294
f 5344/5344/5344 5384/5384/5384 5345/5345/5345
f 5384/5384/5384 5344/5344/5344 5381/5381/5381
f 5381/5381/5381 5344/5344/5344 5382/5382/5382
f 5382/5382/5382 5344/5344/5344 5406/5406/5406
f 5403/5403/5403 5346/5346/5346 5333/5333/5333
f 5346/5346/5346 5403/5403/5403 5419/5419/5419
f 5346/5346/5346 5419/5419/5419 5408/5408/5408
f 5346/5346/5346 5408/5408/5408 5411/5411/5411
f 5668/5668/5668 5669/5669/5669 5670/5670/5670
f 5669/5669/5669 5668/5668/5668 5671/5671/5671
f 5669/5669/5669 5671/5671/5671 5672/5672/5672
f 5672/5672/5672 5671/5671/5671 5673/5673/5673
f 5672/5672/5672 5673/5673/5673 5674/5674/5674
f 5674/5674/5674 5673/5673/5673 5675/5675/5675
f 5674/5674/5674 5675/5675/5675 5676/5676/5676
f 5676/5676/5676 5675/5675/5675 5677/5677/5677
f 5676/5676/5676 5677/5677/5677 5678/5678/5678
f 5678/5678/5678 5677/5677/5677 5679/5679/5679
