# converted from fuel_tank_rusty.glb by gltf2obj.py (node transforms baked, V flipped)
mtllib fuel_tank_rusty.mtl
o Box001
g Box001
usemtl Standardmaterial
v -0.830649 0.141325 1
v 0.830649 0.141325 1
v 0.830649 0.209189 1
v -0.830649 0.209189 1
v 0.830649 0.141325 1
v 0.830649 0.141325 -1
v 0.830649 0.209189 -1
v 0.830649 0.209189 1
v 0.830649 0.141325 -1
v -0.830649 0.141325 -1
v -0.830649 0.209189 -1
v 0.830649 0.209189 -1
v -0.830649 0.141325 -1
v -0.830649 0.141325 1
v -0.830649 0.209189 1
v -0.830649 0.209189 -1
v -0.830649 0.141325 1
v -0.830649 0.141325 -1
v -0.791082 0.141325 -0.960433
v -0.791082 0.141325 0.960433
v -0.830649 0.141325 -1
v 0.830649 0.141325 -1
v 0.791082 0.141325 -0.960433
v -0.791082 0.141325 -0.960433
v 0.830649 0.141325 1
v 0.791082 0.141325 0.960433
v 0.830649 0.141325 1
v 0.791082 0.141325 0.960433
v -0.830649 0.209189 1
v 0.830649 0.209189 1
v 0.791082 0.209189 0.960433
v -0.791082 0.209189 0.960433
v 0.830649 0.209189 1
v 0.830649 0.209189 -1
v 0.791082 0.209189 -0.960433
v 0.791082 0.209189 0.960433
v -0.830649 0.209189 -1
v -0.791082 0.209189 -0.960433
v -0.830649 0.209189 -1
v -0.791082 0.209189 -0.960433
v 0.791082 0.209189 0.960433
v 0.791082 0.141325 0.960433
v -0.791082 0.141325 0.960433
v -0.791082 0.209189 0.960433
v -0.791082 0.209189 0.960433
v -0.791082 0.141325 0.960433
v -0.791082 0.141325 -0.960433
v -0.791082 0.209189 -0.960433
v -0.791082 0.209189 -0.960433
v -0.791082 0.141325 -0.960433
v 0.791082 0.141325 -0.960433
v 0.791082 0.209189 -0.960433
v 0.791082 0.209189 -0.960433
v 0.791082 0.141325 -0.960433
v 0.791082 0.141325 0.960433
v 0.791082 0.209189 0.960433
v -0.82787 0 -0.871857
v -0.82787 0 -0.985629
v -0.82787 0.197604 -0.985629
v -0.82787 0.197604 -0.871857
v -0.861802 0 -0.871857
v -0.861802 0.197604 -0.871857
v -0.861802 0.197604 -0.98563
v -0.861802 0 -0.98563
v -0.82787 0 -0.871857
v -0.861802 0 -0.871857
v -0.861802 0 -0.98563
v -0.82787 0 -0.985629
v -0.82787 0 -0.985629
v -0.861802 0 -0.98563
v -0.861802 0.197604 -0.98563
v -0.82787 0.197604 -0.985629
v -0.82787 0.197604 -0.985629
v -0.861802 0.197604 -0.98563
v -0.861802 0.197604 -0.871857
v -0.82787 0.197604 -0.871857
v -0.82787 0.197604 -0.871857
v -0.861802 0.197604 -0.871857
v -0.861802 0 -0.871857
v -0.82787 0 -0.871857
v -0.82787 0 0.985628
v -0.82787 0 0.871856
v -0.82787 0.197604 0.871856
v -0.82787 0.197604 0.985628
v -0.861802 0 0.985628
v -0.861802 0.197604 0.985628
v -0.861802 0.197604 0.871856
v -0.861802 0 0.871856
v -0.82787 0 0.985628
v -0.861802 0 0.985628
v -0.861802 0 0.871856
v -0.82787 0 0.871856
v -0.82787 0 0.871856
v -0.861802 0 0.871856
v -0.861802 0.197604 0.871856
v -0.82787 0.197604 0.871856
v -0.82787 0.197604 0.871856
v -0.861802 0.197604 0.871856
v -0.861802 0.197604 0.985628
v -0.82787 0.197604 0.985628
v -0.82787 0.197604 0.985628
v -0.861802 0.197604 0.985628
v -0.861802 0 0.985628
v -0.82787 0 0.985628
v -0.022405 0 -0.871857
v -0.022405 0.197604 -0.871857
v -0.022405 0.197604 -0.985629
v -0.022405 0 -0.985629
v 0.011527 0 -0.871857
v 0.011526 0 -0.985629
v 0.011526 0.197604 -0.985629
v 0.011527 0.197604 -0.871857
v -0.022405 0 -0.871857
v -0.022405 0 -0.985629
v 0.011526 0 -0.985629
v 0.011527 0 -0.871857
v -0.022405 0 -0.985629
v -0.022405 0.197604 -0.985629
v 0.011526 0.197604 -0.985629
v 0.011526 0 -0.985629
v -0.022405 0.197604 -0.985629
v -0.022405 0.197604 -0.871857
v 0.011527 0.197604 -0.871857
v 0.011526 0.197604 -0.985629
v -0.022405 0.197604 -0.871857
v -0.022405 0 -0.871857
v 0.011527 0 -0.871857
v 0.011527 0.197604 -0.871857
v 0.82787 0 -0.871857
v 0.82787 0.197604 -0.871857
v 0.82787 0.197604 -0.985629
v 0.82787 0 -0.985629
v 0.861802 0 -0.871857
v 0.861802 0 -0.985629
v 0.861802 0.197604 -0.985629
v 0.861802 0.197604 -0.871857
v 0.82787 0 -0.871857
v 0.82787 0 -0.985629
v 0.861802 0 -0.985629
v 0.861802 0 -0.871857
v 0.82787 0 -0.985629
v 0.82787 0.197604 -0.985629
v 0.861802 0.197604 -0.985629
v 0.861802 0 -0.985629
v 0.82787 0.197604 -0.985629
v 0.82787 0.197604 -0.871857
v 0.861802 0.197604 -0.871857
v 0.861802 0.197604 -0.985629
v 0.82787 0.197604 -0.871857
v 0.82787 0 -0.871857
v 0.861802 0 -0.871857
v 0.861802 0.197604 -0.871857
v 0.82787 0 0.985628
v 0.82787 0.197604 0.985628
v 0.82787 0.197604 0.871856
v 0.82787 0 0.871856
v 0.861802 0 0.985628
v 0.861802 0 0.871856
v 0.861802 0.197604 0.871856
v 0.861802 0.197604 0.985628
v 0.82787 0 0.985628
v 0.82787 0 0.871856
v 0.861802 0 0.871856
v 0.861802 0 0.985628
v 0.82787 0 0.871856
v 0.82787 0.197604 0.871856
v 0.861802 0.197604 0.871856
v 0.861802 0 0.871856
v 0.82787 0.197604 0.871856
v 0.82787 0.197604 0.985628
v 0.861802 0.197604 0.985628
v 0.861802 0.197604 0.871856
v 0.82787 0.197604 0.985628
v 0.82787 0 0.985628
v 0.861802 0 0.985628
v 0.861802 0.197604 0.985628
v -0.022405 0 0.985628
v -0.022405 0.197604 0.985628
v -0.022405 0.197604 0.871856
v -0.022405 0 0.871856
v 0.011527 0 0.985628
v 0.011527 0 0.871856
v 0.011527 0.197604 0.871856
v 0.011527 0.197604 0.985628
v -0.022405 0 0.985628
v -0.022405 0 0.871856
v 0.011527 0 0.871856
v 0.011527 0 0.985628
v -0.022405 0 0.871856
v -0.022405 0.197604 0.871856
v 0.011527 0.197604 0.871856
v 0.011527 0 0.871856
v -0.022405 0.197604 0.871856
v -0.022405 0.197604 0.985628
v 0.011527 0.197604 0.985628
v 0.011527 0.197604 0.871856
v -0.022405 0.197604 0.985628
v -0.022405 0 0.985628
v 0.011527 0 0.985628
v 0.011527 0.197604 0.985628
v 0.858065 0.026361 -0.876339
v 0.858065 0.097514 -0.876339
v 0.858064 0.097514 0.872634
v 0.858064 0.026361 0.872634
v 0.838043 0.026361 -0.876339
v 0.838043 0.026361 0.872634
v 0.838043 0.097514 0.872634
v 0.838043 0.097514 -0.876339
v 0.858065 0.026361 -0.876339
v 0.858064 0.026361 0.872634
v 0.838043 0.026361 0.872634
v 0.838043 0.026361 -0.876339
v 0.858064 0.097514 0.872634
v 0.858065 0.097514 -0.876339
v 0.838043 0.097514 -0.876339
v 0.838043 0.097514 0.872634
v -0.858065 0.026361 -0.876339
v -0.858065 0.026361 0.872634
v -0.858065 0.097514 0.872634
v -0.858065 0.097514 -0.876339
v -0.838043 0.026361 -0.876339
v -0.838043 0.097514 -0.876339
v -0.838044 0.097514 0.872634
v -0.838044 0.026361 0.872634
v -0.858065 0.026361 -0.876339
v -0.838043 0.026361 -0.876339
v -0.838044 0.026361 0.872634
v -0.858065 0.026361 0.872634
v -0.858065 0.097514 0.872634
v -0.838044 0.097514 0.872634
v -0.838043 0.097514 -0.876339
v -0.858065 0.097514 -0.876339
v -0.764154 0.241783 -0.959203
v -0.764155 0.241783 0.955498
v -0.698287 0.241783 0.955498
v -0.698286 0.241783 -0.959203
v -0.764154 0.207851 -0.98289
v -0.698286 0.207851 -0.98289
v -0.698287 0.207851 0.979186
v -0.764155 0.207851 0.979186
v -0.764154 0.207851 -0.98289
v -0.764155 0.207851 0.979186
v -0.764155 0.241783 0.955498
v -0.764154 0.241783 -0.959203
v -0.764155 0.218095 0.979186
v -0.764155 0.207851 0.979186
v -0.698287 0.207851 0.979186
v -0.698287 0.218095 0.979186
v -0.698287 0.207851 0.979186
v -0.698286 0.207851 -0.98289
v -0.698286 0.241783 -0.959203
v -0.698287 0.241783 0.955498
v -0.698286 0.218095 -0.98289
v -0.698286 0.207851 -0.98289
v -0.764154 0.207851 -0.98289
v -0.764154 0.218095 -0.98289
v -0.764155 0.241783 0.955498
v -0.698287 0.241783 0.955498
v -0.698286 0.241783 -0.959203
v -0.764154 0.241783 -0.959203
v -0.764155 0.218095 0.979186
v -0.698287 0.218095 0.979186
v -0.698286 0.218095 -0.98289
v -0.764154 0.218095 -0.98289
v -0.135955 0.241783 -0.959203
v -0.135956 0.241783 0.955498
v -0.070088 0.241783 0.955498
v -0.070087 0.241783 -0.959203
v -0.135955 0.207851 -0.98289
v -0.070087 0.207851 -0.98289
v -0.070088 0.207851 0.979186
v -0.135956 0.207851 0.979186
v -0.135955 0.207851 -0.98289
v -0.135956 0.207851 0.979186
v -0.135956 0.241783 0.955498
v -0.135955 0.241783 -0.959203
v -0.135956 0.218095 0.979186
v -0.135956 0.207851 0.979186
v -0.070088 0.207851 0.979186
v -0.070088 0.218095 0.979186
v -0.070088 0.207851 0.979186
v -0.070087 0.207851 -0.98289
v -0.070087 0.241783 -0.959203
v -0.070088 0.241783 0.955498
v -0.070087 0.218095 -0.98289
v -0.070087 0.207851 -0.98289
v -0.135955 0.207851 -0.98289
v -0.135955 0.218095 -0.98289
v -0.135956 0.241783 0.955498
v -0.070088 0.241783 0.955498
v -0.070087 0.241783 -0.959203
v -0.135955 0.241783 -0.959203
v -0.135956 0.218095 0.979186
v -0.070088 0.218095 0.979186
v -0.070087 0.218095 -0.98289
v -0.135955 0.218095 -0.98289
v 0.135956 0.241783 -0.959203
v 0.070088 0.241783 -0.959203
v 0.070087 0.241783 0.955498
v 0.135956 0.241783 0.955498
v 0.135956 0.207851 -0.98289
v 0.135956 0.207851 0.979186
v 0.070087 0.207851 0.979186
v 0.070088 0.207851 -0.98289
v 0.135956 0.241783 0.955498
v 0.135956 0.207851 0.979186
v 0.135956 0.207851 -0.98289
v 0.135956 0.241783 -0.959203
v 0.135956 0.218095 0.979186
v 0.070087 0.218095 0.979186
v 0.070087 0.207851 0.979186
v 0.135956 0.207851 0.979186
v 0.070088 0.241783 -0.959203
v 0.070088 0.207851 -0.98289
v 0.070087 0.207851 0.979186
v 0.070087 0.241783 0.955498
v 0.070088 0.218095 -0.98289
v 0.135956 0.218095 -0.98289
v 0.135956 0.207851 -0.98289
v 0.070088 0.207851 -0.98289
v 0.135956 0.241783 0.955498
v 0.070087 0.241783 0.955498
v 0.070088 0.241783 -0.959203
v 0.135956 0.241783 -0.959203
v 0.135956 0.218095 0.979186
v 0.070087 0.218095 0.979186
v 0.070088 0.218095 -0.98289
v 0.135956 0.218095 -0.98289
v 0.033284 0.232914 -0.959203
v -0.038678 0.232914 -0.959203
v -0.038678 0.232914 0.955498
v 0.033283 0.232914 0.955498
v 0.033284 0.208808 -0.98289
v 0.033283 0.208808 0.979186
v -0.038678 0.208808 0.979186
v -0.038678 0.208808 -0.98289
v 0.033283 0.232914 0.955498
v 0.033283 0.208808 0.979186
v 0.033284 0.208808 -0.98289
v 0.033284 0.232914 -0.959203
v 0.033283 0.216086 0.979186
v -0.038678 0.216086 0.979186
v -0.038678 0.208808 0.979186
v 0.033283 0.208808 0.979186
v -0.038678 0.232914 -0.959203
v -0.038678 0.208808 -0.98289
v -0.038678 0.208808 0.979186
v -0.038678 0.232914 0.955498
v -0.038678 0.216086 -0.98289
v 0.033284 0.216086 -0.98289
v 0.033284 0.208808 -0.98289
v -0.038678 0.208808 -0.98289
v 0.033283 0.232914 0.955498
v -0.038678 0.232914 0.955498
v -0.038678 0.232914 -0.959203
v 0.033284 0.232914 -0.959203
v 0.033283 0.216086 0.979186
v -0.038678 0.216086 0.979186
v -0.038678 0.216086 -0.98289
v 0.033284 0.216086 -0.98289
v 0.764154 0.241783 -0.959203
v 0.698286 0.241783 -0.959203
v 0.698286 0.241783 0.955498
v 0.764154 0.241783 0.955498
v 0.764154 0.207851 -0.98289
v 0.764154 0.207851 0.979186
v 0.698286 0.207851 0.979186
v 0.698286 0.207851 -0.98289
v 0.764154 0.241783 0.955498
v 0.764154 0.207851 0.979186
v 0.764154 0.207851 -0.98289
v 0.764154 0.241783 -0.959203
v 0.764154 0.218095 0.979186
v 0.698286 0.218095 0.979186
v 0.698286 0.207851 0.979186
v 0.764154 0.207851 0.979186
v 0.698286 0.241783 -0.959203
v 0.698286 0.207851 -0.98289
v 0.698286 0.207851 0.979186
v 0.698286 0.241783 0.955498
v 0.698286 0.218095 -0.98289
v 0.764154 0.218095 -0.98289
v 0.764154 0.207851 -0.98289
v 0.698286 0.207851 -0.98289
v 0.764154 0.241783 0.955498
v 0.698286 0.241783 0.955498
v 0.698286 0.241783 -0.959203
v 0.764154 0.241783 -0.959203
v 0.764154 0.218095 0.979186
v 0.698286 0.218095 0.979186
v 0.698286 0.218095 -0.98289
v 0.764154 0.218095 -0.98289
v -0.763499 0.641033 -0.633643
v -0.766181 0.641033 -0.625387
v -0.766181 0.197919 -0.625387
v -0.763499 0.197919 -0.633643
v -0.773204 0.641033 -0.620285
v -0.773204 0.197919 -0.620285
v -0.781884 0.641033 -0.620285
v -0.781884 0.197919 -0.620285
v -0.788907 0.641033 -0.625387
v -0.788907 0.197919 -0.625387
v -0.791589 0.641033 -0.633643
v -0.791589 0.197919 -0.633643
v -0.788907 0.641033 -0.641898
v -0.788907 0.197919 -0.641898
v -0.781884 0.641033 -0.647001
v -0.781884 0.197919 -0.647001
v -0.773204 0.641033 -0.647001
v -0.773204 0.197919 -0.647001
v -0.766181 0.641033 -0.641898
v -0.766181 0.197919 -0.641898
v -0.763499 0.641033 -0.633643
v -0.763499 0.197919 -0.633643
v -0.763499 0.641033 -0.633643
v -0.766181 0.641033 -0.641898
v -0.777544 0.641033 -0.633643
v -0.766181 0.641033 -0.625387
v -0.773204 0.641033 -0.647001
v -0.781884 0.641033 -0.647001
v -0.788907 0.641033 -0.641898
v -0.791589 0.641033 -0.633643
v -0.788907 0.641033 -0.625387
v -0.781884 0.641033 -0.620285
v -0.773204 0.641033 -0.620285
v -0.763499 0.641033 0.635819
v -0.766181 0.641033 0.644075
v -0.766181 0.197919 0.644075
v -0.763499 0.197919 0.635819
v -0.773204 0.641033 0.649177
v -0.773204 0.197919 0.649177
v -0.781884 0.641033 0.649177
v -0.781884 0.197919 0.649177
v -0.788907 0.641033 0.644075
v -0.788907 0.197919 0.644075
v -0.791589 0.641033 0.635819
v -0.791589 0.197919 0.635819
v -0.788907 0.641033 0.627563
v -0.788907 0.197919 0.627563
v -0.781884 0.641033 0.622461
v -0.781884 0.197919 0.622461
v -0.773204 0.641033 0.622461
v -0.773204 0.197919 0.622461
v -0.766181 0.641033 0.627563
v -0.766181 0.197919 0.627563
v -0.763499 0.641033 0.635819
v -0.763499 0.197919 0.635819
v -0.763499 0.641033 0.635819
v -0.766181 0.641033 0.627563
v -0.777544 0.641033 0.635819
v -0.766181 0.641033 0.644075
v -0.773204 0.641033 0.622461
v -0.781884 0.641033 0.622461
v -0.788907 0.641033 0.627563
v -0.791589 0.641033 0.635819
v -0.788907 0.641033 0.644075
v -0.781884 0.641033 0.649177
v -0.773204 0.641033 0.649177
v 0.041977 0.641033 -0.633643
v 0.041977 0.197919 -0.633643
v 0.044659 0.197919 -0.625387
v 0.044659 0.641033 -0.625387
v 0.051682 0.197919 -0.620285
v 0.051682 0.641033 -0.620285
v 0.060362 0.197919 -0.620285
v 0.060362 0.641033 -0.620285
v 0.067385 0.197919 -0.625387
v 0.067385 0.641033 -0.625387
v 0.070067 0.197919 -0.633643
v 0.070067 0.641033 -0.633643
v 0.067385 0.197919 -0.641899
v 0.067385 0.641033 -0.641899
v 0.060362 0.197919 -0.647001
v 0.060362 0.641033 -0.647001
v 0.051682 0.197919 -0.647001
v 0.051682 0.641033 -0.647001
v 0.044659 0.197919 -0.641899
v 0.044659 0.641033 -0.641899
v 0.041977 0.197919 -0.633643
v 0.041977 0.641033 -0.633643
v 0.056022 0.641033 -0.633643
v 0.044659 0.641033 -0.641899
v 0.041977 0.641033 -0.633643
v 0.044659 0.641033 -0.625387
v 0.060362 0.641033 -0.647001
v 0.051682 0.641033 -0.647001
v 0.070067 0.641033 -0.633643
v 0.067385 0.641033 -0.641899
v 0.060362 0.641033 -0.620285
v 0.067385 0.641033 -0.625387
v 0.051682 0.641033 -0.620285
v -0.041977 0.641033 0.635819
v -0.044659 0.641033 0.644074
v -0.044659 0.197919 0.644074
v -0.041977 0.197919 0.635819
v -0.051682 0.641033 0.649177
v -0.051682 0.197919 0.649177
v -0.060362 0.641033 0.649177
v -0.060362 0.197919 0.649177
v -0.067385 0.641033 0.644074
v -0.067385 0.197919 0.644074
v -0.070067 0.641033 0.635819
v -0.070067 0.197919 0.635819
v -0.067385 0.641033 0.627563
v -0.067385 0.197919 0.627563
v -0.060362 0.641033 0.622461
v -0.060362 0.197919 0.622461
v -0.051682 0.641033 0.622461
v -0.051682 0.197919 0.622461
v -0.044659 0.641033 0.627563
v -0.044659 0.197919 0.627563
v -0.041977 0.641033 0.635819
v -0.041977 0.197919 0.635819
v -0.041977 0.641033 0.635819
v -0.044659 0.641033 0.627563
v -0.056022 0.641033 0.635819
v -0.044659 0.641033 0.644074
v -0.051682 0.641033 0.622461
v -0.060362 0.641033 0.622461
v -0.067385 0.641033 0.627563
v -0.070067 0.641033 0.635819
v -0.067385 0.641033 0.644074
v -0.060362 0.641033 0.649177
v -0.051682 0.641033 0.649177
v -0.041977 0.641033 -0.633643
v -0.044659 0.641033 -0.625387
v -0.044659 0.197919 -0.625387
v -0.041977 0.197919 -0.633643
v -0.051682 0.641033 -0.620285
v -0.051682 0.197919 -0.620285
v -0.060362 0.641033 -0.620285
v -0.060362 0.197919 -0.620285
v -0.067385 0.641033 -0.625387
v -0.067385 0.197919 -0.625387
v -0.070067 0.641033 -0.633643
v -0.070067 0.197919 -0.633643
v -0.067385 0.641033 -0.641899
v -0.067385 0.197919 -0.641899
v -0.060362 0.641033 -0.647001
v -0.060362 0.197919 -0.647001
v -0.051682 0.641033 -0.647001
v -0.051682 0.197919 -0.647001
v -0.044659 0.641033 -0.641899
v -0.044659 0.197919 -0.641899
v -0.041977 0.641033 -0.633643
v -0.041977 0.197919 -0.633643
v -0.041977 0.641033 -0.633643
v -0.044659 0.641033 -0.641899
v -0.056022 0.641033 -0.633643
v -0.044659 0.641033 -0.625387
v -0.051682 0.641033 -0.647001
v -0.060362 0.641033 -0.647001
v -0.067385 0.641033 -0.641899
v -0.070067 0.641033 -0.633643
v -0.067385 0.641033 -0.625387
v -0.060362 0.641033 -0.620285
v -0.051682 0.641033 -0.620285
v 0.041977 0.641033 0.635819
v 0.041977 0.197919 0.635819
v 0.044659 0.197919 0.644074
v 0.044659 0.641033 0.644074
v 0.051682 0.197919 0.649176
v 0.051682 0.641033 0.649176
v 0.060362 0.197919 0.649176
v 0.060362 0.641033 0.649176
v 0.067385 0.197919 0.644074
v 0.067385 0.641033 0.644074
v 0.070067 0.197919 0.635819
v 0.070067 0.641033 0.635819
v 0.067385 0.197919 0.627563
v 0.067385 0.641033 0.627563
v 0.060362 0.197919 0.622461
v 0.060362 0.641033 0.622461
v 0.051682 0.197919 0.622461
v 0.051682 0.641033 0.622461
v 0.044659 0.197919 0.627563
v 0.044659 0.641033 0.627563
v 0.041977 0.197919 0.635819
v 0.041977 0.641033 0.635819
v 0.056022 0.641033 0.635819
v 0.044659 0.641033 0.627563
v 0.041977 0.641033 0.635819
v 0.044659 0.641033 0.644074
v 0.060362 0.641033 0.622461
v 0.051682 0.641033 0.622461
v 0.067385 0.641033 0.627563
v 0.067385 0.641033 0.644074
v 0.070067 0.641033 0.635819
v 0.060362 0.641033 0.649176
v 0.051682 0.641033 0.649176
v 0.763499 0.641033 0.635819
v 0.763499 0.197919 0.635819
v 0.766181 0.197919 0.644074
v 0.766181 0.641033 0.644074
v 0.773204 0.197919 0.649176
v 0.773204 0.641033 0.649176
v 0.781884 0.197919 0.649176
v 0.781884 0.641033 0.649176
v 0.788907 0.197919 0.644074
v 0.788907 0.641033 0.644074
v 0.791589 0.197919 0.635819
v 0.791589 0.641033 0.635819
v 0.788907 0.197919 0.627563
v 0.788907 0.641033 0.627563
v 0.781884 0.197919 0.622461
v 0.781884 0.641033 0.622461
v 0.773204 0.197919 0.622461
v 0.773204 0.641033 0.622461
v 0.766181 0.197919 0.627563
v 0.766181 0.641033 0.627563
v 0.763499 0.197919 0.635819
v 0.763499 0.641033 0.635819
v 0.777544 0.641033 0.635819
v 0.766181 0.641033 0.627563
v 0.763499 0.641033 0.635819
v 0.766181 0.641033 0.644074
v 0.781884 0.641033 0.622461
v 0.773204 0.641033 0.622461
v 0.791589 0.641033 0.635819
v 0.788907 0.641033 0.627563
v 0.781884 0.641033 0.649176
v 0.788907 0.641033 0.644074
v 0.773204 0.641033 0.649176
v 0.763499 0.641033 -0.633643
v 0.763499 0.197919 -0.633643
v 0.766181 0.197919 -0.625387
v 0.766181 0.641033 -0.625387
v 0.773204 0.197919 -0.620285
v 0.773204 0.641033 -0.620285
v 0.781884 0.197919 -0.620285
v 0.781884 0.641033 -0.620285
v 0.788907 0.197919 -0.625387
v 0.788907 0.641033 -0.625387
v 0.791589 0.197919 -0.633643
v 0.791589 0.641033 -0.633643
v 0.788907 0.197919 -0.641898
v 0.788907 0.641033 -0.641898
v 0.781884 0.197919 -0.647001
v 0.781884 0.641033 -0.647001
v 0.773204 0.197919 -0.647001
v 0.773204 0.641033 -0.647001
v 0.766181 0.197919 -0.641898
v 0.766181 0.641033 -0.641898
v 0.763499 0.197919 -0.633643
v 0.763499 0.641033 -0.633643
v 0.777544 0.641033 -0.633643
v 0.773204 0.641033 -0.647001
v 0.766181 0.641033 -0.641898
v 0.763499 0.641033 -0.633643
v 0.781884 0.641033 -0.647001
v 0.791589 0.641033 -0.633643
v 0.788907 0.641033 -0.641898
v 0.781884 0.641033 -0.620285
v 0.788907 0.641033 -0.625387
v 0.773204 0.641033 -0.620285
v 0.766181 0.641033 -0.625387
v -0.494079 0.207826 -0.976543
v -0.494079 0.273694 -0.976543
v -0.494079 0.273694 0.972838
v -0.494079 0.207826 0.972838
v -0.528011 0.207826 -0.976543
v -0.528011 0.207826 0.972838
v -0.528011 0.273694 0.972838
v -0.528011 0.273694 -0.976543
v -0.494079 0.207826 0.972838
v -0.528011 0.207826 0.972838
v -0.528011 0.207826 -0.976543
v -0.494079 0.207826 -0.976543
v -0.500426 0.207826 0.979186
v -0.500426 0.273694 0.979186
v -0.521663 0.273694 0.979186
v -0.521663 0.207826 0.979186
v -0.494079 0.273694 -0.976543
v -0.528011 0.273694 -0.976543
v -0.528011 0.273694 0.972838
v -0.494079 0.273694 0.972838
v -0.500426 0.273694 -0.98289
v -0.500426 0.207826 -0.98289
v -0.521664 0.207826 -0.98289
v -0.521664 0.273694 -0.98289
v -0.500426 0.273694 0.979186
v -0.500426 0.207826 0.979186
v -0.500426 0.207826 -0.98289
v -0.500426 0.273694 -0.98289
v -0.528011 0.207826 -0.976543
v -0.528011 0.273694 -0.976543
v -0.521664 0.273694 -0.98289
v -0.521664 0.207826 -0.98289
v -0.528011 0.273694 0.972838
v -0.528011 0.207826 0.972838
v -0.521663 0.207826 0.979186
v -0.521663 0.273694 0.979186
v -0.500426 0.273694 -0.98289
v -0.521664 0.273694 -0.98289
v -0.521664 0.207826 -0.98289
v -0.500426 0.207826 -0.98289
v -0.500426 0.207826 0.979186
v -0.521663 0.207826 0.979186
v -0.521663 0.273694 0.979186
v -0.500426 0.273694 0.979186
v -0.309393 0.207826 -0.976543
v -0.309393 0.273694 -0.976543
v -0.309393 0.273694 0.972838
v -0.309393 0.207826 0.972838
v -0.343326 0.207826 -0.976543
v -0.343325 0.207826 0.972838
v -0.343325 0.273694 0.972838
v -0.343326 0.273694 -0.976543
v -0.309393 0.207826 0.972838
v -0.343325 0.207826 0.972838
v -0.343326 0.207826 -0.976543
v -0.309393 0.207826 -0.976543
v -0.31574 0.207826 0.979186
v -0.31574 0.273694 0.979186
v -0.336978 0.273694 0.979186
v -0.336978 0.207826 0.979186
v -0.309393 0.273694 -0.976543
v -0.343326 0.273694 -0.976543
v -0.343325 0.273694 0.972838
v -0.309393 0.273694 0.972838
v -0.315741 0.273694 -0.98289
v -0.315741 0.207826 -0.98289
v -0.336978 0.207826 -0.98289
v -0.336978 0.273694 -0.98289
v -0.31574 0.273694 0.979186
v -0.31574 0.207826 0.979186
v -0.315741 0.207826 -0.98289
v -0.315741 0.273694 -0.98289
v -0.343326 0.207826 -0.976543
v -0.343326 0.273694 -0.976543
v -0.336978 0.273694 -0.98289
v -0.336978 0.207826 -0.98289
v -0.343325 0.273694 0.972838
v -0.343325 0.207826 0.972838
v -0.336978 0.207826 0.979186
v -0.336978 0.273694 0.979186
v -0.315741 0.273694 -0.98289
v -0.336978 0.273694 -0.98289
v -0.336978 0.207826 -0.98289
v -0.315741 0.207826 -0.98289
v -0.31574 0.207826 0.979186
v -0.336978 0.207826 0.979186
v -0.336978 0.273694 0.979186
v -0.31574 0.273694 0.979186
v 0.309393 0.207826 -0.976543
v 0.309393 0.207826 0.972838
v 0.309393 0.273694 0.972838
v 0.309393 0.273694 -0.976543
v 0.343326 0.207826 -0.976543
v 0.343326 0.273694 -0.976543
v 0.343325 0.273694 0.972838
v 0.343325 0.207826 0.972838
v 0.343326 0.207826 -0.976543
v 0.343325 0.207826 0.972838
v 0.309393 0.207826 0.972838
v 0.309393 0.207826 -0.976543
v 0.31574 0.207826 0.979186
v 0.336978 0.207826 0.979186
v 0.336978 0.273694 0.979186
v 0.31574 0.273694 0.979186
v 0.343325 0.273694 0.972838
v 0.343326 0.273694 -0.976543
v 0.309393 0.273694 -0.976543
v 0.309393 0.273694 0.972838
v 0.315741 0.273694 -0.98289
v 0.336978 0.273694 -0.98289
v 0.336978 0.207826 -0.98289
v 0.315741 0.207826 -0.98289
v 0.31574 0.207826 0.979186
v 0.31574 0.273694 0.979186
v 0.315741 0.273694 -0.98289
v 0.315741 0.207826 -0.98289
v 0.343326 0.207826 -0.976543
v 0.336978 0.207826 -0.98289
v 0.336978 0.273694 -0.98289
v 0.343326 0.273694 -0.976543
v 0.343325 0.273694 0.972838
v 0.336978 0.273694 0.979186
v 0.336978 0.207826 0.979186
v 0.343325 0.207826 0.972838
v 0.336978 0.273694 -0.98289
v 0.315741 0.273694 -0.98289
v 0.315741 0.207826 -0.98289
v 0.336978 0.207826 -0.98289
v 0.336978 0.207826 0.979186
v 0.31574 0.207826 0.979186
v 0.31574 0.273694 0.979186
v 0.336978 0.273694 0.979186
v 0.494079 0.207826 -0.976543
v 0.494079 0.207826 0.972838
v 0.494079 0.273694 0.972838
v 0.494079 0.273694 -0.976543
v 0.528011 0.207826 -0.976543
v 0.528011 0.273694 -0.976543
v 0.528011 0.273694 0.972838
v 0.528011 0.207826 0.972838
v 0.528011 0.207826 -0.976543
v 0.528011 0.207826 0.972838
v 0.494079 0.207826 0.972838
v 0.494079 0.207826 -0.976543
v 0.500426 0.207826 0.979186
v 0.521663 0.207826 0.979186
v 0.521663 0.273694 0.979186
v 0.500426 0.273694 0.979186
v 0.528011 0.273694 0.972838
v 0.528011 0.273694 -0.976543
v 0.494079 0.273694 -0.976543
v 0.494079 0.273694 0.972838
v 0.500426 0.273694 -0.98289
v 0.521664 0.273694 -0.98289
v 0.521664 0.207826 -0.98289
v 0.500426 0.207826 -0.98289
v 0.500426 0.207826 0.979186
v 0.500426 0.273694 0.979186
v 0.500426 0.273694 -0.98289
v 0.500426 0.207826 -0.98289
v 0.528011 0.207826 -0.976543
v 0.521664 0.207826 -0.98289
v 0.521664 0.273694 -0.98289
v 0.528011 0.273694 -0.976543
v 0.528011 0.273694 0.972838
v 0.521663 0.273694 0.979186
v 0.521663 0.207826 0.979186
v 0.528011 0.207826 0.972838
v 0.521664 0.273694 -0.98289
v 0.500426 0.273694 -0.98289
v 0.500426 0.207826 -0.98289
v 0.521664 0.207826 -0.98289
v 0.521663 0.207826 0.979186
v 0.500426 0.207826 0.979186
v 0.500426 0.273694 0.979186
v 0.521663 0.273694 0.979186
v -0.417132 0.231869 0.845978
v -0.427744 0.231869 0.849426
v -0.427744 0.278074 0.849426
v -0.417132 0.278074 0.845978
v -0.434303 0.231869 0.858453
v -0.434303 0.278074 0.858453
v -0.434303 0.231869 0.869612
v -0.434303 0.278074 0.869612
v -0.427744 0.231869 0.878639
v -0.427744 0.278074 0.878639
v -0.417132 0.231869 0.882087
v -0.417132 0.278074 0.882087
v -0.417132 0.231869 0.882087
v -0.406519 0.231869 0.878639
v -0.406519 0.278074 0.878639
v -0.417132 0.278074 0.882087
v -0.399961 0.231869 0.869612
v -0.399961 0.278074 0.869612
v -0.399961 0.231869 0.858453
v -0.399961 0.278074 0.858453
v -0.406519 0.231869 0.849426
v -0.406519 0.278074 0.849426
v -0.417132 0.274082 -0.84446
v -0.427744 0.274082 -0.847908
v -0.427744 0.246476 -0.847908
v -0.417132 0.249924 -0.84446
v -0.434303 0.274082 -0.856935
v -0.434303 0.237449 -0.856935
v -0.434303 0.274082 -0.868094
v -0.434303 0.22629 -0.868094
v -0.427744 0.274082 -0.877121
v -0.427744 0.217263 -0.877121
v -0.417132 0.274082 -0.880569
v -0.417132 0.213815 -0.880569
v -0.406519 0.274082 -0.877121
v -0.406519 0.217263 -0.877121
v -0.39996 0.274082 -0.868094
v -0.39996 0.22629 -0.868094
v -0.39996 0.274082 -0.856935
v -0.39996 0.237449 -0.856935
v -0.406519 0.274082 -0.847908
v -0.406519 0.246476 -0.847908
v -0.417132 0.274082 -0.84446
v -0.417132 0.249924 -0.84446
v -0.417132 0.249924 -0.84446
v -0.427744 0.246476 -0.847908
v -0.427744 0.246476 0.969821
v -0.417132 0.249924 0.969821
v -0.434303 0.237449 -0.856935
v -0.434303 0.237449 0.969821
v -0.434303 0.22629 0.969821
v -0.427744 0.217263 0.969821
v -0.417132 0.213815 0.969821
v -0.406519 0.217263 0.969821
v -0.399961 0.22629 0.969821
v -0.39996 0.237449 -0.856935
v -0.399961 0.237449 0.969821
v -0.406519 0.246476 -0.847908
v -0.406519 0.246476 0.969821
v -0.417132 0.249924 -0.84446
v -0.417132 0.249924 0.969821
v 0.417132 0.231869 0.845978
v 0.417132 0.278074 0.845978
v 0.427744 0.278074 0.849426
v 0.427744 0.231869 0.849426
v 0.434303 0.278074 0.858453
v 0.434303 0.231869 0.858453
v 0.434303 0.278074 0.869612
v 0.434303 0.231869 0.869612
v 0.427744 0.278074 0.878639
v 0.427744 0.231869 0.878639
v 0.417132 0.278074 0.882087
v 0.417132 0.231869 0.882087
v 0.417132 0.231869 0.882087
v 0.417132 0.278074 0.882087
v 0.406519 0.278074 0.878639
v 0.406519 0.231869 0.878639
v 0.399961 0.278074 0.869612
v 0.399961 0.231869 0.869612
v 0.399961 0.278074 0.858453
v 0.399961 0.231869 0.858453
v 0.406519 0.278074 0.849426
v 0.406519 0.231869 0.849426
v 0.417132 0.274082 -0.84446
v 0.417132 0.249924 -0.84446
v 0.427744 0.246476 -0.847908
v 0.427744 0.274082 -0.847908
v 0.434303 0.237449 -0.856935
v 0.434303 0.274082 -0.856935
v 0.434303 0.22629 -0.868094
v 0.434303 0.274082 -0.868094
v 0.427744 0.217263 -0.877121
v 0.427744 0.274082 -0.877121
v 0.417132 0.213815 -0.880569
v 0.417132 0.274082 -0.880569
v 0.406519 0.217263 -0.877121
v 0.406519 0.274082 -0.877121
v 0.399961 0.22629 -0.868094
v 0.399961 0.274082 -0.868094
v 0.399961 0.237449 -0.856935
v 0.399961 0.274082 -0.856935
v 0.406519 0.246476 -0.847908
v 0.406519 0.274082 -0.847908
v 0.417132 0.249924 -0.84446
v 0.417132 0.274082 -0.84446
v 0.417132 0.249924 -0.84446
v 0.417132 0.249924 0.969821
v 0.427744 0.246476 0.969821
v 0.427744 0.246476 -0.847908
v 0.434303 0.237449 0.969821
v 0.434303 0.237449 -0.856935
v 0.434303 0.22629 0.969821
v 0.427744 0.217263 0.969821
v 0.417132 0.213815 0.969821
v 0.406519 0.217263 0.969821
v 0.399961 0.22629 0.969821
v 0.399961 0.237449 0.969821
v 0.399961 0.237449 -0.856935
v 0.406519 0.246476 0.969821
v 0.406519 0.246476 -0.847908
v 0.417132 0.249924 0.969821
v 0.417132 0.249924 -0.84446
v 0.439051 0.249968 0.934525
v 0.439051 0.249967 0.937225
v 0.445595 0.23199 0.937225
v 0.445595 0.23199 0.934525
v 0.422483 0.259533 0.934525
v 0.422483 0.259533 0.937225
v 0.403643 0.256211 0.934525
v 0.403643 0.256211 0.937225
v 0.391346 0.241556 0.934525
v 0.391346 0.241556 0.937225
v 0.391346 0.222425 0.934525
v 0.391346 0.222425 0.937225
v 0.403643 0.207769 0.934525
v 0.403643 0.207769 0.937225
v 0.422484 0.204447 0.934525
v 0.422484 0.204447 0.937225
v 0.439052 0.214013 0.934525
v 0.439052 0.214013 0.937225
v 0.445595 0.23199 0.934525
v 0.445595 0.23199 0.937225
v 0.434671 0.246291 0.969324
v 0.439876 0.23199 0.969324
v 0.439876 0.23199 0.938832
v 0.434671 0.246291 0.938832
v 0.42149 0.253901 0.969324
v 0.42149 0.253901 0.938832
v 0.406502 0.251258 0.969324
v 0.406502 0.251258 0.938832
v 0.39672 0.2396 0.969324
v 0.39672 0.2396 0.938832
v 0.39672 0.224381 0.969324
v 0.39672 0.224381 0.938832
v 0.406502 0.212722 0.969324
v 0.406502 0.212722 0.938832
v 0.42149 0.210079 0.969324
v 0.42149 0.210079 0.938832
v 0.434671 0.217689 0.969324
v 0.434671 0.217689 0.938832
v 0.439876 0.23199 0.969324
v 0.439876 0.23199 0.938832
v 0.417627 0.23199 0.932918
v 0.422204 0.257951 0.932918
v 0.437821 0.248935 0.932918
v 0.443988 0.23199 0.932918
v 0.404446 0.25482 0.932918
v 0.392856 0.222974 0.932918
v 0.392856 0.241006 0.932918
v 0.422204 0.20603 0.932918
v 0.404446 0.209161 0.932918
v 0.443988 0.23199 0.932918
v 0.437821 0.215046 0.932918
v 0.434671 0.246291 0.938832
v 0.439876 0.23199 0.938832
v 0.443988 0.23199 0.938832
v 0.437821 0.248935 0.938832
v 0.439876 0.23199 0.938832
v 0.434671 0.217689 0.938832
v 0.437821 0.215046 0.938832
v 0.443988 0.23199 0.938832
v 0.434671 0.217689 0.938832
v 0.42149 0.210079 0.938832
v 0.422205 0.20603 0.938832
v 0.42149 0.210079 0.938832
v 0.406502 0.212722 0.938832
v 0.404446 0.209161 0.938832
v 0.406502 0.212722 0.938832
v 0.39672 0.224381 0.938832
v 0.392856 0.222974 0.938832
v 0.39672 0.224381 0.938832
v 0.39672 0.2396 0.938832
v 0.392856 0.241006 0.938832
v 0.39672 0.2396 0.938832
v 0.406502 0.251258 0.938832
v 0.404446 0.25482 0.938832
v 0.406502 0.251258 0.938832
v 0.42149 0.253901 0.938832
v 0.422204 0.257951 0.938832
v 0.42149 0.253901 0.938832
v 0.434671 0.246291 0.938832
v 0.438269 0.23199 0.970931
v 0.43344 0.245259 0.970931
v 0.417627 0.23199 0.970931
v 0.421211 0.252319 0.970931
v 0.407306 0.249867 0.970931
v 0.39823 0.23905 0.970931
v 0.39823 0.22493 0.970931
v 0.407306 0.214113 0.970931
v 0.421211 0.211661 0.970931
v 0.43344 0.218722 0.970931
v 0.438269 0.23199 0.970931
v 0.43344 0.245259 0.970931
v 0.421211 0.252319 0.970931
v 0.407306 0.249867 0.970931
v 0.39823 0.23905 0.970931
v 0.39823 0.22493 0.970931
v 0.407306 0.214113 0.970931
v 0.421211 0.211661 0.970931
v 0.43344 0.218722 0.970931
v 0.438269 0.23199 0.970931
v 0.443988 0.23199 0.932918
v 0.437821 0.248935 0.932918
v 0.422204 0.257951 0.932918
v 0.404446 0.25482 0.932918
v 0.392856 0.241006 0.932918
v 0.392856 0.222974 0.932918
v 0.404446 0.209161 0.932918
v 0.422204 0.20603 0.932918
v 0.437821 0.215046 0.932918
v 0.443988 0.23199 0.932918
v 0.437821 0.248935 0.938832
v 0.443988 0.23199 0.938832
v 0.443988 0.23199 0.938832
v 0.437821 0.215046 0.938832
v 0.422205 0.20603 0.938832
v 0.404446 0.209161 0.938832
v 0.392856 0.222974 0.938832
v 0.392856 0.241006 0.938832
v 0.404446 0.25482 0.938832
v 0.422204 0.257951 0.938832
v -0.746945 0.49215 -0.849183
v -0.746945 0.49215 0.851359
v -0.768111 0.612192 0.851359
v -0.768111 0.612192 -0.849183
v -0.685998 0.386587 -0.849183
v -0.685998 0.386586 0.851359
v -0.592622 0.308235 -0.849183
v -0.592622 0.308234 0.851359
v -0.148265 0.386587 -0.849183
v -0.148265 0.386586 0.851359
v -0.241642 0.308235 0.851359
v -0.241642 0.308235 -0.849183
v -0.087318 0.732234 -0.849183
v -0.087318 0.732234 0.851359
v -0.066152 0.612192 0.851359
v -0.066152 0.612192 -0.849183
v -0.241642 0.91615 -0.849183
v -0.241642 0.916149 0.851359
v -0.148265 0.837797 0.851359
v -0.148265 0.837798 -0.849183
v -0.592621 0.91615 -0.849183
v -0.685998 0.837798 -0.849183
v -0.685998 0.837798 0.851359
v -0.592621 0.91615 0.851359
v -0.746945 0.732235 -0.849183
v -0.746945 0.732234 0.851359
v -0.478079 0.266545 -0.849183
v -0.478079 0.266544 0.851359
v -0.356185 0.266545 -0.849183
v -0.356185 0.266544 0.851359
v -0.356185 0.266544 0.851359
v -0.356185 0.266545 -0.849183
v -0.087318 0.49215 -0.849183
v -0.087318 0.49215 0.851359
v -0.361625 1.008201 0.097228
v -0.361625 0.95784 0.097228
v -0.332091 0.94907 0.072446
v -0.332091 1.008201 0.072446
v -0.397854 0.95784 0.110414
v -0.397854 1.008201 0.110414
v -0.436409 1.008201 0.110414
v -0.436409 0.95784 0.110414
v -0.472638 1.008201 0.097228
v -0.472638 0.95784 0.097228
v -0.521449 0.942054 0.039057
v -0.502172 0.94907 0.072446
v -0.502172 1.008201 0.072446
v -0.521449 1.008201 0.039057
v -0.528144 0.939617 0.001088
v -0.528144 1.008201 0.001088
v -0.521449 1.008201 -0.03688
v -0.521449 0.942054 -0.03688
v -0.502172 1.008201 -0.070269
v -0.502172 0.94907 -0.070269
v -0.472638 1.008201 -0.095051
v -0.472638 0.95784 -0.095051
v -0.436409 0.95784 -0.108238
v -0.436409 1.008201 -0.108238
v -0.397854 0.95784 -0.108238
v -0.397854 1.008201 -0.108238
v -0.361625 0.95784 -0.095051
v -0.361625 1.008201 -0.095051
v -0.312814 0.942054 -0.03688
v -0.332091 0.94907 -0.070269
v -0.332091 1.008201 -0.070269
v -0.312814 1.008201 -0.03688
v -0.306119 0.939617 0.001088
v -0.306119 1.008201 0.001088
v -0.306119 0.939617 0.001088
v -0.306119 1.008201 0.001088
v -0.312814 1.008201 0.039057
v -0.312814 0.942054 0.039057
v -0.478078 0.95784 -0.849183
v -0.472638 0.95784 -0.095051
v -0.436409 0.95784 -0.108238
v -0.356184 0.95784 -0.849183
v -0.361625 0.95784 -0.095051
v -0.332091 0.94907 -0.070269
v -0.436409 0.95784 0.110414
v -0.472638 0.95784 0.097228
v -0.478078 0.95784 0.851359
v -0.502172 0.94907 -0.070269
v -0.528144 0.939617 0.001088
v -0.521449 0.942054 -0.03688
v -0.521449 0.942054 0.039057
v -0.502172 0.94907 0.072446
v -0.312814 0.942054 0.039057
v -0.332091 0.94907 0.072446
v -0.361625 0.95784 0.097228
v -0.356184 0.95784 0.851359
v -0.312814 0.942054 -0.03688
v -0.306119 0.939617 0.001088
v -0.417132 0.612192 0.909272
v -0.468022 0.900806 0.909272
v -0.563665 0.865995 0.909272
v -0.641633 0.800572 0.909272
v -0.270598 0.865995 0.909272
v -0.366241 0.900806 0.909272
v -0.19263 0.800571 0.909272
v -0.124065 0.612192 0.909272
v -0.141739 0.712427 0.909272
v -0.19263 0.423812 0.909272
v -0.141739 0.511957 0.909272
v -0.366241 0.323578 0.909272
v -0.270598 0.358389 0.909272
v -0.468022 0.323578 0.909272
v -0.641634 0.423812 0.909272
v -0.563665 0.358389 0.909272
v -0.692524 0.511957 0.909272
v -0.692524 0.712427 0.909272
v -0.710198 0.612192 0.909272
v -0.641633 0.800572 -0.907096
v -0.417132 0.612192 -0.907096
v -0.692524 0.712427 -0.907096
v -0.692524 0.511958 -0.907096
v -0.710198 0.612192 -0.907096
v -0.641634 0.423813 -0.907096
v -0.468022 0.323578 -0.907096
v -0.563665 0.358389 -0.907096
v -0.366241 0.323578 -0.907096
v -0.19263 0.423813 -0.907096
v -0.270598 0.358389 -0.907096
v -0.124065 0.612192 -0.907096
v -0.141739 0.511958 -0.907096
v -0.141739 0.712427 -0.907096
v -0.270598 0.865995 -0.907096
v -0.19263 0.800572 -0.907096
v -0.468022 0.900807 -0.907096
v -0.366241 0.900807 -0.907096
v -0.563665 0.865995 -0.907096
v -0.576333 0.887938 0.905652
v -0.661043 0.816858 0.905652
v -0.472422 0.925758 0.905652
v -0.716333 0.721093 -0.903476
v -0.661043 0.816858 -0.903476
v -0.716333 0.503292 0.905652
v -0.661043 0.407526 0.905652
v -0.361841 0.298626 0.905652
v -0.25793 0.336446 0.905652
v -0.17322 0.407526 -0.903476
v -0.25793 0.336447 -0.903476
v -0.17322 0.407526 0.905652
v -0.11793 0.721093 -0.903476
v -0.098728 0.612192 -0.903476
v -0.25793 0.887938 0.905652
v -0.361841 0.925758 0.905652
v -0.17322 0.816858 0.905652
v -0.11793 0.721092 0.905652
v -0.098728 0.612192 0.905652
v -0.11793 0.503292 0.905652
v -0.472422 0.298626 0.905652
v -0.576333 0.336446 0.905652
v -0.735535 0.612192 0.905652
v -0.716333 0.721093 0.905652
v -0.17322 0.816858 -0.903476
v -0.25793 0.887938 -0.903476
v -0.11793 0.503292 -0.903476
v -0.361841 0.298626 -0.903476
v -0.361841 0.925759 -0.903476
v -0.472422 0.925759 -0.903476
v -0.472422 0.298626 -0.903476
v -0.576333 0.336447 -0.903476
v -0.661043 0.407526 -0.903476
v -0.716333 0.503292 -0.903476
v -0.735535 0.612192 -0.903476
v -0.576333 0.887938 -0.903476
v -0.585382 0.903611 0.894794
v -0.674907 0.828491 0.894794
v -0.590811 0.913015 0.876696
v -0.683225 0.835471 0.876696
v -0.683225 0.835471 0.876696
v -0.590811 0.913015 0.876696
v -0.475564 0.943581 0.894794
v -0.47745 0.954275 0.876696
v -0.47745 0.954275 0.876696
v -0.733339 0.727283 -0.892617
v -0.674907 0.828491 -0.892617
v -0.743543 0.730997 -0.87452
v -0.683225 0.835471 -0.87452
v -0.683225 0.835471 -0.87452
v -0.743543 0.730997 -0.87452
v -0.73334 0.497102 0.894794
v -0.674907 0.395893 0.894794
v -0.743544 0.493388 0.876696
v -0.683225 0.388913 0.876696
v -0.683225 0.388913 0.876696
v -0.743544 0.493388 0.876696
v -0.358699 0.280803 0.894794
v -0.248881 0.320773 0.894794
v -0.356813 0.270109 0.876696
v -0.243451 0.311369 0.876696
v -0.243451 0.311369 0.876696
v -0.356813 0.270109 0.876696
v -0.159356 0.395893 -0.892617
v -0.248881 0.320773 -0.892617
v -0.151038 0.388913 -0.87452
v -0.243451 0.311369 -0.87452
v -0.243451 0.311369 -0.87452
v -0.151038 0.388913 -0.87452
v -0.159356 0.395893 0.894794
v -0.151038 0.388913 0.876696
v -0.151038 0.388913 0.876696
v -0.100924 0.727282 -0.892617
v -0.08063 0.612192 -0.892617
v -0.09072 0.730996 -0.87452
v -0.069771 0.612192 -0.87452
v -0.069771 0.612192 -0.87452
v -0.09072 0.730996 -0.87452
v -0.248881 0.903611 0.894794
v -0.358699 0.943581 0.894794
v -0.243451 0.913015 0.876696
v -0.356813 0.954275 0.876696
v -0.356813 0.954275 0.876696
v -0.243451 0.913015 0.876696
v -0.159356 0.828491 0.894794
v -0.151038 0.835471 0.876696
v -0.151038 0.835471 0.876696
v -0.100924 0.727282 0.894794
v -0.09072 0.730996 0.876696
v -0.09072 0.730996 0.876696
v -0.08063 0.612192 0.894794
v -0.069771 0.612192 0.876696
v -0.069771 0.612192 0.876696
v -0.100924 0.497102 0.894794
v -0.09072 0.493388 0.876696
v -0.09072 0.493388 0.876696
v -0.475564 0.280803 0.894794
v -0.47745 0.270109 0.876696
v -0.585382 0.320773 0.894794
v -0.590812 0.311369 0.876696
v -0.753633 0.612192 0.894794
v -0.764492 0.612192 0.876696
v -0.764492 0.612192 0.876696
v -0.733339 0.727282 0.894794
v -0.743543 0.730996 0.876696
v -0.743543 0.730996 0.876696
v -0.159356 0.828491 -0.892617
v -0.151038 0.835471 -0.87452
v -0.151038 0.835471 -0.87452
v -0.248881 0.903611 -0.892617
v -0.243451 0.913015 -0.87452
v -0.243451 0.913015 -0.87452
v -0.100924 0.497102 -0.892617
v -0.09072 0.493388 -0.87452
v -0.09072 0.493388 -0.87452
v -0.358699 0.280803 -0.892617
v -0.356813 0.270109 -0.87452
v -0.356813 0.270109 -0.87452
v -0.358699 0.943581 -0.892617
v -0.356813 0.954275 -0.87452
v -0.356813 0.954275 -0.87452
v -0.475564 0.943581 -0.892617
v -0.47745 0.954275 -0.87452
v -0.47745 0.954275 -0.87452
v -0.475564 0.280803 -0.892617
v -0.47745 0.270109 -0.87452
v -0.585382 0.320773 -0.892617
v -0.590812 0.311369 -0.87452
v -0.674907 0.395893 -0.892617
v -0.683225 0.388913 -0.87452
v -0.683225 0.388913 -0.87452
v -0.73334 0.497102 -0.892617
v -0.743544 0.493388 -0.87452
v -0.743544 0.493388 -0.87452
v -0.753633 0.612192 -0.892617
v -0.764492 0.612192 -0.87452
v -0.764492 0.612192 -0.87452
v -0.585382 0.903611 -0.892617
v -0.590811 0.913015 -0.87452
v -0.590811 0.913015 -0.87452
v -0.397854 1.008201 0.110414
v -0.395823 1.008201 0.121936
v -0.43844 1.008201 0.121936
v -0.436409 1.008201 0.110414
v -0.478488 1.008201 0.10736
v -0.472638 1.008201 0.097228
v -0.511135 1.008201 0.079966
v -0.502172 1.008201 0.072446
v -0.528144 1.008201 0.001088
v -0.539844 1.008201 0.001088
v -0.532444 1.008201 -0.040882
v -0.521449 1.008201 -0.03688
v -0.511135 1.008201 -0.07779
v -0.502172 1.008201 -0.070269
v -0.361625 1.008201 -0.095051
v -0.355775 1.008201 -0.105184
v -0.323128 1.008201 -0.07779
v -0.332091 1.008201 -0.070269
v -0.306119 1.008201 0.001088
v -0.294419 1.008201 0.001088
v -0.301819 1.008201 0.043058
v -0.312814 1.008201 0.039057
v -0.436409 1.008201 -0.108238
v -0.43844 1.008201 -0.11976
v -0.395823 1.008201 -0.11976
v -0.397854 1.008201 -0.108238
v -0.323128 1.008201 0.079966
v -0.332091 1.008201 0.072446
v -0.355775 1.008201 0.10736
v -0.361625 1.008201 0.097228
v -0.532444 1.008201 0.043058
v -0.521449 1.008201 0.039057
v -0.478488 1.008201 -0.105184
v -0.472638 1.008201 -0.095051
v -0.301819 1.008201 -0.040882
v -0.312814 1.008201 -0.03688
v -0.294419 1.008201 0.001088
v -0.306119 1.008201 0.001088
v -0.395057 1.012612 0.12628
v -0.395057 1.0295 0.12628
v -0.439206 1.0295 0.12628
v -0.439206 1.012612 0.12628
v -0.480693 1.0295 0.11118
v -0.480693 1.012612 0.11118
v -0.514514 1.0295 0.082801
v -0.514514 1.012612 0.082801
v -0.544255 1.012612 0.001088
v -0.544255 1.0295 0.001088
v -0.536588 1.0295 -0.042391
v -0.536588 1.012612 -0.042391
v -0.514514 1.0295 -0.080625
v -0.514514 1.012612 -0.080625
v -0.35357 1.012612 -0.109004
v -0.35357 1.0295 -0.109004
v -0.31975 1.0295 -0.080625
v -0.31975 1.012612 -0.080625
v -0.290008 1.012612 0.001088
v -0.290008 1.0295 0.001088
v -0.297675 1.0295 0.044567
v -0.297675 1.012612 0.044567
v -0.439206 1.012612 -0.124104
v -0.439206 1.0295 -0.124104
v -0.395057 1.0295 -0.124104
v -0.395057 1.012612 -0.124104
v -0.31975 1.0295 0.082801
v -0.31975 1.012612 0.082801
v -0.35357 1.0295 0.11118
v -0.35357 1.012612 0.11118
v -0.536588 1.0295 0.044567
v -0.536588 1.012612 0.044567
v -0.480693 1.0295 -0.109004
v -0.480693 1.012612 -0.109004
v -0.297675 1.0295 -0.042391
v -0.297675 1.012612 -0.042391
v -0.290008 1.0295 0.001088
v -0.290008 1.012612 0.001088
v -0.395823 1.033911 0.121936
v -0.408312 1.033911 0.051107
v -0.425951 1.033911 0.051107
v -0.43844 1.033911 0.121936
v -0.442527 1.033911 0.045074
v -0.478488 1.033911 0.10736
v -0.456039 1.033911 0.033735
v -0.511135 1.033911 0.079966
v -0.539844 1.033911 0.001088
v -0.467922 1.033911 0.001088
v -0.464859 1.033911 -0.016283
v -0.532444 1.033911 -0.040882
v -0.456039 1.033911 -0.031559
v -0.511135 1.033911 -0.07779
v -0.355775 1.033911 -0.105184
v -0.391737 1.033911 -0.042897
v -0.378224 1.033911 -0.031559
v -0.323128 1.033911 -0.07779
v -0.294419 1.033911 0.001088
v -0.366342 1.033911 0.001088
v -0.369405 1.033911 0.018459
v -0.301819 1.033911 0.043058
v -0.43844 1.033911 -0.11976
v -0.425951 1.033911 -0.04893
v -0.408312 1.033911 -0.04893
v -0.395823 1.033911 -0.11976
v -0.378224 1.033911 0.033735
v -0.323128 1.033911 0.079966
v -0.391737 1.033911 0.045074
v -0.355775 1.033911 0.10736
v -0.464859 1.033911 0.018459
v -0.532444 1.033911 0.043058
v -0.442527 1.033911 -0.042897
v -0.478488 1.033911 -0.105184
v -0.369405 1.033911 -0.016283
v -0.301819 1.033911 -0.040882
v -0.366342 1.033911 0.001088
v -0.294419 1.033911 0.001088
v -0.408312 1.033911 0.051107
v -0.408746 1.057186 0.048646
v -0.425517 1.057186 0.048646
v -0.425951 1.033911 0.051107
v -0.441277 1.057186 0.04291
v -0.442527 1.033911 0.045074
v -0.454125 1.057186 0.032129
v -0.456039 1.033911 0.033735
v -0.467922 1.033911 0.001088
v -0.465423 1.057186 0.001088
v -0.46251 1.057186 -0.015428
v -0.464859 1.033911 -0.016283
v -0.454125 1.057186 -0.029953
v -0.456039 1.033911 -0.031559
v -0.391737 1.033911 -0.042897
v -0.392986 1.057186 -0.040733
v -0.380138 1.057186 -0.029953
v -0.378224 1.033911 -0.031559
v -0.366342 1.033911 0.001088
v -0.36884 1.057186 0.001088
v -0.371753 1.057186 0.017605
v -0.369405 1.033911 0.018459
v -0.425951 1.033911 -0.04893
v -0.425517 1.057186 -0.046469
v -0.408746 1.057186 -0.046469
v -0.408312 1.033911 -0.04893
v -0.380138 1.057186 0.032129
v -0.378224 1.033911 0.033735
v -0.392986 1.057186 0.04291
v -0.391737 1.033911 0.045074
v -0.46251 1.057186 0.017605
v -0.464859 1.033911 0.018459
v -0.441277 1.057186 -0.040733
v -0.442527 1.033911 -0.042897
v -0.371753 1.057186 -0.015428
v -0.369405 1.033911 -0.016283
v -0.36884 1.057186 0.001088
v -0.366342 1.033911 0.001088
v -0.4106 1.072712 0.038133
v -0.423664 1.072712 0.038133
v -0.43594 1.072712 0.033665
v -0.445947 1.072712 0.025267
v -0.454748 1.072712 0.001088
v -0.452479 1.072712 -0.011777
v -0.445947 1.072712 -0.023091
v -0.398323 1.072712 -0.031489
v -0.388316 1.072712 -0.023091
v -0.379515 1.072712 0.001088
v -0.381784 1.072712 0.013954
v -0.423664 1.072712 -0.035957
v -0.4106 1.072712 -0.035957
v -0.388316 1.072712 0.025267
v -0.398323 1.072712 0.033665
v -0.452479 1.072712 0.013954
v -0.43594 1.072712 -0.031489
v -0.381784 1.072712 -0.011777
v -0.379515 1.072712 0.001088
v -0.412635 1.083069 0.026589
v -0.421628 1.083069 0.026589
v -0.430079 1.083069 0.023514
v -0.436968 1.083069 0.017733
v -0.443026 1.083069 0.001088
v -0.441465 1.083069 -0.007768
v -0.436968 1.083069 -0.015557
v -0.404184 1.083069 -0.021337
v -0.397295 1.083069 -0.015557
v -0.391237 1.083069 0.001088
v -0.392798 1.083069 0.009945
v -0.421628 1.083069 -0.024413
v -0.412635 1.083069 -0.024413
v -0.397295 1.083069 0.017733
v -0.404184 1.083069 0.023514
v -0.441465 1.083069 0.009945
v -0.430079 1.083069 -0.021337
v -0.392798 1.083069 -0.007768
v -0.391237 1.083069 0.001088
v -0.413996 1.087883 0.01887
v -0.420267 1.087883 0.01887
v -0.426159 1.087883 0.016725
v -0.430963 1.087883 0.012694
v -0.435187 1.087883 0.001088
v -0.434098 1.087883 -0.005087
v -0.430963 1.087883 -0.010518
v -0.408104 1.087883 -0.014549
v -0.4033 1.087883 -0.010518
v -0.399076 1.087883 0.001088
v -0.400165 1.087883 0.007264
v -0.420267 1.087883 -0.016693
v -0.413996 1.087883 -0.016693
v -0.4033 1.087883 0.012694
v -0.408104 1.087883 0.016725
v -0.434098 1.087883 0.007264
v -0.426159 1.087883 -0.014549
v -0.400165 1.087883 -0.005087
v -0.399076 1.087883 0.001088
v -0.417132 1.089544 0.001088
v -0.423219 1.089544 0.011632
v -0.419246 1.089544 0.013078
v -0.415017 1.089544 0.013078
v -0.428573 1.089544 0.005252
v -0.426458 1.089544 0.008914
v -0.423219 1.089544 -0.009456
v -0.426458 1.089544 -0.006738
v -0.428573 1.089544 -0.003076
v -0.405691 1.089544 -0.003076
v -0.407805 1.089544 -0.006738
v -0.411044 1.089544 -0.009456
v -0.415017 1.089544 -0.010902
v -0.419246 1.089544 -0.010902
v -0.411044 1.089544 0.011632
v -0.407805 1.089544 0.008914
v -0.405691 1.089544 0.005252
v -0.429307 1.089544 0.001088
v -0.404956 1.089544 0.001088
v -0.43844 1.008201 0.121936
v -0.395823 1.008201 0.121936
v -0.478488 1.008201 0.10736
v -0.511135 1.008201 0.079966
v -0.532444 1.008201 -0.040882
v -0.539844 1.008201 0.001088
v -0.511135 1.008201 -0.07779
v -0.323128 1.008201 -0.07779
v -0.355775 1.008201 -0.105184
v -0.301819 1.008201 0.043058
v -0.294419 1.008201 0.001088
v -0.395823 1.008201 -0.11976
v -0.43844 1.008201 -0.11976
v -0.323128 1.008201 0.079966
v -0.355775 1.008201 0.10736
v -0.532444 1.008201 0.043058
v -0.478488 1.008201 -0.105184
v -0.301819 1.008201 -0.040882
v -0.294419 1.008201 0.001088
v -0.395823 1.033911 0.121936
v -0.43844 1.033911 0.121936
v -0.478488 1.033911 0.10736
v -0.511135 1.033911 0.079966
v -0.539844 1.033911 0.001088
v -0.532444 1.033911 -0.040882
v -0.511135 1.033911 -0.07779
v -0.355775 1.033911 -0.105184
v -0.323128 1.033911 -0.07779
v -0.294419 1.033911 0.001088
v -0.301819 1.033911 0.043058
v -0.43844 1.033911 -0.11976
v -0.395823 1.033911 -0.11976
v -0.323128 1.033911 0.079966
v -0.355775 1.033911 0.10736
v -0.532444 1.033911 0.043058
v -0.478488 1.033911 -0.105184
v -0.301819 1.033911 -0.040882
v -0.294419 1.033911 0.001088
v -0.397854 0.95784 0.110414
v -0.397854 0.95784 -0.108238
v 0.746945 0.49215 -0.849183
v 0.768111 0.612192 -0.849183
v 0.768111 0.612192 0.851359
v 0.746945 0.49215 0.851359
v 0.685998 0.386587 -0.849183
v 0.685998 0.386586 0.851359
v 0.592622 0.308235 -0.849183
v 0.592622 0.308234 0.851359
v 0.148265 0.386587 -0.849183
v 0.241642 0.308235 -0.849183
v 0.241642 0.308235 0.851359
v 0.148265 0.386586 0.851359
v 0.087318 0.732234 -0.849183
v 0.066152 0.612192 -0.849183
v 0.066152 0.612192 0.851359
v 0.087318 0.732234 0.851359
v 0.241642 0.91615 -0.849183
v 0.148265 0.837798 -0.849183
v 0.148265 0.837797 0.851359
v 0.241642 0.916149 0.851359
v 0.592621 0.91615 -0.849183
v 0.592621 0.91615 0.851359
v 0.685998 0.837798 0.851359
v 0.685998 0.837798 -0.849183
v 0.746945 0.732235 -0.849183
v 0.746945 0.732234 0.851359
v 0.478079 0.266544 0.851359
v 0.478079 0.266545 -0.849183
v 0.356185 0.266545 -0.849183
v 0.356185 0.266544 0.851359
v 0.356185 0.266545 -0.849183
v 0.356185 0.266544 0.851359
v 0.087319 0.49215 0.851359
v 0.087319 0.49215 -0.849183
v 0.361625 1.008201 0.097228
v 0.332091 1.008201 0.072446
v 0.332091 0.94907 0.072446
v 0.361625 0.95784 0.097228
v 0.397854 0.95784 0.110414
v 0.397854 1.008201 0.110414
v 0.436409 0.95784 0.110414
v 0.436409 1.008201 0.110414
v 0.472638 0.95784 0.097228
v 0.472638 1.008201 0.097228
v 0.521449 0.942054 0.039057
v 0.521449 1.008201 0.039057
v 0.502172 1.008201 0.072446
v 0.502172 0.94907 0.072446
v 0.528144 0.939617 0.001088
v 0.528144 1.008201 0.001088
v 0.521449 0.942054 -0.03688
v 0.521449 1.008201 -0.03688
v 0.502172 0.94907 -0.070269
v 0.502172 1.008201 -0.070269
v 0.472638 1.008201 -0.095051
v 0.472638 0.95784 -0.095051
v 0.436409 0.95784 -0.108238
v 0.436409 1.008201 -0.108238
v 0.397854 0.95784 -0.108238
v 0.397854 1.008201 -0.108238
v 0.361625 0.95784 -0.095051
v 0.361625 1.008201 -0.095051
v 0.312814 0.942054 -0.03688
v 0.312814 1.008201 -0.03688
v 0.332091 1.008201 -0.070269
v 0.332091 0.94907 -0.070269
v 0.306119 0.939617 0.001088
v 0.306119 1.008201 0.001088
v 0.306119 0.939617 0.001088
v 0.312814 0.942054 0.039057
v 0.312814 1.008201 0.039057
v 0.306119 1.008201 0.001088
v 0.478078 0.95784 -0.849183
v 0.436409 0.95784 -0.108238
v 0.472638 0.95784 -0.095051
v 0.332091 0.94907 -0.070269
v 0.361625 0.95784 -0.095051
v 0.356184 0.95784 -0.849183
v 0.436409 0.95784 0.110414
v 0.478078 0.95784 0.851359
v 0.472638 0.95784 0.097228
v 0.502172 0.94907 -0.070269
v 0.521449 0.942054 -0.03688
v 0.528144 0.939617 0.001088
v 0.521449 0.942054 0.039057
v 0.502172 0.94907 0.072446
v 0.332091 0.94907 0.072446
v 0.312814 0.942054 0.039057
v 0.356184 0.95784 0.851359
v 0.361625 0.95784 0.097228
v 0.306119 0.939617 0.001088
v 0.312814 0.942054 -0.03688
v 0.563665 0.865995 0.909272
v 0.468022 0.900806 0.909272
v 0.417131 0.612192 0.909272
v 0.641633 0.800572 0.909272
v 0.366241 0.900806 0.909272
v 0.270598 0.865995 0.909272
v 0.19263 0.800571 0.909272
v 0.141739 0.712427 0.909272
v 0.124065 0.612192 0.909272
v 0.141739 0.511957 0.909272
v 0.19263 0.423812 0.909272
v 0.270598 0.358389 0.909272
v 0.366241 0.323578 0.909272
v 0.468022 0.323578 0.909272
v 0.563665 0.358389 0.909272
v 0.641634 0.423812 0.909272
v 0.692524 0.511957 0.909272
v 0.710198 0.612192 0.909272
v 0.692524 0.712427 0.909272
v 0.641633 0.800572 -0.907096
v 0.692524 0.712427 -0.907096
v 0.417132 0.612192 -0.907096
v 0.710198 0.612192 -0.907096
v 0.692524 0.511958 -0.907096
v 0.641634 0.423813 -0.907096
v 0.563665 0.358389 -0.907096
v 0.468022 0.323578 -0.907096
v 0.366241 0.323578 -0.907096
v 0.270598 0.358389 -0.907096
v 0.19263 0.423813 -0.907096
v 0.141739 0.511958 -0.907096
v 0.124065 0.612192 -0.907096
v 0.141739 0.712427 -0.907096
v 0.19263 0.800572 -0.907096
v 0.270598 0.865995 -0.907096
v 0.366241 0.900807 -0.907096
v 0.468022 0.900807 -0.907096
v 0.563665 0.865995 -0.907096
v 0.661043 0.816858 0.905652
v 0.576333 0.887938 0.905652
v 0.472422 0.925758 0.905652
v 0.661043 0.816858 -0.903476
v 0.716333 0.721093 -0.903476
v 0.661043 0.407526 0.905652
v 0.716333 0.503292 0.905652
v 0.25793 0.336446 0.905652
v 0.361841 0.298626 0.905652
v 0.25793 0.336447 -0.903476
v 0.17322 0.407526 -0.903476
v 0.17322 0.407526 0.905652
v 0.098728 0.612192 -0.903476
v 0.11793 0.721093 -0.903476
v 0.361841 0.925758 0.905652
v 0.25793 0.887938 0.905652
v 0.17322 0.816858 0.905652
v 0.11793 0.721092 0.905652
v 0.098728 0.612192 0.905652
v 0.11793 0.503292 0.905652
v 0.472422 0.298626 0.905652
v 0.576333 0.336446 0.905652
v 0.735535 0.612192 0.905652
v 0.716333 0.721093 0.905652
v 0.17322 0.816858 -0.903476
v 0.25793 0.887938 -0.903476
v 0.11793 0.503292 -0.903476
v 0.361841 0.298626 -0.903476
v 0.361841 0.925759 -0.903476
v 0.472422 0.925759 -0.903476
v 0.472422 0.298626 -0.903476
v 0.576333 0.336447 -0.903476
v 0.661043 0.407526 -0.903476
v 0.716333 0.503292 -0.903476
v 0.735535 0.612192 -0.903476
v 0.576333 0.887938 -0.903476
v 0.674907 0.828491 0.894794
v 0.585382 0.903611 0.894794
v 0.683225 0.835471 0.876696
v 0.590811 0.913015 0.876696
v 0.683225 0.835471 0.876696
v 0.590811 0.913015 0.876696
v 0.475564 0.943581 0.894794
v 0.47745 0.954275 0.876696
v 0.47745 0.954275 0.876696
v 0.674907 0.828491 -0.892617
v 0.733339 0.727283 -0.892617
v 0.683225 0.835471 -0.87452
v 0.743543 0.730997 -0.87452
v 0.683225 0.835471 -0.87452
v 0.743543 0.730997 -0.87452
v 0.674907 0.395893 0.894794
v 0.73334 0.497102 0.894794
v 0.683225 0.388913 0.876696
v 0.743544 0.493388 0.876696
v 0.683225 0.388913 0.876696
v 0.743544 0.493388 0.876696
v 0.248881 0.320773 0.894794
v 0.358699 0.280803 0.894794
v 0.243451 0.311369 0.876696
v 0.356813 0.270109 0.876696
v 0.243451 0.311369 0.876696
v 0.356813 0.270109 0.876696
v 0.248881 0.320773 -0.892617
v 0.159356 0.395893 -0.892617
v 0.243451 0.311369 -0.87452
v 0.151038 0.388913 -0.87452
v 0.243451 0.311369 -0.87452
v 0.151038 0.388913 -0.87452
v 0.159356 0.395893 0.894794
v 0.151038 0.388913 0.876696
v 0.151038 0.388913 0.876696
v 0.08063 0.612192 -0.892617
v 0.100924 0.727282 -0.892617
v 0.069771 0.612192 -0.87452
v 0.09072 0.730996 -0.87452
v 0.069771 0.612192 -0.87452
v 0.09072 0.730996 -0.87452
v 0.358699 0.943581 0.894794
v 0.248881 0.903611 0.894794
v 0.356813 0.954275 0.876696
v 0.243451 0.913015 0.876696
v 0.356813 0.954275 0.876696
v 0.243451 0.913015 0.876696
v 0.159356 0.828491 0.894794
v 0.151038 0.835471 0.876696
v 0.151038 0.835471 0.876696
v 0.100924 0.727282 0.894794
v 0.09072 0.730996 0.876696
v 0.09072 0.730996 0.876696
v 0.08063 0.612192 0.894794
v 0.069771 0.612192 0.876696
v 0.069771 0.612192 0.876696
v 0.100924 0.497102 0.894794
v 0.09072 0.493388 0.876696
v 0.09072 0.493388 0.876696
v 0.475564 0.280803 0.894794
v 0.47745 0.270109 0.876696
v 0.585382 0.320773 0.894794
v 0.590812 0.311369 0.876696
v 0.753633 0.612192 0.894794
v 0.764492 0.612192 0.876696
v 0.764492 0.612192 0.876696
v 0.733339 0.727282 0.894794
v 0.743543 0.730996 0.876696
v 0.743543 0.730996 0.876696
v 0.159356 0.828491 -0.892617
v 0.151038 0.835471 -0.87452
v 0.151038 0.835471 -0.87452
v 0.248881 0.903611 -0.892617
v 0.243451 0.913015 -0.87452
v 0.243451 0.913015 -0.87452
v 0.100924 0.497102 -0.892617
v 0.09072 0.493388 -0.87452
v 0.09072 0.493388 -0.87452
v 0.358699 0.280803 -0.892617
v 0.356813 0.270109 -0.87452
v 0.356813 0.270109 -0.87452
v 0.358699 0.943581 -0.892617
v 0.356813 0.954275 -0.87452
v 0.356813 0.954275 -0.87452
v 0.475564 0.943581 -0.892617
v 0.47745 0.954275 -0.87452
v 0.47745 0.954275 -0.87452
v 0.475564 0.280803 -0.892617
v 0.47745 0.270109 -0.87452
v 0.585382 0.320773 -0.892617
v 0.590812 0.311369 -0.87452
v 0.674907 0.395893 -0.892617
v 0.683225 0.388913 -0.87452
v 0.683225 0.388913 -0.87452
v 0.73334 0.497102 -0.892617
v 0.743544 0.493388 -0.87452
v 0.743544 0.493388 -0.87452
v 0.753633 0.612192 -0.892617
v 0.764492 0.612192 -0.87452
v 0.764492 0.612192 -0.87452
v 0.585382 0.903611 -0.892617
v 0.590811 0.913015 -0.87452
v 0.590811 0.913015 -0.87452
v 0.397854 1.008201 0.110414
v 0.436409 1.008201 0.110414
v 0.43844 1.008201 0.121936
v 0.395823 1.008201 0.121936
v 0.472638 1.008201 0.097228
v 0.478488 1.008201 0.10736
v 0.502172 1.008201 0.072446
v 0.511135 1.008201 0.079966
v 0.528144 1.008201 0.001088
v 0.521449 1.008201 -0.03688
v 0.532444 1.008201 -0.040882
v 0.539844 1.008201 0.001088
v 0.502172 1.008201 -0.070269
v 0.511135 1.008201 -0.07779
v 0.361625 1.008201 -0.095051
v 0.332091 1.008201 -0.070269
v 0.323128 1.008201 -0.07779
v 0.355775 1.008201 -0.105184
v 0.306119 1.008201 0.001088
v 0.312814 1.008201 0.039057
v 0.301819 1.008201 0.043058
v 0.294419 1.008201 0.001088
v 0.436409 1.008201 -0.108238
v 0.397854 1.008201 -0.108238
v 0.395823 1.008201 -0.11976
v 0.43844 1.008201 -0.11976
v 0.332091 1.008201 0.072446
v 0.323128 1.008201 0.079966
v 0.361625 1.008201 0.097228
v 0.355775 1.008201 0.10736
v 0.521449 1.008201 0.039057
v 0.532444 1.008201 0.043058
v 0.472638 1.008201 -0.095051
v 0.478488 1.008201 -0.105184
v 0.312814 1.008201 -0.03688
v 0.301819 1.008201 -0.040882
v 0.306119 1.008201 0.001088
v 0.294419 1.008201 0.001088
v 0.395057 1.012612 0.12628
v 0.439206 1.012612 0.12628
v 0.439206 1.0295 0.12628
v 0.395057 1.0295 0.12628
v 0.480693 1.012612 0.11118
v 0.480693 1.0295 0.11118
v 0.514514 1.012612 0.082801
v 0.514514 1.0295 0.082801
v 0.544255 1.012612 0.001088
v 0.536588 1.012612 -0.042391
v 0.536588 1.0295 -0.042391
v 0.544255 1.0295 0.001088
v 0.514514 1.012612 -0.080625
v 0.514514 1.0295 -0.080625
v 0.35357 1.012612 -0.109004
v 0.31975 1.012612 -0.080625
v 0.31975 1.0295 -0.080625
v 0.35357 1.0295 -0.109004
v 0.290008 1.012612 0.001088
v 0.297675 1.012612 0.044567
v 0.297675 1.0295 0.044567
v 0.290008 1.0295 0.001088
v 0.439206 1.012612 -0.124104
v 0.395057 1.012612 -0.124104
v 0.395057 1.0295 -0.124104
v 0.439206 1.0295 -0.124104
v 0.31975 1.012612 0.082801
v 0.31975 1.0295 0.082801
v 0.35357 1.012612 0.11118
v 0.35357 1.0295 0.11118
v 0.536588 1.012612 0.044567
v 0.536588 1.0295 0.044567
v 0.480693 1.012612 -0.109004
v 0.480693 1.0295 -0.109004
v 0.297675 1.012612 -0.042391
v 0.297675 1.0295 -0.042391
v 0.290008 1.012612 0.001088
v 0.290008 1.0295 0.001088
v 0.395823 1.033911 0.121936
v 0.43844 1.033911 0.121936
v 0.425951 1.033911 0.051107
v 0.408312 1.033911 0.051107
v 0.478488 1.033911 0.10736
v 0.442527 1.033911 0.045074
v 0.511135 1.033911 0.079966
v 0.456039 1.033911 0.033735
v 0.539844 1.033911 0.001088
v 0.532444 1.033911 -0.040882
v 0.464859 1.033911 -0.016283
v 0.467922 1.033911 0.001088
v 0.511135 1.033911 -0.07779
v 0.456039 1.033911 -0.031559
v 0.355775 1.033911 -0.105184
v 0.323128 1.033911 -0.07779
v 0.378224 1.033911 -0.031559
v 0.391737 1.033911 -0.042897
v 0.294419 1.033911 0.001088
v 0.301819 1.033911 0.043058
v 0.369405 1.033911 0.018459
v 0.366342 1.033911 0.001088
v 0.43844 1.033911 -0.11976
v 0.395823 1.033911 -0.11976
v 0.408312 1.033911 -0.04893
v 0.425951 1.033911 -0.04893
v 0.323128 1.033911 0.079966
v 0.378224 1.033911 0.033735
v 0.355775 1.033911 0.10736
v 0.391737 1.033911 0.045074
v 0.532444 1.033911 0.043058
v 0.464859 1.033911 0.018459
v 0.478488 1.033911 -0.105184
v 0.442527 1.033911 -0.042897
v 0.301819 1.033911 -0.040882
v 0.369405 1.033911 -0.016283
v 0.294419 1.033911 0.001088
v 0.366342 1.033911 0.001088
v 0.408312 1.033911 0.051107
v 0.425951 1.033911 0.051107
v 0.425517 1.057186 0.048646
v 0.408746 1.057186 0.048646
v 0.442527 1.033911 0.045074
v 0.441277 1.057186 0.04291
v 0.456039 1.033911 0.033735
v 0.454125 1.057186 0.032129
v 0.467922 1.033911 0.001088
v 0.464859 1.033911 -0.016283
v 0.46251 1.057186 -0.015428
v 0.465423 1.057186 0.001088
v 0.456039 1.033911 -0.031559
v 0.454125 1.057186 -0.029953
v 0.391737 1.033911 -0.042897
v 0.378224 1.033911 -0.031559
v 0.380138 1.057186 -0.029953
v 0.392986 1.057186 -0.040733
v 0.366342 1.033911 0.001088
v 0.369405 1.033911 0.018459
v 0.371753 1.057186 0.017605
v 0.36884 1.057186 0.001088
v 0.425951 1.033911 -0.04893
v 0.408312 1.033911 -0.04893
v 0.408746 1.057186 -0.046469
v 0.425517 1.057186 -0.046469
v 0.378224 1.033911 0.033735
v 0.380138 1.057186 0.032129
v 0.391737 1.033911 0.045074
v 0.392986 1.057186 0.04291
v 0.464859 1.033911 0.018459
v 0.46251 1.057186 0.017605
v 0.442527 1.033911 -0.042897
v 0.441277 1.057186 -0.040733
v 0.369405 1.033911 -0.016283
v 0.371753 1.057186 -0.015428
v 0.366342 1.033911 0.001088
v 0.36884 1.057186 0.001088
v 0.423663 1.072712 0.038133
v 0.4106 1.072712 0.038133
v 0.43594 1.072712 0.033665
v 0.445947 1.072712 0.025267
v 0.452479 1.072712 -0.011777
v 0.454748 1.072712 0.001088
v 0.445947 1.072712 -0.023091
v 0.388316 1.072712 -0.023091
v 0.398324 1.072712 -0.031489
v 0.381784 1.072712 0.013954
v 0.379515 1.072712 0.001088
v 0.4106 1.072712 -0.035957
v 0.423664 1.072712 -0.035957
v 0.388316 1.072712 0.025267
v 0.398323 1.072712 0.033665
v 0.452479 1.072712 0.013954
v 0.43594 1.072712 -0.031489
v 0.381784 1.072712 -0.011777
v 0.379515 1.072712 0.001088
v 0.421628 1.083069 0.026589
v 0.412635 1.083069 0.026589
v 0.430079 1.083069 0.023514
v 0.436968 1.083069 0.017733
v 0.441465 1.083069 -0.007768
v 0.443026 1.083069 0.001088
v 0.436968 1.083069 -0.015557
v 0.397295 1.083069 -0.015557
v 0.404184 1.083069 -0.021337
v 0.392799 1.083069 0.009945
v 0.391237 1.083069 0.001088
v 0.412635 1.083069 -0.024413
v 0.421628 1.083069 -0.024413
v 0.397295 1.083069 0.017733
v 0.404184 1.083069 0.023514
v 0.441465 1.083069 0.009945
v 0.430079 1.083069 -0.021337
v 0.392799 1.083069 -0.007768
v 0.391237 1.083069 0.001088
v 0.420267 1.087883 0.01887
v 0.413996 1.087883 0.01887
v 0.426159 1.087883 0.016725
v 0.430963 1.087883 0.012694
v 0.434098 1.087883 -0.005087
v 0.435187 1.087883 0.001088
v 0.430963 1.087883 -0.010518
v 0.4033 1.087883 -0.010518
v 0.408104 1.087883 -0.014549
v 0.400165 1.087883 0.007264
v 0.399076 1.087883 0.001088
v 0.413996 1.087883 -0.016693
v 0.420267 1.087883 -0.016693
v 0.4033 1.087883 0.012694
v 0.408104 1.087883 0.016725
v 0.434098 1.087883 0.007264
v 0.426159 1.087883 -0.014549
v 0.400165 1.087883 -0.005087
v 0.399076 1.087883 0.001088
v 0.419246 1.089544 0.013078
v 0.423219 1.089544 0.011632
v 0.417132 1.089544 0.001088
v 0.415017 1.089544 0.013078
v 0.426458 1.089544 0.008914
v 0.428573 1.089544 0.005252
v 0.426458 1.089544 -0.006738
v 0.423219 1.089544 -0.009456
v 0.428573 1.089544 -0.003076
v 0.407805 1.089544 -0.006738
v 0.405691 1.089544 -0.003076
v 0.411044 1.089544 -0.009456
v 0.415017 1.089544 -0.010902
v 0.419246 1.089544 -0.010902
v 0.407805 1.089544 0.008914
v 0.411044 1.089544 0.011632
v 0.405691 1.089544 0.005252
v 0.429307 1.089544 0.001088
v 0.404956 1.089544 0.001088
v 0.43844 1.008201 0.121936
v 0.395823 1.008201 0.121936
v 0.478488 1.008201 0.10736
v 0.511135 1.008201 0.079966
v 0.532444 1.008201 -0.040882
v 0.539844 1.008201 0.001088
v 0.511135 1.008201 -0.07779
v 0.323128 1.008201 -0.07779
v 0.355775 1.008201 -0.105184
v 0.301819 1.008201 0.043058
v 0.294419 1.008201 0.001088
v 0.395823 1.008201 -0.11976
v 0.43844 1.008201 -0.11976
v 0.323128 1.008201 0.079966
v 0.355775 1.008201 0.10736
v 0.532444 1.008201 0.043058
v 0.478488 1.008201 -0.105184
v 0.301819 1.008201 -0.040882
v 0.294419 1.008201 0.001088
v 0.43844 1.033911 0.121936
v 0.395823 1.033911 0.121936
v 0.478488 1.033911 0.10736
v 0.511135 1.033911 0.079966
v 0.532444 1.033911 -0.040882
v 0.539844 1.033911 0.001088
v 0.511135 1.033911 -0.07779
v 0.323128 1.033911 -0.07779
v 0.355775 1.033911 -0.105184
v 0.301819 1.033911 0.043058
v 0.294419 1.033911 0.001088
v 0.395823 1.033911 -0.11976
v 0.43844 1.033911 -0.11976
v 0.323128 1.033911 0.079966
v 0.355775 1.033911 0.10736
v 0.532444 1.033911 0.043058
v 0.478488 1.033911 -0.105184
v 0.301819 1.033911 -0.040882
v 0.294419 1.033911 0.001088
v 0.397854 0.95784 0.110414
v 0.397854 0.95784 -0.108238
v -0.445595 0.23199 0.937225
v -0.439051 0.249967 0.937225
v -0.439051 0.249968 0.934525
v -0.445595 0.23199 0.934525
v -0.422483 0.259533 0.937225
v -0.422483 0.259533 0.934525
v -0.403643 0.256211 0.937225
v -0.403643 0.256211 0.934525
v -0.391346 0.241556 0.937225
v -0.391346 0.241556 0.934525
v -0.391346 0.222425 0.937225
v -0.391346 0.222425 0.934525
v -0.403643 0.207769 0.937225
v -0.403643 0.207769 0.934525
v -0.422484 0.204447 0.937225
v -0.422484 0.204447 0.934525
v -0.439052 0.214013 0.937225
v -0.439052 0.214013 0.934525
v -0.445595 0.23199 0.937225
v -0.445595 0.23199 0.934525
v -0.439876 0.23199 0.938832
v -0.439876 0.23199 0.969324
v -0.434671 0.246291 0.969324
v -0.434671 0.246291 0.938832
v -0.42149 0.253901 0.969324
v -0.42149 0.253901 0.938832
v -0.406502 0.251258 0.969324
v -0.406502 0.251258 0.938832
v -0.39672 0.2396 0.969324
v -0.39672 0.2396 0.938832
v -0.39672 0.224381 0.969324
v -0.39672 0.224381 0.938832
v -0.406502 0.212722 0.969324
v -0.406502 0.212722 0.938832
v -0.42149 0.210079 0.969324
v -0.42149 0.210079 0.938832
v -0.434671 0.217689 0.969324
v -0.434671 0.217689 0.938832
v -0.439876 0.23199 0.969324
v -0.439876 0.23199 0.938832
v -0.417627 0.23199 0.932918
v -0.437821 0.248935 0.932918
v -0.422204 0.257951 0.932918
v -0.404446 0.25482 0.932918
v -0.392856 0.241006 0.932918
v -0.392856 0.222974 0.932918
v -0.404446 0.209161 0.932918
v -0.422204 0.20603 0.932918
v -0.437821 0.215046 0.932918
v -0.437821 0.215046 0.932918
v -0.443988 0.23199 0.932918
v -0.434671 0.246291 0.938832
v -0.437821 0.248935 0.938832
v -0.443988 0.23199 0.938832
v -0.439876 0.23199 0.938832
v -0.439876 0.23199 0.938832
v -0.443988 0.23199 0.938832
v -0.437821 0.215046 0.938832
v -0.434671 0.217689 0.938832
v -0.434671 0.217689 0.938832
v -0.422205 0.20603 0.938832
v -0.42149 0.210079 0.938832
v -0.42149 0.210079 0.938832
v -0.404446 0.209161 0.938832
v -0.406502 0.212722 0.938832
v -0.406502 0.212722 0.938832
v -0.392856 0.222974 0.938832
v -0.39672 0.224381 0.938832
v -0.39672 0.224381 0.938832
v -0.392856 0.241006 0.938832
v -0.39672 0.2396 0.938832
v -0.39672 0.2396 0.938832
v -0.404446 0.25482 0.938832
v -0.406502 0.251258 0.938832
v -0.406502 0.251258 0.938832
v -0.422204 0.257951 0.938832
v -0.42149 0.253901 0.938832
v -0.42149 0.253901 0.938832
v -0.434671 0.246291 0.938832
v -0.438269 0.23199 0.970931
v -0.417627 0.23199 0.970931
v -0.43344 0.245259 0.970931
v -0.407306 0.249867 0.970931
v -0.421211 0.252319 0.970931
v -0.39823 0.22493 0.970931
v -0.39823 0.23905 0.970931
v -0.421211 0.211661 0.970931
v -0.407306 0.214113 0.970931
v -0.43344 0.218722 0.970931
v -0.438269 0.23199 0.970931
v -0.43344 0.245259 0.970931
v -0.421211 0.252319 0.970931
v -0.407306 0.249867 0.970931
v -0.39823 0.23905 0.970931
v -0.39823 0.22493 0.970931
v -0.407306 0.214113 0.970931
v -0.421211 0.211661 0.970931
v -0.43344 0.218722 0.970931
v -0.438269 0.23199 0.970931
v -0.437821 0.248935 0.932918
v -0.443988 0.23199 0.932918
v -0.422204 0.257951 0.932918
v -0.404446 0.25482 0.932918
v -0.392856 0.241006 0.932918
v -0.392856 0.222974 0.932918
v -0.404446 0.209161 0.932918
v -0.422204 0.20603 0.932918
v -0.437821 0.215046 0.932918
v -0.443988 0.23199 0.932918
v -0.443988 0.23199 0.938832
v -0.437821 0.248935 0.938832
v -0.437821 0.215046 0.938832
v -0.443988 0.23199 0.938832
v -0.422205 0.20603 0.938832
v -0.404446 0.209161 0.938832
v -0.392856 0.222974 0.938832
v -0.392856 0.241006 0.938832
v -0.404446 0.25482 0.938832
v -0.422204 0.257951 0.938832
vt 0.5487 0.9415
vt 0.9995 0.9415
vt 0.9995 0.923
vt 0.5487 0.9231
vt 0.0053 0.9886
vt 0.5487 0.9884
vt 0.5487 0.97
vt 0.0053 0.9698
vt 0.5487 0.9884
vt 0.9995 0.9884
vt 0.9995 0.9699
vt 0.5487 0.97
vt 0.0053 0.9417
vt 0.5487 0.9415
vt 0.5487 0.9231
vt 0.0053 0.9229
vt 0.5487 0.9415
vt 0.0053 0.9417
vt 0.0176 0.9526
vt 0.5487 0.9523
vt 0.9995 0.9884
vt 0.5487 0.9884
vt 0.5487 0.9992
vt 0.9871 0.9992
vt 0.0053 0.9886
vt 0.0176 0.9995
vt 0.9995 0.9415
vt 0.9871 0.9523
vt 0.5487 0.9231
vt 0.9995 0.923
vt 0.9871 0.9123
vt 0.5487 0.9123
vt 0.0053 0.9698
vt 0.5487 0.97
vt 0.5487 0.9592
vt 0.0176 0.9588
vt 0.9995 0.9699
vt 0.9871 0.9591
vt 0.0053 0.9229
vt 0.0176 0.912
vt 0.0053 0.8115
vt 0.0053 0.83
vt 0.4366 0.83
vt 0.4366 0.8115
vt 0.0053 0.862
vt 0.0053 0.8805
vt 0.529 0.8805
vt 0.529 0.862
vt 0.0053 0.8367
vt 0.0053 0.8552
vt 0.4366 0.8552
vt 0.4366 0.8367
vt 0.0053 0.8872
vt 0.0053 0.9057
vt 0.529 0.9057
vt 0.529 0.8872
vt 0.0515 0.1445
vt 0.0515 0.1276
vt 0.0807 0.1276
vt 0.0807 0.1444
vt 0.0465 0.1445
vt 0.0173 0.1445
vt 0.0173 0.1277
vt 0.0465 0.1277
vt 0.0515 0.1445
vt 0.0465 0.1445
vt 0.0465 0.1277
vt 0.0515 0.1276
vt 0.0515 0.1276
vt 0.0515 0.1226
vt 0.0807 0.1226
vt 0.0807 0.1276
vt 0.0807 0.1276
vt 0.0857 0.1276
vt 0.0857 0.1444
vt 0.0807 0.1444
vt 0.0807 0.1444
vt 0.0807 0.1495
vt 0.0515 0.1495
vt 0.0515 0.1445
vt 0.0815 0.2208
vt 0.0815 0.204
vt 0.1107 0.204
vt 0.1107 0.2208
vt 0.0765 0.2208
vt 0.0473 0.2208
vt 0.0473 0.204
vt 0.0765 0.204
vt 0.0815 0.2208
vt 0.0765 0.2208
vt 0.0765 0.204
vt 0.0815 0.204
vt 0.0815 0.204
vt 0.0815 0.199
vt 0.1107 0.199
vt 0.1107 0.204
vt 0.1107 0.204
vt 0.1157 0.204
vt 0.1157 0.2208
vt 0.1107 0.2208
vt 0.1107 0.2208
vt 0.1107 0.2258
vt 0.0815 0.2258
vt 0.0815 0.2208
vt 0.5973 0.8949
vt 0.6512 0.8949
vt 0.6512 0.8639
vt 0.5973 0.8639
vt 0.5881 0.895
vt 0.5881 0.8639
vt 0.5342 0.864
vt 0.5342 0.895
vt 0.5973 0.8949
vt 0.5973 0.8639
vt 0.5881 0.8639
vt 0.5881 0.895
vt 0.5973 0.8639
vt 0.6512 0.8639
vt 0.6512 0.8547
vt 0.5973 0.8547
vt 0.6512 0.8639
vt 0.6512 0.8949
vt 0.6604 0.8949
vt 0.6604 0.8639
vt 0.6512 0.8949
vt 0.5973 0.8949
vt 0.5973 0.9042
vt 0.6512 0.9042
vt 0.0815 0.1938
vt 0.1107 0.1938
vt 0.1107 0.177
vt 0.0815 0.177
vt 0.0765 0.1938
vt 0.0765 0.177
vt 0.0473 0.177
vt 0.0473 0.1938
vt 0.0815 0.1938
vt 0.0815 0.177
vt 0.0765 0.177
vt 0.0765 0.1938
vt 0.0815 0.177
vt 0.1107 0.177
vt 0.1107 0.172
vt 0.0815 0.172
vt 0.1107 0.177
vt 0.1107 0.1938
vt 0.1157 0.1938
vt 0.1157 0.177
vt 0.1107 0.1938
vt 0.0815 0.1938
vt 0.0815 0.1988
vt 0.1107 0.1988
vt 0.0815 0.1668
vt 0.1107 0.1668
vt 0.1107 0.1499
vt 0.0815 0.15
vt 0.0765 0.1668
vt 0.0765 0.15
vt 0.0473 0.15
vt 0.0473 0.1668
vt 0.0815 0.1668
vt 0.0815 0.15
vt 0.0765 0.15
vt 0.0765 0.1668
vt 0.0815 0.15
vt 0.1107 0.1499
vt 0.1107 0.1449
vt 0.0815 0.1449
vt 0.1107 0.1499
vt 0.1107 0.1668
vt 0.1157 0.1667
vt 0.1157 0.1499
vt 0.1107 0.1668
vt 0.0815 0.1668
vt 0.0815 0.1718
vt 0.1107 0.1718
vt 0.5973 0.8949
vt 0.6512 0.8949
vt 0.6512 0.8639
vt 0.5973 0.8639
vt 0.5881 0.895
vt 0.5881 0.8639
vt 0.5342 0.864
vt 0.5342 0.895
vt 0.5973 0.8949
vt 0.5973 0.8639
vt 0.5881 0.8639
vt 0.5881 0.895
vt 0.5973 0.8639
vt 0.6512 0.8639
vt 0.6512 0.8547
vt 0.5973 0.8547
vt 0.6512 0.8639
vt 0.6512 0.8949
vt 0.6604 0.8949
vt 0.6604 0.8639
vt 0.6512 0.8949
vt 0.5973 0.8949
vt 0.5973 0.9042
vt 0.6512 0.9042
vt 0.6587 0.7507
vt 0.6587 0.7667
vt 0.1816 0.7667
vt 0.1816 0.7507
vt 0.6587 0.791
vt 0.1816 0.791
vt 0.1816 0.775
vt 0.6587 0.775
vt 0.6615 0.7939
vt 0.1816 0.7939
vt 0.1816 0.7994
vt 0.6615 0.7994
vt 0.1816 0.7667
vt 0.6587 0.7667
vt 0.6587 0.775
vt 0.1816 0.775
vt 0.6587 0.7507
vt 0.1816 0.7507
vt 0.1816 0.7667
vt 0.6587 0.7667
vt 0.6587 0.791
vt 0.6587 0.775
vt 0.1816 0.775
vt 0.1816 0.791
vt 0.6615 0.7939
vt 0.6615 0.7994
vt 0.1816 0.7994
vt 0.1816 0.7939
vt 0.1816 0.7667
vt 0.1816 0.775
vt 0.6587 0.775
vt 0.6587 0.7667
vt 0.0577 0.2657
vt 0.0581 0.7875
vt 0.076 0.7874
vt 0.0756 0.2657
vt 0.1028 0.2592
vt 0.0849 0.2592
vt 0.0853 0.7939
vt 0.1032 0.7939
vt 0.1028 0.2592
vt 0.1032 0.7939
vt 0.1125 0.7874
vt 0.1121 0.2657
vt 0.0581 0.7966
vt 0.0581 0.7994
vt 0.076 0.7994
vt 0.076 0.7966
vt 0.0853 0.7939
vt 0.0849 0.2592
vt 0.0756 0.2657
vt 0.076 0.7874
vt 0.0756 0.2566
vt 0.0756 0.2538
vt 0.0577 0.2538
vt 0.0577 0.2566
vt 0.0581 0.7875
vt 0.076 0.7874
vt 0.0756 0.2657
vt 0.0577 0.2657
vt 0.106 0.7939
vt 0.0825 0.7939
vt 0.0821 0.2592
vt 0.1056 0.2592
vt 0.0577 0.2657
vt 0.0581 0.7875
vt 0.076 0.7874
vt 0.0756 0.2657
vt 0.1028 0.2592
vt 0.0849 0.2592
vt 0.0853 0.7939
vt 0.1032 0.7939
vt 0.1028 0.2592
vt 0.1032 0.7939
vt 0.1125 0.7874
vt 0.1121 0.2657
vt 0.0581 0.7966
vt 0.0581 0.7994
vt 0.076 0.7994
vt 0.076 0.7966
vt 0.0853 0.7939
vt 0.0849 0.2592
vt 0.0756 0.2657
vt 0.076 0.7874
vt 0.0756 0.2566
vt 0.0756 0.2538
vt 0.0577 0.2538
vt 0.0577 0.2566
vt 0.0581 0.7875
vt 0.076 0.7874
vt 0.0756 0.2657
vt 0.0577 0.2657
vt 0.106 0.7939
vt 0.0825 0.7939
vt 0.0821 0.2592
vt 0.1056 0.2592
vt 0.0577 0.2657
vt 0.0756 0.2657
vt 0.076 0.7874
vt 0.0581 0.7875
vt 0.1028 0.2592
vt 0.1032 0.7939
vt 0.0853 0.7939
vt 0.0849 0.2592
vt 0.1125 0.7874
vt 0.1032 0.7939
vt 0.1028 0.2592
vt 0.1121 0.2657
vt 0.0581 0.7966
vt 0.076 0.7966
vt 0.076 0.7994
vt 0.0581 0.7994
vt 0.0756 0.2657
vt 0.0849 0.2592
vt 0.0853 0.7939
vt 0.076 0.7874
vt 0.0756 0.2566
vt 0.0577 0.2566
vt 0.0577 0.2538
vt 0.0756 0.2538
vt 0.0581 0.7875
vt 0.076 0.7874
vt 0.0756 0.2657
vt 0.0577 0.2657
vt 0.106 0.7939
vt 0.0825 0.7939
vt 0.0821 0.2592
vt 0.1056 0.2592
vt 0.0577 0.2657
vt 0.0756 0.2657
vt 0.076 0.7874
vt 0.0581 0.7875
vt 0.1028 0.2592
vt 0.1032 0.7939
vt 0.0853 0.7939
vt 0.0849 0.2592
vt 0.1125 0.7874
vt 0.1032 0.7939
vt 0.1028 0.2592
vt 0.1121 0.2657
vt 0.0581 0.7966
vt 0.076 0.7966
vt 0.076 0.7994
vt 0.0581 0.7994
vt 0.0756 0.2657
vt 0.0849 0.2592
vt 0.0853 0.7939
vt 0.076 0.7874
vt 0.0756 0.2566
vt 0.0577 0.2566
vt 0.0577 0.2538
vt 0.0756 0.2538
vt 0.0581 0.7875
vt 0.076 0.7874
vt 0.0756 0.2657
vt 0.0577 0.2657
vt 0.106 0.7939
vt 0.0825 0.7939
vt 0.0821 0.2592
vt 0.1056 0.2592
vt 0.0577 0.2657
vt 0.0756 0.2657
vt 0.076 0.7874
vt 0.0581 0.7875
vt 0.1028 0.2592
vt 0.1032 0.7939
vt 0.0853 0.7939
vt 0.0849 0.2592
vt 0.1125 0.7874
vt 0.1032 0.7939
vt 0.1028 0.2592
vt 0.1121 0.2657
vt 0.0581 0.7966
vt 0.076 0.7966
vt 0.076 0.7994
vt 0.0581 0.7994
vt 0.0756 0.2657
vt 0.0849 0.2592
vt 0.0853 0.7939
vt 0.076 0.7874
vt 0.0756 0.2566
vt 0.0577 0.2566
vt 0.0577 0.2538
vt 0.0756 0.2538
vt 0.0581 0.7875
vt 0.076 0.7874
vt 0.0756 0.2657
vt 0.0577 0.2657
vt 0.106 0.7939
vt 0.0825 0.7939
vt 0.0821 0.2592
vt 0.1056 0.2592
vt 0.7079 0.8529
vt 0.7083 0.8506
vt 0.5874 0.8506
vt 0.5873 0.8529
vt 0.7082 0.8482
vt 0.5874 0.8482
vt 0.7082 0.8458
vt 0.5874 0.8458
vt 0.7082 0.8435
vt 0.5874 0.8435
vt 0.7082 0.8411
vt 0.5874 0.8411
vt 0.7082 0.8387
vt 0.5874 0.8387
vt 0.7082 0.8364
vt 0.5874 0.8364
vt 0.7082 0.834
vt 0.5874 0.834
vt 0.7082 0.8316
vt 0.5874 0.8316
vt 0.7082 0.8293
vt 0.5874 0.8293
vt 0.7079 0.8529
vt 0.7086 0.855
vt 0.7116 0.8527
vt 0.7083 0.8506
vt 0.7105 0.8564
vt 0.7128 0.8564
vt 0.7147 0.855
vt 0.7155 0.8527
vt 0.7147 0.8505
vt 0.7128 0.8491
vt 0.7103 0.8491
vt 0.7079 0.8529
vt 0.7083 0.8506
vt 0.5874 0.8506
vt 0.5873 0.8529
vt 0.7082 0.8482
vt 0.5874 0.8482
vt 0.7082 0.8458
vt 0.5874 0.8458
vt 0.7082 0.8435
vt 0.5874 0.8435
vt 0.7082 0.8411
vt 0.5874 0.8411
vt 0.7082 0.8387
vt 0.5874 0.8387
vt 0.7082 0.8364
vt 0.5874 0.8364
vt 0.7082 0.834
vt 0.5874 0.834
vt 0.7082 0.8316
vt 0.5874 0.8316
vt 0.7082 0.8293
vt 0.5874 0.8293
vt 0.7079 0.8529
vt 0.7086 0.855
vt 0.7116 0.8527
vt 0.7083 0.8506
vt 0.7105 0.8564
vt 0.7128 0.8564
vt 0.7147 0.855
vt 0.7155 0.8527
vt 0.7147 0.8505
vt 0.7128 0.8491
vt 0.7103 0.8491
vt 0.5595 0.8558
vt 0.4389 0.8559
vt 0.4389 0.8535
vt 0.5598 0.8535
vt 0.439 0.8512
vt 0.5598 0.8512
vt 0.439 0.8488
vt 0.5598 0.8488
vt 0.439 0.8464
vt 0.5598 0.8464
vt 0.439 0.8441
vt 0.5598 0.8441
vt 0.439 0.8417
vt 0.5598 0.8417
vt 0.439 0.8393
vt 0.5598 0.8393
vt 0.439 0.837
vt 0.5598 0.837
vt 0.439 0.8346
vt 0.5598 0.8346
vt 0.439 0.8322
vt 0.5598 0.8322
vt 0.5632 0.8557
vt 0.5601 0.858
vt 0.5595 0.8558
vt 0.5598 0.8535
vt 0.5644 0.8593
vt 0.562 0.8593
vt 0.567 0.8557
vt 0.5663 0.8579
vt 0.5643 0.852
vt 0.5663 0.8534
vt 0.5619 0.8521
vt 0.5762 0.8282
vt 0.5765 0.8259
vt 0.4556 0.8259
vt 0.4556 0.8282
vt 0.5765 0.8235
vt 0.4556 0.8235
vt 0.5765 0.8211
vt 0.4557 0.8211
vt 0.5765 0.8188
vt 0.4557 0.8188
vt 0.5765 0.8164
vt 0.4557 0.8164
vt 0.5765 0.814
vt 0.4557 0.814
vt 0.5765 0.8117
vt 0.4557 0.8117
vt 0.5765 0.8093
vt 0.4557 0.8093
vt 0.5765 0.8069
vt 0.4557 0.8069
vt 0.5765 0.8046
vt 0.4557 0.8046
vt 0.5762 0.8282
vt 0.5768 0.8303
vt 0.5798 0.828
vt 0.5765 0.8259
vt 0.5787 0.8317
vt 0.581 0.8317
vt 0.5829 0.8303
vt 0.5837 0.828
vt 0.5829 0.8258
vt 0.581 0.8244
vt 0.5785 0.8244
vt 0.5762 0.8282
vt 0.5765 0.8259
vt 0.4556 0.8259
vt 0.4556 0.8282
vt 0.5765 0.8235
vt 0.4556 0.8235
vt 0.5765 0.8211
vt 0.4557 0.8211
vt 0.5765 0.8188
vt 0.4557 0.8188
vt 0.5765 0.8164
vt 0.4557 0.8164
vt 0.5765 0.814
vt 0.4557 0.814
vt 0.5765 0.8117
vt 0.4557 0.8117
vt 0.5765 0.8093
vt 0.4557 0.8093
vt 0.5765 0.8069
vt 0.4557 0.8069
vt 0.5765 0.8046
vt 0.4557 0.8046
vt 0.5762 0.8282
vt 0.5768 0.8303
vt 0.5798 0.828
vt 0.5765 0.8259
vt 0.5787 0.8317
vt 0.581 0.8317
vt 0.5829 0.8303
vt 0.5837 0.828
vt 0.5829 0.8258
vt 0.581 0.8244
vt 0.5785 0.8244
vt 0.5595 0.8558
vt 0.4389 0.8559
vt 0.4389 0.8535
vt 0.5598 0.8535
vt 0.439 0.8512
vt 0.5598 0.8512
vt 0.439 0.8488
vt 0.5598 0.8488
vt 0.439 0.8464
vt 0.5598 0.8464
vt 0.439 0.8441
vt 0.5598 0.8441
vt 0.439 0.8417
vt 0.5598 0.8417
vt 0.439 0.8393
vt 0.5598 0.8393
vt 0.439 0.837
vt 0.5598 0.837
vt 0.439 0.8346
vt 0.5598 0.8346
vt 0.439 0.8322
vt 0.5598 0.8322
vt 0.5632 0.8557
vt 0.5601 0.858
vt 0.5595 0.8558
vt 0.5598 0.8535
vt 0.5644 0.8593
vt 0.562 0.8593
vt 0.5663 0.8579
vt 0.5663 0.8534
vt 0.567 0.8557
vt 0.5643 0.852
vt 0.5619 0.8521
vt 0.7246 0.8252
vt 0.604 0.8253
vt 0.6041 0.8229
vt 0.725 0.8229
vt 0.6041 0.8206
vt 0.7249 0.8206
vt 0.6041 0.8182
vt 0.7249 0.8182
vt 0.6041 0.8158
vt 0.7249 0.8158
vt 0.6041 0.8135
vt 0.7249 0.8135
vt 0.6041 0.8111
vt 0.7249 0.8111
vt 0.6041 0.8087
vt 0.7249 0.8087
vt 0.6041 0.8064
vt 0.7249 0.8064
vt 0.6041 0.804
vt 0.7249 0.804
vt 0.6041 0.8016
vt 0.7249 0.8016
vt 0.7283 0.8251
vt 0.7252 0.8274
vt 0.7246 0.8252
vt 0.725 0.8229
vt 0.7295 0.8287
vt 0.7271 0.8287
vt 0.7321 0.8251
vt 0.7314 0.8273
vt 0.7294 0.8214
vt 0.7314 0.8228
vt 0.727 0.8215
vt 0.7246 0.8252
vt 0.604 0.8253
vt 0.6041 0.8229
vt 0.725 0.8229
vt 0.6041 0.8206
vt 0.7249 0.8206
vt 0.6041 0.8182
vt 0.7249 0.8182
vt 0.6041 0.8158
vt 0.7249 0.8158
vt 0.6041 0.8135
vt 0.7249 0.8135
vt 0.6041 0.8111
vt 0.7249 0.8111
vt 0.6041 0.8087
vt 0.7249 0.8087
vt 0.6041 0.8064
vt 0.7249 0.8064
vt 0.6041 0.804
vt 0.7249 0.804
vt 0.6041 0.8016
vt 0.7249 0.8016
vt 0.7283 0.8251
vt 0.7271 0.8287
vt 0.7252 0.8274
vt 0.7246 0.8252
vt 0.7295 0.8287
vt 0.7321 0.8251
vt 0.7314 0.8273
vt 0.7294 0.8214
vt 0.7314 0.8228
vt 0.727 0.8215
vt 0.725 0.8229
vt 0.0559 0.7974
vt 0.0379 0.7974
vt 0.0379 0.2659
vt 0.0559 0.2659
vt 0.0277 0.2757
vt 0.0277 0.8072
vt 0.0098 0.8072
vt 0.0098 0.2757
vt 0.037 0.8072
vt 0.0277 0.8072
vt 0.0277 0.2757
vt 0.037 0.2757
vt 0.0559 0.2634
vt 0.0379 0.2634
vt 0.0379 0.2576
vt 0.0559 0.2576
vt 0.0005 0.2757
vt 0.0098 0.2757
vt 0.0098 0.8072
vt 0.0005 0.8072
vt 0.0379 0.7998
vt 0.0559 0.7998
vt 0.0559 0.8056
vt 0.0379 0.8056
vt 0.0379 0.2634
vt 0.0559 0.2634
vt 0.0559 0.7998
vt 0.0379 0.7998
vt 0.0559 0.808
vt 0.0379 0.808
vt 0.0379 0.8056
vt 0.0559 0.8056
vt 0.0379 0.2552
vt 0.0559 0.2552
vt 0.0559 0.2576
vt 0.0379 0.2576
vt 0.0022 0.274
vt 0.008 0.274
vt 0.0294 0.274
vt 0.0352 0.274
vt 0.0352 0.8089
vt 0.0294 0.8089
vt 0.008 0.8089
vt 0.0022 0.8089
vt 0.0559 0.7974
vt 0.0379 0.7974
vt 0.0379 0.2659
vt 0.0559 0.2659
vt 0.0277 0.2757
vt 0.0277 0.8072
vt 0.0098 0.8072
vt 0.0098 0.2757
vt 0.037 0.8072
vt 0.0277 0.8072
vt 0.0277 0.2757
vt 0.037 0.2757
vt 0.0559 0.2634
vt 0.0379 0.2634
vt 0.0379 0.2576
vt 0.0559 0.2576
vt 0.0005 0.2757
vt 0.0098 0.2757
vt 0.0098 0.8072
vt 0.0005 0.8072
vt 0.0379 0.7998
vt 0.0559 0.7998
vt 0.0559 0.8056
vt 0.0379 0.8056
vt 0.0379 0.2634
vt 0.0559 0.2634
vt 0.0559 0.7998
vt 0.0379 0.7998
vt 0.0559 0.808
vt 0.0379 0.808
vt 0.0379 0.8056
vt 0.0559 0.8056
vt 0.0379 0.2552
vt 0.0559 0.2552
vt 0.0559 0.2576
vt 0.0379 0.2576
vt 0.0022 0.274
vt 0.008 0.274
vt 0.0294 0.274
vt 0.0352 0.274
vt 0.0352 0.8089
vt 0.0294 0.8089
vt 0.008 0.8089
vt 0.0022 0.8089
vt 0.0559 0.7974
vt 0.0559 0.2659
vt 0.0379 0.2659
vt 0.0379 0.7974
vt 0.0277 0.2757
vt 0.0098 0.2757
vt 0.0098 0.8072
vt 0.0277 0.8072
vt 0.0277 0.2757
vt 0.0277 0.8072
vt 0.037 0.8072
vt 0.037 0.2757
vt 0.0559 0.2634
vt 0.0559 0.2576
vt 0.0379 0.2576
vt 0.0379 0.2634
vt 0.0098 0.8072
vt 0.0098 0.2757
vt 0.0005 0.2757
vt 0.0005 0.8072
vt 0.0379 0.7998
vt 0.0379 0.8056
vt 0.0559 0.8056
vt 0.0559 0.7998
vt 0.0559 0.2634
vt 0.0379 0.2634
vt 0.0379 0.7998
vt 0.0559 0.7998
vt 0.0559 0.808
vt 0.0559 0.8056
vt 0.0379 0.8056
vt 0.0379 0.808
vt 0.0379 0.2552
vt 0.0379 0.2576
vt 0.0559 0.2576
vt 0.0559 0.2552
vt 0.008 0.274
vt 0.0022 0.274
vt 0.0352 0.274
vt 0.0294 0.274
vt 0.0294 0.8089
vt 0.0352 0.8089
vt 0.0022 0.8089
vt 0.008 0.8089
vt 0.0559 0.7974
vt 0.0559 0.2659
vt 0.0379 0.2659
vt 0.0379 0.7974
vt 0.0277 0.2757
vt 0.0098 0.2757
vt 0.0098 0.8072
vt 0.0277 0.8072
vt 0.0277 0.2757
vt 0.0277 0.8072
vt 0.037 0.8072
vt 0.037 0.2757
vt 0.0559 0.2634
vt 0.0559 0.2576
vt 0.0379 0.2576
vt 0.0379 0.2634
vt 0.0098 0.8072
vt 0.0098 0.2757
vt 0.0005 0.2757
vt 0.0005 0.8072
vt 0.0379 0.7998
vt 0.0379 0.8056
vt 0.0559 0.8056
vt 0.0559 0.7998
vt 0.0559 0.2634
vt 0.0379 0.2634
vt 0.0379 0.7998
vt 0.0559 0.7998
vt 0.0559 0.808
vt 0.0559 0.8056
vt 0.0379 0.8056
vt 0.0379 0.808
vt 0.0379 0.2552
vt 0.0379 0.2576
vt 0.0559 0.2576
vt 0.0559 0.2552
vt 0.008 0.274
vt 0.0022 0.274
vt 0.0352 0.274
vt 0.0294 0.274
vt 0.0294 0.8089
vt 0.0352 0.8089
vt 0.0022 0.8089
vt 0.008 0.8089
vt 0.678 0.799
vt 0.675 0.7989
vt 0.6753 0.7863
vt 0.6784 0.7864
vt 0.672 0.7988
vt 0.6723 0.7862
vt 0.6689 0.7987
vt 0.6692 0.7862
vt 0.6659 0.7987
vt 0.6662 0.7861
vt 0.6628 0.7986
vt 0.6632 0.786
vt 0.6932 0.7994
vt 0.6902 0.7993
vt 0.6905 0.7867
vt 0.6936 0.7868
vt 0.6872 0.7992
vt 0.6875 0.7866
vt 0.6841 0.7991
vt 0.6844 0.7865
vt 0.6811 0.7991
vt 0.6814 0.7865
vt 0.1149 0.2786
vt 0.1179 0.2783
vt 0.1187 0.2858
vt 0.1155 0.2851
vt 0.1209 0.278
vt 0.1219 0.2879
vt 0.1239 0.2772
vt 0.1253 0.291
vt 0.1272 0.2759
vt 0.1283 0.2909
vt 0.1311 0.2751
vt 0.131 0.2908
vt 0.135 0.2759
vt 0.1336 0.2909
vt 0.1383 0.2773
vt 0.1366 0.2911
vt 0.1413 0.2781
vt 0.1401 0.288
vt 0.1443 0.2785
vt 0.1434 0.2859
vt 0.1473 0.2788
vt 0.1465 0.2854
vt 0.1162 0.2979
vt 0.1192 0.2969
vt 0.1183 0.7926
vt 0.1152 0.7925
vt 0.1223 0.2945
vt 0.1213 0.7926
vt 0.1244 0.793
vt 0.1274 0.794
vt 0.1305 0.7946
vt 0.1335 0.794
vt 0.1366 0.793
vt 0.1397 0.2945
vt 0.1396 0.7926
vt 0.1427 0.297
vt 0.1427 0.7926
vt 0.1458 0.2979
vt 0.1457 0.7926
vt 0.678 0.799
vt 0.6784 0.7864
vt 0.6753 0.7863
vt 0.675 0.7989
vt 0.6723 0.7862
vt 0.672 0.7988
vt 0.6692 0.7862
vt 0.6689 0.7987
vt 0.6662 0.7861
vt 0.6659 0.7987
vt 0.6632 0.786
vt 0.6628 0.7986
vt 0.6932 0.7994
vt 0.6936 0.7868
vt 0.6905 0.7867
vt 0.6902 0.7993
vt 0.6875 0.7866
vt 0.6872 0.7992
vt 0.6844 0.7865
vt 0.6841 0.7991
vt 0.6814 0.7865
vt 0.6811 0.7991
vt 0.1482 0.2691
vt 0.1489 0.2756
vt 0.152 0.2762
vt 0.1512 0.2687
vt 0.1553 0.2784
vt 0.1543 0.2684
vt 0.1587 0.2815
vt 0.1573 0.2677
vt 0.1617 0.2813
vt 0.1606 0.2663
vt 0.1643 0.2813
vt 0.1644 0.2656
vt 0.167 0.2813
vt 0.1683 0.2664
vt 0.17 0.2815
vt 0.1716 0.2678
vt 0.1734 0.2785
vt 0.1746 0.2686
vt 0.1767 0.2764
vt 0.1776 0.2689
vt 0.1799 0.2759
vt 0.1807 0.2693
vt 0.1495 0.2883
vt 0.1486 0.783
vt 0.1516 0.783
vt 0.1526 0.2874
vt 0.1547 0.783
vt 0.1556 0.2849
vt 0.1577 0.7834
vt 0.1608 0.7845
vt 0.1638 0.7851
vt 0.1669 0.7845
vt 0.17 0.7835
vt 0.173 0.7831
vt 0.173 0.285
vt 0.176 0.7831
vt 0.1761 0.2875
vt 0.1791 0.7831
vt 0.1791 0.2884
vt 0.0097 0.2551
vt 0.0095 0.2545
vt 0.0063 0.2587
vt 0.0068 0.2594
vt 0.0144 0.2532
vt 0.0144 0.2527
vt 0.0192 0.2547
vt 0.0195 0.2543
vt 0.0221 0.2588
vt 0.0225 0.2586
vt 0.022 0.2638
vt 0.0224 0.2639
vt 0.0188 0.2677
vt 0.019 0.268
vt 0.0139 0.2688
vt 0.0139 0.2692
vt 0.0093 0.2666
vt 0.0091 0.2671
vt 0.0067 0.2621
vt 0.0061 0.2627
vt 0.6955 0.8879
vt 0.6996 0.8879
vt 0.6997 0.8796
vt 0.6955 0.8796
vt 0.6914 0.8879
vt 0.6915 0.8796
vt 0.6874 0.8879
vt 0.6874 0.8796
vt 0.6833 0.8879
vt 0.6833 0.8796
vt 0.6792 0.8879
vt 0.6792 0.8796
vt 0.6751 0.8879
vt 0.6751 0.8796
vt 0.6711 0.8879
vt 0.671 0.8796
vt 0.667 0.8879
vt 0.6669 0.8796
vt 0.6629 0.8879
vt 0.6628 0.8796
vt 0.0147 0.261
vt 0.0144 0.2537
vt 0.0099 0.2555
vt 0.0074 0.2598
vt 0.0189 0.255
vt 0.0215 0.2636
vt 0.0217 0.2589
vt 0.0139 0.2682
vt 0.0185 0.2672
vt 0.0074 0.2617
vt 0.0095 0.2661
vt 0.0083 0.2537
vt 0.0055 0.2569
vt 0.006 0.258
vt 0.0094 0.2541
vt 0.0053 0.2644
vt 0.0078 0.2678
vt 0.0089 0.2675
vt 0.0058 0.2634
vt 0.0091 0.2688
vt 0.013 0.2703
vt 0.0139 0.2696
vt 0.0148 0.2705
vt 0.0189 0.2695
vt 0.0192 0.2683
vt 0.0204 0.2685
vt 0.0231 0.2652
vt 0.0227 0.264
vt 0.0238 0.2634
vt 0.0238 0.2592
vt 0.0228 0.2586
vt 0.0233 0.2574
vt 0.0209 0.254
vt 0.0197 0.2541
vt 0.0194 0.2529
vt 0.0154 0.2516
vt 0.0145 0.2524
vt 0.0136 0.2516
vt 0.0096 0.2529
vt 0.6994 0.8885
vt 0.6955 0.8885
vt 0.6975 0.8938
vt 0.6926 0.891
vt 0.6919 0.8948
vt 0.6938 0.8981
vt 0.6975 0.8994
vt 0.7011 0.8981
vt 0.703 0.8948
vt 0.7023 0.891
vt 0.6994 0.8885
vt 0.6955 0.8885
vt 0.6914 0.8885
vt 0.6874 0.8885
vt 0.6833 0.8885
vt 0.6792 0.8885
vt 0.6751 0.8885
vt 0.6711 0.8885
vt 0.667 0.8885
vt 0.663 0.8885
vt 0.0074 0.2598
vt 0.0099 0.2555
vt 0.0144 0.2537
vt 0.0189 0.255
vt 0.0217 0.2589
vt 0.0215 0.2636
vt 0.0185 0.2672
vt 0.0139 0.2682
vt 0.0095 0.2661
vt 0.0074 0.2617
vt 0.0094 0.2541
vt 0.006 0.258
vt 0.0058 0.2634
vt 0.0089 0.2675
vt 0.0139 0.2696
vt 0.0192 0.2683
vt 0.0227 0.264
vt 0.0228 0.2586
vt 0.0197 0.2541
vt 0.0145 0.2524
vt 0.473 0.5881
vt 0.4727 0.3106
vt 0.4528 0.3106
vt 0.4531 0.5881
vt 0.493 0.5881
vt 0.4926 0.3105
vt 0.5128 0.5887
vt 0.5124 0.3099
vt 0.2346 0.5883
vt 0.2344 0.3108
vt 0.2146 0.3108
vt 0.2147 0.5883
vt 0.2941 0.5883
vt 0.2939 0.3108
vt 0.2741 0.3108
vt 0.2742 0.5883
vt 0.3338 0.5883
vt 0.3336 0.3107
vt 0.3138 0.3107
vt 0.3139 0.5883
vt 0.3934 0.5882
vt 0.4133 0.5882
vt 0.4131 0.3107
vt 0.3932 0.3107
vt 0.4332 0.5882
vt 0.4329 0.3106
vt 0.5326 0.5879
vt 0.5321 0.3111
vt 0.5526 0.5878
vt 0.552 0.3117
vt 0.1947 0.3108
vt 0.1949 0.5883
vt 0.2544 0.5883
vt 0.2543 0.3108
vt 0.0478 0.0103
vt 0.0478 0.0262
vt 0.0356 0.029
vt 0.0356 0.0103
vt 0.06 0.0262
vt 0.06 0.0103
vt 0.0722 0.0102
vt 0.0723 0.0262
vt 0.0845 0.0102
vt 0.0845 0.0262
vt 0.1089 0.0311
vt 0.0967 0.0289
vt 0.0967 0.0102
vt 0.1089 0.0101
vt 0.1212 0.0318
vt 0.1211 0.0101
vt 0.1333 0.0101
vt 0.1334 0.031
vt 0.1455 0.01
vt 0.1456 0.0288
vt 0.1577 0.01
vt 0.1578 0.0259
vt 0.17 0.0259
vt 0.17 0.0099
vt 0.1822 0.0258
vt 0.1822 0.0099
vt 0.1945 0.0258
vt 0.1944 0.0098
vt 0.2189 0.0307
vt 0.2067 0.0285
vt 0.2066 0.0097
vt 0.2188 0.0097
vt 0.2311 0.0314
vt 0.231 0.0096
vt 0.0112 0.0321
vt 0.0111 0.0103
vt 0.0234 0.0103
vt 0.0234 0.0313
vt 0.3735 0.5882
vt 0.3725 0.4652
vt 0.3666 0.4673
vt 0.3537 0.5882
vt 0.3544 0.4652
vt 0.3494 0.4611
vt 0.3666 0.4316
vt 0.3725 0.4338
vt 0.3733 0.3107
vt 0.3776 0.4611
vt 0.3821 0.4495
vt 0.3809 0.4557
vt 0.3809 0.4433
vt 0.3776 0.4378
vt 0.3461 0.4433
vt 0.3494 0.4378
vt 0.3544 0.4338
vt 0.3535 0.3107
vt 0.3461 0.4557
vt 0.3449 0.4495
vt 0.547 0.2533
vt 0.5428 0.2058
vt 0.5268 0.2102
vt 0.5133 0.2197
vt 0.5743 0.2142
vt 0.5593 0.2072
vt 0.5861 0.2258
vt 0.5945 0.2573
vt 0.593 0.2408
vt 0.5808 0.2868
vt 0.5903 0.2732
vt 0.5513 0.3003
vt 0.5673 0.2962
vt 0.5346 0.299
vt 0.508 0.2809
vt 0.5193 0.2929
vt 0.5011 0.2659
vt 0.5039 0.2333
vt 0.4997 0.2494
vt 0.5072 0.6778
vt 0.5434 0.6469
vt 0.4988 0.6635
vt 0.4986 0.6308
vt 0.4959 0.6471
vt 0.5066 0.6163
vt 0.5346 0.6003
vt 0.5189 0.6053
vt 0.5512 0.6003
vt 0.5797 0.616
vt 0.5669 0.6056
vt 0.5912 0.6465
vt 0.5881 0.6302
vt 0.5885 0.6628
vt 0.5677 0.6879
vt 0.5803 0.6772
vt 0.5356 0.6939
vt 0.5522 0.6937
vt 0.52 0.6883
vt 0.5251 0.2065
vt 0.5104 0.2169
vt 0.5424 0.2017
vt 0.495 0.6649
vt 0.5041 0.6804
vt 0.4971 0.2671
vt 0.5047 0.2835
vt 0.5516 0.3039
vt 0.5691 0.2999
vt 0.5828 0.6134
vt 0.5689 0.6021
vt 0.5838 0.2896
vt 0.5923 0.6641
vt 0.5953 0.6464
vt 0.5767 0.2108
vt 0.5604 0.2033
vt 0.5894 0.2235
vt 0.597 0.2397
vt 0.5984 0.2576
vt 0.594 0.275
vt 0.5337 0.3024
vt 0.5166 0.2969
vt 0.4958 0.2491
vt 0.5002 0.2317
vt 0.5836 0.6798
vt 0.5698 0.6913
vt 0.592 0.6288
vt 0.5518 0.5966
vt 0.553 0.6977
vt 0.535 0.6979
vt 0.5338 0.5967
vt 0.5165 0.6014
vt 0.5034 0.6136
vt 0.4948 0.6294
vt 0.4919 0.6471
vt 0.518 0.6918
vt 0.5237 0.2035
vt 0.508 0.2146
vt 0.5222 0.2004
vt 0.5056 0.2122
vt 0.4131 0.3065
vt 0.3932 0.3065
vt 0.5421 0.1984
vt 0.5418 0.1951
vt 0.3733 0.3065
vt 0.4919 0.666
vt 0.5016 0.6826
vt 0.4888 0.6672
vt 0.4991 0.6847
vt 0.4133 0.5924
vt 0.4332 0.5923
vt 0.4939 0.2681
vt 0.5021 0.2856
vt 0.4907 0.269
vt 0.4993 0.2876
vt 0.4925 0.3063
vt 0.4727 0.3064
vt 0.5519 0.3066
vt 0.5706 0.3029
vt 0.5521 0.3092
vt 0.5719 0.3059
vt 0.2146 0.3066
vt 0.1949 0.3066
vt 0.5854 0.6112
vt 0.5705 0.5992
vt 0.5879 0.609
vt 0.5721 0.5963
vt 0.2147 0.5925
vt 0.2346 0.5925
vt 0.5862 0.292
vt 0.5886 0.2944
vt 0.2344 0.3066
vt 0.5955 0.6652
vt 0.5986 0.6464
vt 0.5987 0.6664
vt 0.602 0.6464
vt 0.2742 0.5925
vt 0.2941 0.5925
vt 0.5786 0.2081
vt 0.5612 0.2001
vt 0.5805 0.2053
vt 0.5621 0.1968
vt 0.3535 0.3065
vt 0.3336 0.3066
vt 0.5921 0.2216
vt 0.5949 0.2196
vt 0.3138 0.3066
vt 0.6003 0.2388
vt 0.6036 0.2379
vt 0.2939 0.3066
vt 0.6016 0.2579
vt 0.605 0.2581
vt 0.2741 0.3066
vt 0.5971 0.2764
vt 0.6002 0.2778
vt 0.2543 0.3066
vt 0.5329 0.3051
vt 0.5324 0.3077
vt 0.5144 0.3004
vt 0.5125 0.3043
vt 0.4926 0.2489
vt 0.4892 0.2487
vt 0.4528 0.3064
vt 0.4971 0.2303
vt 0.494 0.2289
vt 0.4329 0.3065
vt 0.5861 0.6819
vt 0.5887 0.6841
vt 0.3139 0.5924
vt 0.5715 0.6942
vt 0.5732 0.6971
vt 0.3338 0.5924
vt 0.5951 0.6276
vt 0.5983 0.6264
vt 0.2544 0.5925
vt 0.5523 0.5938
vt 0.5527 0.5909
vt 0.195 0.5925
vt 0.5536 0.7009
vt 0.5542 0.7043
vt 0.3537 0.5924
vt 0.5344 0.7012
vt 0.5339 0.7045
vt 0.3735 0.5924
vt 0.5333 0.594
vt 0.5328 0.5913
vt 0.5146 0.5979
vt 0.5129 0.594
vt 0.5009 0.6113
vt 0.4982 0.6091
vt 0.4929 0.5923
vt 0.4917 0.6282
vt 0.4885 0.6271
vt 0.473 0.5923
vt 0.4886 0.6471
vt 0.4852 0.6472
vt 0.4531 0.5923
vt 0.5164 0.6947
vt 0.5147 0.6976
vt 0.3934 0.5924
vt 0.1006 0.1116
vt 0.1037 0.1101
vt 0.1107 0.1224
vt 0.108 0.1244
vt 0.1204 0.1329
vt 0.1181 0.1354
vt 0.132 0.141
vt 0.1304 0.144
vt 0.159 0.1523
vt 0.1592 0.1489
vt 0.1734 0.1483
vt 0.174 0.1517
vt 0.1872 0.1446
vt 0.1884 0.1478
vt 0.2282 0.1056
vt 0.2249 0.1045
vt 0.2276 0.0907
vt 0.231 0.0912
vt 0.0975 0.056
vt 0.1015 0.0554
vt 0.0999 0.069
vt 0.0962 0.0689
vt 0.2131 0.1311
vt 0.2107 0.1288
vt 0.2192 0.1174
vt 0.2221 0.1192
vt 0.098 0.0827
vt 0.0945 0.0829
vt 0.099 0.0967
vt 0.0957 0.0975
vt 0.1452 0.1464
vt 0.1442 0.1497
vt 0.1998 0.138
vt 0.2017 0.1408
vt 0.2276 0.0768
vt 0.2312 0.0771
vt 0.2266 0.0631
vt 0.2305 0.064
vt 0.105 0.1094
vt 0.1096 0.1073
vt 0.116 0.1184
vt 0.112 0.1214
vt 0.1247 0.1278
vt 0.1214 0.1317
vt 0.1352 0.1352
vt 0.1328 0.1396
vt 0.1593 0.1473
vt 0.1596 0.1423
vt 0.1724 0.1417
vt 0.1732 0.1467
vt 0.1848 0.1384
vt 0.1866 0.1431
vt 0.2235 0.1038
vt 0.2188 0.1022
vt 0.221 0.0893
vt 0.226 0.0902
vt 0.1042 0.0548
vt 0.1107 0.0557
vt 0.1068 0.0689
vt 0.1017 0.0686
vt 0.2096 0.1277
vt 0.2059 0.1242
vt 0.2136 0.114
vt 0.2179 0.1166
vt 0.1046 0.0821
vt 0.0996 0.0824
vt 0.1055 0.0951
vt 0.1006 0.0962
vt 0.147 0.1401
vt 0.1456 0.1449
vt 0.1961 0.1325
vt 0.199 0.1367
vt 0.2206 0.076
vt 0.2258 0.0762
vt 0.2177 0.0626
vt 0.224 0.0623
vt 0.1112 0.1065
vt 0.1322 0.0973
vt 0.136 0.1037
vt 0.1175 0.1173
vt 0.141 0.1091
vt 0.1259 0.1264
vt 0.1471 0.1133
vt 0.1361 0.1335
vt 0.1598 0.1404
vt 0.1612 0.1175
vt 0.1686 0.1172
vt 0.1721 0.1399
vt 0.1757 0.1153
vt 0.1841 0.1367
vt 0.2171 0.1015
vt 0.1951 0.095
vt 0.1966 0.0881
vt 0.2194 0.089
vt 0.1139 0.0569
vt 0.1326 0.0715
vt 0.1301 0.0769
vt 0.1085 0.0692
vt 0.2046 0.1229
vt 0.1878 0.1072
vt 0.1922 0.1015
vt 0.212 0.113
vt 0.1292 0.0835
vt 0.1064 0.082
vt 0.1299 0.0905
vt 0.1073 0.0946
vt 0.154 0.1162
vt 0.1476 0.1382
vt 0.1822 0.1119
vt 0.1951 0.1309
vt 0.1964 0.0815
vt 0.2187 0.0761
vt 0.1945 0.0759
vt 0.2146 0.0634
vt 0.1977 0.1657
vt 0.1991 0.1729
vt 0.1941 0.1743
vt 0.191 0.1676
vt 0.1896 0.177
vt 0.1849 0.1713
vt 0.186 0.1807
vt 0.18 0.1765
vt 0.1751 0.1899
vt 0.1824 0.1905
vt 0.1828 0.1957
vt 0.1756 0.1971
vt 0.1846 0.2006
vt 0.178 0.2039
vt 0.2006 0.2185
vt 0.2014 0.2111
vt 0.2066 0.2109
vt 0.2071 0.2183
vt 0.2219 0.171
vt 0.2188 0.1781
vt 0.2141 0.1756
vt 0.2166 0.1686
vt 0.1876 0.2143
vt 0.1916 0.2081
vt 0.1964 0.2102
vt 0.1939 0.2172
vt 0.2093 0.1737
vt 0.2108 0.1665
vt 0.2042 0.1728
vt 0.2044 0.1654
vt 0.1835 0.1853
vt 0.1766 0.1829
vt 0.1876 0.2049
vt 0.1822 0.2098
vt 0.2116 0.2097
vt 0.2131 0.217
vt 0.2166 0.208
vt 0.2187 0.2154
vt 0.2003 0.1786
vt 0.1967 0.1796
vt 0.1934 0.1814
vt 0.1908 0.184
vt 0.1883 0.1909
vt 0.1885 0.1946
vt 0.1898 0.198
vt 0.2022 0.2053
vt 0.2062 0.2049
vt 0.2151 0.1835
vt 0.2117 0.1812
vt 0.1949 0.2033
vt 0.1984 0.2047
vt 0.208 0.1796
vt 0.2042 0.1787
vt 0.189 0.1873
vt 0.192 0.201
vt 0.21 0.2038
vt 0.2138 0.202
vt 0.2014 0.1834
vt 0.1988 0.1839
vt 0.1966 0.1851
vt 0.1948 0.1868
vt 0.1931 0.1912
vt 0.1933 0.1936
vt 0.1942 0.1959
vt 0.2028 0.2004
vt 0.2055 0.1999
vt 0.2113 0.1877
vt 0.2091 0.1859
vt 0.1977 0.1993
vt 0.2002 0.2002
vt 0.2067 0.1844
vt 0.204 0.1836
vt 0.1936 0.1889
vt 0.1957 0.1978
vt 0.2082 0.1989
vt 0.2106 0.1974
vt 0.2019 0.1862
vt 0.2 0.1865
vt 0.1984 0.1872
vt 0.1972 0.1884
vt 0.196 0.1915
vt 0.1961 0.1931
vt 0.1967 0.1946
vt 0.203 0.1975
vt 0.2049 0.1969
vt 0.2086 0.1901
vt 0.2072 0.1886
vt 0.1993 0.1969
vt 0.201 0.1974
vt 0.2056 0.1873
vt 0.2038 0.1865
vt 0.1963 0.1898
vt 0.1978 0.196
vt 0.2067 0.1959
vt 0.2083 0.1945
vt 0.2019 0.1919
vt 0.1997 0.1887
vt 0.2008 0.1882
vt 0.2021 0.1881
vt 0.1982 0.1905
vt 0.1988 0.1895
vt 0.1992 0.1947
vt 0.1985 0.1938
vt 0.198 0.1927
vt 0.2055 0.1939
vt 0.2042 0.195
vt 0.2029 0.1955
vt 0.2015 0.1956
vt 0.2002 0.1953
vt 0.2034 0.1884
vt 0.2047 0.1891
vt 0.2057 0.1904
vt 0.1979 0.1916
vt 0.2064 0.1922
vt 0.1107 0.1224
vt 0.1037 0.1101
vt 0.1204 0.1329
vt 0.132 0.141
vt 0.1734 0.1483
vt 0.1592 0.1489
vt 0.1872 0.1446
vt 0.2276 0.0907
vt 0.2249 0.1045
vt 0.0999 0.069
vt 0.1015 0.0554
vt 0.2192 0.1174
vt 0.2107 0.1288
vt 0.098 0.0827
vt 0.099 0.0967
vt 0.1452 0.1464
vt 0.1998 0.138
vt 0.2276 0.0768
vt 0.2266 0.0631
vt 0.1112 0.1065
vt 0.1175 0.1173
vt 0.1259 0.1264
vt 0.1361 0.1335
vt 0.1598 0.1404
vt 0.1721 0.1399
vt 0.1841 0.1367
vt 0.2171 0.1015
vt 0.2194 0.089
vt 0.1139 0.0569
vt 0.1085 0.0692
vt 0.2046 0.1229
vt 0.212 0.113
vt 0.1064 0.082
vt 0.1073 0.0946
vt 0.1476 0.1382
vt 0.1951 0.1309
vt 0.2187 0.0761
vt 0.2146 0.0634
vt 0.3603 0.4316
vt 0.3603 0.4673
vt 0.8515 0.3114
vt 0.8316 0.3114
vt 0.8313 0.5889
vt 0.8512 0.589
vt 0.8715 0.3114
vt 0.8711 0.589
vt 0.8913 0.3109
vt 0.8909 0.5896
vt 0.6131 0.3112
vt 0.5932 0.3112
vt 0.5931 0.5887
vt 0.6129 0.5888
vt 0.6726 0.3113
vt 0.6527 0.3113
vt 0.6526 0.5888
vt 0.6724 0.5888
vt 0.7123 0.3113
vt 0.6924 0.3113
vt 0.6923 0.5888
vt 0.7121 0.5888
vt 0.7719 0.3113
vt 0.7717 0.5889
vt 0.7916 0.5889
vt 0.7918 0.3114
vt 0.8117 0.3114
vt 0.8114 0.5889
vt 0.9106 0.5884
vt 0.9111 0.3116
vt 0.9311 0.3117
vt 0.9305 0.5878
vt 0.5734 0.3112
vt 0.5732 0.5888
vt 0.6328 0.5888
vt 0.6329 0.3112
vt 0.0478 0.0103
vt 0.0356 0.0103
vt 0.0356 0.029
vt 0.0478 0.0262
vt 0.06 0.0262
vt 0.06 0.0103
vt 0.0723 0.0262
vt 0.0722 0.0102
vt 0.0845 0.0262
vt 0.0845 0.0102
vt 0.1089 0.0311
vt 0.1089 0.0101
vt 0.0967 0.0102
vt 0.0967 0.0289
vt 0.1212 0.0318
vt 0.1211 0.0101
vt 0.1334 0.031
vt 0.1333 0.0101
vt 0.1456 0.0288
vt 0.1455 0.01
vt 0.1577 0.01
vt 0.1578 0.0259
vt 0.17 0.0259
vt 0.17 0.0099
vt 0.1822 0.0258
vt 0.1822 0.0099
vt 0.1945 0.0258
vt 0.1944 0.0098
vt 0.2189 0.0307
vt 0.2188 0.0097
vt 0.2066 0.0097
vt 0.2067 0.0285
vt 0.2311 0.0314
vt 0.231 0.0096
vt 0.0112 0.0321
vt 0.0234 0.0313
vt 0.0234 0.0103
vt 0.0111 0.0103
vt 0.752 0.3113
vt 0.7451 0.4322
vt 0.751 0.4344
vt 0.7279 0.4384
vt 0.7329 0.4344
vt 0.7322 0.3113
vt 0.7451 0.4679
vt 0.7518 0.5888
vt 0.751 0.4658
vt 0.7561 0.4384
vt 0.7594 0.4439
vt 0.7606 0.4501
vt 0.7594 0.4563
vt 0.7561 0.4617
vt 0.7279 0.4617
vt 0.7246 0.4563
vt 0.732 0.5888
vt 0.7329 0.4658
vt 0.7234 0.4501
vt 0.7246 0.4439
vt 0.9053 0.6894
vt 0.9213 0.6938
vt 0.9255 0.6463
vt 0.8918 0.6799
vt 0.9378 0.6923
vt 0.9528 0.6854
vt 0.9646 0.6737
vt 0.9715 0.6587
vt 0.973 0.6423
vt 0.9688 0.6263
vt 0.9593 0.6128
vt 0.9458 0.6033
vt 0.9298 0.5992
vt 0.9131 0.6005
vt 0.8978 0.6066
vt 0.8865 0.6186
vt 0.8796 0.6336
vt 0.8782 0.6501
vt 0.8824 0.6662
vt 0.8857 0.2218
vt 0.8773 0.2361
vt 0.9219 0.2526
vt 0.8744 0.2524
vt 0.8771 0.2688
vt 0.8851 0.2832
vt 0.8974 0.2942
vt 0.9131 0.2992
vt 0.9297 0.2993
vt 0.9454 0.2939
vt 0.9582 0.2835
vt 0.9666 0.2693
vt 0.9697 0.2531
vt 0.967 0.2368
vt 0.9588 0.2224
vt 0.9462 0.2117
vt 0.9307 0.2059
vt 0.9141 0.2057
vt 0.8985 0.2113
vt 0.8889 0.6827
vt 0.9036 0.6931
vt 0.9209 0.6978
vt 0.8826 0.2191
vt 0.8735 0.2347
vt 0.8832 0.6161
vt 0.8756 0.6324
vt 0.9476 0.5996
vt 0.9301 0.5957
vt 0.9474 0.2974
vt 0.9613 0.2862
vt 0.9623 0.6099
vt 0.9738 0.2531
vt 0.9708 0.2354
vt 0.9389 0.6963
vt 0.9552 0.6887
vt 0.9679 0.6761
vt 0.9756 0.6598
vt 0.9769 0.642
vt 0.9725 0.6246
vt 0.9122 0.5971
vt 0.8951 0.6027
vt 0.8743 0.6504
vt 0.8787 0.6679
vt 0.9621 0.2197
vt 0.9483 0.2082
vt 0.9705 0.2708
vt 0.9303 0.3029
vt 0.9315 0.2019
vt 0.9135 0.2017
vt 0.9123 0.3028
vt 0.895 0.2982
vt 0.8819 0.286
vt 0.8733 0.2702
vt 0.8704 0.2524
vt 0.8965 0.2077
vt 0.8865 0.685
vt 0.9022 0.6961
vt 0.8841 0.6874
vt 0.9007 0.6991
vt 0.7916 0.5931
vt 0.7717 0.593
vt 0.9206 0.7011
vt 0.9203 0.7045
vt 0.7518 0.593
vt 0.8801 0.217
vt 0.8704 0.2335
vt 0.8776 0.2148
vt 0.8673 0.2324
vt 0.7918 0.3072
vt 0.8117 0.3072
vt 0.8806 0.6139
vt 0.8724 0.6315
vt 0.8778 0.6119
vt 0.8692 0.6306
vt 0.871 0.5933
vt 0.8512 0.5931
vt 0.9491 0.5967
vt 0.9304 0.593
vt 0.9504 0.5936
vt 0.9306 0.5903
vt 0.5931 0.5929
vt 0.5734 0.5929
vt 0.949 0.3003
vt 0.9639 0.2884
vt 0.9506 0.3033
vt 0.9664 0.2906
vt 0.5932 0.3071
vt 0.6131 0.3071
vt 0.9647 0.6076
vt 0.9671 0.6052
vt 0.6129 0.5929
vt 0.9771 0.2532
vt 0.974 0.2343
vt 0.9805 0.2532
vt 0.9772 0.2332
vt 0.6527 0.3071
vt 0.6726 0.3071
vt 0.9397 0.6995
vt 0.9571 0.6915
vt 0.9406 0.7028
vt 0.959 0.6942
vt 0.732 0.593
vt 0.7121 0.593
vt 0.9706 0.678
vt 0.9734 0.6799
vt 0.6923 0.593
vt 0.9788 0.6607
vt 0.9821 0.6616
vt 0.6724 0.593
vt 0.9801 0.6417
vt 0.9835 0.6414
vt 0.6526 0.593
vt 0.9756 0.6232
vt 0.9787 0.6218
vt 0.6328 0.5929
vt 0.9114 0.5945
vt 0.9109 0.5918
vt 0.8929 0.5992
vt 0.891 0.5952
vt 0.8711 0.6506
vt 0.8677 0.6509
vt 0.8313 0.5931
vt 0.8756 0.6692
vt 0.8726 0.6706
vt 0.8114 0.5931
vt 0.9647 0.2176
vt 0.9672 0.2155
vt 0.6924 0.3071
vt 0.95 0.2054
vt 0.9517 0.2024
vt 0.7123 0.3071
vt 0.9736 0.2719
vt 0.9768 0.2731
vt 0.6329 0.3071
vt 0.9308 0.3058
vt 0.9312 0.3086
vt 0.5735 0.307
vt 0.9321 0.1986
vt 0.9327 0.1953
vt 0.7322 0.3071
vt 0.9129 0.1984
vt 0.9124 0.1951
vt 0.752 0.3071
vt 0.9118 0.3055
vt 0.9113 0.3082
vt 0.8931 0.3017
vt 0.8914 0.3055
vt 0.8794 0.2883
vt 0.8767 0.2904
vt 0.8714 0.3072
vt 0.8702 0.2713
vt 0.867 0.2725
vt 0.8515 0.3073
vt 0.8671 0.2524
vt 0.8637 0.2524
vt 0.8316 0.3072
vt 0.8949 0.2048
vt 0.8933 0.2019
vt 0.7719 0.3072
vt 0.1006 0.1116
vt 0.108 0.1244
vt 0.1107 0.1224
vt 0.1037 0.1101
vt 0.1181 0.1354
vt 0.1204 0.1329
vt 0.1304 0.144
vt 0.132 0.141
vt 0.159 0.1523
vt 0.174 0.1517
vt 0.1734 0.1483
vt 0.1592 0.1489
vt 0.1884 0.1478
vt 0.1872 0.1446
vt 0.2282 0.1056
vt 0.231 0.0912
vt 0.2276 0.0907
vt 0.2249 0.1045
vt 0.0975 0.056
vt 0.0962 0.0689
vt 0.0999 0.069
vt 0.1015 0.0554
vt 0.2131 0.1311
vt 0.2221 0.1192
vt 0.2192 0.1174
vt 0.2107 0.1288
vt 0.0945 0.0829
vt 0.098 0.0827
vt 0.0957 0.0975
vt 0.099 0.0967
vt 0.1442 0.1497
vt 0.1452 0.1464
vt 0.2017 0.1408
vt 0.1998 0.138
vt 0.2312 0.0771
vt 0.2276 0.0768
vt 0.2305 0.064
vt 0.2266 0.0631
vt 0.105 0.1094
vt 0.112 0.1214
vt 0.116 0.1184
vt 0.1096 0.1073
vt 0.1214 0.1317
vt 0.1247 0.1278
vt 0.1328 0.1396
vt 0.1352 0.1352
vt 0.1593 0.1473
vt 0.1732 0.1467
vt 0.1724 0.1417
vt 0.1596 0.1423
vt 0.1866 0.1431
vt 0.1848 0.1384
vt 0.2235 0.1038
vt 0.226 0.0902
vt 0.221 0.0893
vt 0.2188 0.1022
vt 0.1042 0.0548
vt 0.1017 0.0686
vt 0.1068 0.0689
vt 0.1107 0.0557
vt 0.2096 0.1277
vt 0.2179 0.1166
vt 0.2136 0.114
vt 0.2059 0.1242
vt 0.0996 0.0824
vt 0.1046 0.0821
vt 0.1006 0.0962
vt 0.1055 0.0951
vt 0.1456 0.1449
vt 0.147 0.1401
vt 0.199 0.1367
vt 0.1961 0.1325
vt 0.2258 0.0762
vt 0.2206 0.076
vt 0.224 0.0623
vt 0.2177 0.0626
vt 0.1112 0.1065
vt 0.1175 0.1173
vt 0.136 0.1037
vt 0.1322 0.0973
vt 0.1259 0.1264
vt 0.141 0.1091
vt 0.1361 0.1335
vt 0.1471 0.1133
vt 0.1598 0.1404
vt 0.1721 0.1399
vt 0.1686 0.1172
vt 0.1612 0.1175
vt 0.1841 0.1367
vt 0.1757 0.1153
vt 0.2171 0.1015
vt 0.2194 0.089
vt 0.1966 0.0881
vt 0.1951 0.095
vt 0.1139 0.0569
vt 0.1085 0.0692
vt 0.1301 0.0769
vt 0.1326 0.0715
vt 0.2046 0.1229
vt 0.212 0.113
vt 0.1922 0.1015
vt 0.1878 0.1072
vt 0.1064 0.082
vt 0.1292 0.0835
vt 0.1073 0.0946
vt 0.1299 0.0905
vt 0.1476 0.1382
vt 0.154 0.1162
vt 0.1951 0.1309
vt 0.1822 0.1119
vt 0.2187 0.0761
vt 0.1964 0.0815
vt 0.2146 0.0634
vt 0.1945 0.0759
vt 0.1977 0.1657
vt 0.191 0.1676
vt 0.1941 0.1743
vt 0.1991 0.1729
vt 0.1849 0.1713
vt 0.1896 0.177
vt 0.18 0.1765
vt 0.186 0.1807
vt 0.1751 0.1899
vt 0.1756 0.1971
vt 0.1828 0.1957
vt 0.1824 0.1905
vt 0.178 0.2039
vt 0.1846 0.2006
vt 0.2006 0.2185
vt 0.2071 0.2183
vt 0.2066 0.2109
vt 0.2014 0.2111
vt 0.2219 0.171
vt 0.2166 0.1686
vt 0.2141 0.1756
vt 0.2188 0.1781
vt 0.1876 0.2143
vt 0.1939 0.2172
vt 0.1964 0.2102
vt 0.1916 0.2081
vt 0.2108 0.1665
vt 0.2093 0.1737
vt 0.2044 0.1654
vt 0.2042 0.1728
vt 0.1766 0.1829
vt 0.1835 0.1853
vt 0.1822 0.2098
vt 0.1876 0.2049
vt 0.2131 0.217
vt 0.2116 0.2097
vt 0.2187 0.2154
vt 0.2166 0.208
vt 0.1967 0.1796
vt 0.2003 0.1786
vt 0.1934 0.1814
vt 0.1908 0.184
vt 0.1885 0.1946
vt 0.1883 0.1909
vt 0.1898 0.198
vt 0.2062 0.2049
vt 0.2022 0.2053
vt 0.2117 0.1812
vt 0.2151 0.1835
vt 0.1984 0.2047
vt 0.1949 0.2033
vt 0.208 0.1796
vt 0.2042 0.1787
vt 0.189 0.1873
vt 0.192 0.201
vt 0.21 0.2038
vt 0.2138 0.202
vt 0.1988 0.1839
vt 0.2014 0.1834
vt 0.1966 0.1851
vt 0.1948 0.1868
vt 0.1933 0.1936
vt 0.1931 0.1912
vt 0.1942 0.1959
vt 0.2055 0.1999
vt 0.2028 0.2004
vt 0.2091 0.1859
vt 0.2113 0.1877
vt 0.2002 0.2002
vt 0.1977 0.1993
vt 0.2067 0.1844
vt 0.204 0.1836
vt 0.1936 0.1889
vt 0.1957 0.1978
vt 0.2082 0.1989
vt 0.2106 0.1974
vt 0.2 0.1865
vt 0.2019 0.1862
vt 0.1984 0.1872
vt 0.1972 0.1884
vt 0.1961 0.1931
vt 0.196 0.1915
vt 0.1967 0.1946
vt 0.2049 0.1969
vt 0.203 0.1975
vt 0.2072 0.1886
vt 0.2086 0.1901
vt 0.201 0.1974
vt 0.1993 0.1969
vt 0.2056 0.1873
vt 0.2038 0.1865
vt 0.1963 0.1898
vt 0.1978 0.196
vt 0.2067 0.1959
vt 0.2083 0.1945
vt 0.2008 0.1882
vt 0.1997 0.1887
vt 0.2019 0.1919
vt 0.2021 0.1881
vt 0.1988 0.1895
vt 0.1982 0.1905
vt 0.1985 0.1938
vt 0.1992 0.1947
vt 0.198 0.1927
vt 0.2042 0.195
vt 0.2055 0.1939
vt 0.2029 0.1955
vt 0.2015 0.1956
vt 0.2002 0.1953
vt 0.2047 0.1891
vt 0.2034 0.1884
vt 0.2057 0.1904
vt 0.1979 0.1916
vt 0.2064 0.1922
vt 0.1107 0.1224
vt 0.1037 0.1101
vt 0.1204 0.1329
vt 0.132 0.141
vt 0.1734 0.1483
vt 0.1592 0.1489
vt 0.1872 0.1446
vt 0.2276 0.0907
vt 0.2249 0.1045
vt 0.0999 0.069
vt 0.1015 0.0554
vt 0.2192 0.1174
vt 0.2107 0.1288
vt 0.098 0.0827
vt 0.099 0.0967
vt 0.1452 0.1464
vt 0.1998 0.138
vt 0.2276 0.0768
vt 0.2266 0.0631
vt 0.1175 0.1173
vt 0.1112 0.1065
vt 0.1259 0.1264
vt 0.1361 0.1335
vt 0.1721 0.1399
vt 0.1598 0.1404
vt 0.1841 0.1367
vt 0.2194 0.089
vt 0.2171 0.1015
vt 0.1085 0.0692
vt 0.1139 0.0569
vt 0.212 0.113
vt 0.2046 0.1229
vt 0.1064 0.082
vt 0.1073 0.0946
vt 0.1476 0.1382
vt 0.1951 0.1309
vt 0.2187 0.0761
vt 0.2146 0.0634
vt 0.7388 0.4679
vt 0.7388 0.4322
vt 0.0063 0.2587
vt 0.0095 0.2545
vt 0.0097 0.2551
vt 0.0068 0.2594
vt 0.0144 0.2527
vt 0.0144 0.2532
vt 0.0195 0.2543
vt 0.0192 0.2547
vt 0.0225 0.2586
vt 0.0221 0.2588
vt 0.0224 0.2639
vt 0.022 0.2638
vt 0.019 0.268
vt 0.0188 0.2677
vt 0.0139 0.2692
vt 0.0139 0.2688
vt 0.0091 0.2671
vt 0.0093 0.2666
vt 0.0061 0.2627
vt 0.0067 0.2621
vt 0.6997 0.8796
vt 0.6996 0.8879
vt 0.6955 0.8879
vt 0.6955 0.8796
vt 0.6914 0.8879
vt 0.6915 0.8796
vt 0.6874 0.8879
vt 0.6874 0.8796
vt 0.6833 0.8879
vt 0.6833 0.8796
vt 0.6792 0.8879
vt 0.6792 0.8796
vt 0.6751 0.8879
vt 0.6751 0.8796
vt 0.6711 0.8879
vt 0.671 0.8796
vt 0.667 0.8879
vt 0.6669 0.8796
vt 0.6629 0.8879
vt 0.6628 0.8796
vt 0.0147 0.261
vt 0.0099 0.2555
vt 0.0144 0.2537
vt 0.0189 0.255
vt 0.0217 0.2589
vt 0.0215 0.2636
vt 0.0185 0.2672
vt 0.0139 0.2682
vt 0.0095 0.2661
vt 0.0083 0.2646
vt 0.0074 0.2598
vt 0.0083 0.2537
vt 0.0094 0.2541
vt 0.006 0.258
vt 0.0055 0.2569
vt 0.0053 0.2644
vt 0.0058 0.2634
vt 0.0089 0.2675
vt 0.0078 0.2678
vt 0.0091 0.2688
vt 0.0139 0.2696
vt 0.013 0.2703
vt 0.0148 0.2705
vt 0.0192 0.2683
vt 0.0189 0.2695
vt 0.0204 0.2685
vt 0.0227 0.264
vt 0.0231 0.2652
vt 0.0238 0.2634
vt 0.0228 0.2586
vt 0.0238 0.2592
vt 0.0233 0.2574
vt 0.0197 0.2541
vt 0.0209 0.254
vt 0.0194 0.2529
vt 0.0145 0.2524
vt 0.0154 0.2516
vt 0.0136 0.2516
vt 0.0096 0.2529
vt 0.6994 0.8885
vt 0.6975 0.8938
vt 0.6955 0.8885
vt 0.6919 0.8948
vt 0.6926 0.891
vt 0.6975 0.8994
vt 0.6938 0.8981
vt 0.703 0.8948
vt 0.7011 0.8981
vt 0.7023 0.891
vt 0.6994 0.8885
vt 0.6955 0.8885
vt 0.6914 0.8885
vt 0.6874 0.8885
vt 0.6833 0.8885
vt 0.6792 0.8885
vt 0.6751 0.8885
vt 0.6711 0.8885
vt 0.667 0.8885
vt 0.663 0.8885
vt 0.0099 0.2555
vt 0.0074 0.2598
vt 0.0144 0.2537
vt 0.0189 0.255
vt 0.0217 0.2589
vt 0.0215 0.2636
vt 0.0185 0.2672
vt 0.0139 0.2682
vt 0.0095 0.2661
vt 0.0074 0.2617
vt 0.006 0.258
vt 0.0094 0.2541
vt 0.0089 0.2675
vt 0.0058 0.2634
vt 0.0139 0.2696
vt 0.0192 0.2683
vt 0.0227 0.264
vt 0.0228 0.2586
vt 0.0197 0.2541
vt 0.0145 0.2524
vn 0 0 1
vn 0 0 1
vn 0 0 1
vn 0 0 1
vn 1 0 0
vn 1 0 0
vn 1 0 0
vn 1 0 0
vn 0 0 -1
vn 0 0 -1
vn 0 0 -1
vn 0 0 -1
vn -1 0 0
vn -1 0 0
vn -1 0 0
vn -1 0 0
vn 0 -1 0
vn 0 -1 0
vn 0 -1 0
vn 0 -1 0
vn 0 -1 0
vn 0 -1 0
vn 0 -1 0
vn 0 -1 0
vn 0 -1 0
vn 0 -1 0
vn 0 -1 0
vn 0 -1 0
vn 0 1 0
vn 0 1 0
vn 0 1 0
vn 0 1 0
vn 0 1 0
vn 0 1 0
vn 0 1 0
vn 0 1 0
vn 0 1 0
vn 0 1 0
vn 0 1 0
vn 0 1 0
vn 0 0 -1
vn 0 0 -1
vn 0 0 -1
vn 0 0 -1
vn 1 0 0
vn 1 0 0
vn 1 0 0
vn 1 0 0
vn 0 0 1
vn 0 0 1
vn 0 0 1
vn 0 0 1
vn -1 0 0
vn -1 0 0
vn -1 0 0
vn -1 0 0
vn 1 0 0
vn 1 0 0
vn 1 0 0
vn 1 0 0
vn -1 0 0
vn -1 0 0
vn -1 0 0
vn -1 0 0
vn 0 -1 0
vn 0 -1 0
vn 0 -1 0
vn 0 -1 0
vn 0 0 -1
vn 0 0 -1
vn 0 0 -1
vn 0 0 -1
vn 0 1 0
vn 0 1 0
vn 0 1 0
vn 0 1 0
vn 0 0 1
vn 0 0 1
vn 0 0 1
vn 0 0 1
vn 1 0 0
vn 1 0 0
vn 1 0 0
vn 1 0 0
vn -1 0 0
vn -1 0 0
vn -1 0 0
vn -1 0 0
vn 0 -1 0
vn 0 -1 0
vn 0 -1 0
vn 0 -1 0
vn 0 0 -1
vn 0 0 -1
vn 0 0 -1
vn 0 0 -1
vn 0 1 0
vn 0 1 0
vn 0 1 0
vn 0 1 0
vn 0 0 1
vn 0 0 1
vn 0 0 1
vn 0 0 1
vn -1 0 0
vn -1 0 0
vn -1 0 0
vn -1 0 0
vn 1 0 0
vn 1 0 0
vn 1 0 0
vn 1 0 0
vn 0 -1 0
vn 0 -1 0
vn 0 -1 0
vn 0 -1 0
vn 0 0 -1
vn 0 0 -1
vn 0 0 -1
vn 0 0 -1
vn 0 1 0
vn 0 1 0
vn 0 1 0
vn 0 1 0
vn 0 0 1
vn 0 0 1
vn 0 0 1
vn 0 0 1
vn -1 0 0
vn -1 0 0
vn -1 0 0
vn -1 0 0
vn 1 0 0
vn 1 0 0
vn 1 0 0
vn 1 0 0
vn 0 -1 0
vn 0 -1 0
vn 0 -1 0
vn 0 -1 0
vn 0 0 -1
vn 0 0 -1
vn 0 0 -1
vn 0 0 -1
vn 0 1 0
vn 0 1 0
vn 0 1 0
vn 0 1 0
vn 0 0 1
vn 0 0 1
vn 0 0 1
vn 0 0 1
vn -1 0 0
vn -1 0 0
vn -1 0 0
vn -1 0 0
vn 1 0 0
vn 1 0 0
vn 1 0 0
vn 1 0 0
vn 0 -1 0
vn 0 -1 0
vn 0 -1 0
vn 0 -1 0
vn 0 0 -1
vn 0 0 -1
vn 0 0 -1
vn 0 0 -1
vn 0 1 0
vn 0 1 0
vn 0 1 0
vn 0 1 0
vn 0 0 1
vn 0 0 1
vn 0 0 1
vn 0 0 1
vn -1 0 0
vn -1 0 0
vn -1 0 0
vn -1 0 0
vn 1 0 0
vn 1 0 0
vn 1 0 0
vn 1 0 0
vn 0 -1 0
vn 0 -1 0
vn 0 -1 0
vn 0 -1 0
vn 0 0 -1
vn 0 0 -1
vn 0 0 -1
vn 0 0 -1
vn 0 1 0
vn 0 1 0
vn 0 1 0
vn 0 1 0
vn 0 0 1
vn 0 0 1
vn 0 0 1
vn 0 0 1
vn 1 0 0
vn 1 0 0
vn 1 0 0
vn 1 0 0
vn -1 0 0
vn -1 0 0
vn -1 0 0
vn -1 0 0
vn 0 -1 0
vn 0 -1 0
vn 0 -1 0
vn 0 -1 0
vn 0 1 0
vn 0 1 0
vn 0 1 0
vn 0 1 0
vn -1 0 0
vn -1 0 0
vn -1 0 0
vn -1 0 0
vn 1 0 0
vn 1 0 0
vn 1 0 0
vn 1 0 0
vn 0 -1 0
vn 0 -1 0
vn 0 -1 0
vn 0 -1 0
vn 0 1 0
vn 0 1 0
vn 0 1 0
vn 0 1 0
vn 0 1 0
vn 0 1 0
vn 0 1 0
vn 0 1 0
vn 0 -1 0
vn 0 -1 0
vn 0 -1 0
vn 0 -1 0
vn -1 0 0
vn -1 0 0
vn -1 0 0
vn -1 0 0
vn 0 0.383 0.924
vn 0 0 1
vn 0 0 1
vn 0 0.383 0.924
vn 1 0 0
vn 1 0 0
vn 1 0 0
vn 1 0 0
vn 0 0.383 -0.924
vn 0 0 -1
vn 0 0 -1
vn 0 0.383 -0.924
vn 0 0.707 0.707
vn 0 0.707 0.707
vn 0 0.707 -0.707
vn 0 0.707 -0.707
vn -1 0 0
vn 1 0 0
vn 1 0 0
vn -1 0 0
vn 0 1 0
vn 0 1 0
vn 0 1 0
vn 0 1 0
vn 0 -1 0
vn 0 -1 0
vn 0 -1 0
vn 0 -1 0
vn -1 0 0
vn -1 0 0
vn -1 0 0
vn -1 0 0
vn 0 0.383 0.924
vn 0 0 1
vn 0 0 1
vn 0 0.383 0.924
vn 1 0 0
vn 1 0 0
vn 1 0 0
vn 1 0 0
vn 0 0.383 -0.924
vn 0 0 -1
vn 0 0 -1
vn 0 0.383 -0.924
vn 0 0.707 0.707
vn 0 0.707 0.707
vn 0 0.707 -0.707
vn 0 0.707 -0.707
vn -1 0 0
vn 1 0 0
vn 1 0 0
vn -1 0 0
vn 0 1 0
vn 0 1 0
vn 0 1 0
vn 0 1 0
vn 0 -1 0
vn 0 -1 0
vn 0 -1 0
vn 0 -1 0
vn 1 0 0
vn 1 0 0
vn 1 0 0
vn 1 0 0
vn 0 0.383 0.924
vn 0 0.383 0.924
vn 0 0 1
vn 0 0 1
vn -1 0 0
vn -1 0 0
vn -1 0 0
vn -1 0 0
vn 0 0.383 -0.924
vn 0 0.383 -0.924
vn 0 0 -1
vn 0 0 -1
vn 0 0.707 0.707
vn 0 0.707 0.707
vn 0 0.707 -0.707
vn 0 0.707 -0.707
vn 1 0 0
vn -1 0 0
vn -1 0 0
vn 1 0 0
vn 0 1 0
vn 0 1 0
vn 0 1 0
vn 0 1 0
vn 0 -1 0
vn 0 -1 0
vn 0 -1 0
vn 0 -1 0
vn 1 0 0
vn 1 0 0
vn 1 0 0
vn 1 0 0
vn 0 0.459 0.889
vn 0 0.459 0.889
vn 0 0 1
vn 0 0 1
vn -1 0 0
vn -1 0 0
vn -1 0 0
vn -1 0 0
vn 0 0.459 -0.889
vn 0 0.459 -0.889
vn 0 0 -1
vn 0 0 -1
vn 0 0.815 0.579
vn 0 0.815 0.579
vn 0 0.815 -0.579
vn 0 0.815 -0.579
vn 1 0 0
vn -1 0 0
vn -1 0 0
vn 1 0 0
vn 0 1 0
vn 0 1 0
vn 0 1 0
vn 0 1 0
vn 0 -1 0
vn 0 -1 0
vn 0 -1 0
vn 0 -1 0
vn 1 0 0
vn 1 0 0
vn 1 0 0
vn 1 0 0
vn 0 0.383 0.924
vn 0 0.383 0.924
vn 0 0 1
vn 0 0 1
vn -1 0 0
vn -1 0 0
vn -1 0 0
vn -1 0 0
vn 0 0.383 -0.924
vn 0 0.383 -0.924
vn 0 0 -1
vn 0 0 -1
vn 0 0.707 0.707
vn 0 0.707 0.707
vn 0 0.707 -0.707
vn 0 0.707 -0.707
vn 1 0 0
vn -1 0 0
vn -1 0 0
vn 1 0 0
vn 1 0 0
vn 0.809 0 0.588
vn 0.809 0 0.588
vn 1 0 0
vn 0.309 0 0.951
vn 0.309 0 0.951
vn -0.309 0 0.951
vn -0.309 0 0.951
vn -0.809 0 0.588
vn -0.809 0 0.588
vn -1 0 0
vn -1 0 0
vn -0.809 0 -0.588
vn -0.809 0 -0.588
vn -0.309 0 -0.951
vn -0.309 0 -0.951
vn 0.309 0 -0.951
vn 0.309 0 -0.951
vn 0.809 0 -0.588
vn 0.809 0 -0.588
vn 1 0 0
vn 1 0 0
vn 0 1 0
vn 0 1 0
vn 0 1 0
vn 0 1 0
vn 0 1 0
vn 0 1 0
vn 0 1 0
vn 0 1 0
vn 0 1 0
vn 0 1 0
vn 0 1 0
vn 1 0 0
vn 0.809 0 0.588
vn 0.809 0 0.588
vn 1 0 0
vn 0.309 0 0.951
vn 0.309 0 0.951
vn -0.309 0 0.951
vn -0.309 0 0.951
vn -0.809 0 0.588
vn -0.809 0 0.588
vn -1 0 0
vn -1 0 0
vn -0.809 0 -0.588
vn -0.809 0 -0.588
vn -0.309 0 -0.951
vn -0.309 0 -0.951
vn 0.309 0 -0.951
vn 0.309 0 -0.951
vn 0.809 0 -0.588
vn 0.809 0 -0.588
vn 1 0 0
vn 1 0 0
vn 0 1 0
vn 0 1 0
vn 0 1 0
vn 0 1 0
vn 0 1 0
vn 0 1 0
vn 0 1 0
vn 0 1 0
vn 0 1 0
vn 0 1 0
vn 0 1 0
vn -1 0 0
vn -1 0 0
vn -0.809 0 0.588
vn -0.809 0 0.588
vn -0.309 0 0.951
vn -0.309 0 0.951
vn 0.309 0 0.951
vn 0.309 0 0.951
vn 0.809 0 0.588
vn 0.809 0 0.588
vn 1 0 0
vn 1 0 0
vn 0.809 0 -0.588
vn 0.809 0 -0.588
vn 0.309 0 -0.951
vn 0.309 0 -0.951
vn -0.309 0 -0.951
vn -0.309 0 -0.951
vn -0.809 0 -0.588
vn -0.809 0 -0.588
vn -1 0 0
vn -1 0 0
vn 0 1 0
vn 0 1 0
vn 0 1 0
vn 0 1 0
vn 0 1 0
vn 0 1 0
vn 0 1 0
vn 0 1 0
vn 0 1 0
vn 0 1 0
vn 0 1 0
vn 1 0 0
vn 0.809 0 0.588
vn 0.809 0 0.588
vn 1 0 0
vn 0.309 0 0.951
vn 0.309 0 0.951
vn -0.309 0 0.951
vn -0.309 0 0.951
vn -0.809 0 0.588
vn -0.809 0 0.588
vn -1 0 0
vn -1 0 0
vn -0.809 0 -0.588
vn -0.809 0 -0.588
vn -0.309 0 -0.951
vn -0.309 0 -0.951
vn 0.309 0 -0.951
vn 0.309 0 -0.951
vn 0.809 0 -0.588
vn 0.809 0 -0.588
vn 1 0 0
vn 1 0 0
vn 0 1 0
vn 0 1 0
vn 0 1 0
vn 0 1 0
vn 0 1 0
vn 0 1 0
vn 0 1 0
vn 0 1 0
vn 0 1 0
vn 0 1 0
vn 0 1 0
vn 1 0 0
vn 0.809 0 0.588
vn 0.809 0 0.588
vn 1 0 0
vn 0.309 0 0.951
vn 0.309 0 0.951
vn -0.309 0 0.951
vn -0.309 0 0.951
vn -0.809 0 0.588
vn -0.809 0 0.588
vn -1 0 0
vn -1 0 0
vn -0.809 0 -0.588
vn -0.809 0 -0.588
vn -0.309 0 -0.951
vn -0.309 0 -0.951
vn 0.309 0 -0.951
vn 0.309 0 -0.951
vn 0.809 0 -0.588
vn 0.809 0 -0.588
vn 1 0 0
vn 1 0 0
vn 0 1 0
vn 0 1 0
vn 0 1 0
vn 0 1 0
vn 0 1 0
vn 0 1 0
vn 0 1 0
vn 0 1 0
vn 0 1 0
vn 0 1 0
vn 0 1 0
vn -1 0 0
vn -1 0 0
vn -0.809 0 0.588
vn -0.809 0 0.588
vn -0.309 0 0.951
vn -0.309 0 0.951
vn 0.309 0 0.951
vn 0.309 0 0.951
vn 0.809 0 0.588
vn 0.809 0 0.588
vn 1 0 0
vn 1 0 0
vn 0.809 0 -0.588
vn 0.809 0 -0.588
vn 0.309 0 -0.951
vn 0.309 0 -0.951
vn -0.309 0 -0.951
vn -0.309 0 -0.951
vn -0.809 0 -0.588
vn -0.809 0 -0.588
vn -1 0 0
vn -1 0 0
vn 0 1 0
vn 0 1 0
vn 0 1 0
vn 0 1 0
vn 0 1 0
vn 0 1 0
vn 0 1 0
vn 0 1 0
vn 0 1 0
vn 0 1 0
vn 0 1 0
vn -1 0 0
vn -1 0 0
vn -0.809 0 0.588
vn -0.809 0 0.588
vn -0.309 0 0.951
vn -0.309 0 0.951
vn 0.309 0 0.951
vn 0.309 0 0.951
vn 0.809 0 0.588
vn 0.809 0 0.588
vn 1 0 0
vn 1 0 0
vn 0.809 0 -0.588
vn 0.809 0 -0.588
vn 0.309 0 -0.951
vn 0.309 0 -0.951
vn -0.309 0 -0.951
vn -0.309 0 -0.951
vn -0.809 0 -0.588
vn -0.809 0 -0.588
vn -1 0 0
vn -1 0 0
vn 0 1 0
vn 0 1 0
vn 0 1 0
vn 0 1 0
vn 0 1 0
vn 0 1 0
vn 0 1 0
vn 0 1 0
vn 0 1 0
vn 0 1 0
vn 0 1 0
vn -1 0 0
vn -1 0 0
vn -0.809 0 0.588
vn -0.809 0 0.588
vn -0.309 0 0.951
vn -0.309 0 0.951
vn 0.309 0 0.951
vn 0.309 0 0.951
vn 0.809 0 0.588
vn 0.809 0 0.588
vn 1 0 0
vn 1 0 0
vn 0.809 0 -0.588
vn 0.809 0 -0.588
vn 0.309 0 -0.951
vn 0.309 0 -0.951
vn -0.309 0 -0.951
vn -0.309 0 -0.951
vn -0.809 0 -0.588
vn -0.809 0 -0.588
vn -1 0 0
vn -1 0 0
vn 0 1 0
vn 0 1 0
vn 0 1 0
vn 0 1 0
vn 0 1 0
vn 0 1 0
vn 0 1 0
vn 0 1 0
vn 0 1 0
vn 0 1 0
vn 0 1 0
vn 0.924 0 -0.383
vn 0.924 0 -0.383
vn 0.924 0 0.383
vn 0.924 0 0.383
vn -0.924 0 -0.383
vn -0.924 0 0.383
vn -0.924 0 0.383
vn -0.924 0 -0.383
vn 0 -1 0
vn 0 -1 0
vn 0 -1 0
vn 0 -1 0
vn 0 0 1
vn 0 0 1
vn 0 0 1
vn 0 0 1
vn 0 1 0
vn 0 1 0
vn 0 1 0
vn 0 1 0
vn 0 0 -1
vn 0 0 -1
vn 0 0 -1
vn 0 0 -1
vn 0.707 0 0.707
vn 0.707 0 0.707
vn 0.707 0 -0.707
vn 0.707 0 -0.707
vn -0.924 0 -0.383
vn -0.924 0 -0.383
vn -0.707 0 -0.707
vn -0.707 0 -0.707
vn -0.924 0 0.383
vn -0.924 0 0.383
vn -0.707 0 0.707
vn -0.707 0 0.707
vn 0 1 0
vn 0 1 0
vn 0 -1 0
vn 0 -1 0
vn 0 -1 0
vn 0 -1 0
vn 0 1 0
vn 0 1 0
vn 0.924 0 -0.383
vn 0.924 0 -0.383
vn 0.924 0 0.383
vn 0.924 0 0.383
vn -0.924 0 -0.383
vn -0.924 0 0.383
vn -0.924 0 0.383
vn -0.924 0 -0.383
vn 0 -1 0
vn 0 -1 0
vn 0 -1 0
vn 0 -1 0
vn 0 0 1
vn 0 0 1
vn 0 0 1
vn 0 0 1
vn 0 1 0
vn 0 1 0
vn 0 1 0
vn 0 1 0
vn 0 0 -1
vn 0 0 -1
vn 0 0 -1
vn 0 0 -1
vn 0.707 0 0.707
vn 0.707 0 0.707
vn 0.707 0 -0.707
vn 0.707 0 -0.707
vn -0.924 0 -0.383
vn -0.924 0 -0.383
vn -0.707 0 -0.707
vn -0.707 0 -0.707
vn -0.924 0 0.383
vn -0.924 0 0.383
vn -0.707 0 0.707
vn -0.707 0 0.707
vn 0 1 0
vn 0 1 0
vn 0 -1 0
vn 0 -1 0
vn 0 -1 0
vn 0 -1 0
vn 0 1 0
vn 0 1 0
vn -0.924 0 -0.383
vn -0.924 0 0.383
vn -0.924 0 0.383
vn -0.924 0 -0.383
vn 0.924 0 -0.383
vn 0.924 0 -0.383
vn 0.924 0 0.383
vn 0.924 0 0.383
vn 0 -1 0
vn 0 -1 0
vn 0 -1 0
vn 0 -1 0
vn 0 0 1
vn 0 0 1
vn 0 0 1
vn 0 0 1
vn 0 1 0
vn 0 1 0
vn 0 1 0
vn 0 1 0
vn 0 0 -1
vn 0 0 -1
vn 0 0 -1
vn 0 0 -1
vn -0.707 0 0.707
vn -0.707 0 0.707
vn -0.707 0 -0.707
vn -0.707 0 -0.707
vn 0.924 0 -0.383
vn 0.707 0 -0.707
vn 0.707 0 -0.707
vn 0.924 0 -0.383
vn 0.924 0 0.383
vn 0.707 0 0.707
vn 0.707 0 0.707
vn 0.924 0 0.383
vn 0 1 0
vn 0 1 0
vn 0 -1 0
vn 0 -1 0
vn 0 -1 0
vn 0 -1 0
vn 0 1 0
vn 0 1 0
vn -0.924 0 -0.383
vn -0.924 0 0.383
vn -0.924 0 0.383
vn -0.924 0 -0.383
vn 0.924 0 -0.383
vn 0.924 0 -0.383
vn 0.924 0 0.383
vn 0.924 0 0.383
vn 0 -1 0
vn 0 -1 0
vn 0 -1 0
vn 0 -1 0
vn 0 0 1
vn 0 0 1
vn 0 0 1
vn 0 0 1
vn 0 1 0
vn 0 1 0
vn 0 1 0
vn 0 1 0
vn 0 0 -1
vn 0 0 -1
vn 0 0 -1
vn 0 0 -1
vn -0.707 0 0.707
vn -0.707 0 0.707
vn -0.707 0 -0.707
vn -0.707 0 -0.707
vn 0.924 0 -0.383
vn 0.707 0 -0.707
vn 0.707 0 -0.707
vn 0.924 0 -0.383
vn 0.924 0 0.383
vn 0.707 0 0.707
vn 0.707 0 0.707
vn 0.924 0 0.383
vn 0 1 0
vn 0 1 0
vn 0 -1 0
vn 0 -1 0
vn 0 -1 0
vn 0 -1 0
vn 0 1 0
vn 0 1 0
vn 0 0 -1
vn -0.588 0 -0.809
vn -0.588 0 -0.809
vn 0 0 -1
vn -0.951 0 -0.309
vn -0.951 0 -0.309
vn -0.951 0 0.309
vn -0.951 0 0.309
vn -0.588 0 0.809
vn -0.588 0 0.809
vn 0 0 1
vn 0 0 1
vn 0 0 1
vn 0.588 0 0.809
vn 0.588 0 0.809
vn 0 0 1
vn 0.951 0 0.309
vn 0.951 0 0.309
vn 0.951 0 -0.309
vn 0.951 0 -0.309
vn 0.588 0 -0.809
vn 0.588 0 -0.809
vn 0 0 1
vn -0.588 0 0.809
vn -0.778 0.445 0.445
vn 0 0.707 0.707
vn -0.951 0 0.309
vn -0.993 0.084 0.084
vn -0.951 0 -0.309
vn -0.941 -0.239 -0.239
vn -0.588 0 -0.809
vn -0.624 -0.553 -0.553
vn 0 0 -1
vn 0 -0.707 -0.707
vn 0.588 0 -0.809
vn 0.624 -0.553 -0.553
vn 0.951 0 -0.309
vn 0.941 -0.239 -0.239
vn 0.951 0 0.309
vn 0.993 0.084 0.084
vn 0.588 0 0.809
vn 0.778 0.445 0.445
vn 0 0 1
vn 0 0.707 0.707
vn 0 0.707 0.707
vn -0.778 0.445 0.445
vn -0.588 0.809 0
vn 0 1 0
vn -0.993 0.084 0.084
vn -0.951 0.309 0
vn -0.951 -0.309 0
vn -0.588 -0.809 0
vn 0 -1 0
vn 0.588 -0.809 0
vn 0.951 -0.309 0
vn 0.993 0.084 0.084
vn 0.951 0.309 0
vn 0.778 0.445 0.445
vn 0.588 0.809 0
vn 0 0.707 0.707
vn 0 1 0
vn 0 0 -1
vn 0 0 -1
vn 0.588 0 -0.809
vn 0.588 0 -0.809
vn 0.951 0 -0.309
vn 0.951 0 -0.309
vn 0.951 0 0.309
vn 0.951 0 0.309
vn 0.588 0 0.809
vn 0.588 0 0.809
vn 0 0 1
vn 0 0 1
vn 0 0 1
vn 0 0 1
vn -0.588 0 0.809
vn -0.588 0 0.809
vn -0.951 0 0.309
vn -0.951 0 0.309
vn -0.951 0 -0.309
vn -0.951 0 -0.309
vn -0.588 0 -0.809
vn -0.588 0 -0.809
vn 0 0 1
vn 0 0.707 0.707
vn 0.778 0.445 0.445
vn 0.588 0 0.809
vn 0.993 0.084 0.084
vn 0.951 0 0.309
vn 0.941 -0.239 -0.239
vn 0.951 0 -0.309
vn 0.624 -0.553 -0.553
vn 0.588 0 -0.809
vn 0 -0.707 -0.707
vn 0 0 -1
vn -0.624 -0.553 -0.553
vn -0.588 0 -0.809
vn -0.941 -0.239 -0.239
vn -0.951 0 -0.309
vn -0.993 0.084 0.084
vn -0.951 0 0.309
vn -0.778 0.445 0.445
vn -0.588 0 0.809
vn 0 0.707 0.707
vn 0 0 1
vn 0 0.707 0.707
vn 0 1 0
vn 0.588 0.809 0
vn 0.778 0.445 0.445
vn 0.951 0.309 0
vn 0.993 0.084 0.084
vn 0.951 -0.309 0
vn 0.588 -0.809 0
vn 0 -1 0
vn -0.588 -0.809 0
vn -0.951 -0.309 0
vn -0.951 0.309 0
vn -0.993 0.084 0.084
vn -0.588 0.809 0
vn -0.778 0.445 0.445
vn 0 1 0
vn 0 0.707 0.707
vn 0.716 0.601 -0.356
vn 0.716 0.601 0.356
vn 0.934 0 0.356
vn 0.934 0 -0.356
vn 0.162 0.92 -0.356
vn 0.162 0.92 0.356
vn -0.467 0.809 -0.356
vn -0.467 0.809 0.356
vn -0.878 0.32 -0.356
vn -0.878 0.32 0.356
vn -0.878 -0.32 -0.356
vn -0.878 -0.32 0.356
vn -0.467 -0.809 -0.356
vn -0.467 -0.809 0.356
vn 0.162 -0.92 -0.356
vn 0.162 -0.92 0.356
vn 0.716 -0.601 -0.356
vn 0.716 -0.601 0.356
vn 0.934 0 -0.356
vn 0.934 0 0.356
vn 0.716 0.601 0.356
vn 0.934 0 0.356
vn 1 0 0
vn 0.766 0.643 0
vn 0.162 0.92 0.356
vn 0.174 0.985 0
vn -0.467 0.809 0.356
vn -0.5 0.866 0
vn -0.878 0.32 0.356
vn -0.94 0.342 0
vn -0.878 -0.32 0.356
vn -0.94 -0.342 0
vn -0.467 -0.809 0.356
vn -0.5 -0.866 0
vn 0.162 -0.92 0.356
vn 0.174 -0.985 0
vn 0.716 -0.601 0.356
vn 0.766 -0.643 0
vn 0.934 0 0.356
vn 1 0 0
vn 0 0 -1
vn 0 0 -1
vn 0 0 -1
vn 0 0 -1
vn 0 0 -1
vn 0 0 -1
vn 0 0 -1
vn 0 0 -1
vn 0 0 -1
vn 0 0 -1
vn 0 0 -1
vn 0 0 1
vn 0 0 1
vn 0 0 1
vn 0 0 1
vn 0 0 1
vn 0 0 1
vn 0 0 1
vn 0 0 1
vn 0 0 1
vn 0 0 1
vn 0 0 1
vn 0 0 1
vn 0 0 1
vn 0 0 1
vn 0 0 1
vn 0 0 1
vn 0 0 1
vn 0 0 1
vn 0 0 1
vn 0 0 1
vn 0 0 1
vn 0 0 1
vn 0 0 1
vn 0 0 1
vn 0 0 1
vn 0 0 1
vn 0 0 1
vn 0 0 1
vn 0 0 1
vn 0 0 1
vn 0 0 1
vn 0 0 1
vn 0 0 1
vn 0 0 1
vn 0 0 1
vn 0 0 1
vn 0 0 1
vn 0 0 1
vn 0.707 0 0.707
vn 0.542 0.455 0.707
vn 0.123 0.696 0.707
vn -0.354 0.612 0.707
vn -0.664 0.242 0.707
vn -0.664 -0.242 0.707
vn -0.354 -0.612 0.707
vn 0.123 -0.696 0.707
vn 0.542 -0.455 0.707
vn 0.707 0 0.707
vn 0.707 0 -0.707
vn 0.542 0.455 -0.707
vn 0.123 0.696 -0.707
vn -0.354 0.612 -0.707
vn -0.664 0.242 -0.707
vn -0.664 -0.242 -0.707
vn -0.354 -0.612 -0.707
vn 0.123 -0.696 -0.707
vn 0.542 -0.455 -0.707
vn 0.707 0 -0.707
vn 0.542 0.455 0.707
vn 0.707 0 0.707
vn 0.707 0 0.707
vn 0.542 -0.455 0.707
vn 0.123 -0.696 0.707
vn -0.354 -0.612 0.707
vn -0.664 -0.242 0.707
vn -0.664 0.242 0.707
vn -0.354 0.612 0.707
vn 0.123 0.696 0.707
vn -0.937 -0.341 -0.07
vn -0.937 -0.341 0.07
vn -0.998 0 0.07
vn -0.998 0 -0.07
vn -0.764 -0.641 -0.07
vn -0.764 -0.641 0.07
vn -0.499 -0.864 -0.07
vn -0.499 -0.864 0.07
vn 0.764 -0.641 -0.07
vn 0.764 -0.641 0.07
vn 0.499 -0.864 0.07
vn 0.499 -0.864 -0.07
vn 0.937 0.341 -0.07
vn 0.937 0.341 0.07
vn 0.998 0 0.07
vn 0.998 0 -0.07
vn 0.496 0.865 -0.07
vn 0.496 0.865 0.07
vn 0.764 0.641 0.07
vn 0.764 0.641 -0.07
vn -0.496 0.865 -0.07
vn -0.764 0.641 -0.07
vn -0.764 0.641 0.07
vn -0.496 0.865 0.07
vn -0.937 0.341 -0.07
vn -0.937 0.341 0.07
vn -0.173 -0.982 -0.07
vn -0.173 -0.982 0.07
vn 0.173 -0.982 -0.07
vn 0.173 -0.982 0.07
vn 0.173 -0.982 0.07
vn 0.173 -0.982 -0.07
vn 0.937 -0.341 -0.07
vn 0.937 -0.341 0.07
vn 0.5 0 0.866
vn 0.51 0 0.86
vn 0.781 0 0.625
vn 0.766 0 0.643
vn 0.174 0 0.985
vn 0.174 0 0.985
vn -0.174 0 0.985
vn -0.174 0 0.985
vn -0.5 0 0.866
vn -0.51 0 0.86
vn -0.944 0 0.329
vn -0.781 0 0.625
vn -0.766 0 0.643
vn -0.94 0 0.342
vn -1 0 0
vn -1 0 0
vn -0.94 0 -0.342
vn -0.944 0 -0.329
vn -0.766 0 -0.643
vn -0.781 0 -0.625
vn -0.5 0 -0.866
vn -0.51 0 -0.86
vn -0.174 0 -0.985
vn -0.174 0 -0.985
vn 0.174 0 -0.985
vn 0.174 0 -0.985
vn 0.51 0 -0.86
vn 0.5 0 -0.866
vn 0.944 0 -0.329
vn 0.781 0 -0.625
vn 0.766 0 -0.643
vn 0.94 0 -0.342
vn 1 0 0
vn 1 0 0
vn 1 0 0
vn 1 0 0
vn 0.94 0 0.342
vn 0.944 0 0.329
vn -0.171 0.983 -0.07
vn -0.216 0.976 0
vn 0 1 0
vn 0.171 0.983 -0.07
vn 0.216 0.976 0
vn 0.339 0.941 0
vn 0 1 0
vn -0.216 0.976 0
vn -0.171 0.983 0.07
vn -0.339 0.941 0
vn -0.342 0.94 0
vn -0.342 0.94 0
vn -0.342 0.94 0
vn -0.339 0.941 0
vn 0.342 0.94 0
vn 0.339 0.941 0
vn 0.216 0.976 0
vn 0.171 0.983 0.07
vn 0.342 0.94 0
vn 0.342 0.94 0
vn 0 0 1
vn -0.014 0.078 0.997
vn -0.039 0.068 0.997
vn -0.06 0.051 0.997
vn 0.039 0.068 0.997
vn 0.014 0.078 0.997
vn 0.06 0.051 0.997
vn 0.079 0 0.997
vn 0.074 0.027 0.997
vn 0.06 -0.051 0.997
vn 0.074 -0.027 0.997
vn 0.014 -0.078 0.997
vn 0.039 -0.068 0.997
vn -0.014 -0.078 0.997
vn -0.06 -0.051 0.997
vn -0.039 -0.068 0.997
vn -0.074 -0.027 0.997
vn -0.074 0.027 0.997
vn -0.079 0 0.997
vn -0.06 0.051 -0.997
vn 0 0 -1
vn -0.074 0.027 -0.997
vn -0.074 -0.027 -0.997
vn -0.079 0 -0.997
vn -0.06 -0.051 -0.997
vn -0.014 -0.078 -0.997
vn -0.039 -0.068 -0.997
vn 0.014 -0.078 -0.997
vn 0.06 -0.051 -0.997
vn 0.039 -0.068 -0.997
vn 0.079 0 -0.997
vn 0.074 -0.027 -0.997
vn 0.074 0.027 -0.997
vn 0.039 0.068 -0.997
vn 0.06 0.051 -0.997
vn -0.014 0.078 -0.997
vn 0.014 0.078 -0.997
vn -0.039 0.068 -0.997
vn -0.177 0.306 0.935
vn -0.271 0.227 0.935
vn -0.061 0.348 0.935
vn -0.332 0.121 -0.935
vn -0.271 0.227 -0.935
vn -0.332 -0.121 0.935
vn -0.271 -0.227 0.935
vn 0.061 -0.348 0.935
vn 0.177 -0.306 0.935
vn 0.271 -0.227 -0.935
vn 0.177 -0.306 -0.935
vn 0.271 -0.227 0.935
vn 0.332 0.121 -0.935
vn 0.354 0 -0.935
vn 0.177 0.306 0.935
vn 0.061 0.348 0.935
vn 0.271 0.227 0.935
vn 0.332 0.121 0.935
vn 0.354 0 0.935
vn 0.332 -0.121 0.935
vn -0.061 -0.348 0.935
vn -0.177 -0.306 0.935
vn -0.354 0 0.935
vn -0.332 0.121 0.935
vn 0.271 0.227 -0.935
vn 0.177 0.306 -0.935
vn 0.332 -0.121 -0.935
vn 0.061 -0.348 -0.935
vn 0.061 0.348 -0.935
vn -0.061 0.348 -0.935
vn -0.061 -0.348 -0.935
vn -0.177 -0.306 -0.935
vn -0.271 -0.227 -0.935
vn -0.332 -0.121 -0.935
vn -0.354 0 -0.935
vn -0.177 0.306 -0.935
vn -0.36 0.624 0.694
vn -0.552 0.463 0.694
vn -0.472 0.818 0.328
vn -0.724 0.607 0.328
vn -0.724 0.607 0.328
vn -0.472 0.818 0.328
vn -0.125 0.709 0.694
vn -0.164 0.93 0.328
vn -0.164 0.93 0.328
vn -0.677 0.246 -0.694
vn -0.552 0.463 -0.694
vn -0.888 0.323 -0.328
vn -0.724 0.607 -0.328
vn -0.724 0.607 -0.328
vn -0.888 0.323 -0.328
vn -0.677 -0.246 0.694
vn -0.552 -0.463 0.694
vn -0.888 -0.323 0.328
vn -0.724 -0.607 0.328
vn -0.724 -0.607 0.328
vn -0.888 -0.323 0.328
vn 0.125 -0.709 0.694
vn 0.36 -0.624 0.694
vn 0.164 -0.93 0.328
vn 0.472 -0.818 0.328
vn 0.472 -0.818 0.328
vn 0.164 -0.93 0.328
vn 0.552 -0.463 -0.694
vn 0.36 -0.624 -0.694
vn 0.724 -0.607 -0.328
vn 0.472 -0.818 -0.328
vn 0.472 -0.818 -0.328
vn 0.724 -0.607 -0.328
vn 0.552 -0.463 0.694
vn 0.724 -0.607 0.328
vn 0.724 -0.607 0.328
vn 0.677 0.246 -0.694
vn 0.72 0 -0.694
vn 0.888 0.323 -0.328
vn 0.945 0 -0.328
vn 0.945 0 -0.328
vn 0.888 0.323 -0.328
vn 0.36 0.624 0.694
vn 0.125 0.709 0.694
vn 0.472 0.818 0.328
vn 0.164 0.93 0.328
vn 0.164 0.93 0.328
vn 0.472 0.818 0.328
vn 0.552 0.463 0.694
vn 0.724 0.607 0.328
vn 0.724 0.607 0.328
vn 0.677 0.246 0.694
vn 0.888 0.323 0.328
vn 0.888 0.323 0.328
vn 0.72 0 0.694
vn 0.945 0 0.328
vn 0.945 0 0.328
vn 0.677 -0.246 0.694
vn 0.888 -0.323 0.328
vn 0.888 -0.323 0.328
vn -0.125 -0.709 0.694
vn -0.164 -0.93 0.328
vn -0.36 -0.624 0.694
vn -0.472 -0.818 0.328
vn -0.72 0 0.694
vn -0.945 0 0.328
vn -0.945 0 0.328
vn -0.677 0.246 0.694
vn -0.888 0.323 0.328
vn -0.888 0.323 0.328
vn 0.552 0.463 -0.694
vn 0.724 0.607 -0.328
vn 0.724 0.607 -0.328
vn 0.36 0.624 -0.694
vn 0.472 0.818 -0.328
vn 0.472 0.818 -0.328
vn 0.677 -0.246 -0.694
vn 0.888 -0.323 -0.328
vn 0.888 -0.323 -0.328
vn 0.125 -0.709 -0.694
vn 0.164 -0.93 -0.328
vn 0.164 -0.93 -0.328
vn 0.125 0.709 -0.694
vn 0.164 0.93 -0.328
vn 0.164 0.93 -0.328
vn -0.125 0.709 -0.694
vn -0.164 0.93 -0.328
vn -0.164 0.93 -0.328
vn -0.125 -0.709 -0.694
vn -0.164 -0.93 -0.328
vn -0.36 -0.624 -0.694
vn -0.472 -0.818 -0.328
vn -0.552 -0.463 -0.694
vn -0.724 -0.607 -0.328
vn -0.724 -0.607 -0.328
vn -0.677 -0.246 -0.694
vn -0.888 -0.323 -0.328
vn -0.888 -0.323 -0.328
vn -0.72 0 -0.694
vn -0.945 0 -0.328
vn -0.945 0 -0.328
vn -0.36 0.624 -0.694
vn -0.472 0.818 -0.328
vn -0.472 0.818 -0.328
vn 0 -1 0
vn 0 -1 0
vn 0 -1 0
vn 0 -1 0
vn 0 -1 0
vn 0 -1 0
vn 0 -1 0
vn 0 -1 0
vn 0 -1 0
vn 0 -1 0
vn 0 -1 0
vn 0 -1 0
vn 0 -1 0
vn 0 -1 0
vn 0 -1 0
vn 0 -1 0
vn 0 -1 0
vn 0 -1 0
vn 0 -1 0
vn 0 -1 0
vn 0 -1 0
vn 0 -1 0
vn 0 -1 0
vn 0 -1 0
vn 0 -1 0
vn 0 -1 0
vn 0 -1 0
vn 0 -1 0
vn 0 -1 0
vn 0 -1 0
vn 0 -1 0
vn 0 -1 0
vn 0 -1 0
vn 0 -1 0
vn 0 -1 0
vn 0 -1 0
vn 0 -1 0
vn 0 -1 0
vn 0.161 -0.368 0.916
vn 0.161 0.368 0.916
vn -0.161 0.368 0.916
vn -0.161 -0.368 0.916
vn -0.465 0.368 0.805
vn -0.465 -0.368 0.805
vn -0.712 0.368 0.598
vn -0.712 -0.368 0.598
vn -0.93 -0.368 0
vn -0.93 0.368 0
vn -0.874 0.368 -0.318
vn -0.874 -0.368 -0.318
vn -0.712 0.368 -0.598
vn -0.712 -0.368 -0.598
vn 0.465 -0.368 -0.805
vn 0.465 0.368 -0.805
vn 0.712 0.368 -0.598
vn 0.712 -0.368 -0.598
vn 0.93 -0.368 0
vn 0.93 0.368 0
vn 0.874 0.368 0.318
vn 0.874 -0.368 0.318
vn -0.161 -0.368 -0.916
vn -0.161 0.368 -0.916
vn 0.161 0.368 -0.916
vn 0.161 -0.368 -0.916
vn 0.712 0.368 0.598
vn 0.712 -0.368 0.598
vn 0.465 0.368 0.805
vn 0.465 -0.368 0.805
vn -0.874 0.368 0.318
vn -0.874 -0.368 0.318
vn -0.465 0.368 -0.805
vn -0.465 -0.368 -0.805
vn 0.874 0.368 -0.318
vn 0.874 -0.368 -0.318
vn 0.93 0.368 0
vn 0.93 -0.368 0
vn 0 1 0
vn 0 1 0
vn 0 1 0
vn 0 1 0
vn 0 1 0
vn 0 1 0
vn 0 1 0
vn 0 1 0
vn 0 1 0
vn 0 1 0
vn 0 1 0
vn 0 1 0
vn 0 1 0
vn 0 1 0
vn 0 1 0
vn 0 1 0
vn 0 1 0
vn 0 1 0
vn 0 1 0
vn 0 1 0
vn 0 1 0
vn 0 1 0
vn 0 1 0
vn 0 1 0
vn 0 1 0
vn 0 1 0
vn 0 1 0
vn 0 1 0
vn 0 1 0
vn 0 1 0
vn 0 1 0
vn 0 1 0
vn 0 1 0
vn 0 1 0
vn 0 1 0
vn 0 1 0
vn 0 1 0
vn 0 1 0
vn 0.173 0.107 0.979
vn 0.163 0.339 0.927
vn -0.163 0.339 0.927
vn -0.173 0.107 0.979
vn -0.47 0.339 0.815
vn -0.497 0.107 0.861
vn -0.721 0.339 0.605
vn -0.762 0.107 0.639
vn -0.994 0.107 0
vn -0.941 0.339 0
vn -0.884 0.339 -0.322
vn -0.934 0.107 -0.34
vn -0.721 0.339 -0.605
vn -0.762 0.107 -0.639
vn 0.497 0.107 -0.861
vn 0.47 0.339 -0.815
vn 0.721 0.339 -0.605
vn 0.762 0.107 -0.639
vn 0.994 0.107 0
vn 0.941 0.339 0
vn 0.884 0.339 0.322
vn 0.934 0.107 0.34
vn -0.173 0.107 -0.979
vn -0.163 0.339 -0.927
vn 0.163 0.339 -0.927
vn 0.173 0.107 -0.979
vn 0.721 0.339 0.605
vn 0.762 0.107 0.639
vn 0.47 0.339 0.815
vn 0.497 0.107 0.861
vn -0.884 0.339 0.322
vn -0.934 0.107 0.34
vn -0.47 0.339 -0.815
vn -0.497 0.107 -0.861
vn 0.884 0.339 -0.322
vn 0.934 0.107 -0.34
vn 0.941 0.339 0
vn 0.994 0.107 0
vn 0.131 0.656 0.743
vn -0.131 0.656 0.743
vn -0.377 0.656 0.653
vn -0.578 0.656 0.485
vn -0.755 0.656 0
vn -0.709 0.656 -0.258
vn -0.578 0.656 -0.485
vn 0.377 0.656 -0.653
vn 0.578 0.656 -0.485
vn 0.755 0.656 0
vn 0.709 0.656 0.258
vn -0.131 0.656 -0.743
vn 0.131 0.656 -0.743
vn 0.578 0.656 0.485
vn 0.377 0.656 0.653
vn -0.709 0.656 0.258
vn -0.377 0.656 -0.653
vn 0.709 0.656 -0.258
vn 0.755 0.656 0
vn 0.104 0.799 0.592
vn -0.104 0.799 0.592
vn -0.301 0.799 0.521
vn -0.46 0.799 0.386
vn -0.601 0.799 0
vn -0.565 0.799 -0.206
vn -0.46 0.799 -0.386
vn 0.301 0.799 -0.521
vn 0.46 0.799 -0.386
vn 0.601 0.799 0
vn 0.565 0.799 0.206
vn -0.104 0.799 -0.592
vn 0.104 0.799 -0.592
vn 0.46 0.799 0.386
vn 0.301 0.799 0.521
vn -0.565 0.799 0.206
vn -0.301 0.799 -0.521
vn 0.565 0.799 -0.206
vn 0.601 0.799 0
vn 0.072 0.91 0.408
vn -0.072 0.91 0.408
vn -0.207 0.91 0.359
vn -0.317 0.91 0.266
vn -0.414 0.91 0
vn -0.389 0.91 -0.142
vn -0.317 0.91 -0.266
vn 0.207 0.91 -0.359
vn 0.317 0.91 -0.266
vn 0.414 0.91 0
vn 0.389 0.91 0.142
vn -0.072 0.91 -0.408
vn 0.072 0.91 -0.408
vn 0.317 0.91 0.266
vn 0.207 0.91 0.359
vn -0.389 0.91 0.142
vn -0.207 0.91 -0.359
vn 0.389 0.91 -0.142
vn 0.414 0.91 0
vn 0 1 0
vn -0.076 0.988 0.132
vn -0.026 0.988 0.15
vn 0.026 0.988 0.15
vn -0.143 0.988 0.052
vn -0.117 0.988 0.098
vn -0.076 0.988 -0.132
vn -0.117 0.988 -0.098
vn -0.143 0.988 -0.052
vn 0.143 0.988 -0.052
vn 0.117 0.988 -0.098
vn 0.076 0.988 -0.132
vn 0.026 0.988 -0.15
vn -0.026 0.988 -0.15
vn 0.076 0.988 0.132
vn 0.117 0.988 0.098
vn 0.143 0.988 0.052
vn -0.152 0.988 0
vn 0.152 0.988 0
vn -0.123 -0.707 0.696
vn 0.123 -0.707 0.696
vn -0.354 -0.707 0.612
vn -0.542 -0.707 0.455
vn -0.664 -0.707 -0.242
vn -0.707 -0.707 0
vn -0.542 -0.707 -0.455
vn 0.542 -0.707 -0.455
vn 0.354 -0.707 -0.612
vn 0.664 -0.707 0.242
vn 0.707 -0.707 0
vn 0.123 -0.707 -0.696
vn -0.123 -0.707 -0.696
vn 0.542 -0.707 0.455
vn 0.354 -0.707 0.612
vn -0.664 -0.707 0.242
vn -0.354 -0.707 -0.612
vn 0.664 -0.707 -0.242
vn 0.707 -0.707 0
vn 0.123 0.707 0.696
vn -0.123 0.707 0.696
vn -0.354 0.707 0.612
vn -0.542 0.707 0.455
vn -0.707 0.707 0
vn -0.664 0.707 -0.242
vn -0.542 0.707 -0.455
vn 0.354 0.707 -0.612
vn 0.542 0.707 -0.455
vn 0.707 0.707 0
vn 0.664 0.707 0.242
vn -0.123 0.707 -0.696
vn 0.123 0.707 -0.696
vn 0.542 0.707 0.455
vn 0.354 0.707 0.612
vn -0.664 0.707 0.242
vn -0.354 0.707 -0.612
vn 0.664 0.707 -0.242
vn 0.707 0.707 0
vn 0 1 0
vn 0 1 0
vn 0.937 -0.341 -0.07
vn 0.998 0 -0.07
vn 0.998 0 0.07
vn 0.937 -0.341 0.07
vn 0.764 -0.641 -0.07
vn 0.764 -0.641 0.07
vn 0.499 -0.864 -0.07
vn 0.499 -0.864 0.07
vn -0.764 -0.641 -0.07
vn -0.499 -0.864 -0.07
vn -0.499 -0.864 0.07
vn -0.764 -0.641 0.07
vn -0.937 0.341 -0.07
vn -0.998 0 -0.07
vn -0.998 0 0.07
vn -0.937 0.341 0.07
vn -0.496 0.865 -0.07
vn -0.764 0.641 -0.07
vn -0.764 0.641 0.07
vn -0.496 0.865 0.07
vn 0.496 0.865 -0.07
vn 0.496 0.865 0.07
vn 0.764 0.641 0.07
vn 0.764 0.641 -0.07
vn 0.937 0.341 -0.07
vn 0.937 0.341 0.07
vn 0.173 -0.982 0.07
vn 0.173 -0.982 -0.07
vn -0.173 -0.982 -0.07
vn -0.173 -0.982 0.07
vn -0.173 -0.982 -0.07
vn -0.173 -0.982 0.07
vn -0.937 -0.341 0.07
vn -0.937 -0.341 -0.07
vn -0.5 0 0.866
vn -0.766 0 0.643
vn -0.781 0 0.625
vn -0.51 0 0.86
vn -0.174 0 0.985
vn -0.174 0 0.985
vn 0.174 0 0.985
vn 0.174 0 0.985
vn 0.51 0 0.86
vn 0.5 0 0.866
vn 0.944 0 0.329
vn 0.94 0 0.342
vn 0.766 0 0.643
vn 0.781 0 0.625
vn 1 0 0
vn 1 0 0
vn 0.944 0 -0.329
vn 0.94 0 -0.342
vn 0.781 0 -0.625
vn 0.766 0 -0.643
vn 0.5 0 -0.866
vn 0.51 0 -0.86
vn 0.174 0 -0.985
vn 0.174 0 -0.985
vn -0.174 0 -0.985
vn -0.174 0 -0.985
vn -0.51 0 -0.86
vn -0.5 0 -0.866
vn -0.944 0 -0.329
vn -0.94 0 -0.342
vn -0.766 0 -0.643
vn -0.781 0 -0.625
vn -1 0 0
vn -1 0 0
vn -1 0 0
vn -0.944 0 0.329
vn -0.94 0 0.342
vn -1 0 0
vn 0.171 0.983 -0.07
vn 0 1 0
vn 0.216 0.976 0
vn -0.339 0.941 0
vn -0.216 0.976 0
vn -0.171 0.983 -0.07
vn 0 1 0
vn 0.171 0.983 0.07
vn 0.216 0.976 0
vn 0.339 0.941 0
vn 0.342 0.94 0
vn 0.342 0.94 0
vn 0.342 0.94 0
vn 0.339 0.941 0
vn -0.339 0.941 0
vn -0.342 0.94 0
vn -0.171 0.983 0.07
vn -0.216 0.976 0
vn -0.342 0.94 0
vn -0.342 0.94 0
vn 0.039 0.068 0.997
vn 0.014 0.078 0.997
vn 0 0 1
vn 0.06 0.051 0.997
vn -0.014 0.078 0.997
vn -0.039 0.068 0.997
vn -0.06 0.051 0.997
vn -0.074 0.027 0.997
vn -0.079 0 0.997
vn -0.074 -0.027 0.997
vn -0.06 -0.051 0.997
vn -0.039 -0.068 0.997
vn -0.014 -0.078 0.997
vn 0.014 -0.078 0.997
vn 0.039 -0.068 0.997
vn 0.06 -0.051 0.997
vn 0.074 -0.027 0.997
vn 0.079 0 0.997
vn 0.074 0.027 0.997
vn 0.06 0.051 -0.997
vn 0.074 0.027 -0.997
vn 0 0 -1
vn 0.079 0 -0.997
vn 0.074 -0.027 -0.997
vn 0.06 -0.051 -0.997
vn 0.039 -0.068 -0.997
vn 0.014 -0.078 -0.997
vn -0.014 -0.078 -0.997
vn -0.039 -0.068 -0.997
vn -0.06 -0.051 -0.997
vn -0.074 -0.027 -0.997
vn -0.079 0 -0.997
vn -0.074 0.027 -0.997
vn -0.06 0.051 -0.997
vn -0.039 0.068 -0.997
vn -0.014 0.078 -0.997
vn 0.014 0.078 -0.997
vn 0.039 0.068 -0.997
vn 0.271 0.227 0.935
vn 0.177 0.306 0.935
vn 0.061 0.348 0.935
vn 0.271 0.227 -0.935
vn 0.332 0.121 -0.935
vn 0.271 -0.227 0.935
vn 0.332 -0.121 0.935
vn -0.177 -0.306 0.935
vn -0.061 -0.348 0.935
vn -0.177 -0.306 -0.935
vn -0.271 -0.227 -0.935
vn -0.271 -0.227 0.935
vn -0.354 0 -0.935
vn -0.332 0.121 -0.935
vn -0.061 0.348 0.935
vn -0.177 0.306 0.935
vn -0.271 0.227 0.935
vn -0.332 0.121 0.935
vn -0.354 0 0.935
vn -0.332 -0.121 0.935
vn 0.061 -0.348 0.935
vn 0.177 -0.306 0.935
vn 0.354 0 0.935
vn 0.332 0.121 0.935
vn -0.271 0.227 -0.935
vn -0.177 0.306 -0.935
vn -0.332 -0.121 -0.935
vn -0.061 -0.348 -0.935
vn -0.061 0.348 -0.935
vn 0.061 0.348 -0.935
vn 0.061 -0.348 -0.935
vn 0.177 -0.306 -0.935
vn 0.271 -0.227 -0.935
vn 0.332 -0.121 -0.935
vn 0.354 0 -0.935
vn 0.177 0.306 -0.935
vn 0.552 0.463 0.694
vn 0.36 0.624 0.694
vn 0.724 0.607 0.328
vn 0.472 0.818 0.328
vn 0.724 0.607 0.328
vn 0.472 0.818 0.328
vn 0.125 0.709 0.694
vn 0.164 0.93 0.328
vn 0.164 0.93 0.328
vn 0.552 0.463 -0.694
vn 0.677 0.246 -0.694
vn 0.724 0.607 -0.328
vn 0.888 0.323 -0.328
vn 0.724 0.607 -0.328
vn 0.888 0.323 -0.328
vn 0.552 -0.463 0.694
vn 0.677 -0.246 0.694
vn 0.724 -0.607 0.328
vn 0.888 -0.323 0.328
vn 0.724 -0.607 0.328
vn 0.888 -0.323 0.328
vn -0.36 -0.624 0.694
vn -0.125 -0.709 0.694
vn -0.472 -0.818 0.328
vn -0.164 -0.93 0.328
vn -0.472 -0.818 0.328
vn -0.164 -0.93 0.328
vn -0.36 -0.624 -0.694
vn -0.552 -0.463 -0.694
vn -0.472 -0.818 -0.328
vn -0.724 -0.607 -0.328
vn -0.472 -0.818 -0.328
vn -0.724 -0.607 -0.328
vn -0.552 -0.463 0.694
vn -0.724 -0.607 0.328
vn -0.724 -0.607 0.328
vn -0.72 0 -0.694
vn -0.677 0.246 -0.694
vn -0.945 0 -0.328
vn -0.888 0.323 -0.328
vn -0.945 0 -0.328
vn -0.888 0.323 -0.328
vn -0.125 0.709 0.694
vn -0.36 0.624 0.694
vn -0.164 0.93 0.328
vn -0.472 0.818 0.328
vn -0.164 0.93 0.328
vn -0.472 0.818 0.328
vn -0.552 0.463 0.694
vn -0.724 0.607 0.328
vn -0.724 0.607 0.328
vn -0.677 0.246 0.694
vn -0.888 0.323 0.328
vn -0.888 0.323 0.328
vn -0.72 0 0.694
vn -0.945 0 0.328
vn -0.945 0 0.328
vn -0.677 -0.246 0.694
vn -0.888 -0.323 0.328
vn -0.888 -0.323 0.328
vn 0.125 -0.709 0.694
vn 0.164 -0.93 0.328
vn 0.36 -0.624 0.694
vn 0.472 -0.818 0.328
vn 0.72 0 0.694
vn 0.945 0 0.328
vn 0.945 0 0.328
vn 0.677 0.246 0.694
vn 0.888 0.323 0.328
vn 0.888 0.323 0.328
vn -0.552 0.463 -0.694
vn -0.724 0.607 -0.328
vn -0.724 0.607 -0.328
vn -0.36 0.624 -0.694
vn -0.472 0.818 -0.328
vn -0.472 0.818 -0.328
vn -0.677 -0.246 -0.694
vn -0.888 -0.323 -0.328
vn -0.888 -0.323 -0.328
vn -0.125 -0.709 -0.694
vn -0.164 -0.93 -0.328
vn -0.164 -0.93 -0.328
vn -0.125 0.709 -0.694
vn -0.164 0.93 -0.328
vn -0.164 0.93 -0.328
vn 0.125 0.709 -0.694
vn 0.164 0.93 -0.328
vn 0.164 0.93 -0.328
vn 0.125 -0.709 -0.694
vn 0.164 -0.93 -0.328
vn 0.36 -0.624 -0.694
vn 0.472 -0.818 -0.328
vn 0.552 -0.463 -0.694
vn 0.724 -0.607 -0.328
vn 0.724 -0.607 -0.328
vn 0.677 -0.246 -0.694
vn 0.888 -0.323 -0.328
vn 0.888 -0.323 -0.328
vn 0.72 0 -0.694
vn 0.945 0 -0.328
vn 0.945 0 -0.328
vn 0.36 0.624 -0.694
vn 0.472 0.818 -0.328
vn 0.472 0.818 -0.328
vn 0 -1 0
vn 0 -1 0
vn 0 -1 0
vn 0 -1 0
vn 0 -1 0
vn 0 -1 0
vn 0 -1 0
vn 0 -1 0
vn 0 -1 0
vn 0 -1 0
vn 0 -1 0
vn 0 -1 0
vn 0 -1 0
vn 0 -1 0
vn 0 -1 0
vn 0 -1 0
vn 0 -1 0
vn 0 -1 0
vn 0 -1 0
vn 0 -1 0
vn 0 -1 0
vn 0 -1 0
vn 0 -1 0
vn 0 -1 0
vn 0 -1 0
vn 0 -1 0
vn 0 -1 0
vn 0 -1 0
vn 0 -1 0
vn 0 -1 0
vn 0 -1 0
vn 0 -1 0
vn 0 -1 0
vn 0 -1 0
vn 0 -1 0
vn 0 -1 0
vn 0 -1 0
vn 0 -1 0
vn -0.161 -0.368 0.916
vn 0.161 -0.368 0.916
vn 0.161 0.368 0.916
vn -0.161 0.368 0.916
vn 0.465 -0.368 0.805
vn 0.465 0.368 0.805
vn 0.712 -0.368 0.598
vn 0.712 0.368 0.598
vn 0.93 -0.368 0
vn 0.874 -0.368 -0.318
vn 0.874 0.368 -0.318
vn 0.93 0.368 0
vn 0.712 -0.368 -0.598
vn 0.712 0.368 -0.598
vn -0.465 -0.368 -0.805
vn -0.712 -0.368 -0.598
vn -0.712 0.368 -0.598
vn -0.465 0.368 -0.805
vn -0.93 -0.368 0
vn -0.874 -0.368 0.318
vn -0.874 0.368 0.318
vn -0.93 0.368 0
vn 0.161 -0.368 -0.916
vn -0.161 -0.368 -0.916
vn -0.161 0.368 -0.916
vn 0.161 0.368 -0.916
vn -0.712 -0.368 0.598
vn -0.712 0.368 0.598
vn -0.465 -0.368 0.805
vn -0.465 0.368 0.805
vn 0.874 -0.368 0.318
vn 0.874 0.368 0.318
vn 0.465 -0.368 -0.805
vn 0.465 0.368 -0.805
vn -0.874 -0.368 -0.318
vn -0.874 0.368 -0.318
vn -0.93 -0.368 0
vn -0.93 0.368 0
vn 0 1 0
vn 0 1 0
vn 0 1 0
vn 0 1 0
vn 0 1 0
vn 0 1 0
vn 0 1 0
vn 0 1 0
vn 0 1 0
vn 0 1 0
vn 0 1 0
vn 0 1 0
vn 0 1 0
vn 0 1 0
vn 0 1 0
vn 0 1 0
vn 0 1 0
vn 0 1 0
vn 0 1 0
vn 0 1 0
vn 0 1 0
vn 0 1 0
vn 0 1 0
vn 0 1 0
vn 0 1 0
vn 0 1 0
vn 0 1 0
vn 0 1 0
vn 0 1 0
vn 0 1 0
vn 0 1 0
vn 0 1 0
vn 0 1 0
vn 0 1 0
vn 0 1 0
vn 0 1 0
vn 0 1 0
vn 0 1 0
vn -0.173 0.107 0.979
vn 0.173 0.107 0.979
vn 0.163 0.339 0.927
vn -0.163 0.339 0.927
vn 0.497 0.107 0.861
vn 0.47 0.339 0.815
vn 0.762 0.107 0.639
vn 0.721 0.339 0.605
vn 0.994 0.107 0
vn 0.934 0.107 -0.34
vn 0.884 0.339 -0.322
vn 0.941 0.339 0
vn 0.762 0.107 -0.639
vn 0.721 0.339 -0.605
vn -0.497 0.107 -0.861
vn -0.762 0.107 -0.639
vn -0.721 0.339 -0.605
vn -0.47 0.339 -0.815
vn -0.994 0.107 0
vn -0.934 0.107 0.34
vn -0.884 0.339 0.322
vn -0.941 0.339 0
vn 0.173 0.107 -0.979
vn -0.173 0.107 -0.979
vn -0.163 0.339 -0.927
vn 0.163 0.339 -0.927
vn -0.762 0.107 0.639
vn -0.721 0.339 0.605
vn -0.497 0.107 0.861
vn -0.47 0.339 0.815
vn 0.934 0.107 0.34
vn 0.884 0.339 0.322
vn 0.497 0.107 -0.861
vn 0.47 0.339 -0.815
vn -0.934 0.107 -0.34
vn -0.884 0.339 -0.322
vn -0.994 0.107 0
vn -0.941 0.339 0
vn 0.131 0.656 0.743
vn -0.131 0.656 0.743
vn 0.377 0.656 0.653
vn 0.578 0.656 0.485
vn 0.709 0.656 -0.258
vn 0.755 0.656 0
vn 0.578 0.656 -0.485
vn -0.578 0.656 -0.485
vn -0.377 0.656 -0.653
vn -0.709 0.656 0.258
vn -0.755 0.656 0
vn -0.131 0.656 -0.743
vn 0.131 0.656 -0.743
vn -0.578 0.656 0.485
vn -0.377 0.656 0.653
vn 0.709 0.656 0.258
vn 0.377 0.656 -0.653
vn -0.709 0.656 -0.258
vn -0.755 0.656 0
vn 0.104 0.799 0.592
vn -0.104 0.799 0.592
vn 0.301 0.799 0.521
vn 0.46 0.799 0.386
vn 0.565 0.799 -0.206
vn 0.601 0.799 0
vn 0.46 0.799 -0.386
vn -0.46 0.799 -0.386
vn -0.301 0.799 -0.521
vn -0.565 0.799 0.206
vn -0.601 0.799 0
vn -0.104 0.799 -0.592
vn 0.104 0.799 -0.592
vn -0.46 0.799 0.386
vn -0.301 0.799 0.521
vn 0.565 0.799 0.206
vn 0.301 0.799 -0.521
vn -0.565 0.799 -0.206
vn -0.601 0.799 0
vn 0.072 0.91 0.408
vn -0.072 0.91 0.408
vn 0.207 0.91 0.359
vn 0.317 0.91 0.266
vn 0.389 0.91 -0.142
vn 0.414 0.91 0
vn 0.317 0.91 -0.266
vn -0.317 0.91 -0.266
vn -0.207 0.91 -0.359
vn -0.389 0.91 0.142
vn -0.414 0.91 0
vn -0.072 0.91 -0.408
vn 0.072 0.91 -0.408
vn -0.317 0.91 0.266
vn -0.207 0.91 0.359
vn 0.389 0.91 0.142
vn 0.207 0.91 -0.359
vn -0.389 0.91 -0.142
vn -0.414 0.91 0
vn 0.026 0.988 0.15
vn 0.076 0.988 0.132
vn 0 1 0
vn -0.026 0.988 0.15
vn 0.117 0.988 0.098
vn 0.143 0.988 0.052
vn 0.117 0.988 -0.098
vn 0.076 0.988 -0.132
vn 0.143 0.988 -0.052
vn -0.117 0.988 -0.098
vn -0.143 0.988 -0.052
vn -0.076 0.988 -0.132
vn -0.026 0.988 -0.15
vn 0.026 0.988 -0.15
vn -0.117 0.988 0.098
vn -0.076 0.988 0.132
vn -0.143 0.988 0.052
vn 0.152 0.988 0
vn -0.152 0.988 0
vn 0.123 -0.707 0.696
vn -0.123 -0.707 0.696
vn 0.354 -0.707 0.612
vn 0.542 -0.707 0.455
vn 0.664 -0.707 -0.242
vn 0.707 -0.707 0
vn 0.542 -0.707 -0.455
vn -0.542 -0.707 -0.455
vn -0.354 -0.707 -0.612
vn -0.664 -0.707 0.242
vn -0.707 -0.707 0
vn -0.123 -0.707 -0.696
vn 0.123 -0.707 -0.696
vn -0.542 -0.707 0.455
vn -0.354 -0.707 0.612
vn 0.664 -0.707 0.242
vn 0.354 -0.707 -0.612
vn -0.664 -0.707 -0.242
vn -0.707 -0.707 0
vn 0.123 0.707 0.696
vn -0.123 0.707 0.696
vn 0.354 0.707 0.612
vn 0.542 0.707 0.455
vn 0.664 0.707 -0.242
vn 0.707 0.707 0
vn 0.542 0.707 -0.455
vn -0.542 0.707 -0.455
vn -0.354 0.707 -0.612
vn -0.664 0.707 0.242
vn -0.707 0.707 0
vn -0.123 0.707 -0.696
vn 0.123 0.707 -0.696
vn -0.542 0.707 0.455
vn -0.354 0.707 0.612
vn 0.664 0.707 0.242
vn 0.354 0.707 -0.612
vn -0.664 0.707 -0.242
vn -0.707 0.707 0
vn 0 1 0
vn 0 1 0
vn -0.934 0 0.356
vn -0.716 0.601 0.356
vn -0.716 0.601 -0.356
vn -0.934 0 -0.356
vn -0.162 0.92 0.356
vn -0.162 0.92 -0.356
vn 0.467 0.809 0.356
vn 0.467 0.809 -0.356
vn 0.878 0.32 0.356
vn 0.878 0.32 -0.356
vn 0.878 -0.32 0.356
vn 0.878 -0.32 -0.356
vn 0.467 -0.809 0.356
vn 0.467 -0.809 -0.356
vn -0.162 -0.92 0.356
vn -0.162 -0.92 -0.356
vn -0.716 -0.601 0.356
vn -0.716 -0.601 -0.356
vn -0.934 0 0.356
vn -0.934 0 -0.356
vn -1 0 0
vn -0.934 0 0.356
vn -0.716 0.601 0.356
vn -0.766 0.643 0
vn -0.162 0.92 0.356
vn -0.174 0.985 0
vn 0.467 0.809 0.356
vn 0.5 0.866 0
vn 0.878 0.32 0.356
vn 0.94 0.342 0
vn 0.878 -0.32 0.356
vn 0.94 -0.342 0
vn 0.467 -0.809 0.356
vn 0.5 -0.866 0
vn -0.162 -0.92 0.356
vn -0.174 -0.985 0
vn -0.716 -0.601 0.356
vn -0.766 -0.643 0
vn -0.934 0 0.356
vn -1 0 0
vn 0 0 -1
vn 0 0 -1
vn 0 0 -1
vn 0 0 -1
vn 0 0 -1
vn 0 0 -1
vn 0 0 -1
vn 0 0 -1
vn 0 0 -1
vn 0 0 -1
vn 0 0 -1
vn 0 0 1
vn 0 0 1
vn 0 0 1
vn 0 0 1
vn 0 0 1
vn 0 0 1
vn 0 0 1
vn 0 0 1
vn 0 0 1
vn 0 0 1
vn 0 0 1
vn 0 0 1
vn 0 0 1
vn 0 0 1
vn 0 0 1
vn 0 0 1
vn 0 0 1
vn 0 0 1
vn 0 0 1
vn 0 0 1
vn 0 0 1
vn 0 0 1
vn 0 0 1
vn 0 0 1
vn 0 0 1
vn 0 0 1
vn 0 0 1
vn 0 0 1
vn 0 0 1
vn 0 0 1
vn 0 0 1
vn 0 0 1
vn 0 0 1
vn 0 0 1
vn 0 0 1
vn 0 0 1
vn 0 0 1
vn 0 0 1
vn -0.707 0 0.707
vn -0.542 0.455 0.707
vn -0.123 0.696 0.707
vn 0.354 0.612 0.707
vn 0.664 0.242 0.707
vn 0.664 -0.242 0.707
vn 0.354 -0.612 0.707
vn -0.123 -0.696 0.707
vn -0.542 -0.455 0.707
vn -0.707 0 0.707
vn -0.542 0.455 -0.707
vn -0.707 0 -0.707
vn -0.123 0.696 -0.707
vn 0.354 0.612 -0.707
vn 0.664 0.242 -0.707
vn 0.664 -0.242 -0.707
vn 0.354 -0.612 -0.707
vn -0.123 -0.696 -0.707
vn -0.542 -0.455 -0.707
vn -0.707 0 -0.707
vn -0.707 0 0.707
vn -0.542 0.455 0.707
vn -0.542 -0.455 0.707
vn -0.707 0 0.707
vn -0.123 -0.696 0.707
vn 0.354 -0.612 0.707
vn 0.664 -0.242 0.707
vn 0.664 0.242 0.707
vn 0.354 0.612 0.707
vn -0.123 0.696 0.707
f 4/4/4 1/1/1 2/2/2
f 2/2/2 3/3/3 4/4/4
f 8/8/8 5/5/5 6/6/6
f 6/6/6 7/7/7 8/8/8
f 12/12/12 9/9/9 10/10/10
f 10/10/10 11/11/11 12/12/12
f 16/16/16 13/13/13 14/14/14
f 14/14/14 15/15/15 16/16/16
f 20/20/20 17/17/17 18/18/18
f 18/18/18 19/19/19 20/20/20
f 24/24/24 21/21/21 22/22/22
f 22/22/22 23/23/23 24/24/24
f 23/23/23 22/22/22 25/25/25
f 25/25/25 26/26/26 23/23/23
f 28/28/28 27/27/27 17/17/17
f 17/17/17 20/20/20 28/28/28
f 32/32/32 29/29/29 30/30/30
f 30/30/30 31/31/31 32/32/32
f 36/36/36 33/33/33 34/34/34
f 34/34/34 35/35/35 36/36/36
f 35/35/35 34/34/34 37/37/37
f 37/37/37 38/38/38 35/35/35
f 40/40/40 39/39/39 29/29/29
f 29/29/29 32/32/32 40/40/40
f 44/44/44 41/41/41 42/42/42
f 42/42/42 43/43/43 44/44/44
f 48/48/48 45/45/45 46/46/46
f 46/46/46 47/47/47 48/48/48
f 52/52/52 49/49/49 50/50/50
f 50/50/50 51/51/51 52/52/52
f 56/56/56 53/53/53 54/54/54
f 54/54/54 55/55/55 56/56/56
f 60/60/60 57/57/57 58/58/58
f 58/58/58 59/59/59 60/60/60
f 64/64/64 61/61/61 62/62/62
f 62/62/62 63/63/63 64/64/64
f 68/68/68 65/65/65 66/66/66
f 66/66/66 67/67/67 68/68/68
f 72/72/72 69/69/69 70/70/70
f 70/70/70 71/71/71 72/72/72
f 76/76/76 73/73/73 74/74/74
f 74/74/74 75/75/75 76/76/76
f 80/80/80 77/77/77 78/78/78
f 78/78/78 79/79/79 80/80/80
f 84/84/84 81/81/81 82/82/82
f 82/82/82 83/83/83 84/84/84
f 88/88/88 85/85/85 86/86/86
f 86/86/86 87/87/87 88/88/88
f 92/92/92 89/89/89 90/90/90
f 90/90/90 91/91/91 92/92/92
f 96/96/96 93/93/93 94/94/94
f 94/94/94 95/95/95 96/96/96
f 100/100/100 97/97/97 98/98/98
f 98/98/98 99/99/99 100/100/100
f 104/104/104 101/101/101 102/102/102
f 102/102/102 103/103/103 104/104/104
f 108/108/108 105/105/105 106/106/106
f 106/106/106 107/107/107 108/108/108
f 112/112/112 109/109/109 110/110/110
f 110/110/110 111/111/111 112/112/112
f 116/116/116 113/113/113 114/114/114
f 114/114/114 115/115/115 116/116/116
f 120/120/120 117/117/117 118/118/118
f 118/118/118 119/119/119 120/120/120
f 124/124/124 121/121/121 122/122/122
f 122/122/122 123/123/123 124/124/124
f 128/128/128 125/125/125 126/126/126
f 126/126/126 127/127/127 128/128/128
f 132/132/132 129/129/129 130/130/130
f 130/130/130 131/131/131 132/132/132
f 136/136/136 133/133/133 134/134/134
f 134/134/134 135/135/135 136/136/136
f 140/140/140 137/137/137 138/138/138
f 138/138/138 139/139/139 140/140/140
f 144/144/144 141/141/141 142/142/142
f 142/142/142 143/143/143 144/144/144
f 148/148/148 145/145/145 146/146/146
f 146/146/146 147/147/147 148/148/148
f 152/152/152 149/149/149 150/150/150
f 150/150/150 151/151/151 152/152/152
f 156/156/156 153/153/153 154/154/154
f 154/154/154 155/155/155 156/156/156
f 160/160/160 157/157/157 158/158/158
f 158/158/158 159/159/159 160/160/160
f 164/164/164 161/161/161 162/162/162
f 162/162/162 163/163/163 164/164/164
f 168/168/168 165/165/165 166/166/166
f 166/166/166 167/167/167 168/168/168
f 172/172/172 169/169/169 170/170/170
f 170/170/170 171/171/171 172/172/172
f 176/176/176 173/173/173 174/174/174
f 174/174/174 175/175/175 176/176/176
f 180/180/180 177/177/177 178/178/178
f 178/178/178 179/179/179 180/180/180
f 184/184/184 181/181/181 182/182/182
f 182/182/182 183/183/183 184/184/184
f 188/188/188 185/185/185 186/186/186
f 186/186/186 187/187/187 188/188/188
f 192/192/192 189/189/189 190/190/190
f 190/190/190 191/191/191 192/192/192
f 196/196/196 193/193/193 194/194/194
f 194/194/194 195/195/195 196/196/196
f 200/200/200 197/197/197 198/198/198
f 198/198/198 199/199/199 200/200/200
f 204/204/204 201/201/201 202/202/202
f 202/202/202 203/203/203 204/204/204
f 208/208/208 205/205/205 206/206/206
f 206/206/206 207/207/207 208/208/208
f 212/212/212 209/209/209 210/210/210
f 210/210/210 211/211/211 212/212/212
f 216/216/216 213/213/213 214/214/214
f 214/214/214 215/215/215 216/216/216
f 220/220/220 217/217/217 218/218/218
f 218/218/218 219/219/219 220/220/220
f 224/224/224 221/221/221 222/222/222
f 222/222/222 223/223/223 224/224/224
f 228/228/228 225/225/225 226/226/226
f 226/226/226 227/227/227 228/228/228
f 232/232/232 229/229/229 230/230/230
f 230/230/230 231/231/231 232/232/232
f 236/236/236 233/233/233 234/234/234
f 234/234/234 235/235/235 236/236/236
f 240/240/240 237/237/237 238/238/238
f 238/238/238 239/239/239 240/240/240
f 244/244/244 241/241/241 242/242/242
f 242/242/242 243/243/243 244/244/244
f 248/248/248 245/245/245 246/246/246
f 246/246/246 247/247/247 248/248/248
f 252/252/252 249/249/249 250/250/250
f 250/250/250 251/251/251 252/252/252
f 256/256/256 253/253/253 254/254/254
f 254/254/254 255/255/255 256/256/256
f 258/258/258 257/257/257 245/245/245
f 245/245/245 248/248/248 258/258/258
f 260/260/260 259/259/259 253/253/253
f 253/253/253 256/256/256 260/260/260
f 242/242/242 261/261/261 243/243/243
f 252/252/252 262/262/262 249/249/249
f 250/250/250 263/263/263 251/251/251
f 244/244/244 264/264/264 241/241/241
f 268/268/268 265/265/265 266/266/266
f 266/266/266 267/267/267 268/268/268
f 272/272/272 269/269/269 270/270/270
f 270/270/270 271/271/271 272/272/272
f 276/276/276 273/273/273 274/274/274
f 274/274/274 275/275/275 276/276/276
f 280/280/280 277/277/277 278/278/278
f 278/278/278 279/279/279 280/280/280
f 284/284/284 281/281/281 282/282/282
f 282/282/282 283/283/283 284/284/284
f 288/288/288 285/285/285 286/286/286
f 286/286/286 287/287/287 288/288/288
f 290/290/290 289/289/289 277/277/277
f 277/277/277 280/280/280 290/290/290
f 292/292/292 291/291/291 285/285/285
f 285/285/285 288/288/288 292/292/292
f 274/274/274 293/293/293 275/275/275
f 284/284/284 294/294/294 281/281/281
f 282/282/282 295/295/295 283/283/283
f 276/276/276 296/296/296 273/273/273
f 300/300/300 297/297/297 298/298/298
f 298/298/298 299/299/299 300/300/300
f 304/304/304 301/301/301 302/302/302
f 302/302/302 303/303/303 304/304/304
f 308/308/308 305/305/305 306/306/306
f 306/306/306 307/307/307 308/308/308
f 312/312/312 309/309/309 310/310/310
f 310/310/310 311/311/311 312/312/312
f 316/316/316 313/313/313 314/314/314
f 314/314/314 315/315/315 316/316/316
f 320/320/320 317/317/317 318/318/318
f 318/318/318 319/319/319 320/320/320
f 309/309/309 321/321/321 322/322/322
f 322/322/322 310/310/310 309/309/309
f 317/317/317 323/323/323 324/324/324
f 324/324/324 318/318/318 317/317/317
f 306/306/306 305/305/305 325/325/325
f 316/316/316 315/315/315 326/326/326
f 314/314/314 313/313/313 327/327/327
f 308/308/308 307/307/307 328/328/328
f 332/332/332 329/329/329 330/330/330
f 330/330/330 331/331/331 332/332/332
f 336/336/336 333/333/333 334/334/334
f 334/334/334 335/335/335 336/336/336
f 340/340/340 337/337/337 338/338/338
f 338/338/338 339/339/339 340/340/340
f 344/344/344 341/341/341 342/342/342
f 342/342/342 343/343/343 344/344/344
f 348/348/348 345/345/345 346/346/346
f 346/346/346 347/347/347 348/348/348
f 352/352/352 349/349/349 350/350/350
f 350/350/350 351/351/351 352/352/352
f 341/341/341 353/353/353 354/354/354
f 354/354/354 342/342/342 341/341/341
f 349/349/349 355/355/355 356/356/356
f 356/356/356 350/350/350 349/349/349
f 338/338/338 337/337/337 357/357/357
f 348/348/348 347/347/347 358/358/358
f 346/346/346 345/345/345 359/359/359
f 340/340/340 339/339/339 360/360/360
f 364/364/364 361/361/361 362/362/362
f 362/362/362 363/363/363 364/364/364
f 368/368/368 365/365/365 366/366/366
f 366/366/366 367/367/367 368/368/368
f 372/372/372 369/369/369 370/370/370
f 370/370/370 371/371/371 372/372/372
f 376/376/376 373/373/373 374/374/374
f 374/374/374 375/375/375 376/376/376
f 380/380/380 377/377/377 378/378/378
f 378/378/378 379/379/379 380/380/380
f 384/384/384 381/381/381 382/382/382
f 382/382/382 383/383/383 384/384/384
f 373/373/373 385/385/385 386/386/386
f 386/386/386 374/374/374 373/373/373
f 381/381/381 387/387/387 388/388/388
f 388/388/388 382/382/382 381/381/381
f 370/370/370 369/369/369 389/389/389
f 380/380/380 379/379/379 390/390/390
f 378/378/378 377/377/377 391/391/391
f 372/372/372 371/371/371 392/392/392
f 396/396/396 393/393/393 394/394/394
f 394/394/394 395/395/395 396/396/396
f 395/395/395 394/394/394 397/397/397
f 397/397/397 398/398/398 395/395/395
f 398/398/398 397/397/397 399/399/399
f 399/399/399 400/400/400 398/398/398
f 400/400/400 399/399/399 401/401/401
f 401/401/401 402/402/402 400/400/400
f 402/402/402 401/401/401 403/403/403
f 403/403/403 404/404/404 402/402/402
f 404/404/404 403/403/403 405/405/405
f 405/405/405 406/406/406 404/404/404
f 406/406/406 405/405/405 407/407/407
f 407/407/407 408/408/408 406/406/406
f 408/408/408 407/407/407 409/409/409
f 409/409/409 410/410/410 408/408/408
f 410/410/410 409/409/409 411/411/411
f 411/411/411 412/412/412 410/410/410
f 412/412/412 411/411/411 413/413/413
f 413/413/413 414/414/414 412/412/412
f 418/418/418 415/415/415 416/416/416
f 416/416/416 417/417/417 418/418/418
f 416/416/416 419/419/419 420/420/420
f 420/420/420 417/417/417 416/416/416
f 420/420/420 421/421/421 422/422/422
f 422/422/422 417/417/417 420/420/420
f 422/422/422 423/423/423 424/424/424
f 424/424/424 417/417/417 422/422/422
f 424/424/424 425/425/425 418/418/418
f 418/418/418 417/417/417 424/424/424
f 429/429/429 426/426/426 427/427/427
f 427/427/427 428/428/428 429/429/429
f 428/428/428 427/427/427 430/430/430
f 430/430/430 431/431/431 428/428/428
f 431/431/431 430/430/430 432/432/432
f 432/432/432 433/433/433 431/431/431
f 433/433/433 432/432/432 434/434/434
f 434/434/434 435/435/435 433/433/433
f 435/435/435 434/434/434 436/436/436
f 436/436/436 437/437/437 435/435/435
f 437/437/437 436/436/436 438/438/438
f 438/438/438 439/439/439 437/437/437
f 439/439/439 438/438/438 440/440/440
f 440/440/440 441/441/441 439/439/439
f 441/441/441 440/440/440 442/442/442
f 442/442/442 443/443/443 441/441/441
f 443/443/443 442/442/442 444/444/444
f 444/444/444 445/445/445 443/443/443
f 445/445/445 444/444/444 446/446/446
f 446/446/446 447/447/447 445/445/445
f 451/451/451 448/448/448 449/449/449
f 449/449/449 450/450/450 451/451/451
f 449/449/449 452/452/452 453/453/453
f 453/453/453 450/450/450 449/449/449
f 453/453/453 454/454/454 455/455/455
f 455/455/455 450/450/450 453/453/453
f 455/455/455 456/456/456 457/457/457
f 457/457/457 450/450/450 455/455/455
f 457/457/457 458/458/458 451/451/451
f 451/451/451 450/450/450 457/457/457
f 462/462/462 459/459/459 460/460/460
f 460/460/460 461/461/461 462/462/462
f 464/464/464 462/462/462 461/461/461
f 461/461/461 463/463/463 464/464/464
f 466/466/466 464/464/464 463/463/463
f 463/463/463 465/465/465 466/466/466
f 468/468/468 466/466/466 465/465/465
f 465/465/465 467/467/467 468/468/468
f 470/470/470 468/468/468 467/467/467
f 467/467/467 469/469/469 470/470/470
f 472/472/472 470/470/470 469/469/469
f 469/469/469 471/471/471 472/472/472
f 474/474/474 472/472/472 471/471/471
f 471/471/471 473/473/473 474/474/474
f 476/476/476 474/474/474 473/473/473
f 473/473/473 475/475/475 476/476/476
f 478/478/478 476/476/476 475/475/475
f 475/475/475 477/477/477 478/478/478
f 480/480/480 478/478/478 477/477/477
f 477/477/477 479/479/479 480/480/480
f 484/484/484 481/481/481 482/482/482
f 482/482/482 483/483/483 484/484/484
f 482/482/482 481/481/481 485/485/485
f 485/485/485 486/486/486 482/482/482
f 485/485/485 481/481/481 487/487/487
f 487/487/487 488/488/488 485/485/485
f 487/487/487 481/481/481 489/489/489
f 489/489/489 490/490/490 487/487/487
f 489/489/489 481/481/481 484/484/484
f 484/484/484 491/491/491 489/489/489
f 495/495/495 492/492/492 493/493/493
f 493/493/493 494/494/494 495/495/495
f 494/494/494 493/493/493 496/496/496
f 496/496/496 497/497/497 494/494/494
f 497/497/497 496/496/496 498/498/498
f 498/498/498 499/499/499 497/497/497
f 499/499/499 498/498/498 500/500/500
f 500/500/500 501/501/501 499/499/499
f 501/501/501 500/500/500 502/502/502
f 502/502/502 503/503/503 501/501/501
f 503/503/503 502/502/502 504/504/504
f 504/504/504 505/505/505 503/503/503
f 505/505/505 504/504/504 506/506/506
f 506/506/506 507/507/507 505/505/505
f 507/507/507 506/506/506 508/508/508
f 508/508/508 509/509/509 507/507/507
f 509/509/509 508/508/508 510/510/510
f 510/510/510 511/511/511 509/509/509
f 511/511/511 510/510/510 512/512/512
f 512/512/512 513/513/513 511/511/511
f 517/517/517 514/514/514 515/515/515
f 515/515/515 516/516/516 517/517/517
f 515/515/515 518/518/518 519/519/519
f 519/519/519 516/516/516 515/515/515
f 519/519/519 520/520/520 521/521/521
f 521/521/521 516/516/516 519/519/519
f 521/521/521 522/522/522 523/523/523
f 523/523/523 516/516/516 521/521/521
f 523/523/523 524/524/524 517/517/517
f 517/517/517 516/516/516 523/523/523
f 528/528/528 525/525/525 526/526/526
f 526/526/526 527/527/527 528/528/528
f 527/527/527 526/526/526 529/529/529
f 529/529/529 530/530/530 527/527/527
f 530/530/530 529/529/529 531/531/531
f 531/531/531 532/532/532 530/530/530
f 532/532/532 531/531/531 533/533/533
f 533/533/533 534/534/534 532/532/532
f 534/534/534 533/533/533 535/535/535
f 535/535/535 536/536/536 534/534/534
f 536/536/536 535/535/535 537/537/537
f 537/537/537 538/538/538 536/536/536
f 538/538/538 537/537/537 539/539/539
f 539/539/539 540/540/540 538/538/538
f 540/540/540 539/539/539 541/541/541
f 541/541/541 542/542/542 540/540/540
f 542/542/542 541/541/541 543/543/543
f 543/543/543 544/544/544 542/542/542
f 544/544/544 543/543/543 545/545/545
f 545/545/545 546/546/546 544/544/544
f 550/550/550 547/547/547 548/548/548
f 548/548/548 549/549/549 550/550/550
f 548/548/548 551/551/551 552/552/552
f 552/552/552 549/549/549 548/548/548
f 552/552/552 553/553/553 554/554/554
f 554/554/554 549/549/549 552/552/552
f 554/554/554 555/555/555 556/556/556
f 556/556/556 549/549/549 554/554/554
f 556/556/556 557/557/557 550/550/550
f 550/550/550 549/549/549 556/556/556
f 561/561/561 558/558/558 559/559/559
f 559/559/559 560/560/560 561/561/561
f 563/563/563 561/561/561 560/560/560
f 560/560/560 562/562/562 563/563/563
f 565/565/565 563/563/563 562/562/562
f 562/562/562 564/564/564 565/565/565
f 567/567/567 565/565/565 564/564/564
f 564/564/564 566/566/566 567/567/567
f 569/569/569 567/567/567 566/566/566
f 566/566/566 568/568/568 569/569/569
f 571/571/571 569/569/569 568/568/568
f 568/568/568 570/570/570 571/571/571
f 573/573/573 571/571/571 570/570/570
f 570/570/570 572/572/572 573/573/573
f 575/575/575 573/573/573 572/572/572
f 572/572/572 574/574/574 575/575/575
f 577/577/577 575/575/575 574/574/574
f 574/574/574 576/576/576 577/577/577
f 579/579/579 577/577/577 576/576/576
f 576/576/576 578/578/578 579/579/579
f 583/583/583 580/580/580 581/581/581
f 581/581/581 582/582/582 583/583/583
f 581/581/581 580/580/580 584/584/584
f 584/584/584 585/585/585 581/581/581
f 584/584/584 580/580/580 586/586/586
f 586/586/586 580/580/580 587/587/587
f 587/587/587 588/588/588 586/586/586
f 587/587/587 580/580/580 589/589/589
f 589/589/589 580/580/580 583/583/583
f 583/583/583 590/590/590 589/589/589
f 594/594/594 591/591/591 592/592/592
f 592/592/592 593/593/593 594/594/594
f 596/596/596 594/594/594 593/593/593
f 593/593/593 595/595/595 596/596/596
f 598/598/598 596/596/596 595/595/595
f 595/595/595 597/597/597 598/598/598
f 600/600/600 598/598/598 597/597/597
f 597/597/597 599/599/599 600/600/600
f 602/602/602 600/600/600 599/599/599
f 599/599/599 601/601/601 602/602/602
f 604/604/604 602/602/602 601/601/601
f 601/601/601 603/603/603 604/604/604
f 606/606/606 604/604/604 603/603/603
f 603/603/603 605/605/605 606/606/606
f 608/608/608 606/606/606 605/605/605
f 605/605/605 607/607/607 608/608/608
f 610/610/610 608/608/608 607/607/607
f 607/607/607 609/609/609 610/610/610
f 612/612/612 610/610/610 609/609/609
f 609/609/609 611/611/611 612/612/612
f 616/616/616 613/613/613 614/614/614
f 614/614/614 615/615/615 616/616/616
f 614/614/614 613/613/613 617/617/617
f 617/617/617 618/618/618 614/614/614
f 617/617/617 613/613/613 619/619/619
f 619/619/619 620/620/620 617/617/617
f 619/619/619 613/613/613 621/621/621
f 621/621/621 622/622/622 619/619/619
f 621/621/621 613/613/613 616/616/616
f 616/616/616 623/623/623 621/621/621
f 627/627/627 624/624/624 625/625/625
f 625/625/625 626/626/626 627/627/627
f 629/629/629 627/627/627 626/626/626
f 626/626/626 628/628/628 629/629/629
f 631/631/631 629/629/629 628/628/628
f 628/628/628 630/630/630 631/631/631
f 633/633/633 631/631/631 630/630/630
f 630/630/630 632/632/632 633/633/633
f 635/635/635 633/633/633 632/632/632
f 632/632/632 634/634/634 635/635/635
f 637/637/637 635/635/635 634/634/634
f 634/634/634 636/636/636 637/637/637
f 639/639/639 637/637/637 636/636/636
f 636/636/636 638/638/638 639/639/639
f 641/641/641 639/639/639 638/638/638
f 638/638/638 640/640/640 641/641/641
f 643/643/643 641/641/641 640/640/640
f 640/640/640 642/642/642 643/643/643
f 645/645/645 643/643/643 642/642/642
f 642/642/642 644/644/644 645/645/645
f 649/649/649 646/646/646 647/647/647
f 647/647/647 648/648/648 649/649/649
f 647/647/647 646/646/646 650/650/650
f 650/650/650 646/646/646 651/651/651
f 651/651/651 652/652/652 650/650/650
f 651/651/651 646/646/646 653/653/653
f 653/653/653 654/654/654 651/651/651
f 653/653/653 646/646/646 655/655/655
f 655/655/655 646/646/646 649/649/649
f 649/649/649 656/656/656 655/655/655
f 660/660/660 657/657/657 658/658/658
f 658/658/658 659/659/659 660/660/660
f 664/664/664 661/661/661 662/662/662
f 662/662/662 663/663/663 664/664/664
f 668/668/668 665/665/665 666/666/666
f 666/666/666 667/667/667 668/668/668
f 672/672/672 669/669/669 670/670/670
f 670/670/670 671/671/671 672/672/672
f 676/676/676 673/673/673 674/674/674
f 674/674/674 675/675/675 676/676/676
f 680/680/680 677/677/677 678/678/678
f 678/678/678 679/679/679 680/680/680
f 682/682/682 660/660/660 659/659/659
f 659/659/659 681/681/681 682/682/682
f 684/684/684 658/658/658 657/657/657
f 657/657/657 683/683/683 684/684/684
f 688/688/688 685/685/685 686/686/686
f 686/686/686 687/687/687 688/688/688
f 692/692/692 689/689/689 690/690/690
f 690/690/690 691/691/691 692/692/692
f 674/674/674 673/673/673 693/693/693
f 693/693/693 694/694/694 674/674/674
f 668/668/668 667/667/667 695/695/695
f 695/695/695 696/696/696 668/668/668
f 666/666/666 665/665/665 697/697/697
f 697/697/697 698/698/698 666/666/666
f 676/676/676 675/675/675 699/699/699
f 699/699/699 700/700/700 676/676/676
f 704/704/704 701/701/701 702/702/702
f 702/702/702 703/703/703 704/704/704
f 708/708/708 705/705/705 706/706/706
f 706/706/706 707/707/707 708/708/708
f 712/712/712 709/709/709 710/710/710
f 710/710/710 711/711/711 712/712/712
f 716/716/716 713/713/713 714/714/714
f 714/714/714 715/715/715 716/716/716
f 720/720/720 717/717/717 718/718/718
f 718/718/718 719/719/719 720/720/720
f 724/724/724 721/721/721 722/722/722
f 722/722/722 723/723/723 724/724/724
f 726/726/726 704/704/704 703/703/703
f 703/703/703 725/725/725 726/726/726
f 728/728/728 702/702/702 701/701/701
f 701/701/701 727/727/727 728/728/728
f 732/732/732 729/729/729 730/730/730
f 730/730/730 731/731/731 732/732/732
f 736/736/736 733/733/733 734/734/734
f 734/734/734 735/735/735 736/736/736
f 718/718/718 717/717/717 737/737/737
f 737/737/737 738/738/738 718/718/718
f 712/712/712 711/711/711 739/739/739
f 739/739/739 740/740/740 712/712/712
f 710/710/710 709/709/709 741/741/741
f 741/741/741 742/742/742 710/710/710
f 720/720/720 719/719/719 743/743/743
f 743/743/743 744/744/744 720/720/720
f 748/748/748 745/745/745 746/746/746
f 746/746/746 747/747/747 748/748/748
f 752/752/752 749/749/749 750/750/750
f 750/750/750 751/751/751 752/752/752
f 756/756/756 753/753/753 754/754/754
f 754/754/754 755/755/755 756/756/756
f 760/760/760 757/757/757 758/758/758
f 758/758/758 759/759/759 760/760/760
f 764/764/764 761/761/761 762/762/762
f 762/762/762 763/763/763 764/764/764
f 768/768/768 765/765/765 766/766/766
f 766/766/766 767/767/767 768/768/768
f 747/747/747 746/746/746 769/769/769
f 769/769/769 770/770/770 747/747/747
f 745/745/745 748/748/748 771/771/771
f 771/771/771 772/772/772 745/745/745
f 776/776/776 773/773/773 774/774/774
f 774/774/774 775/775/775 776/776/776
f 780/780/780 777/777/777 778/778/778
f 778/778/778 779/779/779 780/780/780
f 762/762/762 781/781/781 782/782/782
f 782/782/782 763/763/763 762/762/762
f 756/756/756 783/783/783 784/784/784
f 784/784/784 753/753/753 756/756/756
f 754/754/754 785/785/785 786/786/786
f 786/786/786 755/755/755 754/754/754
f 764/764/764 787/787/787 788/788/788
f 788/788/788 761/761/761 764/764/764
f 792/792/792 789/789/789 790/790/790
f 790/790/790 791/791/791 792/792/792
f 796/796/796 793/793/793 794/794/794
f 794/794/794 795/795/795 796/796/796
f 800/800/800 797/797/797 798/798/798
f 798/798/798 799/799/799 800/800/800
f 804/804/804 801/801/801 802/802/802
f 802/802/802 803/803/803 804/804/804
f 808/808/808 805/805/805 806/806/806
f 806/806/806 807/807/807 808/808/808
f 812/812/812 809/809/809 810/810/810
f 810/810/810 811/811/811 812/812/812
f 791/791/791 790/790/790 813/813/813
f 813/813/813 814/814/814 791/791/791
f 789/789/789 792/792/792 815/815/815
f 815/815/815 816/816/816 789/789/789
f 820/820/820 817/817/817 818/818/818
f 818/818/818 819/819/819 820/820/820
f 824/824/824 821/821/821 822/822/822
f 822/822/822 823/823/823 824/824/824
f 806/806/806 825/825/825 826/826/826
f 826/826/826 807/807/807 806/806/806
f 800/800/800 827/827/827 828/828/828
f 828/828/828 797/797/797 800/800/800
f 798/798/798 829/829/829 830/830/830
f 830/830/830 799/799/799 798/798/798
f 808/808/808 831/831/831 832/832/832
f 832/832/832 805/805/805 808/808/808
f 836/836/836 833/833/833 834/834/834
f 834/834/834 835/835/835 836/836/836
f 835/835/835 834/834/834 837/837/837
f 837/837/837 838/838/838 835/835/835
f 838/838/838 837/837/837 839/839/839
f 839/839/839 840/840/840 838/838/838
f 840/840/840 839/839/839 841/841/841
f 841/841/841 842/842/842 840/840/840
f 842/842/842 841/841/841 843/843/843
f 843/843/843 844/844/844 842/842/842
f 848/848/848 845/845/845 846/846/846
f 846/846/846 847/847/847 848/848/848
f 847/847/847 846/846/846 849/849/849
f 849/849/849 850/850/850 847/847/847
f 850/850/850 849/849/849 851/851/851
f 851/851/851 852/852/852 850/850/850
f 852/852/852 851/851/851 853/853/853
f 853/853/853 854/854/854 852/852/852
f 854/854/854 853/853/853 833/833/833
f 833/833/833 836/836/836 854/854/854
f 858/858/858 855/855/855 856/856/856
f 856/856/856 857/857/857 858/858/858
f 857/857/857 856/856/856 859/859/859
f 859/859/859 860/860/860 857/857/857
f 860/860/860 859/859/859 861/861/861
f 861/861/861 862/862/862 860/860/860
f 862/862/862 861/861/861 863/863/863
f 863/863/863 864/864/864 862/862/862
f 864/864/864 863/863/863 865/865/865
f 865/865/865 866/866/866 864/864/864
f 866/866/866 865/865/865 867/867/867
f 867/867/867 868/868/868 866/866/866
f 868/868/868 867/867/867 869/869/869
f 869/869/869 870/870/870 868/868/868
f 870/870/870 869/869/869 871/871/871
f 871/871/871 872/872/872 870/870/870
f 872/872/872 871/871/871 873/873/873
f 873/873/873 874/874/874 872/872/872
f 874/874/874 873/873/873 875/875/875
f 875/875/875 876/876/876 874/874/874
f 880/880/880 877/877/877 878/878/878
f 878/878/878 879/879/879 880/880/880
f 879/879/879 878/878/878 881/881/881
f 881/881/881 882/882/882 879/879/879
f 882/882/882 881/881/881 862/862/862
f 862/862/862 883/883/883 882/882/882
f 883/883/883 862/862/862 864/864/864
f 864/864/864 884/884/884 883/883/883
f 884/884/884 864/864/864 866/866/866
f 866/866/866 885/885/885 884/884/884
f 885/885/885 866/866/866 868/868/868
f 868/868/868 886/886/886 885/885/885
f 886/886/886 868/868/868 870/870/870
f 870/870/870 887/887/887 886/886/886
f 887/887/887 870/870/870 888/888/888
f 888/888/888 889/889/889 887/887/887
f 889/889/889 888/888/888 890/890/890
f 890/890/890 891/891/891 889/889/889
f 891/891/891 890/890/890 892/892/892
f 892/892/892 893/893/893 891/891/891
f 897/897/897 894/894/894 895/895/895
f 895/895/895 896/896/896 897/897/897
f 899/899/899 897/897/897 896/896/896
f 896/896/896 898/898/898 899/899/899
f 901/901/901 899/899/899 898/898/898
f 898/898/898 900/900/900 901/901/901
f 903/903/903 901/901/901 900/900/900
f 900/900/900 902/902/902 903/903/903
f 905/905/905 903/903/903 902/902/902
f 902/902/902 904/904/904 905/905/905
f 909/909/909 906/906/906 907/907/907
f 907/907/907 908/908/908 909/909/909
f 911/911/911 909/909/909 908/908/908
f 908/908/908 910/910/910 911/911/911
f 913/913/913 911/911/911 910/910/910
f 910/910/910 912/912/912 913/913/913
f 915/915/915 913/913/913 912/912/912
f 912/912/912 914/914/914 915/915/915
f 894/894/894 915/915/915 914/914/914
f 914/914/914 895/895/895 894/894/894
f 919/919/919 916/916/916 917/917/917
f 917/917/917 918/918/918 919/919/919
f 921/921/921 919/919/919 918/918/918
f 918/918/918 920/920/920 921/921/921
f 923/923/923 921/921/921 920/920/920
f 920/920/920 922/922/922 923/923/923
f 925/925/925 923/923/923 922/922/922
f 922/922/922 924/924/924 925/925/925
f 927/927/927 925/925/925 924/924/924
f 924/924/924 926/926/926 927/927/927
f 929/929/929 927/927/927 926/926/926
f 926/926/926 928/928/928 929/929/929
f 931/931/931 929/929/929 928/928/928
f 928/928/928 930/930/930 931/931/931
f 933/933/933 931/931/931 930/930/930
f 930/930/930 932/932/932 933/933/933
f 935/935/935 933/933/933 932/932/932
f 932/932/932 934/934/934 935/935/935
f 937/937/937 935/935/935 934/934/934
f 934/934/934 936/936/936 937/937/937
f 941/941/941 938/938/938 939/939/939
f 939/939/939 940/940/940 941/941/941
f 943/943/943 941/941/941 940/940/940
f 940/940/940 942/942/942 943/943/943
f 922/922/922 943/943/943 942/942/942
f 942/942/942 944/944/944 922/922/922
f 924/924/924 922/922/922 944/944/944
f 944/944/944 945/945/945 924/924/924
f 926/926/926 924/924/924 945/945/945
f 945/945/945 946/946/946 926/926/926
f 928/928/928 926/926/926 946/946/946
f 946/946/946 947/947/947 928/928/928
f 930/930/930 928/928/928 947/947/947
f 947/947/947 948/948/948 930/930/930
f 950/950/950 930/930/930 948/948/948
f 948/948/948 949/949/949 950/950/950
f 952/952/952 950/950/950 949/949/949
f 949/949/949 951/951/951 952/952/952
f 954/954/954 952/952/952 951/951/951
f 951/951/951 953/953/953 954/954/954
f 958/958/958 955/955/955 956/956/956
f 956/956/956 957/957/957 958/958/958
f 955/955/955 959/959/959 960/960/960
f 960/960/960 956/956/956 955/955/955
f 959/959/959 961/961/961 962/962/962
f 962/962/962 960/960/960 959/959/959
f 961/961/961 963/963/963 964/964/964
f 964/964/964 962/962/962 961/961/961
f 963/963/963 965/965/965 966/966/966
f 966/966/966 964/964/964 963/963/963
f 965/965/965 967/967/967 968/968/968
f 968/968/968 966/966/966 965/965/965
f 967/967/967 969/969/969 970/970/970
f 970/970/970 968/968/968 967/967/967
f 969/969/969 971/971/971 972/972/972
f 972/972/972 970/970/970 969/969/969
f 971/971/971 973/973/973 974/974/974
f 974/974/974 972/972/972 971/971/971
f 978/978/978 975/975/975 976/976/976
f 976/976/976 977/977/977 978/978/978
f 980/980/980 979/979/979 975/975/975
f 975/975/975 978/978/978 980/980/980
f 982/982/982 981/981/981 979/979/979
f 979/979/979 980/980/980 982/982/982
f 984/984/984 983/983/983 981/981/981
f 981/981/981 982/982/982 984/984/984
f 986/986/986 985/985/985 983/983/983
f 983/983/983 984/984/984 986/986/986
f 988/988/988 987/987/987 985/985/985
f 985/985/985 986/986/986 988/988/988
f 990/990/990 989/989/989 987/987/987
f 987/987/987 988/988/988 990/990/990
f 992/992/992 991/991/991 989/989/989
f 989/989/989 990/990/990 992/992/992
f 994/994/994 993/993/993 991/991/991
f 991/991/991 992/992/992 994/994/994
f 998/998/998 995/995/995 996/996/996
f 996/996/996 997/997/997 998/998/998
f 995/995/995 999/999/999 996/996/996
f 999/999/999 995/995/995 1000/1000/1000
f 1000/1000/1000 1001/1001/1001 999/999/999
f 1000/1000/1000 995/995/995 1002/1002/1002
f 1002/1002/1002 1003/1003/1003 1000/1000/1000
f 1002/1002/1002 995/995/995 1004/1004/1004
f 1004/1004/1004 1005/1005/1005 1002/1002/1002
f 1009/1009/1009 1006/1006/1006 1007/1007/1007
f 1007/1007/1007 1008/1008/1008 1009/1009/1009
f 1013/1013/1013 1010/1010/1010 1011/1011/1011
f 1011/1011/1011 1012/1012/1012 1013/1013/1013
f 1012/1012/1012 1014/1014/1014 1015/1015/1015
f 1015/1015/1015 1016/1016/1016 1012/1012/1012
f 1016/1016/1016 1017/1017/1017 1018/1018/1018
f 1018/1018/1018 1019/1019/1019 1016/1016/1016
f 1019/1019/1019 1020/1020/1020 1021/1021/1021
f 1021/1021/1021 1022/1022/1022 1019/1019/1019
f 1022/1022/1022 1023/1023/1023 1024/1024/1024
f 1024/1024/1024 1025/1025/1025 1022/1022/1022
f 1025/1025/1025 1026/1026/1026 1027/1027/1027
f 1027/1027/1027 1028/1028/1028 1025/1025/1025
f 1028/1028/1028 1029/1029/1029 1030/1030/1030
f 1030/1030/1030 1031/1031/1031 1028/1028/1028
f 1031/1031/1031 1032/1032/1032 1033/1033/1033
f 1033/1033/1033 1009/1009/1009 1031/1031/1031
f 1034/1034/1034 1035/1035/1035 1036/1036/1036
f 1035/1035/1035 1037/1037/1037 1038/1038/1038
f 1038/1038/1038 1036/1036/1036 1035/1035/1035
f 1038/1038/1038 1039/1039/1039 1036/1036/1036
f 1039/1039/1039 1040/1040/1040 1041/1041/1041
f 1041/1041/1041 1036/1036/1036 1039/1039/1039
f 1041/1041/1041 1042/1042/1042 1036/1036/1036
f 1042/1042/1042 1043/1043/1043 1034/1034/1034
f 1034/1034/1034 1036/1036/1036 1042/1042/1042
f 1045/1045/1045 1044/1044/1044 976/976/976
f 976/976/976 975/975/975 1045/1045/1045
f 1046/1046/1046 1045/1045/1045 975/975/975
f 975/975/975 979/979/979 1046/1046/1046
f 1047/1047/1047 1046/1046/1046 979/979/979
f 979/979/979 981/981/981 1047/1047/1047
f 1048/1048/1048 1047/1047/1047 981/981/981
f 981/981/981 983/983/983 1048/1048/1048
f 1049/1049/1049 1048/1048/1048 983/983/983
f 983/983/983 985/985/985 1049/1049/1049
f 1050/1050/1050 1049/1049/1049 985/985/985
f 985/985/985 987/987/987 1050/1050/1050
f 1051/1051/1051 1050/1050/1050 987/987/987
f 987/987/987 989/989/989 1051/1051/1051
f 1052/1052/1052 1051/1051/1051 989/989/989
f 989/989/989 991/991/991 1052/1052/1052
f 1053/1053/1053 1052/1052/1052 991/991/991
f 991/991/991 993/993/993 1053/1053/1053
f 955/955/955 958/958/958 1054/1054/1054
f 1054/1054/1054 1055/1055/1055 955/955/955
f 959/959/959 955/955/955 1055/1055/1055
f 1055/1055/1055 1056/1056/1056 959/959/959
f 961/961/961 959/959/959 1056/1056/1056
f 1056/1056/1056 1057/1057/1057 961/961/961
f 963/963/963 961/961/961 1057/1057/1057
f 1057/1057/1057 1058/1058/1058 963/963/963
f 965/965/965 963/963/963 1058/1058/1058
f 1058/1058/1058 1059/1059/1059 965/965/965
f 967/967/967 965/965/965 1059/1059/1059
f 1059/1059/1059 1060/1060/1060 967/967/967
f 969/969/969 967/967/967 1060/1060/1060
f 1060/1060/1060 1061/1061/1061 969/969/969
f 971/971/971 969/969/969 1061/1061/1061
f 1061/1061/1061 1062/1062/1062 971/971/971
f 973/973/973 971/971/971 1062/1062/1062
f 1062/1062/1062 1063/1063/1063 973/973/973
f 957/957/957 956/956/956 1064/1064/1064
f 1064/1064/1064 1065/1065/1065 957/957/957
f 972/972/972 974/974/974 1066/1066/1066
f 1066/1066/1066 1067/1067/1067 972/972/972
f 970/970/970 972/972/972 1067/1067/1067
f 1067/1067/1067 1068/1068/1068 970/970/970
f 968/968/968 970/970/970 1068/1068/1068
f 1068/1068/1068 1069/1069/1069 968/968/968
f 966/966/966 968/968/968 1069/1069/1069
f 1069/1069/1069 1070/1070/1070 966/966/966
f 964/964/964 966/966/966 1070/1070/1070
f 1070/1070/1070 1071/1071/1071 964/964/964
f 962/962/962 964/964/964 1071/1071/1071
f 1071/1071/1071 1072/1072/1072 962/962/962
f 960/960/960 962/962/962 1072/1072/1072
f 1072/1072/1072 1073/1073/1073 960/960/960
f 956/956/956 960/960/960 1073/1073/1073
f 1073/1073/1073 1064/1064/1064 956/956/956
f 1077/1077/1077 1074/1074/1074 1075/1075/1075
f 1075/1075/1075 1076/1076/1076 1077/1077/1077
f 1074/1074/1074 1078/1078/1078 1079/1079/1079
f 1079/1079/1079 1075/1075/1075 1074/1074/1074
f 1078/1078/1078 1080/1080/1080 1081/1081/1081
f 1081/1081/1081 1079/1079/1079 1078/1078/1078
f 1085/1085/1085 1082/1082/1082 1083/1083/1083
f 1083/1083/1083 1084/1084/1084 1085/1085/1085
f 1089/1089/1089 1086/1086/1086 1087/1087/1087
f 1087/1087/1087 1088/1088/1088 1089/1089/1089
f 1093/1093/1093 1090/1090/1090 1091/1091/1091
f 1091/1091/1091 1092/1092/1092 1093/1093/1093
f 1097/1097/1097 1094/1094/1094 1095/1095/1095
f 1095/1095/1095 1096/1096/1096 1097/1097/1097
f 1095/1095/1095 1098/1098/1098 1099/1099/1099
f 1099/1099/1099 1096/1096/1096 1095/1095/1095
f 1098/1098/1098 1077/1077/1077 1076/1076/1076
f 1076/1076/1076 1099/1099/1099 1098/1098/1098
f 1081/1081/1081 1080/1080/1080 1100/1100/1100
f 1100/1100/1100 1101/1101/1101 1081/1081/1081
f 1100/1100/1100 1102/1102/1102 1103/1103/1103
f 1103/1103/1103 1101/1101/1101 1100/1100/1100
f 1105/1105/1105 1085/1085/1085 1084/1084/1084
f 1084/1084/1084 1104/1104/1104 1105/1105/1105
f 1083/1083/1083 1082/1082/1082 1106/1106/1106
f 1106/1106/1106 1107/1107/1107 1083/1083/1083
f 1107/1107/1107 1106/1106/1106 1089/1089/1089
f 1089/1089/1089 1088/1088/1088 1107/1107/1107
f 1086/1086/1086 1093/1093/1093 1092/1092/1092
f 1092/1092/1092 1087/1087/1087 1086/1086/1086
f 1111/1111/1111 1108/1108/1108 1109/1109/1109
f 1109/1109/1109 1110/1110/1110 1111/1111/1111
f 1113/1113/1113 1112/1112/1112 1109/1109/1109
f 1109/1109/1109 1108/1108/1108 1113/1113/1113
f 1115/1115/1115 1112/1112/1112 1113/1113/1113
f 1113/1113/1113 1114/1114/1114 1115/1115/1115
f 1117/1117/1117 1115/1115/1115 1114/1114/1114
f 1114/1114/1114 1116/1116/1116 1117/1117/1117
f 1121/1121/1121 1118/1118/1118 1119/1119/1119
f 1119/1119/1119 1120/1120/1120 1121/1121/1121
f 1123/1123/1123 1122/1122/1122 1118/1118/1118
f 1118/1118/1118 1121/1121/1121 1123/1123/1123
f 1125/1125/1125 1122/1122/1122 1123/1123/1123
f 1123/1123/1123 1124/1124/1124 1125/1125/1125
f 1127/1127/1127 1125/1125/1125 1124/1124/1124
f 1124/1124/1124 1126/1126/1126 1127/1127/1127
f 1126/1126/1126 1128/1128/1128 1129/1129/1129
f 1129/1129/1129 1127/1127/1127 1126/1126/1126
f 1131/1131/1131 1130/1130/1130 1129/1129/1129
f 1129/1129/1129 1128/1128/1128 1131/1131/1131
f 1133/1133/1133 1132/1132/1132 1130/1130/1130
f 1130/1130/1130 1131/1131/1131 1133/1133/1133
f 1135/1135/1135 1134/1134/1134 1132/1132/1132
f 1132/1132/1132 1133/1133/1133 1135/1135/1135
f 1139/1139/1139 1136/1136/1136 1137/1137/1137
f 1137/1137/1137 1138/1138/1138 1139/1139/1139
f 1141/1141/1141 1140/1140/1140 1136/1136/1136
f 1136/1136/1136 1139/1139/1139 1141/1141/1141
f 1145/1145/1145 1142/1142/1142 1143/1143/1143
f 1143/1143/1143 1144/1144/1144 1145/1145/1145
f 1110/1110/1110 1145/1145/1145 1144/1144/1144
f 1144/1144/1144 1111/1111/1111 1110/1110/1110
f 1146/1146/1146 1147/1147/1147 1148/1148/1148
f 1151/1151/1151 1090/1090/1090 1149/1149/1149
f 1149/1149/1149 1150/1150/1150 1151/1151/1151
f 1152/1152/1152 1153/1153/1153 1154/1154/1154
f 1155/1155/1155 1147/1147/1147 1146/1146/1146
f 1146/1146/1146 1094/1094/1094 1155/1155/1155
f 1117/1117/1117 1116/1116/1116 1120/1120/1120
f 1120/1120/1120 1119/1119/1119 1117/1117/1117
f 1134/1134/1134 1135/1135/1135 1138/1138/1138
f 1138/1138/1138 1137/1137/1137 1134/1134/1134
f 1094/1094/1094 1156/1156/1156 1157/1157/1157
f 1094/1094/1094 1157/1157/1157 1155/1155/1155
f 1158/1158/1158 1097/1097/1097 1159/1159/1159
f 1153/1153/1153 1159/1159/1159 1097/1097/1097
f 1097/1097/1097 1154/1154/1154 1153/1153/1153
f 1091/1091/1091 1160/1160/1160 1161/1161/1161
f 1091/1091/1091 1161/1161/1161 1162/1162/1162
f 1162/1162/1162 1163/1163/1163 1091/1091/1091
f 1090/1090/1090 1151/1151/1151 1164/1164/1164
f 1090/1090/1090 1164/1164/1164 1165/1165/1165
f 1165/1165/1165 1160/1160/1160 1091/1091/1091
f 1165/1165/1165 1091/1091/1091 1090/1090/1090
f 1156/1156/1156 1094/1094/1094 1097/1097/1097
f 1156/1156/1156 1097/1097/1097 1158/1158/1158
f 1169/1169/1169 1166/1166/1166 1167/1167/1167
f 1167/1167/1167 1168/1168/1168 1169/1169/1169
f 1167/1167/1167 1166/1166/1166 1170/1170/1170
f 1170/1170/1170 1171/1171/1171 1167/1167/1167
f 1170/1170/1170 1166/1166/1166 1172/1172/1172
f 1172/1172/1172 1166/1166/1166 1173/1173/1173
f 1173/1173/1173 1174/1174/1174 1172/1172/1172
f 1173/1173/1173 1166/1166/1166 1175/1175/1175
f 1175/1175/1175 1176/1176/1176 1173/1173/1173
f 1175/1175/1175 1166/1166/1166 1177/1177/1177
f 1177/1177/1177 1178/1178/1178 1175/1175/1175
f 1177/1177/1177 1166/1166/1166 1179/1179/1179
f 1179/1179/1179 1166/1166/1166 1180/1180/1180
f 1180/1180/1180 1181/1181/1181 1179/1179/1179
f 1180/1180/1180 1166/1166/1166 1182/1182/1182
f 1182/1182/1182 1166/1166/1166 1183/1183/1183
f 1183/1183/1183 1184/1184/1184 1182/1182/1182
f 1183/1183/1183 1166/1166/1166 1169/1169/1169
f 1185/1185/1185 1186/1186/1186 1187/1187/1187
f 1187/1187/1187 1186/1186/1186 1188/1188/1188
f 1188/1188/1188 1189/1189/1189 1187/1187/1187
f 1188/1188/1188 1186/1186/1186 1190/1190/1190
f 1190/1190/1190 1186/1186/1186 1191/1191/1191
f 1191/1191/1191 1192/1192/1192 1190/1190/1190
f 1191/1191/1191 1186/1186/1186 1193/1193/1193
f 1193/1193/1193 1186/1186/1186 1194/1194/1194
f 1194/1194/1194 1195/1195/1195 1193/1193/1193
f 1194/1194/1194 1186/1186/1186 1196/1196/1196
f 1196/1196/1196 1197/1197/1197 1194/1194/1194
f 1196/1196/1196 1186/1186/1186 1198/1198/1198
f 1198/1198/1198 1186/1186/1186 1199/1199/1199
f 1199/1199/1199 1200/1200/1200 1198/1198/1198
f 1199/1199/1199 1186/1186/1186 1201/1201/1201
f 1201/1201/1201 1202/1202/1202 1199/1199/1199
f 1201/1201/1201 1186/1186/1186 1185/1185/1185
f 1185/1185/1185 1203/1203/1203 1201/1201/1201
f 1205/1205/1205 1169/1169/1169 1168/1168/1168
f 1168/1168/1168 1204/1204/1204 1205/1205/1205
f 1204/1204/1204 1168/1168/1168 1167/1167/1167
f 1167/1167/1167 1206/1206/1206 1204/1204/1204
f 1208/1208/1208 1185/1185/1185 1187/1187/1187
f 1187/1187/1187 1207/1207/1207 1208/1208/1208
f 1210/1210/1210 1180/1180/1180 1182/1182/1182
f 1182/1182/1182 1209/1209/1209 1210/1210/1210
f 1212/1212/1212 1178/1178/1178 1177/1177/1177
f 1177/1177/1177 1211/1211/1211 1212/1212/1212
f 1214/1214/1214 1195/1195/1195 1194/1194/1194
f 1194/1194/1194 1213/1213/1213 1214/1214/1214
f 1215/1215/1215 1175/1175/1175 1178/1178/1178
f 1178/1178/1178 1212/1212/1212 1215/1215/1215
f 1217/1217/1217 1196/1196/1196 1198/1198/1198
f 1198/1198/1198 1216/1216/1216 1217/1217/1217
f 1219/1219/1219 1171/1171/1171 1170/1170/1170
f 1170/1170/1170 1218/1218/1218 1219/1219/1219
f 1218/1218/1218 1170/1170/1170 1172/1172/1172
f 1172/1172/1172 1220/1220/1220 1218/1218/1218
f 1220/1220/1220 1172/1172/1172 1174/1174/1174
f 1174/1174/1174 1221/1221/1221 1220/1220/1220
f 1221/1221/1221 1174/1174/1174 1173/1173/1173
f 1173/1173/1173 1222/1222/1222 1221/1221/1221
f 1222/1222/1222 1173/1173/1173 1176/1176/1176
f 1176/1176/1176 1223/1223/1223 1222/1222/1222
f 1223/1223/1223 1176/1176/1176 1175/1175/1175
f 1175/1175/1175 1215/1215/1215 1223/1223/1223
f 1206/1206/1206 1167/1167/1167 1171/1171/1171
f 1171/1171/1171 1219/1219/1219 1206/1206/1206
f 1211/1211/1211 1177/1177/1177 1179/1179/1179
f 1179/1179/1179 1224/1224/1224 1211/1211/1211
f 1224/1224/1224 1179/1179/1179 1181/1181/1181
f 1181/1181/1181 1225/1225/1225 1224/1224/1224
f 1225/1225/1225 1181/1181/1181 1180/1180/1180
f 1180/1180/1180 1210/1210/1210 1225/1225/1225
f 1209/1209/1209 1182/1182/1182 1184/1184/1184
f 1184/1184/1184 1226/1226/1226 1209/1209/1209
f 1226/1226/1226 1184/1184/1184 1183/1183/1183
f 1183/1183/1183 1227/1227/1227 1226/1226/1226
f 1227/1227/1227 1183/1183/1183 1169/1169/1169
f 1169/1169/1169 1205/1205/1205 1227/1227/1227
f 1216/1216/1216 1198/1198/1198 1200/1200/1200
f 1200/1200/1200 1228/1228/1228 1216/1216/1216
f 1228/1228/1228 1200/1200/1200 1199/1199/1199
f 1199/1199/1199 1229/1229/1229 1228/1228/1228
f 1230/1230/1230 1197/1197/1197 1196/1196/1196
f 1196/1196/1196 1217/1217/1217 1230/1230/1230
f 1213/1213/1213 1194/1194/1194 1197/1197/1197
f 1197/1197/1197 1230/1230/1230 1213/1213/1213
f 1231/1231/1231 1193/1193/1193 1195/1195/1195
f 1195/1195/1195 1214/1214/1214 1231/1231/1231
f 1229/1229/1229 1199/1199/1199 1202/1202/1202
f 1202/1202/1202 1232/1232/1232 1229/1229/1229
f 1232/1232/1232 1202/1202/1202 1201/1201/1201
f 1201/1201/1201 1233/1233/1233 1232/1232/1232
f 1234/1234/1234 1191/1191/1191 1193/1193/1193
f 1193/1193/1193 1231/1231/1231 1234/1234/1234
f 1235/1235/1235 1192/1192/1192 1191/1191/1191
f 1191/1191/1191 1234/1234/1234 1235/1235/1235
f 1236/1236/1236 1190/1190/1190 1192/1192/1192
f 1192/1192/1192 1235/1235/1235 1236/1236/1236
f 1237/1237/1237 1188/1188/1188 1190/1190/1190
f 1190/1190/1190 1236/1236/1236 1237/1237/1237
f 1238/1238/1238 1189/1189/1189 1188/1188/1188
f 1188/1188/1188 1237/1237/1237 1238/1238/1238
f 1207/1207/1207 1187/1187/1187 1189/1189/1189
f 1189/1189/1189 1238/1238/1238 1207/1207/1207
f 1233/1233/1233 1201/1201/1201 1203/1203/1203
f 1203/1203/1203 1239/1239/1239 1233/1233/1233
f 1239/1239/1239 1203/1203/1203 1185/1185/1185
f 1185/1185/1185 1208/1208/1208 1239/1239/1239
f 1241/1241/1241 1205/1205/1205 1204/1204/1204
f 1204/1204/1204 1240/1240/1240 1241/1241/1241
f 1243/1243/1243 1241/1241/1241 1240/1240/1240
f 1240/1240/1240 1242/1242/1242 1243/1243/1243
f 1096/1096/1096 1244/1244/1244 1245/1245/1245
f 1245/1245/1245 1097/1097/1097 1096/1096/1096
f 1240/1240/1240 1204/1204/1204 1206/1206/1206
f 1206/1206/1206 1246/1246/1246 1240/1240/1240
f 1242/1242/1242 1240/1240/1240 1246/1246/1246
f 1246/1246/1246 1247/1247/1247 1242/1242/1242
f 1097/1097/1097 1245/1245/1245 1248/1248/1248
f 1248/1248/1248 1154/1154/1154 1097/1097/1097
f 1250/1250/1250 1208/1208/1208 1207/1207/1207
f 1207/1207/1207 1249/1249/1249 1250/1250/1250
f 1252/1252/1252 1250/1250/1250 1249/1249/1249
f 1249/1249/1249 1251/1251/1251 1252/1252/1252
f 1095/1095/1095 1253/1253/1253 1254/1254/1254
f 1254/1254/1254 1098/1098/1098 1095/1095/1095
f 1256/1256/1256 1210/1210/1210 1209/1209/1209
f 1209/1209/1209 1255/1255/1255 1256/1256/1256
f 1258/1258/1258 1256/1256/1256 1255/1255/1255
f 1255/1255/1255 1257/1257/1257 1258/1258/1258
f 1079/1079/1079 1259/1259/1259 1260/1260/1260
f 1260/1260/1260 1075/1075/1075 1079/1079/1079
f 1262/1262/1262 1212/1212/1212 1211/1211/1211
f 1211/1211/1211 1261/1261/1261 1262/1262/1262
f 1264/1264/1264 1262/1262/1262 1261/1261/1261
f 1261/1261/1261 1263/1263/1263 1264/1264/1264
f 1084/1084/1084 1265/1265/1265 1266/1266/1266
f 1266/1266/1266 1104/1104/1104 1084/1084/1084
f 1268/1268/1268 1214/1214/1214 1213/1213/1213
f 1213/1213/1213 1267/1267/1267 1268/1268/1268
f 1270/1270/1270 1268/1268/1268 1267/1267/1267
f 1267/1267/1267 1269/1269/1269 1270/1270/1270
f 1085/1085/1085 1271/1271/1271 1272/1272/1272
f 1272/1272/1272 1082/1082/1082 1085/1085/1085
f 1273/1273/1273 1215/1215/1215 1212/1212/1212
f 1212/1212/1212 1262/1262/1262 1273/1273/1273
f 1274/1274/1274 1273/1273/1273 1262/1262/1262
f 1262/1262/1262 1264/1264/1264 1274/1274/1274
f 1083/1083/1083 1275/1275/1275 1265/1265/1265
f 1265/1265/1265 1084/1084/1084 1083/1083/1083
f 1277/1277/1277 1217/1217/1217 1216/1216/1216
f 1216/1216/1216 1276/1276/1276 1277/1277/1277
f 1279/1279/1279 1277/1277/1277 1276/1276/1276
f 1276/1276/1276 1278/1278/1278 1279/1279/1279
f 1089/1089/1089 1280/1280/1280 1281/1281/1281
f 1281/1281/1281 1086/1086/1086 1089/1089/1089
f 1283/1283/1283 1219/1219/1219 1218/1218/1218
f 1218/1218/1218 1282/1282/1282 1283/1283/1283
f 1285/1285/1285 1283/1283/1283 1282/1282/1282
f 1282/1282/1282 1284/1284/1284 1285/1285/1285
f 1163/1163/1163 1286/1286/1286 1287/1287/1287
f 1287/1287/1287 1091/1091/1091 1163/1163/1163
f 1282/1282/1282 1218/1218/1218 1220/1220/1220
f 1220/1220/1220 1288/1288/1288 1282/1282/1282
f 1284/1284/1284 1282/1282/1282 1288/1288/1288
f 1288/1288/1288 1289/1289/1289 1284/1284/1284
f 1091/1091/1091 1287/1287/1287 1290/1290/1290
f 1290/1290/1290 1092/1092/1092 1091/1091/1091
f 1288/1288/1288 1220/1220/1220 1221/1221/1221
f 1221/1221/1221 1291/1291/1291 1288/1288/1288
f 1289/1289/1289 1288/1288/1288 1291/1291/1291
f 1291/1291/1291 1292/1292/1292 1289/1289/1289
f 1092/1092/1092 1290/1290/1290 1293/1293/1293
f 1293/1293/1293 1087/1087/1087 1092/1092/1092
f 1291/1291/1291 1221/1221/1221 1222/1222/1222
f 1222/1222/1222 1294/1294/1294 1291/1291/1291
f 1292/1292/1292 1291/1291/1291 1294/1294/1294
f 1294/1294/1294 1295/1295/1295 1292/1292/1292
f 1087/1087/1087 1293/1293/1293 1296/1296/1296
f 1296/1296/1296 1088/1088/1088 1087/1087/1087
f 1294/1294/1294 1222/1222/1222 1223/1223/1223
f 1223/1223/1223 1297/1297/1297 1294/1294/1294
f 1295/1295/1295 1294/1294/1294 1297/1297/1297
f 1297/1297/1297 1298/1298/1298 1295/1295/1295
f 1088/1088/1088 1296/1296/1296 1299/1299/1299
f 1299/1299/1299 1107/1107/1107 1088/1088/1088
f 1297/1297/1297 1223/1223/1223 1215/1215/1215
f 1215/1215/1215 1273/1273/1273 1297/1297/1297
f 1298/1298/1298 1297/1297/1297 1273/1273/1273
f 1273/1273/1273 1274/1274/1274 1298/1298/1298
f 1107/1107/1107 1299/1299/1299 1275/1275/1275
f 1275/1275/1275 1083/1083/1083 1107/1107/1107
f 1246/1246/1246 1206/1206/1206 1219/1219/1219
f 1219/1219/1219 1283/1283/1283 1246/1246/1246
f 1247/1247/1247 1246/1246/1246 1283/1283/1283
f 1283/1283/1283 1285/1285/1285 1247/1247/1247
f 1154/1154/1154 1248/1248/1248 1286/1286/1286
f 1286/1286/1286 1163/1163/1163 1154/1154/1154
f 1261/1261/1261 1211/1211/1211 1224/1224/1224
f 1224/1224/1224 1300/1300/1300 1261/1261/1261
f 1263/1263/1263 1261/1261/1261 1300/1300/1300
f 1300/1300/1300 1301/1301/1301 1263/1263/1263
f 1103/1103/1103 1263/1263/1263 1301/1301/1301
f 1301/1301/1301 1101/1101/1101 1103/1103/1103
f 1300/1300/1300 1224/1224/1224 1225/1225/1225
f 1225/1225/1225 1302/1302/1302 1300/1300/1300
f 1301/1301/1301 1300/1300/1300 1302/1302/1302
f 1302/1302/1302 1303/1303/1303 1301/1301/1301
f 1101/1101/1101 1301/1301/1301 1303/1303/1303
f 1303/1303/1303 1081/1081/1081 1101/1101/1101
f 1302/1302/1302 1225/1225/1225 1210/1210/1210
f 1210/1210/1210 1256/1256/1256 1302/1302/1302
f 1303/1303/1303 1302/1302/1302 1256/1256/1256
f 1256/1256/1256 1258/1258/1258 1303/1303/1303
f 1081/1081/1081 1303/1303/1303 1259/1259/1259
f 1259/1259/1259 1079/1079/1079 1081/1081/1081
f 1255/1255/1255 1209/1209/1209 1226/1226/1226
f 1226/1226/1226 1304/1304/1304 1255/1255/1255
f 1257/1257/1257 1255/1255/1255 1304/1304/1304
f 1304/1304/1304 1305/1305/1305 1257/1257/1257
f 1075/1075/1075 1260/1260/1260 1306/1306/1306
f 1306/1306/1306 1076/1076/1076 1075/1075/1075
f 1304/1304/1304 1226/1226/1226 1227/1227/1227
f 1227/1227/1227 1307/1307/1307 1304/1304/1304
f 1305/1305/1305 1304/1304/1304 1307/1307/1307
f 1307/1307/1307 1308/1308/1308 1305/1305/1305
f 1076/1076/1076 1306/1306/1306 1309/1309/1309
f 1309/1309/1309 1099/1099/1099 1076/1076/1076
f 1307/1307/1307 1227/1227/1227 1205/1205/1205
f 1205/1205/1205 1241/1241/1241 1307/1307/1307
f 1308/1308/1308 1307/1307/1307 1241/1241/1241
f 1241/1241/1241 1243/1243/1243 1308/1308/1308
f 1099/1099/1099 1309/1309/1309 1244/1244/1244
f 1244/1244/1244 1096/1096/1096 1099/1099/1099
f 1276/1276/1276 1216/1216/1216 1228/1228/1228
f 1228/1228/1228 1310/1310/1310 1276/1276/1276
f 1278/1278/1278 1276/1276/1276 1310/1310/1310
f 1310/1310/1310 1311/1311/1311 1278/1278/1278
f 1086/1086/1086 1281/1281/1281 1312/1312/1312
f 1312/1312/1312 1093/1093/1093 1086/1086/1086
f 1310/1310/1310 1228/1228/1228 1229/1229/1229
f 1229/1229/1229 1313/1313/1313 1310/1310/1310
f 1311/1311/1311 1310/1310/1310 1313/1313/1313
f 1313/1313/1313 1314/1314/1314 1311/1311/1311
f 1093/1093/1093 1312/1312/1312 1315/1315/1315
f 1315/1315/1315 1090/1090/1090 1093/1093/1093
f 1316/1316/1316 1230/1230/1230 1217/1217/1217
f 1217/1217/1217 1277/1277/1277 1316/1316/1316
f 1317/1317/1317 1316/1316/1316 1277/1277/1277
f 1277/1277/1277 1279/1279/1279 1317/1317/1317
f 1106/1106/1106 1318/1318/1318 1280/1280/1280
f 1280/1280/1280 1089/1089/1089 1106/1106/1106
f 1267/1267/1267 1213/1213/1213 1230/1230/1230
f 1230/1230/1230 1316/1316/1316 1267/1267/1267
f 1269/1269/1269 1267/1267/1267 1316/1316/1316
f 1316/1316/1316 1317/1317/1317 1269/1269/1269
f 1082/1082/1082 1272/1272/1272 1318/1318/1318
f 1318/1318/1318 1106/1106/1106 1082/1082/1082
f 1319/1319/1319 1231/1231/1231 1214/1214/1214
f 1214/1214/1214 1268/1268/1268 1319/1319/1319
f 1320/1320/1320 1319/1319/1319 1268/1268/1268
f 1268/1268/1268 1270/1270/1270 1320/1320/1320
f 1105/1105/1105 1321/1321/1321 1271/1271/1271
f 1271/1271/1271 1085/1085/1085 1105/1105/1105
f 1313/1313/1313 1229/1229/1229 1232/1232/1232
f 1232/1232/1232 1322/1322/1322 1313/1313/1313
f 1314/1314/1314 1313/1313/1313 1322/1322/1322
f 1322/1322/1322 1323/1323/1323 1314/1314/1314
f 1090/1090/1090 1315/1315/1315 1324/1324/1324
f 1324/1324/1324 1149/1149/1149 1090/1090/1090
f 1322/1322/1322 1232/1232/1232 1233/1233/1233
f 1233/1233/1233 1325/1325/1325 1322/1322/1322
f 1323/1323/1323 1322/1322/1322 1325/1325/1325
f 1325/1325/1325 1326/1326/1326 1323/1323/1323
f 1149/1149/1149 1324/1324/1324 1327/1327/1327
f 1327/1327/1327 1146/1146/1146 1149/1149/1149
f 1328/1328/1328 1234/1234/1234 1231/1231/1231
f 1231/1231/1231 1319/1319/1319 1328/1328/1328
f 1329/1329/1329 1328/1328/1328 1319/1319/1319
f 1319/1319/1319 1320/1320/1320 1329/1329/1329
f 1100/1100/1100 1329/1329/1329 1320/1320/1320
f 1320/1320/1320 1102/1102/1102 1100/1100/1100
f 1330/1330/1330 1235/1235/1235 1234/1234/1234
f 1234/1234/1234 1328/1328/1328 1330/1330/1330
f 1331/1331/1331 1330/1330/1330 1328/1328/1328
f 1328/1328/1328 1329/1329/1329 1331/1331/1331
f 1080/1080/1080 1331/1331/1331 1329/1329/1329
f 1329/1329/1329 1100/1100/1100 1080/1080/1080
f 1332/1332/1332 1236/1236/1236 1235/1235/1235
f 1235/1235/1235 1330/1330/1330 1332/1332/1332
f 1333/1333/1333 1332/1332/1332 1330/1330/1330
f 1330/1330/1330 1331/1331/1331 1333/1333/1333
f 1078/1078/1078 1334/1334/1334 1331/1331/1331
f 1331/1331/1331 1080/1080/1080 1078/1078/1078
f 1335/1335/1335 1237/1237/1237 1236/1236/1236
f 1236/1236/1236 1332/1332/1332 1335/1335/1335
f 1336/1336/1336 1335/1335/1335 1332/1332/1332
f 1332/1332/1332 1333/1333/1333 1336/1336/1336
f 1074/1074/1074 1337/1337/1337 1334/1334/1334
f 1334/1334/1334 1078/1078/1078 1074/1074/1074
f 1338/1338/1338 1238/1238/1238 1237/1237/1237
f 1237/1237/1237 1335/1335/1335 1338/1338/1338
f 1339/1339/1339 1338/1338/1338 1335/1335/1335
f 1335/1335/1335 1336/1336/1336 1339/1339/1339
f 1077/1077/1077 1340/1340/1340 1337/1337/1337
f 1337/1337/1337 1074/1074/1074 1077/1077/1077
f 1249/1249/1249 1207/1207/1207 1238/1238/1238
f 1238/1238/1238 1338/1338/1338 1249/1249/1249
f 1251/1251/1251 1249/1249/1249 1338/1338/1338
f 1338/1338/1338 1339/1339/1339 1251/1251/1251
f 1098/1098/1098 1254/1254/1254 1340/1340/1340
f 1340/1340/1340 1077/1077/1077 1098/1098/1098
f 1325/1325/1325 1233/1233/1233 1239/1239/1239
f 1239/1239/1239 1341/1341/1341 1325/1325/1325
f 1326/1326/1326 1325/1325/1325 1341/1341/1341
f 1341/1341/1341 1342/1342/1342 1326/1326/1326
f 1146/1146/1146 1327/1327/1327 1343/1343/1343
f 1343/1343/1343 1094/1094/1094 1146/1146/1146
f 1341/1341/1341 1239/1239/1239 1208/1208/1208
f 1208/1208/1208 1250/1250/1250 1341/1341/1341
f 1342/1342/1342 1341/1341/1341 1250/1250/1250
f 1250/1250/1250 1252/1252/1252 1342/1342/1342
f 1094/1094/1094 1343/1343/1343 1253/1253/1253
f 1253/1253/1253 1095/1095/1095 1094/1094/1094
f 1347/1347/1347 1344/1344/1344 1345/1345/1345
f 1345/1345/1345 1346/1346/1346 1347/1347/1347
f 1349/1349/1349 1347/1347/1347 1346/1346/1346
f 1346/1346/1346 1348/1348/1348 1349/1349/1349
f 1351/1351/1351 1349/1349/1349 1348/1348/1348
f 1348/1348/1348 1350/1350/1350 1351/1351/1351
f 1355/1355/1355 1352/1352/1352 1353/1353/1353
f 1353/1353/1353 1354/1354/1354 1355/1355/1355
f 1357/1357/1357 1355/1355/1355 1354/1354/1354
f 1354/1354/1354 1356/1356/1356 1357/1357/1357
f 1361/1361/1361 1358/1358/1358 1359/1359/1359
f 1359/1359/1359 1360/1360/1360 1361/1361/1361
f 1365/1365/1365 1362/1362/1362 1363/1363/1363
f 1363/1363/1363 1364/1364/1364 1365/1365/1365
f 1369/1369/1369 1366/1366/1366 1367/1367/1367
f 1367/1367/1367 1368/1368/1368 1369/1369/1369
f 1358/1358/1358 1369/1369/1369 1368/1368/1368
f 1368/1368/1368 1359/1359/1359 1358/1358/1358
f 1371/1371/1371 1365/1365/1365 1364/1364/1364
f 1364/1364/1364 1370/1370/1370 1371/1371/1371
f 1373/1373/1373 1371/1371/1371 1370/1370/1370
f 1370/1370/1370 1372/1372/1372 1373/1373/1373
f 1344/1344/1344 1373/1373/1373 1372/1372/1372
f 1372/1372/1372 1345/1345/1345 1344/1344/1344
f 1375/1375/1375 1351/1351/1351 1350/1350/1350
f 1350/1350/1350 1374/1374/1374 1375/1375/1375
f 1352/1352/1352 1375/1375/1375 1374/1374/1374
f 1374/1374/1374 1353/1353/1353 1352/1352/1352
f 1377/1377/1377 1357/1357/1357 1356/1356/1356
f 1356/1356/1356 1376/1376/1376 1377/1377/1377
f 1366/1366/1366 1377/1377/1377 1376/1376/1376
f 1376/1376/1376 1367/1367/1367 1366/1366/1366
f 1379/1379/1379 1361/1361/1361 1360/1360/1360
f 1360/1360/1360 1378/1378/1378 1379/1379/1379
f 1381/1381/1381 1379/1379/1379 1378/1378/1378
f 1378/1378/1378 1380/1380/1380 1381/1381/1381
f 1385/1385/1385 1382/1382/1382 1383/1383/1383
f 1383/1383/1383 1384/1384/1384 1385/1385/1385
f 1387/1387/1387 1385/1385/1385 1384/1384/1384
f 1384/1384/1384 1386/1386/1386 1387/1387/1387
f 1389/1389/1389 1387/1387/1387 1386/1386/1386
f 1386/1386/1386 1388/1388/1388 1389/1389/1389
f 1393/1393/1393 1390/1390/1390 1391/1391/1391
f 1391/1391/1391 1392/1392/1392 1393/1393/1393
f 1395/1395/1395 1393/1393/1393 1392/1392/1392
f 1392/1392/1392 1394/1394/1394 1395/1395/1395
f 1399/1399/1399 1396/1396/1396 1397/1397/1397
f 1397/1397/1397 1398/1398/1398 1399/1399/1399
f 1403/1403/1403 1400/1400/1400 1401/1401/1401
f 1401/1401/1401 1402/1402/1402 1403/1403/1403
f 1407/1407/1407 1404/1404/1404 1405/1405/1405
f 1405/1405/1405 1406/1406/1406 1407/1407/1407
f 1396/1396/1396 1407/1407/1407 1406/1406/1406
f 1406/1406/1406 1397/1397/1397 1396/1396/1396
f 1409/1409/1409 1403/1403/1403 1402/1402/1402
f 1402/1402/1402 1408/1408/1408 1409/1409/1409
f 1411/1411/1411 1409/1409/1409 1408/1408/1408
f 1408/1408/1408 1410/1410/1410 1411/1411/1411
f 1382/1382/1382 1411/1411/1411 1410/1410/1410
f 1410/1410/1410 1383/1383/1383 1382/1382/1382
f 1413/1413/1413 1389/1389/1389 1388/1388/1388
f 1388/1388/1388 1412/1412/1412 1413/1413/1413
f 1390/1390/1390 1413/1413/1413 1412/1412/1412
f 1412/1412/1412 1391/1391/1391 1390/1390/1390
f 1415/1415/1415 1395/1395/1395 1394/1394/1394
f 1394/1394/1394 1414/1414/1414 1415/1415/1415
f 1404/1404/1404 1415/1415/1415 1414/1414/1414
f 1414/1414/1414 1405/1405/1405 1404/1404/1404
f 1417/1417/1417 1399/1399/1399 1398/1398/1398
f 1398/1398/1398 1416/1416/1416 1417/1417/1417
f 1419/1419/1419 1417/1417/1417 1416/1416/1416
f 1416/1416/1416 1418/1418/1418 1419/1419/1419
f 1423/1423/1423 1420/1420/1420 1421/1421/1421
f 1421/1421/1421 1422/1422/1422 1423/1423/1423
f 1425/1425/1425 1423/1423/1423 1422/1422/1422
f 1422/1422/1422 1424/1424/1424 1425/1425/1425
f 1427/1427/1427 1425/1425/1425 1424/1424/1424
f 1424/1424/1424 1426/1426/1426 1427/1427/1427
f 1431/1431/1431 1428/1428/1428 1429/1429/1429
f 1429/1429/1429 1430/1430/1430 1431/1431/1431
f 1433/1433/1433 1431/1431/1431 1430/1430/1430
f 1430/1430/1430 1432/1432/1432 1433/1433/1433
f 1437/1437/1437 1434/1434/1434 1435/1435/1435
f 1435/1435/1435 1436/1436/1436 1437/1437/1437
f 1441/1441/1441 1438/1438/1438 1439/1439/1439
f 1439/1439/1439 1440/1440/1440 1441/1441/1441
f 1445/1445/1445 1442/1442/1442 1443/1443/1443
f 1443/1443/1443 1444/1444/1444 1445/1445/1445
f 1434/1434/1434 1445/1445/1445 1444/1444/1444
f 1444/1444/1444 1435/1435/1435 1434/1434/1434
f 1447/1447/1447 1441/1441/1441 1440/1440/1440
f 1440/1440/1440 1446/1446/1446 1447/1447/1447
f 1449/1449/1449 1447/1447/1447 1446/1446/1446
f 1446/1446/1446 1448/1448/1448 1449/1449/1449
f 1420/1420/1420 1449/1449/1449 1448/1448/1448
f 1448/1448/1448 1421/1421/1421 1420/1420/1420
f 1451/1451/1451 1427/1427/1427 1426/1426/1426
f 1426/1426/1426 1450/1450/1450 1451/1451/1451
f 1428/1428/1428 1451/1451/1451 1450/1450/1450
f 1450/1450/1450 1429/1429/1429 1428/1428/1428
f 1453/1453/1453 1433/1433/1433 1432/1432/1432
f 1432/1432/1432 1452/1452/1452 1453/1453/1453
f 1442/1442/1442 1453/1453/1453 1452/1452/1452
f 1452/1452/1452 1443/1443/1443 1442/1442/1442
f 1455/1455/1455 1437/1437/1437 1436/1436/1436
f 1436/1436/1436 1454/1454/1454 1455/1455/1455
f 1457/1457/1457 1455/1455/1455 1454/1454/1454
f 1454/1454/1454 1456/1456/1456 1457/1457/1457
f 1461/1461/1461 1458/1458/1458 1459/1459/1459
f 1459/1459/1459 1460/1460/1460 1461/1461/1461
f 1463/1463/1463 1461/1461/1461 1460/1460/1460
f 1460/1460/1460 1462/1462/1462 1463/1463/1463
f 1465/1465/1465 1463/1463/1463 1462/1462/1462
f 1462/1462/1462 1464/1464/1464 1465/1465/1465
f 1469/1469/1469 1466/1466/1466 1467/1467/1467
f 1467/1467/1467 1468/1468/1468 1469/1469/1469
f 1471/1471/1471 1469/1469/1469 1468/1468/1468
f 1468/1468/1468 1470/1470/1470 1471/1471/1471
f 1475/1475/1475 1472/1472/1472 1473/1473/1473
f 1473/1473/1473 1474/1474/1474 1475/1475/1475
f 1479/1479/1479 1476/1476/1476 1477/1477/1477
f 1477/1477/1477 1478/1478/1478 1479/1479/1479
f 1483/1483/1483 1480/1480/1480 1481/1481/1481
f 1481/1481/1481 1482/1482/1482 1483/1483/1483
f 1472/1472/1472 1483/1483/1483 1482/1482/1482
f 1482/1482/1482 1473/1473/1473 1472/1472/1472
f 1485/1485/1485 1479/1479/1479 1478/1478/1478
f 1478/1478/1478 1484/1484/1484 1485/1485/1485
f 1487/1487/1487 1485/1485/1485 1484/1484/1484
f 1484/1484/1484 1486/1486/1486 1487/1487/1487
f 1458/1458/1458 1487/1487/1487 1486/1486/1486
f 1486/1486/1486 1459/1459/1459 1458/1458/1458
f 1489/1489/1489 1465/1465/1465 1464/1464/1464
f 1464/1464/1464 1488/1488/1488 1489/1489/1489
f 1466/1466/1466 1489/1489/1489 1488/1488/1488
f 1488/1488/1488 1467/1467/1467 1466/1466/1466
f 1491/1491/1491 1471/1471/1471 1470/1470/1470
f 1470/1470/1470 1490/1490/1490 1491/1491/1491
f 1480/1480/1480 1491/1491/1491 1490/1490/1490
f 1490/1490/1490 1481/1481/1481 1480/1480/1480
f 1493/1493/1493 1475/1475/1475 1474/1474/1474
f 1474/1474/1474 1492/1492/1492 1493/1493/1493
f 1495/1495/1495 1493/1493/1493 1492/1492/1492
f 1492/1492/1492 1494/1494/1494 1495/1495/1495
f 1460/1460/1460 1459/1459/1459 1496/1496/1496
f 1496/1496/1496 1497/1497/1497 1460/1460/1460
f 1462/1462/1462 1460/1460/1460 1497/1497/1497
f 1497/1497/1497 1498/1498/1498 1462/1462/1462
f 1464/1464/1464 1462/1462/1462 1498/1498/1498
f 1498/1498/1498 1499/1499/1499 1464/1464/1464
f 1468/1468/1468 1467/1467/1467 1500/1500/1500
f 1500/1500/1500 1501/1501/1501 1468/1468/1468
f 1470/1470/1470 1468/1468/1468 1501/1501/1501
f 1501/1501/1501 1502/1502/1502 1470/1470/1470
f 1474/1474/1474 1473/1473/1473 1503/1503/1503
f 1503/1503/1503 1504/1504/1504 1474/1474/1474
f 1478/1478/1478 1477/1477/1477 1505/1505/1505
f 1505/1505/1505 1506/1506/1506 1478/1478/1478
f 1482/1482/1482 1481/1481/1481 1507/1507/1507
f 1507/1507/1507 1508/1508/1508 1482/1482/1482
f 1473/1473/1473 1482/1482/1482 1508/1508/1508
f 1508/1508/1508 1503/1503/1503 1473/1473/1473
f 1484/1484/1484 1478/1478/1478 1506/1506/1506
f 1506/1506/1506 1509/1509/1509 1484/1484/1484
f 1486/1486/1486 1484/1484/1484 1509/1509/1509
f 1509/1509/1509 1510/1510/1510 1486/1486/1486
f 1459/1459/1459 1486/1486/1486 1510/1510/1510
f 1510/1510/1510 1496/1496/1496 1459/1459/1459
f 1488/1488/1488 1464/1464/1464 1499/1499/1499
f 1499/1499/1499 1511/1511/1511 1488/1488/1488
f 1467/1467/1467 1488/1488/1488 1511/1511/1511
f 1511/1511/1511 1500/1500/1500 1467/1467/1467
f 1490/1490/1490 1470/1470/1470 1502/1502/1502
f 1502/1502/1502 1512/1512/1512 1490/1490/1490
f 1481/1481/1481 1490/1490/1490 1512/1512/1512
f 1512/1512/1512 1507/1507/1507 1481/1481/1481
f 1492/1492/1492 1474/1474/1474 1504/1504/1504
f 1504/1504/1504 1513/1513/1513 1492/1492/1492
f 1494/1494/1494 1492/1492/1492 1513/1513/1513
f 1513/1513/1513 1514/1514/1514 1494/1494/1494
f 1497/1497/1497 1496/1496/1496 1515/1515/1515
f 1515/1515/1515 1516/1516/1516 1497/1497/1497
f 1498/1498/1498 1497/1497/1497 1516/1516/1516
f 1516/1516/1516 1517/1517/1517 1498/1498/1498
f 1499/1499/1499 1498/1498/1498 1517/1517/1517
f 1517/1517/1517 1518/1518/1518 1499/1499/1499
f 1501/1501/1501 1500/1500/1500 1519/1519/1519
f 1519/1519/1519 1520/1520/1520 1501/1501/1501
f 1502/1502/1502 1501/1501/1501 1520/1520/1520
f 1520/1520/1520 1521/1521/1521 1502/1502/1502
f 1504/1504/1504 1503/1503/1503 1522/1522/1522
f 1522/1522/1522 1523/1523/1523 1504/1504/1504
f 1506/1506/1506 1505/1505/1505 1524/1524/1524
f 1524/1524/1524 1525/1525/1525 1506/1506/1506
f 1508/1508/1508 1507/1507/1507 1526/1526/1526
f 1526/1526/1526 1527/1527/1527 1508/1508/1508
f 1503/1503/1503 1508/1508/1508 1527/1527/1527
f 1527/1527/1527 1522/1522/1522 1503/1503/1503
f 1509/1509/1509 1506/1506/1506 1525/1525/1525
f 1525/1525/1525 1528/1528/1528 1509/1509/1509
f 1510/1510/1510 1509/1509/1509 1528/1528/1528
f 1528/1528/1528 1529/1529/1529 1510/1510/1510
f 1496/1496/1496 1510/1510/1510 1529/1529/1529
f 1529/1529/1529 1515/1515/1515 1496/1496/1496
f 1511/1511/1511 1499/1499/1499 1518/1518/1518
f 1518/1518/1518 1530/1530/1530 1511/1511/1511
f 1500/1500/1500 1511/1511/1511 1530/1530/1530
f 1530/1530/1530 1519/1519/1519 1500/1500/1500
f 1512/1512/1512 1502/1502/1502 1521/1521/1521
f 1521/1521/1521 1531/1531/1531 1512/1512/1512
f 1507/1507/1507 1512/1512/1512 1531/1531/1531
f 1531/1531/1531 1526/1526/1526 1507/1507/1507
f 1513/1513/1513 1504/1504/1504 1523/1523/1523
f 1523/1523/1523 1532/1532/1532 1513/1513/1513
f 1514/1514/1514 1513/1513/1513 1532/1532/1532
f 1532/1532/1532 1533/1533/1533 1514/1514/1514
f 1516/1516/1516 1515/1515/1515 1534/1534/1534
f 1534/1534/1534 1535/1535/1535 1516/1516/1516
f 1517/1517/1517 1516/1516/1516 1535/1535/1535
f 1535/1535/1535 1536/1536/1536 1517/1517/1517
f 1518/1518/1518 1517/1517/1517 1536/1536/1536
f 1536/1536/1536 1537/1537/1537 1518/1518/1518
f 1520/1520/1520 1519/1519/1519 1538/1538/1538
f 1538/1538/1538 1539/1539/1539 1520/1520/1520
f 1521/1521/1521 1520/1520/1520 1539/1539/1539
f 1539/1539/1539 1540/1540/1540 1521/1521/1521
f 1523/1523/1523 1522/1522/1522 1541/1541/1541
f 1541/1541/1541 1542/1542/1542 1523/1523/1523
f 1525/1525/1525 1524/1524/1524 1543/1543/1543
f 1543/1543/1543 1544/1544/1544 1525/1525/1525
f 1527/1527/1527 1526/1526/1526 1545/1545/1545
f 1545/1545/1545 1546/1546/1546 1527/1527/1527
f 1522/1522/1522 1527/1527/1527 1546/1546/1546
f 1546/1546/1546 1541/1541/1541 1522/1522/1522
f 1528/1528/1528 1525/1525/1525 1544/1544/1544
f 1544/1544/1544 1547/1547/1547 1528/1528/1528
f 1529/1529/1529 1528/1528/1528 1547/1547/1547
f 1547/1547/1547 1548/1548/1548 1529/1529/1529
f 1515/1515/1515 1529/1529/1529 1548/1548/1548
f 1548/1548/1548 1534/1534/1534 1515/1515/1515
f 1530/1530/1530 1518/1518/1518 1537/1537/1537
f 1537/1537/1537 1549/1549/1549 1530/1530/1530
f 1519/1519/1519 1530/1530/1530 1549/1549/1549
f 1549/1549/1549 1538/1538/1538 1519/1519/1519
f 1531/1531/1531 1521/1521/1521 1540/1540/1540
f 1540/1540/1540 1550/1550/1550 1531/1531/1531
f 1526/1526/1526 1531/1531/1531 1550/1550/1550
f 1550/1550/1550 1545/1545/1545 1526/1526/1526
f 1532/1532/1532 1523/1523/1523 1542/1542/1542
f 1542/1542/1542 1551/1551/1551 1532/1532/1532
f 1533/1533/1533 1532/1532/1532 1551/1551/1551
f 1551/1551/1551 1552/1552/1552 1533/1533/1533
f 1556/1556/1556 1553/1553/1553 1554/1554/1554
f 1554/1554/1554 1555/1555/1555 1556/1556/1556
f 1554/1554/1554 1553/1553/1553 1557/1557/1557
f 1557/1557/1557 1558/1558/1558 1554/1554/1554
f 1561/1561/1561 1553/1553/1553 1559/1559/1559
f 1559/1559/1559 1560/1560/1560 1561/1561/1561
f 1564/1564/1564 1553/1553/1553 1562/1562/1562
f 1562/1562/1562 1563/1563/1563 1564/1564/1564
f 1566/1566/1566 1553/1553/1553 1564/1564/1564
f 1564/1564/1564 1565/1565/1565 1566/1566/1566
f 1569/1569/1569 1553/1553/1553 1567/1567/1567
f 1567/1567/1567 1568/1568/1568 1569/1569/1569
f 1567/1567/1567 1553/1553/1553 1556/1556/1556
f 1557/1557/1557 1553/1553/1553 1561/1561/1561
f 1561/1561/1561 1570/1570/1570 1557/1557/1557
f 1559/1559/1559 1553/1553/1553 1566/1566/1566
f 1562/1562/1562 1553/1553/1553 1569/1569/1569
f 1569/1569/1569 1571/1571/1571 1562/1562/1562
f 1385/1385/1385 1572/1572/1572 1573/1573/1573
f 1573/1573/1573 1382/1382/1382 1385/1385/1385
f 1387/1387/1387 1574/1574/1574 1572/1572/1572
f 1572/1572/1572 1385/1385/1385 1387/1387/1387
f 1389/1389/1389 1575/1575/1575 1574/1574/1574
f 1574/1574/1574 1387/1387/1387 1389/1389/1389
f 1393/1393/1393 1576/1576/1576 1577/1577/1577
f 1577/1577/1577 1390/1390/1390 1393/1393/1393
f 1395/1395/1395 1578/1578/1578 1576/1576/1576
f 1576/1576/1576 1393/1393/1393 1395/1395/1395
f 1399/1399/1399 1579/1579/1579 1580/1580/1580
f 1580/1580/1580 1396/1396/1396 1399/1399/1399
f 1403/1403/1403 1581/1581/1581 1582/1582/1582
f 1582/1582/1582 1400/1400/1400 1403/1403/1403
f 1407/1407/1407 1583/1583/1583 1584/1584/1584
f 1584/1584/1584 1404/1404/1404 1407/1407/1407
f 1396/1396/1396 1580/1580/1580 1583/1583/1583
f 1583/1583/1583 1407/1407/1407 1396/1396/1396
f 1409/1409/1409 1585/1585/1585 1581/1581/1581
f 1581/1581/1581 1403/1403/1403 1409/1409/1409
f 1411/1411/1411 1586/1586/1586 1585/1585/1585
f 1585/1585/1585 1409/1409/1409 1411/1411/1411
f 1382/1382/1382 1573/1573/1573 1586/1586/1586
f 1586/1586/1586 1411/1411/1411 1382/1382/1382
f 1413/1413/1413 1587/1587/1587 1575/1575/1575
f 1575/1575/1575 1389/1389/1389 1413/1413/1413
f 1390/1390/1390 1577/1577/1577 1587/1587/1587
f 1587/1587/1587 1413/1413/1413 1390/1390/1390
f 1415/1415/1415 1588/1588/1588 1578/1578/1578
f 1578/1578/1578 1395/1395/1395 1415/1415/1415
f 1404/1404/1404 1584/1584/1584 1588/1588/1588
f 1588/1588/1588 1415/1415/1415 1404/1404/1404
f 1417/1417/1417 1589/1589/1589 1579/1579/1579
f 1579/1579/1579 1399/1399/1399 1417/1417/1417
f 1419/1419/1419 1590/1590/1590 1589/1589/1589
f 1589/1589/1589 1417/1417/1417 1419/1419/1419
f 1592/1592/1592 1384/1384/1384 1383/1383/1383
f 1383/1383/1383 1591/1591/1591 1592/1592/1592
f 1593/1593/1593 1386/1386/1386 1384/1384/1384
f 1384/1384/1384 1592/1592/1592 1593/1593/1593
f 1594/1594/1594 1388/1388/1388 1386/1386/1386
f 1386/1386/1386 1593/1593/1593 1594/1594/1594
f 1596/1596/1596 1392/1392/1392 1391/1391/1391
f 1391/1391/1391 1595/1595/1595 1596/1596/1596
f 1597/1597/1597 1394/1394/1394 1392/1392/1392
f 1392/1392/1392 1596/1596/1596 1597/1597/1597
f 1599/1599/1599 1398/1398/1398 1397/1397/1397
f 1397/1397/1397 1598/1598/1598 1599/1599/1599
f 1601/1601/1601 1402/1402/1402 1401/1401/1401
f 1401/1401/1401 1600/1600/1600 1601/1601/1601
f 1603/1603/1603 1406/1406/1406 1405/1405/1405
f 1405/1405/1405 1602/1602/1602 1603/1603/1603
f 1598/1598/1598 1397/1397/1397 1406/1406/1406
f 1406/1406/1406 1603/1603/1603 1598/1598/1598
f 1604/1604/1604 1408/1408/1408 1402/1402/1402
f 1402/1402/1402 1601/1601/1601 1604/1604/1604
f 1605/1605/1605 1410/1410/1410 1408/1408/1408
f 1408/1408/1408 1604/1604/1604 1605/1605/1605
f 1591/1591/1591 1383/1383/1383 1410/1410/1410
f 1410/1410/1410 1605/1605/1605 1591/1591/1591
f 1606/1606/1606 1412/1412/1412 1388/1388/1388
f 1388/1388/1388 1594/1594/1594 1606/1606/1606
f 1595/1595/1595 1391/1391/1391 1412/1412/1412
f 1412/1412/1412 1606/1606/1606 1595/1595/1595
f 1607/1607/1607 1414/1414/1414 1394/1394/1394
f 1394/1394/1394 1597/1597/1597 1607/1607/1607
f 1602/1602/1602 1405/1405/1405 1414/1414/1414
f 1414/1414/1414 1607/1607/1607 1602/1602/1602
f 1608/1608/1608 1416/1416/1416 1398/1398/1398
f 1398/1398/1398 1599/1599/1599 1608/1608/1608
f 1609/1609/1609 1418/1418/1418 1416/1416/1416
f 1416/1416/1416 1608/1608/1608 1609/1609/1609
f 1555/1555/1555 1535/1535/1535 1534/1534/1534
f 1534/1534/1534 1556/1556/1556 1555/1555/1555
f 1554/1554/1554 1536/1536/1536 1535/1535/1535
f 1535/1535/1535 1555/1555/1555 1554/1554/1554
f 1558/1558/1558 1537/1537/1537 1536/1536/1536
f 1536/1536/1536 1554/1554/1554 1558/1558/1558
f 1561/1561/1561 1539/1539/1539 1538/1538/1538
f 1538/1538/1538 1570/1570/1570 1561/1561/1561
f 1560/1560/1560 1540/1540/1540 1539/1539/1539
f 1539/1539/1539 1561/1561/1561 1560/1560/1560
f 1563/1563/1563 1542/1542/1542 1541/1541/1541
f 1541/1541/1541 1564/1564/1564 1563/1563/1563
f 1569/1569/1569 1544/1544/1544 1543/1543/1543
f 1543/1543/1543 1571/1571/1571 1569/1569/1569
f 1565/1565/1565 1546/1546/1546 1545/1545/1545
f 1545/1545/1545 1566/1566/1566 1565/1565/1565
f 1564/1564/1564 1541/1541/1541 1546/1546/1546
f 1546/1546/1546 1565/1565/1565 1564/1564/1564
f 1568/1568/1568 1547/1547/1547 1544/1544/1544
f 1544/1544/1544 1569/1569/1569 1568/1568/1568
f 1567/1567/1567 1548/1548/1548 1547/1547/1547
f 1547/1547/1547 1568/1568/1568 1567/1567/1567
f 1556/1556/1556 1534/1534/1534 1548/1548/1548
f 1548/1548/1548 1567/1567/1567 1556/1556/1556
f 1557/1557/1557 1549/1549/1549 1537/1537/1537
f 1537/1537/1537 1558/1558/1558 1557/1557/1557
f 1570/1570/1570 1538/1538/1538 1549/1549/1549
f 1549/1549/1549 1557/1557/1557 1570/1570/1570
f 1559/1559/1559 1550/1550/1550 1540/1540/1540
f 1540/1540/1540 1560/1560/1560 1559/1559/1559
f 1566/1566/1566 1545/1545/1545 1550/1550/1550
f 1550/1550/1550 1559/1559/1559 1566/1566/1566
f 1562/1562/1562 1551/1551/1551 1542/1542/1542
f 1542/1542/1542 1563/1563/1563 1562/1562/1562
f 1571/1571/1571 1552/1552/1552 1551/1551/1551
f 1551/1551/1551 1562/1562/1562 1571/1571/1571
f 1610/1610/1610 1163/1163/1163 1162/1162/1162
f 1610/1610/1610 1152/1152/1152 1154/1154/1154
f 1154/1154/1154 1163/1163/1163 1610/1610/1610
f 1146/1146/1146 1148/1148/1148 1611/1611/1611
f 1611/1611/1611 1149/1149/1149 1146/1146/1146
f 1149/1149/1149 1611/1611/1611 1150/1150/1150
f 1615/1615/1615 1612/1612/1612 1613/1613/1613
f 1613/1613/1613 1614/1614/1614 1615/1615/1615
f 1617/1617/1617 1616/1616/1616 1612/1612/1612
f 1612/1612/1612 1615/1615/1615 1617/1617/1617
f 1619/1619/1619 1618/1618/1618 1616/1616/1616
f 1616/1616/1616 1617/1617/1617 1619/1619/1619
f 1623/1623/1623 1620/1620/1620 1621/1621/1621
f 1621/1621/1621 1622/1622/1622 1623/1623/1623
f 1627/1627/1627 1624/1624/1624 1625/1625/1625
f 1625/1625/1625 1626/1626/1626 1627/1627/1627
f 1631/1631/1631 1628/1628/1628 1629/1629/1629
f 1629/1629/1629 1630/1630/1630 1631/1631/1631
f 1635/1635/1635 1632/1632/1632 1633/1633/1633
f 1633/1633/1633 1634/1634/1634 1635/1635/1635
f 1637/1637/1637 1636/1636/1636 1635/1635/1635
f 1635/1635/1635 1634/1634/1634 1637/1637/1637
f 1614/1614/1614 1613/1613/1613 1636/1636/1636
f 1636/1636/1636 1637/1637/1637 1614/1614/1614
f 1619/1619/1619 1638/1638/1638 1639/1639/1639
f 1639/1639/1639 1618/1618/1618 1619/1619/1619
f 1641/1641/1641 1640/1640/1640 1639/1639/1639
f 1639/1639/1639 1638/1638/1638 1641/1641/1641
f 1622/1622/1622 1621/1621/1621 1642/1642/1642
f 1642/1642/1642 1643/1643/1643 1622/1622/1622
f 1623/1623/1623 1644/1644/1644 1645/1645/1645
f 1645/1645/1645 1620/1620/1620 1623/1623/1623
f 1644/1644/1644 1626/1626/1626 1625/1625/1625
f 1625/1625/1625 1645/1645/1645 1644/1644/1644
f 1624/1624/1624 1627/1627/1627 1630/1630/1630
f 1630/1630/1630 1629/1629/1629 1624/1624/1624
f 1649/1649/1649 1646/1646/1646 1647/1647/1647
f 1647/1647/1647 1648/1648/1648 1649/1649/1649
f 1649/1649/1649 1650/1650/1650 1651/1651/1651
f 1651/1651/1651 1646/1646/1646 1649/1649/1649
f 1651/1651/1651 1650/1650/1650 1652/1652/1652
f 1652/1652/1652 1653/1653/1653 1651/1651/1651
f 1653/1653/1653 1652/1652/1652 1654/1654/1654
f 1654/1654/1654 1655/1655/1655 1653/1653/1653
f 1659/1659/1659 1656/1656/1656 1657/1657/1657
f 1657/1657/1657 1658/1658/1658 1659/1659/1659
f 1656/1656/1656 1660/1660/1660 1661/1661/1661
f 1661/1661/1661 1657/1657/1657 1656/1656/1656
f 1661/1661/1661 1660/1660/1660 1662/1662/1662
f 1662/1662/1662 1663/1663/1663 1661/1661/1661
f 1663/1663/1663 1662/1662/1662 1664/1664/1664
f 1664/1664/1664 1665/1665/1665 1663/1663/1663
f 1667/1667/1667 1666/1666/1666 1665/1665/1665
f 1665/1665/1665 1664/1664/1664 1667/1667/1667
f 1667/1667/1667 1668/1668/1668 1669/1669/1669
f 1669/1669/1669 1666/1666/1666 1667/1667/1667
f 1668/1668/1668 1670/1670/1670 1671/1671/1671
f 1671/1671/1671 1669/1669/1669 1668/1668/1668
f 1670/1670/1670 1672/1672/1672 1673/1673/1673
f 1673/1673/1673 1671/1671/1671 1670/1670/1670
f 1677/1677/1677 1674/1674/1674 1675/1675/1675
f 1675/1675/1675 1676/1676/1676 1677/1677/1677
f 1674/1674/1674 1678/1678/1678 1679/1679/1679
f 1679/1679/1679 1675/1675/1675 1674/1674/1674
f 1683/1683/1683 1680/1680/1680 1681/1681/1681
f 1681/1681/1681 1682/1682/1682 1683/1683/1683
f 1682/1682/1682 1681/1681/1681 1648/1648/1648
f 1648/1648/1648 1647/1647/1647 1682/1682/1682
f 1684/1684/1684 1685/1685/1685 1686/1686/1686
f 1689/1689/1689 1628/1628/1628 1687/1687/1687
f 1687/1687/1687 1688/1688/1688 1689/1689/1689
f 1690/1690/1690 1691/1691/1691 1692/1692/1692
f 1684/1684/1684 1686/1686/1686 1693/1693/1693
f 1693/1693/1693 1632/1632/1632 1684/1684/1684
f 1654/1654/1654 1659/1659/1659 1658/1658/1658
f 1658/1658/1658 1655/1655/1655 1654/1654/1654
f 1672/1672/1672 1677/1677/1677 1676/1676/1676
f 1676/1676/1676 1673/1673/1673 1672/1672/1672
f 1694/1694/1694 1695/1695/1695 1632/1632/1632
f 1694/1694/1694 1632/1632/1632 1693/1693/1693
f 1696/1696/1696 1697/1697/1697 1633/1633/1633
f 1633/1633/1633 1697/1697/1697 1692/1692/1692
f 1692/1692/1692 1691/1691/1691 1633/1633/1633
f 1631/1631/1631 1698/1698/1698 1699/1699/1699
f 1631/1631/1631 1700/1700/1700 1701/1701/1701
f 1701/1701/1701 1698/1698/1698 1631/1631/1631
f 1628/1628/1628 1702/1702/1702 1703/1703/1703
f 1628/1628/1628 1703/1703/1703 1687/1687/1687
f 1631/1631/1631 1699/1699/1699 1702/1702/1702
f 1631/1631/1631 1702/1702/1702 1628/1628/1628
f 1695/1695/1695 1696/1696/1696 1633/1633/1633
f 1695/1695/1695 1633/1633/1633 1632/1632/1632
f 1707/1707/1707 1704/1704/1704 1705/1705/1705
f 1705/1705/1705 1706/1706/1706 1707/1707/1707
f 1705/1705/1705 1708/1708/1708 1709/1709/1709
f 1709/1709/1709 1706/1706/1706 1705/1705/1705
f 1709/1709/1709 1710/1710/1710 1706/1706/1706
f 1710/1710/1710 1711/1711/1711 1712/1712/1712
f 1712/1712/1712 1706/1706/1706 1710/1710/1710
f 1712/1712/1712 1713/1713/1713 1714/1714/1714
f 1714/1714/1714 1706/1706/1706 1712/1712/1712
f 1714/1714/1714 1715/1715/1715 1716/1716/1716
f 1716/1716/1716 1706/1706/1706 1714/1714/1714
f 1716/1716/1716 1717/1717/1717 1706/1706/1706
f 1717/1717/1717 1718/1718/1718 1719/1719/1719
f 1719/1719/1719 1706/1706/1706 1717/1717/1717
f 1719/1719/1719 1720/1720/1720 1706/1706/1706
f 1720/1720/1720 1721/1721/1721 1722/1722/1722
f 1722/1722/1722 1706/1706/1706 1720/1720/1720
f 1722/1722/1722 1707/1707/1707 1706/1706/1706
f 1723/1723/1723 1724/1724/1724 1725/1725/1725
f 1724/1724/1724 1726/1726/1726 1727/1727/1727
f 1727/1727/1727 1725/1725/1725 1724/1724/1724
f 1727/1727/1727 1728/1728/1728 1725/1725/1725
f 1728/1728/1728 1729/1729/1729 1730/1730/1730
f 1730/1730/1730 1725/1725/1725 1728/1728/1728
f 1730/1730/1730 1731/1731/1731 1725/1725/1725
f 1731/1731/1731 1732/1732/1732 1733/1733/1733
f 1733/1733/1733 1725/1725/1725 1731/1731/1731
f 1733/1733/1733 1734/1734/1734 1735/1735/1735
f 1735/1735/1735 1725/1725/1725 1733/1733/1733
f 1735/1735/1735 1736/1736/1736 1725/1725/1725
f 1736/1736/1736 1737/1737/1737 1738/1738/1738
f 1738/1738/1738 1725/1725/1725 1736/1736/1736
f 1738/1738/1738 1739/1739/1739 1740/1740/1740
f 1740/1740/1740 1725/1725/1725 1738/1738/1738
f 1740/1740/1740 1741/1741/1741 1723/1723/1723
f 1723/1723/1723 1725/1725/1725 1740/1740/1740
f 1704/1704/1704 1707/1707/1707 1742/1742/1742
f 1742/1742/1742 1743/1743/1743 1704/1704/1704
f 1705/1705/1705 1704/1704/1704 1743/1743/1743
f 1743/1743/1743 1744/1744/1744 1705/1705/1705
f 1724/1724/1724 1723/1723/1723 1745/1745/1745
f 1745/1745/1745 1746/1746/1746 1724/1724/1724
f 1720/1720/1720 1719/1719/1719 1747/1747/1747
f 1747/1747/1747 1748/1748/1748 1720/1720/1720
f 1716/1716/1716 1715/1715/1715 1749/1749/1749
f 1749/1749/1749 1750/1750/1750 1716/1716/1716
f 1733/1733/1733 1732/1732/1732 1751/1751/1751
f 1751/1751/1751 1752/1752/1752 1733/1733/1733
f 1715/1715/1715 1714/1714/1714 1753/1753/1753
f 1753/1753/1753 1749/1749/1749 1715/1715/1715
f 1736/1736/1736 1735/1735/1735 1754/1754/1754
f 1754/1754/1754 1755/1755/1755 1736/1736/1736
f 1709/1709/1709 1708/1708/1708 1756/1756/1756
f 1756/1756/1756 1757/1757/1757 1709/1709/1709
f 1710/1710/1710 1709/1709/1709 1757/1757/1757
f 1757/1757/1757 1758/1758/1758 1710/1710/1710
f 1711/1711/1711 1710/1710/1710 1758/1758/1758
f 1758/1758/1758 1759/1759/1759 1711/1711/1711
f 1712/1712/1712 1711/1711/1711 1759/1759/1759
f 1759/1759/1759 1760/1760/1760 1712/1712/1712
f 1713/1713/1713 1712/1712/1712 1760/1760/1760
f 1760/1760/1760 1761/1761/1761 1713/1713/1713
f 1714/1714/1714 1713/1713/1713 1761/1761/1761
f 1761/1761/1761 1753/1753/1753 1714/1714/1714
f 1708/1708/1708 1705/1705/1705 1744/1744/1744
f 1744/1744/1744 1756/1756/1756 1708/1708/1708
f 1717/1717/1717 1716/1716/1716 1750/1750/1750
f 1750/1750/1750 1762/1762/1762 1717/1717/1717
f 1718/1718/1718 1717/1717/1717 1762/1762/1762
f 1762/1762/1762 1763/1763/1763 1718/1718/1718
f 1719/1719/1719 1718/1718/1718 1763/1763/1763
f 1763/1763/1763 1747/1747/1747 1719/1719/1719
f 1721/1721/1721 1720/1720/1720 1748/1748/1748
f 1748/1748/1748 1764/1764/1764 1721/1721/1721
f 1722/1722/1722 1721/1721/1721 1764/1764/1764
f 1764/1764/1764 1765/1765/1765 1722/1722/1722
f 1707/1707/1707 1722/1722/1722 1765/1765/1765
f 1765/1765/1765 1742/1742/1742 1707/1707/1707
f 1737/1737/1737 1736/1736/1736 1755/1755/1755
f 1755/1755/1755 1766/1766/1766 1737/1737/1737
f 1738/1738/1738 1737/1737/1737 1766/1766/1766
f 1766/1766/1766 1767/1767/1767 1738/1738/1738
f 1735/1735/1735 1734/1734/1734 1768/1768/1768
f 1768/1768/1768 1754/1754/1754 1735/1735/1735
f 1734/1734/1734 1733/1733/1733 1752/1752/1752
f 1752/1752/1752 1768/1768/1768 1734/1734/1734
f 1732/1732/1732 1731/1731/1731 1769/1769/1769
f 1769/1769/1769 1751/1751/1751 1732/1732/1732
f 1739/1739/1739 1738/1738/1738 1767/1767/1767
f 1767/1767/1767 1770/1770/1770 1739/1739/1739
f 1740/1740/1740 1739/1739/1739 1770/1770/1770
f 1770/1770/1770 1771/1771/1771 1740/1740/1740
f 1731/1731/1731 1730/1730/1730 1772/1772/1772
f 1772/1772/1772 1769/1769/1769 1731/1731/1731
f 1730/1730/1730 1729/1729/1729 1773/1773/1773
f 1773/1773/1773 1772/1772/1772 1730/1730/1730
f 1729/1729/1729 1728/1728/1728 1774/1774/1774
f 1774/1774/1774 1773/1773/1773 1729/1729/1729
f 1728/1728/1728 1727/1727/1727 1775/1775/1775
f 1775/1775/1775 1774/1774/1774 1728/1728/1728
f 1727/1727/1727 1726/1726/1726 1776/1776/1776
f 1776/1776/1776 1775/1775/1775 1727/1727/1727
f 1726/1726/1726 1724/1724/1724 1746/1746/1746
f 1746/1746/1746 1776/1776/1776 1726/1726/1726
f 1741/1741/1741 1740/1740/1740 1771/1771/1771
f 1771/1771/1771 1777/1777/1777 1741/1741/1741
f 1723/1723/1723 1741/1741/1741 1777/1777/1777
f 1777/1777/1777 1745/1745/1745 1723/1723/1723
f 1743/1743/1743 1742/1742/1742 1778/1778/1778
f 1778/1778/1778 1779/1779/1779 1743/1743/1743
f 1779/1779/1779 1778/1778/1778 1780/1780/1780
f 1780/1780/1780 1781/1781/1781 1779/1779/1779
f 1783/1783/1783 1782/1782/1782 1634/1634/1634
f 1634/1634/1634 1633/1633/1633 1783/1783/1783
f 1744/1744/1744 1743/1743/1743 1779/1779/1779
f 1779/1779/1779 1784/1784/1784 1744/1744/1744
f 1784/1784/1784 1779/1779/1779 1781/1781/1781
f 1781/1781/1781 1785/1785/1785 1784/1784/1784
f 1786/1786/1786 1783/1783/1783 1633/1633/1633
f 1633/1633/1633 1691/1691/1691 1786/1786/1786
f 1746/1746/1746 1745/1745/1745 1787/1787/1787
f 1787/1787/1787 1788/1788/1788 1746/1746/1746
f 1788/1788/1788 1787/1787/1787 1789/1789/1789
f 1789/1789/1789 1790/1790/1790 1788/1788/1788
f 1792/1792/1792 1791/1791/1791 1635/1635/1635
f 1635/1635/1635 1636/1636/1636 1792/1792/1792
f 1748/1748/1748 1747/1747/1747 1793/1793/1793
f 1793/1793/1793 1794/1794/1794 1748/1748/1748
f 1794/1794/1794 1793/1793/1793 1795/1795/1795
f 1795/1795/1795 1796/1796/1796 1794/1794/1794
f 1798/1798/1798 1797/1797/1797 1617/1617/1617
f 1617/1617/1617 1615/1615/1615 1798/1798/1798
f 1750/1750/1750 1749/1749/1749 1799/1799/1799
f 1799/1799/1799 1800/1800/1800 1750/1750/1750
f 1800/1800/1800 1799/1799/1799 1801/1801/1801
f 1801/1801/1801 1802/1802/1802 1800/1800/1800
f 1804/1804/1804 1803/1803/1803 1622/1622/1622
f 1622/1622/1622 1643/1643/1643 1804/1804/1804
f 1752/1752/1752 1751/1751/1751 1805/1805/1805
f 1805/1805/1805 1806/1806/1806 1752/1752/1752
f 1806/1806/1806 1805/1805/1805 1807/1807/1807
f 1807/1807/1807 1808/1808/1808 1806/1806/1806
f 1810/1810/1810 1809/1809/1809 1621/1621/1621
f 1621/1621/1621 1620/1620/1620 1810/1810/1810
f 1749/1749/1749 1753/1753/1753 1811/1811/1811
f 1811/1811/1811 1799/1799/1799 1749/1749/1749
f 1799/1799/1799 1811/1811/1811 1812/1812/1812
f 1812/1812/1812 1801/1801/1801 1799/1799/1799
f 1803/1803/1803 1813/1813/1813 1623/1623/1623
f 1623/1623/1623 1622/1622/1622 1803/1803/1803
f 1755/1755/1755 1754/1754/1754 1814/1814/1814
f 1814/1814/1814 1815/1815/1815 1755/1755/1755
f 1815/1815/1815 1814/1814/1814 1816/1816/1816
f 1816/1816/1816 1817/1817/1817 1815/1815/1815
f 1819/1819/1819 1818/1818/1818 1625/1625/1625
f 1625/1625/1625 1624/1624/1624 1819/1819/1819
f 1757/1757/1757 1756/1756/1756 1820/1820/1820
f 1820/1820/1820 1821/1821/1821 1757/1757/1757
f 1821/1821/1821 1820/1820/1820 1822/1822/1822
f 1822/1822/1822 1823/1823/1823 1821/1821/1821
f 1825/1825/1825 1824/1824/1824 1700/1700/1700
f 1700/1700/1700 1631/1631/1631 1825/1825/1825
f 1758/1758/1758 1757/1757/1757 1821/1821/1821
f 1821/1821/1821 1826/1826/1826 1758/1758/1758
f 1826/1826/1826 1821/1821/1821 1823/1823/1823
f 1823/1823/1823 1827/1827/1827 1826/1826/1826
f 1828/1828/1828 1825/1825/1825 1631/1631/1631
f 1631/1631/1631 1630/1630/1630 1828/1828/1828
f 1759/1759/1759 1758/1758/1758 1826/1826/1826
f 1826/1826/1826 1829/1829/1829 1759/1759/1759
f 1829/1829/1829 1826/1826/1826 1827/1827/1827
f 1827/1827/1827 1830/1830/1830 1829/1829/1829
f 1831/1831/1831 1828/1828/1828 1630/1630/1630
f 1630/1630/1630 1627/1627/1627 1831/1831/1831
f 1760/1760/1760 1759/1759/1759 1829/1829/1829
f 1829/1829/1829 1832/1832/1832 1760/1760/1760
f 1832/1832/1832 1829/1829/1829 1830/1830/1830
f 1830/1830/1830 1833/1833/1833 1832/1832/1832
f 1834/1834/1834 1831/1831/1831 1627/1627/1627
f 1627/1627/1627 1626/1626/1626 1834/1834/1834
f 1761/1761/1761 1760/1760/1760 1832/1832/1832
f 1832/1832/1832 1835/1835/1835 1761/1761/1761
f 1835/1835/1835 1832/1832/1832 1833/1833/1833
f 1833/1833/1833 1836/1836/1836 1835/1835/1835
f 1837/1837/1837 1834/1834/1834 1626/1626/1626
f 1626/1626/1626 1644/1644/1644 1837/1837/1837
f 1753/1753/1753 1761/1761/1761 1835/1835/1835
f 1835/1835/1835 1811/1811/1811 1753/1753/1753
f 1811/1811/1811 1835/1835/1835 1836/1836/1836
f 1836/1836/1836 1812/1812/1812 1811/1811/1811
f 1813/1813/1813 1837/1837/1837 1644/1644/1644
f 1644/1644/1644 1623/1623/1623 1813/1813/1813
f 1756/1756/1756 1744/1744/1744 1784/1784/1784
f 1784/1784/1784 1820/1820/1820 1756/1756/1756
f 1820/1820/1820 1784/1784/1784 1785/1785/1785
f 1785/1785/1785 1822/1822/1822 1820/1820/1820
f 1824/1824/1824 1786/1786/1786 1691/1691/1691
f 1691/1691/1691 1700/1700/1700 1824/1824/1824
f 1762/1762/1762 1750/1750/1750 1800/1800/1800
f 1800/1800/1800 1838/1838/1838 1762/1762/1762
f 1838/1838/1838 1800/1800/1800 1802/1802/1802
f 1802/1802/1802 1839/1839/1839 1838/1838/1838
f 1839/1839/1839 1802/1802/1802 1641/1641/1641
f 1641/1641/1641 1638/1638/1638 1839/1839/1839
f 1763/1763/1763 1762/1762/1762 1838/1838/1838
f 1838/1838/1838 1840/1840/1840 1763/1763/1763
f 1840/1840/1840 1838/1838/1838 1839/1839/1839
f 1839/1839/1839 1841/1841/1841 1840/1840/1840
f 1841/1841/1841 1839/1839/1839 1638/1638/1638
f 1638/1638/1638 1619/1619/1619 1841/1841/1841
f 1747/1747/1747 1763/1763/1763 1840/1840/1840
f 1840/1840/1840 1793/1793/1793 1747/1747/1747
f 1793/1793/1793 1840/1840/1840 1841/1841/1841
f 1841/1841/1841 1795/1795/1795 1793/1793/1793
f 1797/1797/1797 1841/1841/1841 1619/1619/1619
f 1619/1619/1619 1617/1617/1617 1797/1797/1797
f 1764/1764/1764 1748/1748/1748 1794/1794/1794
f 1794/1794/1794 1842/1842/1842 1764/1764/1764
f 1842/1842/1842 1794/1794/1794 1796/1796/1796
f 1796/1796/1796 1843/1843/1843 1842/1842/1842
f 1844/1844/1844 1798/1798/1798 1615/1615/1615
f 1615/1615/1615 1614/1614/1614 1844/1844/1844
f 1765/1765/1765 1764/1764/1764 1842/1842/1842
f 1842/1842/1842 1845/1845/1845 1765/1765/1765
f 1845/1845/1845 1842/1842/1842 1843/1843/1843
f 1843/1843/1843 1846/1846/1846 1845/1845/1845
f 1847/1847/1847 1844/1844/1844 1614/1614/1614
f 1614/1614/1614 1637/1637/1637 1847/1847/1847
f 1742/1742/1742 1765/1765/1765 1845/1845/1845
f 1845/1845/1845 1778/1778/1778 1742/1742/1742
f 1778/1778/1778 1845/1845/1845 1846/1846/1846
f 1846/1846/1846 1780/1780/1780 1778/1778/1778
f 1782/1782/1782 1847/1847/1847 1637/1637/1637
f 1637/1637/1637 1634/1634/1634 1782/1782/1782
f 1766/1766/1766 1755/1755/1755 1815/1815/1815
f 1815/1815/1815 1848/1848/1848 1766/1766/1766
f 1848/1848/1848 1815/1815/1815 1817/1817/1817
f 1817/1817/1817 1849/1849/1849 1848/1848/1848
f 1850/1850/1850 1819/1819/1819 1624/1624/1624
f 1624/1624/1624 1629/1629/1629 1850/1850/1850
f 1767/1767/1767 1766/1766/1766 1848/1848/1848
f 1848/1848/1848 1851/1851/1851 1767/1767/1767
f 1851/1851/1851 1848/1848/1848 1849/1849/1849
f 1849/1849/1849 1852/1852/1852 1851/1851/1851
f 1853/1853/1853 1850/1850/1850 1629/1629/1629
f 1629/1629/1629 1628/1628/1628 1853/1853/1853
f 1754/1754/1754 1768/1768/1768 1854/1854/1854
f 1854/1854/1854 1814/1814/1814 1754/1754/1754
f 1814/1814/1814 1854/1854/1854 1855/1855/1855
f 1855/1855/1855 1816/1816/1816 1814/1814/1814
f 1818/1818/1818 1856/1856/1856 1645/1645/1645
f 1645/1645/1645 1625/1625/1625 1818/1818/1818
f 1768/1768/1768 1752/1752/1752 1806/1806/1806
f 1806/1806/1806 1854/1854/1854 1768/1768/1768
f 1854/1854/1854 1806/1806/1806 1808/1808/1808
f 1808/1808/1808 1855/1855/1855 1854/1854/1854
f 1856/1856/1856 1810/1810/1810 1620/1620/1620
f 1620/1620/1620 1645/1645/1645 1856/1856/1856
f 1751/1751/1751 1769/1769/1769 1857/1857/1857
f 1857/1857/1857 1805/1805/1805 1751/1751/1751
f 1805/1805/1805 1857/1857/1857 1858/1858/1858
f 1858/1858/1858 1807/1807/1807 1805/1805/1805
f 1809/1809/1809 1859/1859/1859 1642/1642/1642
f 1642/1642/1642 1621/1621/1621 1809/1809/1809
f 1770/1770/1770 1767/1767/1767 1851/1851/1851
f 1851/1851/1851 1860/1860/1860 1770/1770/1770
f 1860/1860/1860 1851/1851/1851 1852/1852/1852
f 1852/1852/1852 1861/1861/1861 1860/1860/1860
f 1862/1862/1862 1853/1853/1853 1628/1628/1628
f 1628/1628/1628 1689/1689/1689 1862/1862/1862
f 1771/1771/1771 1770/1770/1770 1860/1860/1860
f 1860/1860/1860 1863/1863/1863 1771/1771/1771
f 1863/1863/1863 1860/1860/1860 1861/1861/1861
f 1861/1861/1861 1864/1864/1864 1863/1863/1863
f 1865/1865/1865 1862/1862/1862 1689/1689/1689
f 1689/1689/1689 1684/1684/1684 1865/1865/1865
f 1769/1769/1769 1772/1772/1772 1866/1866/1866
f 1866/1866/1866 1857/1857/1857 1769/1769/1769
f 1857/1857/1857 1866/1866/1866 1867/1867/1867
f 1867/1867/1867 1858/1858/1858 1857/1857/1857
f 1858/1858/1858 1867/1867/1867 1639/1639/1639
f 1639/1639/1639 1640/1640/1640 1858/1858/1858
f 1772/1772/1772 1773/1773/1773 1868/1868/1868
f 1868/1868/1868 1866/1866/1866 1772/1772/1772
f 1866/1866/1866 1868/1868/1868 1869/1869/1869
f 1869/1869/1869 1867/1867/1867 1866/1866/1866
f 1867/1867/1867 1869/1869/1869 1618/1618/1618
f 1618/1618/1618 1639/1639/1639 1867/1867/1867
f 1773/1773/1773 1774/1774/1774 1870/1870/1870
f 1870/1870/1870 1868/1868/1868 1773/1773/1773
f 1868/1868/1868 1870/1870/1870 1871/1871/1871
f 1871/1871/1871 1869/1869/1869 1868/1868/1868
f 1869/1869/1869 1872/1872/1872 1616/1616/1616
f 1616/1616/1616 1618/1618/1618 1869/1869/1869
f 1774/1774/1774 1775/1775/1775 1873/1873/1873
f 1873/1873/1873 1870/1870/1870 1774/1774/1774
f 1870/1870/1870 1873/1873/1873 1874/1874/1874
f 1874/1874/1874 1871/1871/1871 1870/1870/1870
f 1872/1872/1872 1875/1875/1875 1612/1612/1612
f 1612/1612/1612 1616/1616/1616 1872/1872/1872
f 1775/1775/1775 1776/1776/1776 1876/1876/1876
f 1876/1876/1876 1873/1873/1873 1775/1775/1775
f 1873/1873/1873 1876/1876/1876 1877/1877/1877
f 1877/1877/1877 1874/1874/1874 1873/1873/1873
f 1875/1875/1875 1878/1878/1878 1613/1613/1613
f 1613/1613/1613 1612/1612/1612 1875/1875/1875
f 1776/1776/1776 1746/1746/1746 1788/1788/1788
f 1788/1788/1788 1876/1876/1876 1776/1776/1776
f 1876/1876/1876 1788/1788/1788 1790/1790/1790
f 1790/1790/1790 1877/1877/1877 1876/1876/1876
f 1878/1878/1878 1792/1792/1792 1636/1636/1636
f 1636/1636/1636 1613/1613/1613 1878/1878/1878
f 1777/1777/1777 1771/1771/1771 1863/1863/1863
f 1863/1863/1863 1879/1879/1879 1777/1777/1777
f 1879/1879/1879 1863/1863/1863 1864/1864/1864
f 1864/1864/1864 1880/1880/1880 1879/1879/1879
f 1881/1881/1881 1865/1865/1865 1684/1684/1684
f 1684/1684/1684 1632/1632/1632 1881/1881/1881
f 1745/1745/1745 1777/1777/1777 1879/1879/1879
f 1879/1879/1879 1787/1787/1787 1745/1745/1745
f 1787/1787/1787 1879/1879/1879 1880/1880/1880
f 1880/1880/1880 1789/1789/1789 1787/1787/1787
f 1791/1791/1791 1881/1881/1881 1632/1632/1632
f 1632/1632/1632 1635/1635/1635 1791/1791/1791
f 1885/1885/1885 1882/1882/1882 1883/1883/1883
f 1883/1883/1883 1884/1884/1884 1885/1885/1885
f 1884/1884/1884 1883/1883/1883 1886/1886/1886
f 1886/1886/1886 1887/1887/1887 1884/1884/1884
f 1887/1887/1887 1886/1886/1886 1888/1888/1888
f 1888/1888/1888 1889/1889/1889 1887/1887/1887
f 1893/1893/1893 1890/1890/1890 1891/1891/1891
f 1891/1891/1891 1892/1892/1892 1893/1893/1893
f 1892/1892/1892 1891/1891/1891 1894/1894/1894
f 1894/1894/1894 1895/1895/1895 1892/1892/1892
f 1899/1899/1899 1896/1896/1896 1897/1897/1897
f 1897/1897/1897 1898/1898/1898 1899/1899/1899
f 1903/1903/1903 1900/1900/1900 1901/1901/1901
f 1901/1901/1901 1902/1902/1902 1903/1903/1903
f 1907/1907/1907 1904/1904/1904 1905/1905/1905
f 1905/1905/1905 1906/1906/1906 1907/1907/1907
f 1906/1906/1906 1905/1905/1905 1896/1896/1896
f 1896/1896/1896 1899/1899/1899 1906/1906/1906
f 1902/1902/1902 1901/1901/1901 1908/1908/1908
f 1908/1908/1908 1909/1909/1909 1902/1902/1902
f 1909/1909/1909 1908/1908/1908 1910/1910/1910
f 1910/1910/1910 1911/1911/1911 1909/1909/1909
f 1911/1911/1911 1910/1910/1910 1882/1882/1882
f 1882/1882/1882 1885/1885/1885 1911/1911/1911
f 1889/1889/1889 1888/1888/1888 1912/1912/1912
f 1912/1912/1912 1913/1913/1913 1889/1889/1889
f 1913/1913/1913 1912/1912/1912 1890/1890/1890
f 1890/1890/1890 1893/1893/1893 1913/1913/1913
f 1895/1895/1895 1894/1894/1894 1914/1914/1914
f 1914/1914/1914 1915/1915/1915 1895/1895/1895
f 1915/1915/1915 1914/1914/1914 1904/1904/1904
f 1904/1904/1904 1907/1907/1907 1915/1915/1915
f 1898/1898/1898 1897/1897/1897 1916/1916/1916
f 1916/1916/1916 1917/1917/1917 1898/1898/1898
f 1917/1917/1917 1916/1916/1916 1918/1918/1918
f 1918/1918/1918 1919/1919/1919 1917/1917/1917
f 1923/1923/1923 1920/1920/1920 1921/1921/1921
f 1921/1921/1921 1922/1922/1922 1923/1923/1923
f 1922/1922/1922 1921/1921/1921 1924/1924/1924
f 1924/1924/1924 1925/1925/1925 1922/1922/1922
f 1925/1925/1925 1924/1924/1924 1926/1926/1926
f 1926/1926/1926 1927/1927/1927 1925/1925/1925
f 1931/1931/1931 1928/1928/1928 1929/1929/1929
f 1929/1929/1929 1930/1930/1930 1931/1931/1931
f 1930/1930/1930 1929/1929/1929 1932/1932/1932
f 1932/1932/1932 1933/1933/1933 1930/1930/1930
f 1937/1937/1937 1934/1934/1934 1935/1935/1935
f 1935/1935/1935 1936/1936/1936 1937/1937/1937
f 1941/1941/1941 1938/1938/1938 1939/1939/1939
f 1939/1939/1939 1940/1940/1940 1941/1941/1941
f 1945/1945/1945 1942/1942/1942 1943/1943/1943
f 1943/1943/1943 1944/1944/1944 1945/1945/1945
f 1944/1944/1944 1943/1943/1943 1934/1934/1934
f 1934/1934/1934 1937/1937/1937 1944/1944/1944
f 1940/1940/1940 1939/1939/1939 1946/1946/1946
f 1946/1946/1946 1947/1947/1947 1940/1940/1940
f 1947/1947/1947 1946/1946/1946 1948/1948/1948
f 1948/1948/1948 1949/1949/1949 1947/1947/1947
f 1949/1949/1949 1948/1948/1948 1920/1920/1920
f 1920/1920/1920 1923/1923/1923 1949/1949/1949
f 1927/1927/1927 1926/1926/1926 1950/1950/1950
f 1950/1950/1950 1951/1951/1951 1927/1927/1927
f 1951/1951/1951 1950/1950/1950 1928/1928/1928
f 1928/1928/1928 1931/1931/1931 1951/1951/1951
f 1933/1933/1933 1932/1932/1932 1952/1952/1952
f 1952/1952/1952 1953/1953/1953 1933/1933/1933
f 1953/1953/1953 1952/1952/1952 1942/1942/1942
f 1942/1942/1942 1945/1945/1945 1953/1953/1953
f 1936/1936/1936 1935/1935/1935 1954/1954/1954
f 1954/1954/1954 1955/1955/1955 1936/1936/1936
f 1955/1955/1955 1954/1954/1954 1956/1956/1956
f 1956/1956/1956 1957/1957/1957 1955/1955/1955
f 1961/1961/1961 1958/1958/1958 1959/1959/1959
f 1959/1959/1959 1960/1960/1960 1961/1961/1961
f 1960/1960/1960 1959/1959/1959 1962/1962/1962
f 1962/1962/1962 1963/1963/1963 1960/1960/1960
f 1963/1963/1963 1962/1962/1962 1964/1964/1964
f 1964/1964/1964 1965/1965/1965 1963/1963/1963
f 1969/1969/1969 1966/1966/1966 1967/1967/1967
f 1967/1967/1967 1968/1968/1968 1969/1969/1969
f 1968/1968/1968 1967/1967/1967 1970/1970/1970
f 1970/1970/1970 1971/1971/1971 1968/1968/1968
f 1975/1975/1975 1972/1972/1972 1973/1973/1973
f 1973/1973/1973 1974/1974/1974 1975/1975/1975
f 1979/1979/1979 1976/1976/1976 1977/1977/1977
f 1977/1977/1977 1978/1978/1978 1979/1979/1979
f 1983/1983/1983 1980/1980/1980 1981/1981/1981
f 1981/1981/1981 1982/1982/1982 1983/1983/1983
f 1982/1982/1982 1981/1981/1981 1972/1972/1972
f 1972/1972/1972 1975/1975/1975 1982/1982/1982
f 1978/1978/1978 1977/1977/1977 1984/1984/1984
f 1984/1984/1984 1985/1985/1985 1978/1978/1978
f 1985/1985/1985 1984/1984/1984 1986/1986/1986
f 1986/1986/1986 1987/1987/1987 1985/1985/1985
f 1987/1987/1987 1986/1986/1986 1958/1958/1958
f 1958/1958/1958 1961/1961/1961 1987/1987/1987
f 1965/1965/1965 1964/1964/1964 1988/1988/1988
f 1988/1988/1988 1989/1989/1989 1965/1965/1965
f 1989/1989/1989 1988/1988/1988 1966/1966/1966
f 1966/1966/1966 1969/1969/1969 1989/1989/1989
f 1971/1971/1971 1970/1970/1970 1990/1990/1990
f 1990/1990/1990 1991/1991/1991 1971/1971/1971
f 1991/1991/1991 1990/1990/1990 1980/1980/1980
f 1980/1980/1980 1983/1983/1983 1991/1991/1991
f 1974/1974/1974 1973/1973/1973 1992/1992/1992
f 1992/1992/1992 1993/1993/1993 1974/1974/1974
f 1993/1993/1993 1992/1992/1992 1994/1994/1994
f 1994/1994/1994 1995/1995/1995 1993/1993/1993
f 1999/1999/1999 1996/1996/1996 1997/1997/1997
f 1997/1997/1997 1998/1998/1998 1999/1999/1999
f 1998/1998/1998 1997/1997/1997 2000/2000/2000
f 2000/2000/2000 2001/2001/2001 1998/1998/1998
f 2001/2001/2001 2000/2000/2000 2002/2002/2002
f 2002/2002/2002 2003/2003/2003 2001/2001/2001
f 2007/2007/2007 2004/2004/2004 2005/2005/2005
f 2005/2005/2005 2006/2006/2006 2007/2007/2007
f 2006/2006/2006 2005/2005/2005 2008/2008/2008
f 2008/2008/2008 2009/2009/2009 2006/2006/2006
f 2013/2013/2013 2010/2010/2010 2011/2011/2011
f 2011/2011/2011 2012/2012/2012 2013/2013/2013
f 2017/2017/2017 2014/2014/2014 2015/2015/2015
f 2015/2015/2015 2016/2016/2016 2017/2017/2017
f 2021/2021/2021 2018/2018/2018 2019/2019/2019
f 2019/2019/2019 2020/2020/2020 2021/2021/2021
f 2020/2020/2020 2019/2019/2019 2010/2010/2010
f 2010/2010/2010 2013/2013/2013 2020/2020/2020
f 2016/2016/2016 2015/2015/2015 2022/2022/2022
f 2022/2022/2022 2023/2023/2023 2016/2016/2016
f 2023/2023/2023 2022/2022/2022 2024/2024/2024
f 2024/2024/2024 2025/2025/2025 2023/2023/2023
f 2025/2025/2025 2024/2024/2024 1996/1996/1996
f 1996/1996/1996 1999/1999/1999 2025/2025/2025
f 2003/2003/2003 2002/2002/2002 2026/2026/2026
f 2026/2026/2026 2027/2027/2027 2003/2003/2003
f 2027/2027/2027 2026/2026/2026 2004/2004/2004
f 2004/2004/2004 2007/2007/2007 2027/2027/2027
f 2009/2009/2009 2008/2008/2008 2028/2028/2028
f 2028/2028/2028 2029/2029/2029 2009/2009/2009
f 2029/2029/2029 2028/2028/2028 2018/2018/2018
f 2018/2018/2018 2021/2021/2021 2029/2029/2029
f 2012/2012/2012 2011/2011/2011 2030/2030/2030
f 2030/2030/2030 2031/2031/2031 2012/2012/2012
f 2031/2031/2031 2030/2030/2030 2032/2032/2032
f 2032/2032/2032 2033/2033/2033 2031/2031/2031
f 2035/2035/2035 1999/1999/1999 1998/1998/1998
f 1998/1998/1998 2034/2034/2034 2035/2035/2035
f 2034/2034/2034 1998/1998/1998 2001/2001/2001
f 2001/2001/2001 2036/2036/2036 2034/2034/2034
f 2036/2036/2036 2001/2001/2001 2003/2003/2003
f 2003/2003/2003 2037/2037/2037 2036/2036/2036
f 2039/2039/2039 2007/2007/2007 2006/2006/2006
f 2006/2006/2006 2038/2038/2038 2039/2039/2039
f 2038/2038/2038 2006/2006/2006 2009/2009/2009
f 2009/2009/2009 2040/2040/2040 2038/2038/2038
f 2042/2042/2042 2013/2013/2013 2012/2012/2012
f 2012/2012/2012 2041/2041/2041 2042/2042/2042
f 2044/2044/2044 2017/2017/2017 2016/2016/2016
f 2016/2016/2016 2043/2043/2043 2044/2044/2044
f 2046/2046/2046 2021/2021/2021 2020/2020/2020
f 2020/2020/2020 2045/2045/2045 2046/2046/2046
f 2045/2045/2045 2020/2020/2020 2013/2013/2013
f 2013/2013/2013 2042/2042/2042 2045/2045/2045
f 2043/2043/2043 2016/2016/2016 2023/2023/2023
f 2023/2023/2023 2047/2047/2047 2043/2043/2043
f 2047/2047/2047 2023/2023/2023 2025/2025/2025
f 2025/2025/2025 2048/2048/2048 2047/2047/2047
f 2048/2048/2048 2025/2025/2025 1999/1999/1999
f 1999/1999/1999 2035/2035/2035 2048/2048/2048
f 2037/2037/2037 2003/2003/2003 2027/2027/2027
f 2027/2027/2027 2049/2049/2049 2037/2037/2037
f 2049/2049/2049 2027/2027/2027 2007/2007/2007
f 2007/2007/2007 2039/2039/2039 2049/2049/2049
f 2040/2040/2040 2009/2009/2009 2029/2029/2029
f 2029/2029/2029 2050/2050/2050 2040/2040/2040
f 2050/2050/2050 2029/2029/2029 2021/2021/2021
f 2021/2021/2021 2046/2046/2046 2050/2050/2050
f 2041/2041/2041 2012/2012/2012 2031/2031/2031
f 2031/2031/2031 2051/2051/2051 2041/2041/2041
f 2051/2051/2051 2031/2031/2031 2033/2033/2033
f 2033/2033/2033 2052/2052/2052 2051/2051/2051
f 2054/2054/2054 2035/2035/2035 2034/2034/2034
f 2034/2034/2034 2053/2053/2053 2054/2054/2054
f 2053/2053/2053 2034/2034/2034 2036/2036/2036
f 2036/2036/2036 2055/2055/2055 2053/2053/2053
f 2055/2055/2055 2036/2036/2036 2037/2037/2037
f 2037/2037/2037 2056/2056/2056 2055/2055/2055
f 2058/2058/2058 2039/2039/2039 2038/2038/2038
f 2038/2038/2038 2057/2057/2057 2058/2058/2058
f 2057/2057/2057 2038/2038/2038 2040/2040/2040
f 2040/2040/2040 2059/2059/2059 2057/2057/2057
f 2061/2061/2061 2042/2042/2042 2041/2041/2041
f 2041/2041/2041 2060/2060/2060 2061/2061/2061
f 2063/2063/2063 2044/2044/2044 2043/2043/2043
f 2043/2043/2043 2062/2062/2062 2063/2063/2063
f 2065/2065/2065 2046/2046/2046 2045/2045/2045
f 2045/2045/2045 2064/2064/2064 2065/2065/2065
f 2064/2064/2064 2045/2045/2045 2042/2042/2042
f 2042/2042/2042 2061/2061/2061 2064/2064/2064
f 2062/2062/2062 2043/2043/2043 2047/2047/2047
f 2047/2047/2047 2066/2066/2066 2062/2062/2062
f 2066/2066/2066 2047/2047/2047 2048/2048/2048
f 2048/2048/2048 2067/2067/2067 2066/2066/2066
f 2067/2067/2067 2048/2048/2048 2035/2035/2035
f 2035/2035/2035 2054/2054/2054 2067/2067/2067
f 2056/2056/2056 2037/2037/2037 2049/2049/2049
f 2049/2049/2049 2068/2068/2068 2056/2056/2056
f 2068/2068/2068 2049/2049/2049 2039/2039/2039
f 2039/2039/2039 2058/2058/2058 2068/2068/2068
f 2059/2059/2059 2040/2040/2040 2050/2050/2050
f 2050/2050/2050 2069/2069/2069 2059/2059/2059
f 2069/2069/2069 2050/2050/2050 2046/2046/2046
f 2046/2046/2046 2065/2065/2065 2069/2069/2069
f 2060/2060/2060 2041/2041/2041 2051/2051/2051
f 2051/2051/2051 2070/2070/2070 2060/2060/2060
f 2070/2070/2070 2051/2051/2051 2052/2052/2052
f 2052/2052/2052 2071/2071/2071 2070/2070/2070
f 2073/2073/2073 2054/2054/2054 2053/2053/2053
f 2053/2053/2053 2072/2072/2072 2073/2073/2073
f 2072/2072/2072 2053/2053/2053 2055/2055/2055
f 2055/2055/2055 2074/2074/2074 2072/2072/2072
f 2074/2074/2074 2055/2055/2055 2056/2056/2056
f 2056/2056/2056 2075/2075/2075 2074/2074/2074
f 2077/2077/2077 2058/2058/2058 2057/2057/2057
f 2057/2057/2057 2076/2076/2076 2077/2077/2077
f 2076/2076/2076 2057/2057/2057 2059/2059/2059
f 2059/2059/2059 2078/2078/2078 2076/2076/2076
f 2080/2080/2080 2061/2061/2061 2060/2060/2060
f 2060/2060/2060 2079/2079/2079 2080/2080/2080
f 2082/2082/2082 2063/2063/2063 2062/2062/2062
f 2062/2062/2062 2081/2081/2081 2082/2082/2082
f 2084/2084/2084 2065/2065/2065 2064/2064/2064
f 2064/2064/2064 2083/2083/2083 2084/2084/2084
f 2083/2083/2083 2064/2064/2064 2061/2061/2061
f 2061/2061/2061 2080/2080/2080 2083/2083/2083
f 2081/2081/2081 2062/2062/2062 2066/2066/2066
f 2066/2066/2066 2085/2085/2085 2081/2081/2081
f 2085/2085/2085 2066/2066/2066 2067/2067/2067
f 2067/2067/2067 2086/2086/2086 2085/2085/2085
f 2086/2086/2086 2067/2067/2067 2054/2054/2054
f 2054/2054/2054 2073/2073/2073 2086/2086/2086
f 2075/2075/2075 2056/2056/2056 2068/2068/2068
f 2068/2068/2068 2087/2087/2087 2075/2075/2075
f 2087/2087/2087 2068/2068/2068 2058/2058/2058
f 2058/2058/2058 2077/2077/2077 2087/2087/2087
f 2078/2078/2078 2059/2059/2059 2069/2069/2069
f 2069/2069/2069 2088/2088/2088 2078/2078/2078
f 2088/2088/2088 2069/2069/2069 2065/2065/2065
f 2065/2065/2065 2084/2084/2084 2088/2088/2088
f 2079/2079/2079 2060/2060/2060 2070/2070/2070
f 2070/2070/2070 2089/2089/2089 2079/2079/2079
f 2089/2089/2089 2070/2070/2070 2071/2071/2071
f 2071/2071/2071 2090/2090/2090 2089/2089/2089
f 2094/2094/2094 2091/2091/2091 2092/2092/2092
f 2092/2092/2092 2093/2093/2093 2094/2094/2094
f 2092/2092/2092 2095/2095/2095 2096/2096/2096
f 2096/2096/2096 2093/2093/2093 2092/2092/2092
f 2099/2099/2099 2097/2097/2097 2098/2098/2098
f 2098/2098/2098 2093/2093/2093 2099/2099/2099
f 2102/2102/2102 2100/2100/2100 2101/2101/2101
f 2101/2101/2101 2093/2093/2093 2102/2102/2102
f 2104/2104/2104 2103/2103/2103 2102/2102/2102
f 2102/2102/2102 2093/2093/2093 2104/2104/2104
f 2107/2107/2107 2105/2105/2105 2106/2106/2106
f 2106/2106/2106 2093/2093/2093 2107/2107/2107
f 2106/2106/2106 2094/2094/2094 2093/2093/2093
f 2096/2096/2096 2108/2108/2108 2099/2099/2099
f 2099/2099/2099 2093/2093/2093 2096/2096/2096
f 2098/2098/2098 2104/2104/2104 2093/2093/2093
f 2101/2101/2101 2109/2109/2109 2107/2107/2107
f 2107/2107/2107 2093/2093/2093 2101/2101/2101
f 2111/2111/2111 2110/2110/2110 1921/1921/1921
f 1921/1921/1921 1920/1920/1920 2111/2111/2111
f 2110/2110/2110 2112/2112/2112 1924/1924/1924
f 1924/1924/1924 1921/1921/1921 2110/2110/2110
f 2112/2112/2112 2113/2113/2113 1926/1926/1926
f 1926/1926/1926 1924/1924/1924 2112/2112/2112
f 2115/2115/2115 2114/2114/2114 1929/1929/1929
f 1929/1929/1929 1928/1928/1928 2115/2115/2115
f 2114/2114/2114 2116/2116/2116 1932/1932/1932
f 1932/1932/1932 1929/1929/1929 2114/2114/2114
f 2118/2118/2118 2117/2117/2117 1935/1935/1935
f 1935/1935/1935 1934/1934/1934 2118/2118/2118
f 2120/2120/2120 2119/2119/2119 1939/1939/1939
f 1939/1939/1939 1938/1938/1938 2120/2120/2120
f 2122/2122/2122 2121/2121/2121 1943/1943/1943
f 1943/1943/1943 1942/1942/1942 2122/2122/2122
f 2121/2121/2121 2118/2118/2118 1934/1934/1934
f 1934/1934/1934 1943/1943/1943 2121/2121/2121
f 2119/2119/2119 2123/2123/2123 1946/1946/1946
f 1946/1946/1946 1939/1939/1939 2119/2119/2119
f 2123/2123/2123 2124/2124/2124 1948/1948/1948
f 1948/1948/1948 1946/1946/1946 2123/2123/2123
f 2124/2124/2124 2111/2111/2111 1920/1920/1920
f 1920/1920/1920 1948/1948/1948 2124/2124/2124
f 2113/2113/2113 2125/2125/2125 1950/1950/1950
f 1950/1950/1950 1926/1926/1926 2113/2113/2113
f 2125/2125/2125 2115/2115/2115 1928/1928/1928
f 1928/1928/1928 1950/1950/1950 2125/2125/2125
f 2116/2116/2116 2126/2126/2126 1952/1952/1952
f 1952/1952/1952 1932/1932/1932 2116/2116/2116
f 2126/2126/2126 2122/2122/2122 1942/1942/1942
f 1942/1942/1942 1952/1952/1952 2126/2126/2126
f 2117/2117/2117 2127/2127/2127 1954/1954/1954
f 1954/1954/1954 1935/1935/1935 2117/2117/2117
f 2127/2127/2127 2128/2128/2128 1956/1956/1956
f 1956/1956/1956 1954/1954/1954 2127/2127/2127
f 1923/1923/1923 1922/1922/1922 2129/2129/2129
f 2129/2129/2129 2130/2130/2130 1923/1923/1923
f 1922/1922/1922 1925/1925/1925 2131/2131/2131
f 2131/2131/2131 2129/2129/2129 1922/1922/1922
f 1925/1925/1925 1927/1927/1927 2132/2132/2132
f 2132/2132/2132 2131/2131/2131 1925/1925/1925
f 1931/1931/1931 1930/1930/1930 2133/2133/2133
f 2133/2133/2133 2134/2134/2134 1931/1931/1931
f 1930/1930/1930 1933/1933/1933 2135/2135/2135
f 2135/2135/2135 2133/2133/2133 1930/1930/1930
f 1937/1937/1937 1936/1936/1936 2136/2136/2136
f 2136/2136/2136 2137/2137/2137 1937/1937/1937
f 1941/1941/1941 1940/1940/1940 2138/2138/2138
f 2138/2138/2138 2139/2139/2139 1941/1941/1941
f 1945/1945/1945 1944/1944/1944 2140/2140/2140
f 2140/2140/2140 2141/2141/2141 1945/1945/1945
f 1944/1944/1944 1937/1937/1937 2137/2137/2137
f 2137/2137/2137 2140/2140/2140 1944/1944/1944
f 1940/1940/1940 1947/1947/1947 2142/2142/2142
f 2142/2142/2142 2138/2138/2138 1940/1940/1940
f 1947/1947/1947 1949/1949/1949 2143/2143/2143
f 2143/2143/2143 2142/2142/2142 1947/1947/1947
f 1949/1949/1949 1923/1923/1923 2130/2130/2130
f 2130/2130/2130 2143/2143/2143 1949/1949/1949
f 1927/1927/1927 1951/1951/1951 2144/2144/2144
f 2144/2144/2144 2132/2132/2132 1927/1927/1927
f 1951/1951/1951 1931/1931/1931 2134/2134/2134
f 2134/2134/2134 2144/2144/2144 1951/1951/1951
f 1933/1933/1933 1953/1953/1953 2145/2145/2145
f 2145/2145/2145 2135/2135/2135 1933/1933/1933
f 1953/1953/1953 1945/1945/1945 2141/2141/2141
f 2141/2141/2141 2145/2145/2145 1953/1953/1953
f 1936/1936/1936 1955/1955/1955 2146/2146/2146
f 2146/2146/2146 2136/2136/2136 1936/1936/1936
f 1955/1955/1955 1957/1957/1957 2147/2147/2147
f 2147/2147/2147 2146/2146/2146 1955/1955/1955
f 2073/2073/2073 2072/2072/2072 2091/2091/2091
f 2091/2091/2091 2094/2094/2094 2073/2073/2073
f 2072/2072/2072 2074/2074/2074 2092/2092/2092
f 2092/2092/2092 2091/2091/2091 2072/2072/2072
f 2074/2074/2074 2075/2075/2075 2095/2095/2095
f 2095/2095/2095 2092/2092/2092 2074/2074/2074
f 2077/2077/2077 2076/2076/2076 2099/2099/2099
f 2099/2099/2099 2108/2108/2108 2077/2077/2077
f 2076/2076/2076 2078/2078/2078 2097/2097/2097
f 2097/2097/2097 2099/2099/2099 2076/2076/2076
f 2080/2080/2080 2079/2079/2079 2100/2100/2100
f 2100/2100/2100 2102/2102/2102 2080/2080/2080
f 2082/2082/2082 2081/2081/2081 2107/2107/2107
f 2107/2107/2107 2109/2109/2109 2082/2082/2082
f 2084/2084/2084 2083/2083/2083 2103/2103/2103
f 2103/2103/2103 2104/2104/2104 2084/2084/2084
f 2083/2083/2083 2080/2080/2080 2102/2102/2102
f 2102/2102/2102 2103/2103/2103 2083/2083/2083
f 2081/2081/2081 2085/2085/2085 2105/2105/2105
f 2105/2105/2105 2107/2107/2107 2081/2081/2081
f 2085/2085/2085 2086/2086/2086 2106/2106/2106
f 2106/2106/2106 2105/2105/2105 2085/2085/2085
f 2086/2086/2086 2073/2073/2073 2094/2094/2094
f 2094/2094/2094 2106/2106/2106 2086/2086/2086
f 2075/2075/2075 2087/2087/2087 2096/2096/2096
f 2096/2096/2096 2095/2095/2095 2075/2075/2075
f 2087/2087/2087 2077/2077/2077 2108/2108/2108
f 2108/2108/2108 2096/2096/2096 2087/2087/2087
f 2078/2078/2078 2088/2088/2088 2098/2098/2098
f 2098/2098/2098 2097/2097/2097 2078/2078/2078
f 2088/2088/2088 2084/2084/2084 2104/2104/2104
f 2104/2104/2104 2098/2098/2098 2088/2088/2088
f 2079/2079/2079 2089/2089/2089 2101/2101/2101
f 2101/2101/2101 2100/2100/2100 2079/2079/2079
f 2089/2089/2089 2090/2090/2090 2109/2109/2109
f 2109/2109/2109 2101/2101/2101 2089/2089/2089
f 2148/2148/2148 1701/1701/1701 1700/1700/1700
f 1691/1691/1691 1690/1690/1690 2148/2148/2148
f 2148/2148/2148 1700/1700/1700 1691/1691/1691
f 1684/1684/1684 1689/1689/1689 2149/2149/2149
f 2149/2149/2149 1685/1685/1685 1684/1684/1684
f 1689/1689/1689 1688/1688/1688 2149/2149/2149
f 2153/2153/2153 2150/2150/2150 2151/2151/2151
f 2151/2151/2151 2152/2152/2152 2153/2153/2153
f 2152/2152/2152 2151/2151/2151 2154/2154/2154
f 2154/2154/2154 2155/2155/2155 2152/2152/2152
f 2155/2155/2155 2154/2154/2154 2156/2156/2156
f 2156/2156/2156 2157/2157/2157 2155/2155/2155
f 2157/2157/2157 2156/2156/2156 2158/2158/2158
f 2158/2158/2158 2159/2159/2159 2157/2157/2157
f 2159/2159/2159 2158/2158/2158 2160/2160/2160
f 2160/2160/2160 2161/2161/2161 2159/2159/2159
f 2161/2161/2161 2160/2160/2160 2162/2162/2162
f 2162/2162/2162 2163/2163/2163 2161/2161/2161
f 2163/2163/2163 2162/2162/2162 2164/2164/2164
f 2164/2164/2164 2165/2165/2165 2163/2163/2163
f 2165/2165/2165 2164/2164/2164 2166/2166/2166
f 2166/2166/2166 2167/2167/2167 2165/2165/2165
f 2167/2167/2167 2166/2166/2166 2168/2168/2168
f 2168/2168/2168 2169/2169/2169 2167/2167/2167
f 2173/2173/2173 2170/2170/2170 2171/2171/2171
f 2171/2171/2171 2172/2172/2172 2173/2173/2173
f 2175/2175/2175 2173/2173/2173 2172/2172/2172
f 2172/2172/2172 2174/2174/2174 2175/2175/2175
f 2177/2177/2177 2175/2175/2175 2174/2174/2174
f 2174/2174/2174 2176/2176/2176 2177/2177/2177
f 2179/2179/2179 2177/2177/2177 2176/2176/2176
f 2176/2176/2176 2178/2178/2178 2179/2179/2179
f 2181/2181/2181 2179/2179/2179 2178/2178/2178
f 2178/2178/2178 2180/2180/2180 2181/2181/2181
f 2183/2183/2183 2181/2181/2181 2180/2180/2180
f 2180/2180/2180 2182/2182/2182 2183/2183/2183
f 2185/2185/2185 2183/2183/2183 2182/2182/2182
f 2182/2182/2182 2184/2184/2184 2185/2185/2185
f 2187/2187/2187 2185/2185/2185 2184/2184/2184
f 2184/2184/2184 2186/2186/2186 2187/2187/2187
f 2189/2189/2189 2187/2187/2187 2186/2186/2186
f 2186/2186/2186 2188/2188/2188 2189/2189/2189
f 2190/2190/2190 2191/2191/2191 2192/2192/2192
f 2194/2194/2194 2190/2190/2190 2192/2192/2192
f 2192/2192/2192 2193/2193/2193 2194/2194/2194
f 2196/2196/2196 2190/2190/2190 2194/2194/2194
f 2194/2194/2194 2195/2195/2195 2196/2196/2196
f 2198/2198/2198 2190/2190/2190 2196/2196/2196
f 2196/2196/2196 2197/2197/2197 2198/2198/2198
f 2191/2191/2191 2190/2190/2190 2199/2199/2199
f 2199/2199/2199 2200/2200/2200 2191/2191/2191
f 2204/2204/2204 2201/2201/2201 2202/2202/2202
f 2202/2202/2202 2203/2203/2203 2204/2204/2204
f 2208/2208/2208 2205/2205/2205 2206/2206/2206
f 2206/2206/2206 2207/2207/2207 2208/2208/2208
f 2211/2211/2211 2209/2209/2209 2207/2207/2207
f 2207/2207/2207 2210/2210/2210 2211/2211/2211
f 2214/2214/2214 2212/2212/2212 2210/2210/2210
f 2210/2210/2210 2213/2213/2213 2214/2214/2214
f 2217/2217/2217 2215/2215/2215 2213/2213/2213
f 2213/2213/2213 2216/2216/2216 2217/2217/2217
f 2220/2220/2220 2218/2218/2218 2216/2216/2216
f 2216/2216/2216 2219/2219/2219 2220/2220/2220
f 2223/2223/2223 2221/2221/2221 2219/2219/2219
f 2219/2219/2219 2222/2222/2222 2223/2223/2223
f 2226/2226/2226 2224/2224/2224 2222/2222/2222
f 2222/2222/2222 2225/2225/2225 2226/2226/2226
f 2228/2228/2228 2227/2227/2227 2225/2225/2225
f 2225/2225/2225 2202/2202/2202 2228/2228/2228
f 2229/2229/2229 2230/2230/2230 2231/2231/2231
f 2231/2231/2231 2230/2230/2230 2232/2232/2232
f 2232/2232/2232 2233/2233/2233 2231/2231/2231
f 2232/2232/2232 2230/2230/2230 2234/2234/2234
f 2234/2234/2234 2235/2235/2235 2232/2232/2232
f 2234/2234/2234 2230/2230/2230 2236/2236/2236
f 2236/2236/2236 2237/2237/2237 2234/2234/2234
f 2236/2236/2236 2230/2230/2230 2229/2229/2229
f 2229/2229/2229 2238/2238/2238 2236/2236/2236
f 2171/2171/2171 2239/2239/2239 2240/2240/2240
f 2240/2240/2240 2172/2172/2172 2171/2171/2171
f 2172/2172/2172 2240/2240/2240 2241/2241/2241
f 2241/2241/2241 2174/2174/2174 2172/2172/2172
f 2174/2174/2174 2241/2241/2241 2242/2242/2242
f 2242/2242/2242 2176/2176/2176 2174/2174/2174
f 2176/2176/2176 2242/2242/2242 2243/2243/2243
f 2243/2243/2243 2178/2178/2178 2176/2176/2176
f 2178/2178/2178 2243/2243/2243 2244/2244/2244
f 2244/2244/2244 2180/2180/2180 2178/2178/2178
f 2180/2180/2180 2244/2244/2244 2245/2245/2245
f 2245/2245/2245 2182/2182/2182 2180/2180/2180
f 2182/2182/2182 2245/2245/2245 2246/2246/2246
f 2246/2246/2246 2184/2184/2184 2182/2182/2182
f 2184/2184/2184 2246/2246/2246 2247/2247/2247
f 2247/2247/2247 2186/2186/2186 2184/2184/2184
f 2186/2186/2186 2247/2247/2247 2248/2248/2248
f 2248/2248/2248 2188/2188/2188 2186/2186/2186
f 2250/2250/2250 2153/2153/2153 2152/2152/2152
f 2152/2152/2152 2249/2249/2249 2250/2250/2250
f 2249/2249/2249 2152/2152/2152 2155/2155/2155
f 2155/2155/2155 2251/2251/2251 2249/2249/2249
f 2251/2251/2251 2155/2155/2155 2157/2157/2157
f 2157/2157/2157 2252/2252/2252 2251/2251/2251
f 2252/2252/2252 2157/2157/2157 2159/2159/2159
f 2159/2159/2159 2253/2253/2253 2252/2252/2252
f 2253/2253/2253 2159/2159/2159 2161/2161/2161
f 2161/2161/2161 2254/2254/2254 2253/2253/2253
f 2254/2254/2254 2161/2161/2161 2163/2163/2163
f 2163/2163/2163 2255/2255/2255 2254/2254/2254
f 2255/2255/2255 2163/2163/2163 2165/2165/2165
f 2165/2165/2165 2256/2256/2256 2255/2255/2255
f 2256/2256/2256 2165/2165/2165 2167/2167/2167
f 2167/2167/2167 2257/2257/2257 2256/2256/2256
f 2257/2257/2257 2167/2167/2167 2169/2169/2169
f 2169/2169/2169 2258/2258/2258 2257/2257/2257
f 2260/2260/2260 2151/2151/2151 2150/2150/2150
f 2150/2150/2150 2259/2259/2259 2260/2260/2260
f 2262/2262/2262 2168/2168/2168 2166/2166/2166
f 2166/2166/2166 2261/2261/2261 2262/2262/2262
f 2261/2261/2261 2166/2166/2166 2164/2164/2164
f 2164/2164/2164 2263/2263/2263 2261/2261/2261
f 2263/2263/2263 2164/2164/2164 2162/2162/2162
f 2162/2162/2162 2264/2264/2264 2263/2263/2263
f 2264/2264/2264 2162/2162/2162 2160/2160/2160
f 2160/2160/2160 2265/2265/2265 2264/2264/2264
f 2265/2265/2265 2160/2160/2160 2158/2158/2158
f 2158/2158/2158 2266/2266/2266 2265/2265/2265
f 2266/2266/2266 2158/2158/2158 2156/2156/2156
f 2156/2156/2156 2267/2267/2267 2266/2266/2266
f 2267/2267/2267 2156/2156/2156 2154/2154/2154
f 2154/2154/2154 2268/2268/2268 2267/2267/2267
f 2268/2268/2268 2154/2154/2154 2151/2151/2151
f 2151/2151/2151 2260/2260/2260 2268/2268/2268
