# converted from geodesic_dome_quaternius_T7Ge6maWq4.glb by gltf2obj.py (node transforms baked, V flipped)
mtllib radome_geodesic_dome.mtl
o GeodesicDome
g GeodesicDome
usemtl Atlas
v 3.92878 0.02953 -0.06232
v 3.92878 0.70232 -0.0665
v 4.02408 0.02953 -0.06232
v 4.02408 0.70232 -0.0665
v 4.02408 0.70232 0.06652
v 3.92878 0.70232 -0.0665
v 3.92878 0.70232 0.06652
v 4.02408 0.70232 -0.0665
v 3.92878 0.70232 0.06652
v 3.92878 0.02953 -0.06232
v 3.92878 0.02953 0.06234
v 3.92878 0.70232 -0.0665
v 3.92878 0.70232 0.06652
v 3.92878 0.02953 0.06234
v 4.02408 0.70232 0.06652
v 4.02408 0.02953 0.06234
v 3.92878 0.02953 0.06234
v 4.02408 0.02953 -0.06232
v 4.02408 0.02953 0.06234
v 3.92878 0.02953 -0.06232
v 3.68609 0.051 0.11452
v 3.88281 0 0.11452
v 3.88281 0.11273 0.11452
v 3.68609 0 0.11452
v 4.26494 0 0.11453
v 4.26494 0.051 -0.1145
v 4.26494 0.051 0.11453
v 4.26494 0 -0.1145
v 3.68609 0.051 -0.1145
v 3.88282 0 -0.1145
v 3.68609 0 -0.1145
v 3.88282 0.11273 -0.1145
v 4.06821 0 -0.1145
v 4.26494 0.051 0.11453
v 4.06821 0 0.11453
v 4.26494 0 0.11453
v 4.06821 0.11273 0.11453
v 3.68609 0.051 -0.1145
v 3.68609 0 0.11452
v 3.68609 0.051 0.11452
v 3.68609 0 -0.1145
v 3.88281 0.11273 0.11452
v 3.68609 0.051 -0.1145
v 3.68609 0.051 0.11452
v 3.88282 0.11273 -0.1145
v 4.26494 0 0.11453
v 4.06821 0 0.11453
v 4.06821 0 -0.1145
v 4.26494 0 -0.1145
v 3.88282 0 -0.1145
v 4.26494 0.051 0.11453
v 4.06821 0.11273 -0.1145
v 4.06821 0.11273 0.11453
v 4.26494 0.051 -0.1145
v 4.06821 0.11273 -0.1145
v 4.26494 0.051 -0.1145
v 4.26494 0 -0.1145
v 4.06821 0.11273 0.11453
v 3.88282 0.11273 -0.1145
v 3.88281 0.11273 0.11452
v 4.06821 0.11273 -0.1145
v 3.88281 0 0.11452
v 3.68609 0 0.11452
v 3.68609 0 -0.1145
v 4.02408 0.70232 0.06652
v 4.02408 0.02953 0.06234
v 4.02408 0.02953 -0.06232
v 4.02408 0.70232 -0.0665
v 2.82213 0.02953 2.734
v 2.89247 0.70232 2.79844
v 2.88952 0.02953 2.80139
v 2.82509 0.70232 2.73105
v 2.82509 0.70232 2.73105
v 2.79842 0.70232 2.89249
v 2.89247 0.70232 2.79844
v 2.73103 0.70232 2.8251
v 2.73398 0.02953 2.82215
v 2.82509 0.70232 2.73105
v 2.82213 0.02953 2.734
v 2.73103 0.70232 2.8251
v 2.73103 0.70232 2.8251
v 2.80137 0.02953 2.88954
v 2.79842 0.70232 2.89249
v 2.73398 0.02953 2.82215
v 2.80137 0.02953 2.88954
v 2.82213 0.02953 2.734
v 2.88952 0.02953 2.80139
v 2.73398 0.02953 2.82215
v 2.66458 0.11273 2.82655
v 2.52548 0.051 2.68744
v 2.66458 0 2.82655
v 2.79568 0 2.95764
v 2.79568 0.11273 2.95764
v 2.52548 0 2.68744
v 3.09673 0.051 2.9348
v 2.93478 0 3.09675
v 3.09673 0 2.9348
v 2.93478 0.051 3.09675
v 2.82653 0 2.6646
v 2.68743 0.051 2.52549
v 2.82653 0.11273 2.6646
v 2.68743 0 2.52549
v 2.93478 0.051 3.09675
v 2.93478 0 3.09675
v 2.52548 0.051 2.68744
v 2.68743 0.051 2.52549
v 2.52548 0 2.68744
v 2.68743 0 2.52549
v 2.52548 0.051 2.68744
v 2.82653 0.11273 2.6646
v 2.68743 0.051 2.52549
v 2.66458 0.11273 2.82655
v 3.09673 0 2.9348
v 2.93478 0 3.09675
v 2.95763 0 2.79569
v 2.79568 0 2.95764
v 2.82653 0 2.6646
v 2.95763 0.11273 2.79569
v 2.79568 0.11273 2.95764
v 2.93478 0.051 3.09675
v 3.09673 0.051 2.9348
v 3.09673 0 2.9348
v 2.95763 0 2.79569
v 3.09673 0.051 2.9348
v 2.95763 0.11273 2.79569
v 2.82653 0.11273 2.6646
v 2.79568 0.11273 2.95764
v 2.95763 0.11273 2.79569
v 2.66458 0.11273 2.82655
v 2.66458 0 2.82655
v 2.52548 0 2.68744
v 2.68743 0 2.52549
v 2.79842 0.70232 2.89249
v 2.88952 0.02953 2.80139
v 2.89247 0.70232 2.79844
v 2.80137 0.02953 2.88954
v -0.06232 0.02952 -3.92878
v -0.0665 0.70232 -4.02408
v -0.06232 0.02952 -4.02408
v -0.0665 0.70232 -3.92878
v -0.0665 0.70232 -3.92878
v 0.06652 0.70232 -4.02408
v -0.0665 0.70232 -4.02408
v 0.06652 0.70232 -3.92878
v -0.0665 0.70232 -3.92878
v -0.06232 0.02952 -3.92878
v 0.06652 0.70232 -3.92878
v 0.06234 0.02952 -3.92878
v 0.06234 0.02952 -3.92878
v 0.06652 0.70232 -4.02408
v 0.06652 0.70232 -3.92878
v 0.06234 0.02952 -4.02408
v 0.06234 0.02952 -3.92878
v -0.06232 0.02952 -4.02408
v 0.06234 0.02952 -4.02408
v -0.06232 0.02952 -3.92878
v 0.11452 0 -3.68609
v 0.11452 0 -3.88282
v 0.11452 0.051 -3.68609
v 0.11452 0.11273 -3.88281
v 0.11452 0 -4.06821
v 0.11452 0.11273 -4.06821
v -0.11451 0.051 -4.26494
v 0.11452 0.051 -4.26494
v -0.11451 0 -4.26494
v 0.11452 0 -4.26494
v -0.11451 0.051 -3.68609
v -0.11451 0 -3.88282
v -0.11451 0 -3.68609
v -0.11451 0.11273 -3.88281
v -0.11451 0.11273 -4.06821
v -0.11451 0 -4.06821
v 0.11452 0.051 -4.26494
v 0.11452 0 -4.26494
v -0.11451 0.051 -3.68609
v 0.11452 0 -3.68609
v 0.11452 0.051 -3.68609
v -0.11451 0 -3.68609
v 0.11452 0.051 -3.68609
v -0.11451 0.11273 -3.88281
v -0.11451 0.051 -3.68609
v 0.11452 0.11273 -3.88281
v 0.11452 0 -4.06821
v -0.11451 0 -4.06821
v 0.11452 0 -4.26494
v -0.11451 0 -4.26494
v 0.11452 0 -3.88282
v -0.11451 0 -3.88282
v 0.11452 0.11273 -4.06821
v 0.11452 0.051 -4.26494
v -0.11451 0.11273 -4.06821
v -0.11451 0.051 -4.26494
v -0.11451 0.051 -4.26494
v -0.11451 0 -4.26494
v 0.11452 0.11273 -3.88281
v -0.11451 0.11273 -4.06821
v -0.11451 0.11273 -3.88281
v 0.11452 0.11273 -4.06821
v 0.11452 0 -3.68609
v -0.11451 0 -3.68609
v 0.06652 0.70232 -4.02408
v 0.06234 0.02952 -4.02408
v -0.06232 0.02952 -4.02408
v -0.0665 0.70232 -4.02408
v -2.89248 0.70232 -2.79843
v -2.88953 0.02952 -2.80138
v -2.82509 0.70232 -2.73104
v -2.82214 0.02952 -2.734
v -2.79842 0.70232 -2.89249
v -2.82509 0.70232 -2.73104
v -2.73103 0.70232 -2.8251
v -2.89248 0.70232 -2.79843
v -2.82509 0.70232 -2.73104
v -2.82214 0.02952 -2.734
v -2.73103 0.70232 -2.8251
v -2.73399 0.02952 -2.82215
v -2.73103 0.70232 -2.8251
v -2.80137 0.02952 -2.88953
v -2.79842 0.70232 -2.89249
v -2.73399 0.02952 -2.82215
v -2.73399 0.02952 -2.82215
v -2.88953 0.02952 -2.80138
v -2.80137 0.02952 -2.88953
v -2.82214 0.02952 -2.734
v -2.52548 0 -2.68744
v -2.66459 0 -2.82654
v -2.52548 0.051 -2.68744
v -2.66459 0.11273 -2.82654
v -2.79568 0 -2.95764
v -2.79568 0.11273 -2.95764
v -3.09673 0.051 -2.9348
v -2.93479 0.051 -3.09674
v -3.09673 0 -2.9348
v -2.93479 0 -3.09674
v -2.68743 0.051 -2.52549
v -2.82653 0 -2.6646
v -2.68743 0 -2.52549
v -2.82653 0.11273 -2.6646
v -2.95763 0.11273 -2.79569
v -2.95763 0 -2.79569
v -2.93479 0.051 -3.09674
v -2.93479 0 -3.09674
v -2.52548 0.051 -2.68744
v -2.68743 0 -2.52549
v -2.52548 0 -2.68744
v -2.68743 0.051 -2.52549
v -2.68743 0.051 -2.52549
v -2.66459 0.11273 -2.82654
v -2.82653 0.11273 -2.6646
v -2.52548 0.051 -2.68744
v -2.95763 0 -2.79569
v -2.93479 0 -3.09674
v -2.79568 0 -2.95764
v -2.66459 0 -2.82654
v -2.82653 0 -2.6646
v -3.09673 0 -2.9348
v -2.95763 0.11273 -2.79569
v -2.93479 0.051 -3.09674
v -3.09673 0.051 -2.9348
v -2.79568 0.11273 -2.95764
v -3.09673 0.051 -2.9348
v -3.09673 0 -2.9348
v -2.79568 0.11273 -2.95764
v -2.95763 0.11273 -2.79569
v -2.66459 0.11273 -2.82654
v -2.82653 0.11273 -2.6646
v -2.68743 0 -2.52549
v -2.52548 0 -2.68744
v -2.79842 0.70232 -2.89249
v -2.80137 0.02952 -2.88953
v -2.88953 0.02952 -2.80138
v -2.89248 0.70232 -2.79843
v -4.02408 0.70232 0.0665
v -3.92878 0.02953 0.06233
v -3.92878 0.70232 0.0665
v -4.02408 0.02953 0.06233
v -3.92878 0.70232 0.0665
v -4.02408 0.70232 -0.06651
v -4.02408 0.70232 0.0665
v -3.92878 0.70232 -0.06651
v -3.92878 0.02953 -0.06234
v -3.92878 0.70232 -0.06651
v -3.92878 0.02953 0.06233
v -3.92878 0.70232 0.0665
v -4.02408 0.02953 -0.06234
v -4.02408 0.70232 -0.06651
v -3.92878 0.02953 -0.06234
v -3.92878 0.70232 -0.06651
v -3.92878 0.02953 0.06233
v -4.02408 0.02953 0.06233
v -4.02408 0.02953 -0.06234
v -3.92878 0.02953 -0.06234
v -3.88281 0.11273 -0.11452
v -3.68609 0.051 -0.11452
v -3.88281 0 -0.11452
v -4.06821 0.11273 -0.11452
v -3.68609 0 -0.11452
v -4.26494 0.051 -0.11452
v -4.26494 0 0.11451
v -4.26494 0.051 0.11451
v -4.26494 0 -0.11452
v -3.68609 0.051 0.11451
v -3.88282 0 0.11451
v -3.68609 0 0.11451
v -3.88282 0.11273 0.11451
v -4.06821 0 0.11451
v -4.06821 0.11273 0.11451
v -4.26494 0.051 -0.11452
v -4.06821 0 -0.11452
v -4.26494 0 -0.11452
v -3.68609 0 0.11451
v -3.68609 0.051 -0.11452
v -3.68609 0.051 0.11451
v -3.68609 0 -0.11452
v -3.88282 0.11273 0.11451
v -3.68609 0.051 0.11451
v -3.88281 0.11273 -0.11452
v -3.68609 0.051 -0.11452
v -4.26494 0 -0.11452
v -4.06821 0 0.11451
v -4.26494 0 0.11451
v -4.06821 0 -0.11452
v -4.26494 0.051 0.11451
v -4.06821 0.11273 0.11451
v -4.26494 0.051 -0.11452
v -4.06821 0.11273 -0.11452
v -4.26494 0.051 0.11451
v -4.26494 0 0.11451
v -3.88282 0.11273 0.11451
v -4.06821 0.11273 -0.11452
v -4.06821 0.11273 0.11451
v -3.88281 0.11273 -0.11452
v -3.88282 0 0.11451
v -3.88281 0 -0.11452
v -3.68609 0 0.11451
v -3.68609 0 -0.11452
v -4.02408 0.02953 0.06233
v -4.02408 0.70232 0.0665
v -4.02408 0.70232 -0.06651
v -4.02408 0.02953 -0.06234
v -2.79843 0.70232 2.89248
v -2.73399 0.02953 2.82214
v -2.73104 0.70232 2.82509
v -2.80138 0.02953 2.88953
v -2.89248 0.70232 2.79843
v -2.73104 0.70232 2.82509
v -2.8251 0.70232 2.73104
v -2.79843 0.70232 2.89248
v -2.82214 0.02953 2.73399
v -2.8251 0.70232 2.73104
v -2.73399 0.02953 2.82214
v -2.73104 0.70232 2.82509
v -2.8251 0.70232 2.73104
v -2.82214 0.02953 2.73399
v -2.89248 0.70232 2.79843
v -2.88953 0.02953 2.80138
v -2.82214 0.02953 2.73399
v -2.80138 0.02953 2.88953
v -2.88953 0.02953 2.80138
v -2.73399 0.02953 2.82214
v -2.82654 0.11273 2.66459
v -2.68743 0.051 2.52549
v -2.82654 0 2.66459
v -2.95763 0 2.79569
v -2.95763 0.11273 2.79569
v -2.68743 0 2.52549
v -2.93479 0.051 3.09674
v -3.09674 0.051 2.93479
v -2.93479 0 3.09674
v -3.09674 0 2.93479
v -2.52549 0.051 2.68743
v -2.66459 0 2.82654
v -2.52549 0 2.68743
v -2.66459 0.11273 2.82654
v -3.09674 0.051 2.93479
v -3.09674 0 2.93479
v -2.52549 0 2.68743
v -2.68743 0.051 2.52549
v -2.52549 0.051 2.68743
v -2.68743 0 2.52549
v -2.68743 0.051 2.52549
v -2.66459 0.11273 2.82654
v -2.52549 0.051 2.68743
v -2.82654 0.11273 2.66459
v -2.95763 0 2.79569
v -2.66459 0 2.82654
v -2.79569 0 2.95763
v -3.09674 0 2.93479
v -2.93479 0 3.09674
v -3.09674 0.051 2.93479
v -2.79569 0.11273 2.95763
v -2.95763 0.11273 2.79569
v -2.93479 0.051 3.09674
v -2.93479 0.051 3.09674
v -2.79569 0 2.95763
v -2.79569 0.11273 2.95763
v -2.93479 0 3.09674
v -2.95763 0.11273 2.79569
v -2.66459 0.11273 2.82654
v -2.82654 0.11273 2.66459
v -2.79569 0.11273 2.95763
v -2.82654 0 2.66459
v -2.68743 0 2.52549
v -2.52549 0 2.68743
v -2.89248 0.70232 2.79843
v -2.80138 0.02953 2.88953
v -2.79843 0.70232 2.89248
v -2.88953 0.02953 2.80138
v 0.06233 0.02953 3.92878
v 0.06651 0.70232 3.92878
v 0.06233 0.02953 4.02408
v 0.06651 0.70232 4.02408
v -0.06651 0.70232 4.02408
v 0.06651 0.70232 3.92878
v -0.06651 0.70232 3.92878
v 0.06651 0.70232 4.02408
v -0.06233 0.02953 3.92878
v -0.06651 0.70232 3.92878
v 0.06233 0.02953 3.92878
v 0.06651 0.70232 3.92878
v -0.06651 0.70232 3.92878
v -0.06233 0.02953 4.02408
v -0.06651 0.70232 4.02408
v -0.06233 0.02953 3.92878
v 0.06233 0.02953 4.02408
v -0.06233 0.02953 3.92878
v 0.06233 0.02953 3.92878
v -0.06233 0.02953 4.02408
v -0.11452 0.11273 3.88282
v -0.11452 0.051 3.68609
v -0.11452 0 3.88282
v -0.11452 0 4.06821
v -0.11452 0.11273 4.06821
v -0.11452 0 3.68609
v -0.11452 0.051 4.26494
v 0.11451 0 4.26494
v 0.11451 0.051 4.26494
v -0.11452 0 4.26494
v 0.11451 0 3.88282
v 0.11451 0.051 3.68609
v 0.11451 0.11273 3.88282
v 0.11451 0 3.68609
v -0.11452 0.051 4.26494
v -0.11452 0 4.26494
v -0.11452 0.051 3.68609
v 0.11451 0.051 3.68609
v -0.11452 0 3.68609
v 0.11451 0 3.68609
v 0.11451 0.11273 3.88282
v -0.11452 0.051 3.68609
v -0.11452 0.11273 3.88282
v 0.11451 0.051 3.68609
v -0.11452 0 4.26494
v 0.11451 0 4.06821
v 0.11451 0 4.26494
v -0.11452 0 4.06821
v 0.11451 0 3.88282
v -0.11452 0 3.88282
v -0.11452 0.051 4.26494
v 0.11451 0.051 4.26494
v 0.11451 0.11273 4.06821
v -0.11452 0.11273 4.06821
v 0.11451 0 4.26494
v 0.11451 0 4.06821
v 0.11451 0.051 4.26494
v 0.11451 0.11273 4.06821
v -0.11452 0.11273 4.06821
v 0.11451 0.11273 3.88282
v -0.11452 0.11273 3.88282
v 0.11451 0.11273 4.06821
v -0.11452 0 3.68609
v 0.11451 0 3.68609
v -0.06651 0.70232 4.02408
v 0.06233 0.02953 4.02408
v 0.06651 0.70232 4.02408
v -0.06233 0.02953 4.02408
v 1.34446 0.67679 -3.24581
v 2.06932 0.81563 -3.09695
v 1.42537 0.81563 -3.44115
v 1.95185 0.67679 -2.92115
v 0.6854 0.67679 -3.44574
v 2.63374 0.81563 -2.63374
v -1.42537 0.81563 -3.44115
v -2.06932 0.81563 -3.09695
v -1.34446 0.67679 -3.24581
v -2.48424 0.67679 -2.48424
v -1.95185 0.67679 -2.92115
v -0.6854 0.67679 -3.44573
v -0.72665 0.81563 -3.6531
v 0 0.67679 3.51324
v -0.6854 0.67679 3.44574
v 0 0.81563 3.72467
v -1.34446 0.67679 3.24581
v -1.42537 0.81563 3.44115
v 0.72665 0.81563 3.65311
v -0.72665 0.81563 3.65311
v 2.48424 0.67679 -2.48424
v 2.92115 0.67679 -1.95185
v 0 0.67679 -3.51324
v 0 0.81563 -3.72467
v 3.44115 0.81563 -1.42537
v 3.09695 0.81563 -2.06932
v 0.72665 0.81563 -3.65311
v -2.06932 0.81563 3.09695
v -2.48424 0.67679 2.48424
v -2.63374 0.81563 2.63374
v -1.95185 0.67679 2.92116
v 3.44574 0.67679 -0.6854
v 3.6531 0.81563 -0.72665
v 3.24581 0.67679 -1.34446
v -2.92115 0.67679 1.95185
v -3.09695 0.81563 2.06932
v 3.51324 0.67679 0
v -3.44115 0.81563 1.42537
v 3.72467 0.81563 0
v 3.65311 0.81563 0.72665
v -3.24581 0.67679 1.34446
v -3.44573 0.67679 0.6854
v -3.6531 0.81563 0.72665
v 3.44574 0.67679 0.6854
v 3.44115 0.81563 1.42537
v -3.51324 0.67679 0
v -3.72467 0.81563 0
v 3.24581 0.67679 1.34446
v 3.09695 0.81563 2.06932
v -3.44573 0.67679 -0.6854
v -3.6531 0.81563 -0.72665
v 2.92115 0.67679 1.95185
v 2.63374 0.81563 2.63374
v -3.44115 0.81563 -1.42537
v 2.48424 0.67679 2.48424
v 1.95185 0.67679 2.92116
v 2.06932 0.81563 3.09695
v -3.24581 0.67679 -1.34446
v -3.09695 0.81563 -2.06932
v 1.42537 0.81563 3.44115
v -2.92115 0.67679 -1.95185
v -2.63374 0.81563 -2.63374
v 1.34446 0.67679 3.24581
v 0.6854 0.67679 3.44574
v 2.30103 0.59037 -3.44373
v 1.58498 0.59037 -3.82647
v 1.59459 0.72736 -3.84968
v 2.31499 0.72736 -3.46462
v 0.81291 0.72736 -4.0868
v 0.80801 0.59037 -4.06216
v -2.30103 0.59037 -3.44373
v -1.59459 0.72736 -3.84968
v -1.58498 0.59037 -3.82647
v -2.31499 0.72736 -3.46462
v -0.81291 0.72736 -4.0868
v -0.80801 0.59037 -4.06216
v 0 0.72736 4.16687
v -0.80801 0.59037 4.06216
v 0 0.59037 4.14174
v 0.80801 0.59037 4.06216
v 0.81292 0.72736 4.0868
v -0.81292 0.72736 4.0868
v -1.58498 0.59037 3.82647
v 2.92865 0.59037 -2.92865
v 2.94642 0.72736 -2.94642
v 3.46462 0.72736 -2.31499
v 3.44373 0.59037 -2.30103
v 0 0.72736 -4.16687
v 0 0.59037 -4.14174
v -1.59459 0.72736 3.84968
v -2.31499 0.72736 3.46462
v -2.30103 0.59037 3.44373
v 3.84968 0.72736 -1.59459
v 3.82647 0.59037 -1.58498
v -2.92865 0.59037 2.92865
v -2.94642 0.72736 2.94642
v 4.06216 0.59037 -0.80801
v 3.82647 0.59037 -1.58498
v 4.0868 0.72736 -0.81291
v 4.16686 0.72736 0
v 4.14174 0.59037 0
v 3.84968 0.72736 -1.59459
v -2.92865 0.59037 2.92865
v -3.46462 0.72736 2.31499
v -3.44373 0.59037 2.30103
v -2.94642 0.72736 2.94642
v -3.84968 0.72736 1.59459
v -3.82647 0.59037 1.58498
v 4.06216 0.59037 0.80801
v -4.0868 0.72736 0.81292
v -4.06216 0.59037 0.80801
v 4.0868 0.72736 0.81292
v 3.82647 0.59037 1.58498
v -4.16686 0.72736 0
v -4.14174 0.59037 0
v 3.84968 0.72736 1.59459
v 3.44373 0.59037 2.30103
v -4.0868 0.72736 -0.81292
v -4.06216 0.59037 -0.80801
v 3.46462 0.72736 2.31499
v 2.92865 0.59037 2.92866
v -3.84968 0.72736 -1.59459
v -3.82647 0.59037 -1.58498
v 2.31499 0.72736 3.46462
v 2.30103 0.59037 3.44373
v 2.94642 0.72736 2.94642
v -3.46462 0.72736 -2.31499
v -3.44373 0.59037 -2.30103
v -2.94642 0.72736 -2.94642
v -2.92865 0.59037 -2.92865
v 1.59459 0.72736 3.84968
v 2.30103 0.59037 3.44373
v 2.31499 0.72736 3.46462
v 1.58498 0.59037 3.82647
v -2.31499 0.72736 -3.46462
v -2.30103 0.59037 -3.44373
v 3.09695 0.81563 2.06932
v 3.84968 0.72736 1.59459
v 3.44115 0.81563 1.42537
v 2.63374 0.81563 2.63374
v 2.94642 0.72736 2.94642
v 3.46462 0.72736 2.31499
v 3.65311 0.81563 0.72665
v -0.6854 0.67679 -3.44573
v -0.80801 0.59037 -4.06216
v 0 0.67679 -3.51324
v -1.34446 0.67679 -3.24581
v 0.80801 0.59037 -4.06216
v 0.6854 0.67679 -3.44574
v 0 0.59037 -4.14174
v 3.82647 0.59037 -1.58498
v 3.44574 0.67679 -0.6854
v 3.24581 0.67679 -1.34446
v 2.92115 0.67679 -1.95185
v 3.44373 0.59037 -2.30103
v 2.48424 0.67679 -2.48424
v 2.92865 0.59037 -2.92865
v 2.06932 0.81563 3.09695
v 2.31499 0.72736 3.46462
v 4.06216 0.59037 -0.80801
v 1.42537 0.81563 3.44115
v 1.59459 0.72736 3.84968
v 4.14174 0.59037 0
v 3.51324 0.67679 0
v 4.06216 0.59037 0.80801
v 3.44574 0.67679 0.6854
v 0.72665 0.81563 3.65311
v 0.81292 0.72736 4.0868
v 3.82647 0.59037 1.58498
v 3.24581 0.67679 1.34446
v 0 0.81563 3.72467
v 0 0.72736 4.16687
v 3.44373 0.59037 2.30103
v 2.92115 0.67679 1.95185
v 2.92865 0.59037 2.92866
v 2.48424 0.67679 2.48424
v -0.81292 0.72736 4.0868
v -0.72665 0.81563 3.65311
v -1.59459 0.72736 3.84968
v 1.95185 0.67679 2.92116
v -2.06932 0.81563 3.09695
v -2.31499 0.72736 3.46462
v -1.42537 0.81563 3.44115
v 1.58498 0.59037 3.82647
v 1.34446 0.67679 3.24581
v 2.30103 0.59037 3.44373
v -2.94642 0.72736 2.94642
v 0.80801 0.59037 4.06216
v 0.6854 0.67679 3.44574
v -2.63374 0.81563 2.63374
v -3.46462 0.72736 2.31499
v 0 0.59037 4.14174
v 0 0.67679 3.51324
v -3.09695 0.81563 2.06932
v -3.84968 0.72736 1.59459
v -3.44115 0.81563 1.42537
v -0.80801 0.59037 4.06216
v -0.6854 0.67679 3.44574
v -3.6531 0.81563 0.72665
v -4.0868 0.72736 0.81292
v -1.58498 0.59037 3.82647
v -1.34446 0.67679 3.24581
v -3.72467 0.81563 0
v -4.16686 0.72736 0
v -2.30103 0.59037 3.44373
v -1.95185 0.67679 2.92116
v -3.6531 0.81563 -0.72665
v -4.0868 0.72736 -0.81292
v -2.48424 0.67679 2.48424
v -2.92865 0.59037 2.92865
v -3.44373 0.59037 2.30103
v -2.92115 0.67679 1.95185
v -3.84968 0.72736 -1.59459
v -3.44115 0.81563 -1.42537
v -3.09695 0.81563 -2.06932
v -3.46462 0.72736 -2.31499
v -3.24581 0.67679 1.34446
v 0.72665 0.81563 -3.65311
v 1.42537 0.81563 -3.44115
v 1.59459 0.72736 -3.84968
v 0.81291 0.72736 -4.0868
v 0 0.72736 -4.16687
v 0 0.81563 -3.72467
v -0.81291 0.72736 -4.0868
v -0.72665 0.81563 -3.6531
v -4.06216 0.59037 0.80801
v -3.44573 0.67679 0.6854
v -3.82647 0.59037 1.58498
v -2.94642 0.72736 -2.94642
v -2.63374 0.81563 -2.63374
v -2.31499 0.72736 -3.46462
v 2.06932 0.81563 -3.09695
v 2.31499 0.72736 -3.46462
v -4.14174 0.59037 0
v -3.51324 0.67679 0
v -1.42537 0.81563 -3.44115
v -1.59459 0.72736 -3.84968
v -2.06932 0.81563 -3.09695
v 2.63374 0.81563 -2.63374
v 2.94642 0.72736 -2.94642
v -4.06216 0.59037 -0.80801
v -3.44573 0.67679 -0.6854
v -3.82647 0.59037 -1.58498
v -3.24581 0.67679 -1.34446
v 3.46462 0.72736 -2.31499
v 3.09695 0.81563 -2.06932
v 3.44115 0.81563 -1.42537
v 3.84968 0.72736 -1.59459
v -3.44373 0.59037 -2.30103
v -2.92115 0.67679 -1.95185
v 3.6531 0.81563 -0.72665
v 4.0868 0.72736 -0.81291
v -2.92865 0.59037 -2.92865
v -2.48424 0.67679 -2.48424
v 1.58498 0.59037 -3.82647
v 1.34446 0.67679 -3.24581
v 3.72467 0.81563 0
v 4.16686 0.72736 0
v -2.30103 0.59037 -3.44373
v -1.95185 0.67679 -2.92115
v 1.95185 0.67679 -2.92115
v 4.0868 0.72736 0.81292
v 2.30103 0.59037 -3.44373
v -1.58498 0.59037 -3.82647
v 0 1.182 4
v -0.78036 0.86622 3.92314
v 0 0.86622 4
v -0.78036 1.182 3.92314
v -1.53073 1.182 3.69551
v -1.53073 0.86622 3.69551
v 1.53073 1.182 3.69552
v 0.78036 0.86622 3.92314
v 1.53073 0.86622 3.69552
v 0.78036 1.182 3.92314
v 2.22228 1.182 3.32588
v 2.22228 0.86621 3.32588
v 2.22228 1.182 3.32588
v 2.82843 0.86621 2.82843
v 2.82843 1.182 2.82843
v 2.22228 0.86621 3.32588
v 3.32588 0.86621 2.22228
v 3.32588 1.182 2.22228
v 3.69552 1.182 1.53073
v 3.69552 0.86621 1.53073
v 3.92314 1.182 0.78036
v 3.92314 0.86621 0.78036
v 3.99385 0.86621 0
v 3.99385 1.182 0
v 3.92314 0.86621 -0.78036
v 3.92314 1.182 -0.78036
v -3.30649 1.40459 2.20933
v -3.69025 1.24115 1.52855
v -3.32114 1.24115 2.21911
v -3.67398 1.40459 1.52181
v -2.81194 1.40459 2.81194
v -3.91755 1.24115 0.77925
v 3.69552 0.86621 -1.53074
v 3.69552 1.182 -1.53074
v 3.69552 1.182 -1.53074
v 3.32588 0.86621 -2.22228
v 3.32588 1.182 -2.22228
v 3.69552 0.86621 -1.53074
v 2.82843 0.86621 -2.82843
v 2.82843 1.182 -2.82843
v 2.22228 1.182 -3.32588
v 2.22228 0.86621 -3.32588
v 1.53073 0.86621 -3.69552
v 1.53073 1.182 -3.69552
v 0.78036 0.86621 -3.92314
v 0.78036 1.182 -3.92314
v 0 0.86621 -4
v 0 1.182 -4
v -0.78036 0.86621 -3.92314
v -0.78036 1.182 -3.92314
v -1.53073 0.86621 -3.69552
v -1.53073 1.182 -3.69552
v -2.22228 0.86621 -3.32588
v -2.22228 1.182 -3.32588
v -2.82843 0.86621 -2.82843
v -3.32588 0.86621 -2.22228
v -3.32588 1.182 -2.22228
v -2.22228 1.182 -3.32588
v -2.22228 0.86621 -3.32588
v -2.82843 1.182 -2.82843
v -3.69552 0.86621 -1.53073
v -3.69552 1.182 -1.53073
v -3.92314 0.86621 -0.78036
v -3.92314 1.182 -0.78036
v -3.99388 0.86621 -0.00001
v -3.99388 1.182 -0.00001
v -3.92314 0.86621 0.78036
v -3.92314 1.182 0.78036
v -3.69552 0.86621 1.53073
v -3.69552 1.182 1.53073
v -3.32588 0.86621 2.22228
v -3.32588 1.182 2.22228
v -2.82843 0.86621 2.82843
v -2.82843 1.182 2.82843
v -2.82843 1.182 2.82843
v -2.22228 0.86621 3.32588
v -2.22228 1.182 3.32588
v -2.82843 0.86621 2.82843
v 0 1.24115 3.9943
v 0.77581 1.40459 3.90028
v 0 1.40459 3.97669
v 0.77925 1.24115 3.91755
v -0.77581 1.40459 3.90028
v 1.52181 1.40459 3.67398
v 3.99385 0.86621 0
v 3.64734 0.58636 0.7255
v 3.714 0.58636 0
v 3.64734 0.58636 -0.7255
v 3.92314 0.86621 -0.78036
v 3.43572 0.58636 -1.42312
v 3.69552 0.86621 -1.53074
v 2.21911 1.24115 -3.32114
v 2.81194 1.40459 -2.81195
v 2.82439 1.24115 -2.8244
v 2.20933 1.40459 -3.3065
v 3.32114 1.24115 -2.21912
v 1.52855 1.24115 -3.69025
v 1.52181 1.40459 -3.67398
v 2.21911 1.24115 3.32114
v 2.81195 1.40459 2.81194
v 2.20933 1.40459 3.3065
v 2.8244 1.24115 2.82439
v 3.32114 1.24115 2.21911
v 3.3065 1.40459 2.20933
v -3.98818 1.24115 -0.00001
v -3.90028 1.40459 -0.77581
v -3.91755 1.24115 -0.77925
v -3.90028 1.40459 0.77581
v -3.97057 1.40459 -0.00001
v 3.69025 1.24115 1.52855
v 3.91755 1.24115 0.77925
v 3.67398 1.40459 1.52181
v 3.98815 1.24115 0
v 3.90028 1.40459 0.77581
v 3.97054 1.40459 0
v -2.82439 1.24115 2.82439
v -2.21911 1.24115 3.32113
v -2.81194 1.40459 2.81194
v -1.52855 1.24115 3.69025
v -2.20933 1.40459 3.30649
v 0.77925 1.24115 -3.91755
v 0.77581 1.40459 -3.90028
v 0 1.24115 -3.9943
v 0 1.40459 -3.97669
v -0.77925 1.24115 -3.91755
v -1.52181 1.40459 -3.67398
v -0.77581 1.40459 -3.90028
v -1.52855 1.24115 -3.69025
v -2.20933 1.40459 -3.3065
v 3.69025 1.24115 -1.52855
v 3.3065 1.40459 -2.20933
v 3.67398 1.40459 -1.52182
v -2.21911 1.24115 -3.32114
v -2.81194 1.40459 -2.81195
v -2.20933 1.40459 -3.3065
v -2.8244 1.24115 -2.8244
v -2.82439 1.24115 2.82439
v -2.21911 1.24115 -3.32114
v -0.77925 1.24115 3.91755
v -1.52181 1.40459 3.67398
v -3.67398 1.40459 -1.52181
v -3.3065 1.40459 -2.20933
v -3.69025 1.24115 -1.52855
v -3.32114 1.24115 -2.21911
v 1.52855 1.24115 3.69025
v 2.20933 1.40459 3.3065
v 2.21911 1.24115 3.32114
v 0.78036 0.86622 3.92314
v 1.42312 0.58636 3.43572
v 1.53073 0.86622 3.69552
v 0 0.58636 3.71879
v 0.7255 0.58636 3.64733
v 0 0.86622 4
v -0.78036 0.86622 3.92314
v -0.7255 0.58636 3.64733
v 2.06605 0.58636 3.09206
v 2.22228 0.86621 3.32588
v 2.62958 0.58636 2.62958
v 2.82843 0.86621 2.82843
v 3.09206 0.58636 2.06605
v 3.32588 0.86621 2.22228
v 3.69552 0.86621 1.53073
v 3.43572 0.58636 1.42312
v 3.92314 0.86621 0.78036
v 3.32588 0.86621 -2.22228
v 3.09206 0.58636 -2.06605
v 2.82843 0.86621 -2.82843
v 2.06605 0.58636 -3.09206
v 2.22228 0.86621 -3.32588
v 2.62958 0.58636 -2.62959
v 1.42312 0.58636 -3.43572
v 1.53073 0.86621 -3.69552
v 0.7255 0.58636 -3.64734
v 0.78036 0.86621 -3.92314
v 0 0.58636 -3.71879
v 0 0.86621 -4
v -0.7255 0.58636 -3.64734
v -0.78036 0.86621 -3.92314
v -1.53073 0.86621 -3.69552
v -1.42312 0.58636 -3.43572
v -2.22228 0.86621 -3.32588
v -2.06605 0.58636 -3.09206
v -2.82843 0.86621 -2.82843
v -2.62958 0.58636 -2.62958
v -3.32588 0.86621 -2.22228
v -3.43572 0.58636 -1.42312
v -3.69552 0.86621 -1.53073
v -3.09206 0.58636 -2.06605
v -3.92314 0.86621 -0.78036
v -3.64733 0.58636 -0.7255
v -3.71402 0.58636 -0.00001
v -3.99388 0.86621 -0.00001
v -3.43571 0.58636 1.42312
v -3.32588 0.86621 2.22228
v -3.69552 0.86621 1.53073
v -3.92314 0.86621 0.78036
v -3.64733 0.58636 0.7255
v -3.09206 0.58636 2.06605
v -2.82843 0.86621 2.82843
v -2.62958 0.58636 2.62958
v -2.22228 0.86621 3.32588
v -2.06605 0.58636 3.09206
v -1.42312 0.58636 3.43571
v -1.53073 0.86622 3.69551
v 3.90028 1.40459 -0.77582
v 3.91755 1.24115 -0.77925
v 3.67398 1.40459 -1.52182
v -3.71402 0.58636 -0.00001
v 0 0.58636 3.71879
v -0.7255 0.58636 3.64733
v -1.42312 0.58636 3.43571
v -2.06605 0.58636 3.09206
v -2.62958 0.58636 2.62958
v -3.09206 0.58636 2.06605
v -3.43571 0.58636 1.42312
v -3.64733 0.58636 0.7255
v -2.06605 0.58636 -3.09206
v -1.42312 0.58636 -3.43572
v 0 0.58636 -3.71879
v 3.714 0.58636 0
v -2.62958 0.58636 -2.62958
v -0.7255 0.58636 -3.64734
v 2.06605 0.58636 -3.09206
v 2.62958 0.58636 -2.62959
v 3.09206 0.58636 -2.06605
v 3.43572 0.58636 -1.42312
v 3.64734 0.58636 -0.7255
v 2.62958 0.58636 2.62958
v 2.06605 0.58636 3.09206
v 1.42312 0.58636 3.43572
v 0.7255 0.58636 3.64733
v 1.42312 0.58636 -3.43572
v 0.7255 0.58636 -3.64734
v -3.43572 0.58636 -1.42312
v -3.64733 0.58636 -0.7255
v -3.09206 0.58636 -2.06605
v 3.09206 0.58636 2.06605
v 3.43572 0.58636 1.42312
v 3.64734 0.58636 0.7255
v 3.69025 1.24115 -1.52855
v 0.77925 1.24115 3.91755
v 0 1.182 4
v 0.78036 1.182 3.92314
v 0 1.24115 3.9943
v -0.77925 1.24115 3.91755
v -0.78036 1.182 3.92314
v 1.52855 1.24115 3.69025
v 1.53073 1.182 3.69552
v 2.21911 1.24115 3.32114
v 2.22228 1.182 3.32588
v 2.8244 1.24115 2.82439
v 3.32588 1.182 2.22228
v 3.32114 1.24115 2.21911
v 2.22228 1.182 3.32588
v 2.82843 1.182 2.82843
v 2.21911 1.24115 3.32114
v 3.69552 1.182 1.53073
v 3.69025 1.24115 1.52855
v 3.92314 1.182 0.78036
v 3.91755 1.24115 0.77925
v 3.99385 1.182 0
v 3.98815 1.24115 0
v 3.92314 1.182 -0.78036
v 3.69025 1.24115 -1.52855
v 3.91755 1.24115 -0.77925
v 3.69552 1.182 -1.53074
v 3.69552 1.182 -1.53074
v 3.32114 1.24115 -2.21912
v 3.69025 1.24115 -1.52855
v 3.32588 1.182 -2.22228
v 2.82843 1.182 -2.82843
v 2.82439 1.24115 -2.8244
v 2.22228 1.182 -3.32588
v 2.21911 1.24115 -3.32114
v 1.53073 1.182 -3.69552
v 1.52855 1.24115 -3.69025
v 0.78036 1.182 -3.92314
v 0.77925 1.24115 -3.91755
v 0 1.182 -4
v 0 1.24115 -3.9943
v -0.77925 1.24115 -3.91755
v -0.78036 1.182 -3.92314
v -1.52855 1.24115 -3.69025
v -1.53073 1.182 -3.69552
v -2.21911 1.24115 -3.32114
v -2.22228 1.182 -3.32588
v -2.22228 1.182 -3.32588
v -2.8244 1.24115 -2.8244
v -2.21911 1.24115 -3.32114
v -2.82843 1.182 -2.82843
v -3.32588 1.182 -2.22228
v -3.32114 1.24115 -2.21911
v -3.69552 1.182 -1.53073
v -3.69025 1.24115 -1.52855
v -3.92314 1.182 -0.78036
v -3.91755 1.24115 -0.77925
v -3.99388 1.182 -0.00001
v -3.98818 1.24115 -0.00001
v -3.92314 1.182 0.78036
v -3.69552 1.182 1.53073
v -3.69025 1.24115 1.52855
v -3.32114 1.24115 2.21911
v -3.91755 1.24115 0.77925
v -3.32588 1.182 2.22228
v -2.82843 1.182 2.82843
v -2.82439 1.24115 2.82439
v -2.82439 1.24115 2.82439
v -2.22228 1.182 3.32588
v -2.21911 1.24115 3.32113
v -2.82843 1.182 2.82843
v -1.53073 1.182 3.69551
v -1.52855 1.24115 3.69025
v 0.734 0.02952 -2.82214
v 0.79843 0.70232 -2.89248
v 0.80139 0.02952 -2.88952
v 0.73105 0.70232 -2.82509
v 0.73105 0.70232 -2.82509
v 0.89249 0.70232 -2.79842
v 0.79843 0.70232 -2.89248
v 0.8251 0.70232 -2.73103
v 0.82215 0.02952 -2.73398
v 0.73105 0.70232 -2.82509
v 0.734 0.02952 -2.82214
v 0.8251 0.70232 -2.73103
v 0.8251 0.70232 -2.73103
v 0.88954 0.02952 -2.80137
v 0.89249 0.70232 -2.79842
v 0.82215 0.02952 -2.73398
v 0.80139 0.02952 -2.88952
v 0.88954 0.02952 -2.80137
v 0.734 0.02952 -2.82214
v 0.82215 0.02952 -2.73398
v 0.68744 0.051 -2.52548
v 0.82655 0 -2.66459
v 0.82655 0.11273 -2.66459
v 0.68744 0 -2.52548
v 1.09675 0 -2.93478
v 0.9348 0.051 -3.09673
v 1.09675 0.051 -2.93478
v 0.9348 0 -3.09673
v 0.6646 0 -2.82653
v 0.52549 0.051 -2.68743
v 0.6646 0.11273 -2.82653
v 0.79569 0.11273 -2.95763
v 0.79569 0 -2.95763
v 0.52549 0 -2.68743
v 0.95764 0 -2.79568
v 1.09675 0.051 -2.93478
v 0.95764 0.11273 -2.79568
v 1.09675 0 -2.93478
v 0.68744 0.051 -2.52548
v 0.52549 0.051 -2.68743
v 0.68744 0 -2.52548
v 0.52549 0 -2.68743
v 0.6646 0.11273 -2.82653
v 0.68744 0.051 -2.52548
v 0.82655 0.11273 -2.66459
v 0.52549 0.051 -2.68743
v 1.09675 0 -2.93478
v 0.79569 0 -2.95763
v 0.9348 0 -3.09673
v 0.82655 0 -2.66459
v 0.6646 0 -2.82653
v 0.95764 0 -2.79568
v 1.09675 0.051 -2.93478
v 0.9348 0.051 -3.09673
v 0.79569 0.11273 -2.95763
v 0.95764 0.11273 -2.79568
v 0.9348 0.051 -3.09673
v 0.9348 0 -3.09673
v 0.6646 0.11273 -2.82653
v 0.82655 0.11273 -2.66459
v 0.79569 0.11273 -2.95763
v 0.95764 0.11273 -2.79568
v 0.68744 0 -2.52548
v 0.52549 0 -2.68743
v 0.89249 0.70232 -2.79842
v 0.88954 0.02952 -2.80137
v 0.80139 0.02952 -2.88952
v 0.79843 0.70232 -2.89248
v 3.97054 1.40459 0
v 3.67398 1.40459 1.52181
v 3.90028 1.40459 0.77581
v 3.3065 1.40459 2.20933
v 1.52181 1.40459 3.67398
v 2.20933 1.40459 3.3065
v 2.81195 1.40459 2.81194
v 0.77581 1.40459 3.90028
v 0 1.40459 3.97669
v 0 1.40459 -3.97669
v -3.97057 1.40459 -0.00001
v 2.20933 1.40459 -3.3065
v 1.52181 1.40459 -3.67398
v 2.81194 1.40459 -2.81195
v 0.77581 1.40459 -3.90028
v -2.81194 1.40459 2.81194
v -2.20933 1.40459 3.30649
v -3.67398 1.40459 -1.52181
v -3.90028 1.40459 -0.77581
v -3.3065 1.40459 -2.20933
v -2.81194 1.40459 -2.81195
v -2.20933 1.40459 -3.3065
v -1.52181 1.40459 -3.67398
v -1.52181 1.40459 3.67398
v -0.77581 1.40459 3.90028
v -0.77581 1.40459 -3.90028
v 3.67398 1.40459 -1.52182
v 3.90028 1.40459 -0.77582
v 3.3065 1.40459 -2.20933
v -3.30649 1.40459 2.20933
v -3.67398 1.40459 1.52181
v -3.90028 1.40459 0.77581
v 3.60102 1.65485 0.98048
v 3.60102 1.65485 -0.98048
v 3.42133 3.00766 0
v 0.18032 1.65486 3.72769
v 2.04533 1.65485 3.12171
v 1.05728 3.00767 3.25381
v -3.48948 1.65486 1.32333
v -2.33684 1.65486 2.90982
v -2.76779 3.00767 2.01095
v -2.33684 1.65485 -2.90982
v -3.48948 1.65485 -1.32333
v -2.76779 3.00767 -2.01095
v 2.04533 1.65485 -3.12171
v 0.18032 1.65485 -3.72769
v 1.05728 3.00767 -3.25381
v 3.54707 1.76004 1.14651
v 3.36738 3.11284 0.16603
v 2.713 3.35036 1.75249
v 2.32914 1.66803 2.90413
v 3.48179 1.66803 1.31764
v 2.64772 3.25836 1.92362
v 2.18656 1.76004 3.0191
v 2.50514 3.35036 2.03859
v 1.19851 3.11286 3.15119
v 0.00574 1.76004 3.72769
v 0.8827 3.11286 3.25381
v -0.82833 3.35037 3.12169
v -2.0422 1.66803 3.11251
v -0.17719 1.66803 3.71848
v -1.01126 3.25836 3.11249
v -2.1956 1.76004 3.01243
v -1.16466 3.35037 3.01241
v -2.62656 3.11285 2.11356
v -3.54343 1.76004 1.1573
v -2.82174 3.11285 1.84492
v -3.22483 3.35036 0.17682
v -3.5912 1.66803 -0.98048
v -3.5912 1.66803 0.98048
v -3.27261 3.25836 0
v -3.54343 1.76004 -1.1573
v -3.22483 3.35036 -0.17682
v -2.82174 3.11285 -1.84492
v -2.1956 1.76004 -3.01243
v -2.62656 3.11285 -2.11356
v -1.16466 3.35037 -3.01241
v -0.17719 1.66803 -3.71848
v -2.0422 1.66803 -3.1125
v -1.01126 3.25836 -3.11249
v 0.00574 1.76004 -3.72769
v -0.82833 3.35037 -3.1217
v 0.8827 3.11285 -3.25381
v 2.18656 1.76004 -3.0191
v 1.19851 3.11285 -3.1512
v 2.50514 3.35036 -2.03859
v 3.48179 1.66803 -1.31764
v 2.32914 1.66803 -2.90413
v 2.64772 3.25836 -1.92362
v 3.54707 1.76004 -1.14651
v 2.713 3.35036 -1.75249
v 3.36738 3.11284 -0.16603
v 2.62572 3.52055 1.68908
v 3.28009 3.28303 0.10261
v 2.11024 4.5034 0.10261
v 0.80234 4.58607 1.79483
v 2.47046 3.60321 1.79484
v 1.95499 4.58606 0.20838
v 0.65677 4.68385 1.68907
v 1.80942 4.68384 0.10261
v 0.1413 5.13561 0.10261
v -0.79499 3.52056 3.01908
v 0.91604 3.28304 3.15119
v 0.55454 4.50341 2.03859
v -1.45901 4.58607 1.31763
v -0.94355 3.60322 2.90411
v 0.40598 4.58607 1.92362
v -1.40341 4.68385 1.14651
v 0.46158 4.68385 1.75249
v -0.05388 5.13561 0.16603
v -3.11694 3.52055 0.17682
v -2.71385 3.28304 1.84492
v -1.7674 4.50341 1.15729
v -1.70397 4.58607 -0.98048
v -3.0535 3.60321 0
v -1.70397 4.58607 0.98048
v -1.52403 4.68385 -0.98048
v -1.52403 4.68385 0.98048
v -0.17451 5.13561 0
v -1.13132 3.52055 -2.9098
v -2.59322 3.28304 -2.01095
v -1.64678 4.50341 -1.32333
v 0.40598 4.58607 -1.92362
v -0.94355 3.60322 -2.90411
v -1.45901 4.58607 -1.31763
v 0.46158 4.68385 -1.75249
v -1.40341 4.68385 -1.14651
v -0.05388 5.13561 -0.16603
v 2.41785 3.52055 -1.97517
v 1.11123 3.28304 -3.08778
v 0.74972 4.50341 -1.97517
v 1.95499 4.58606 -0.20838
v 2.47046 3.60321 -1.79484
v 0.80234 4.58607 -1.79483
v 1.80942 4.68384 -0.10261
v 0.65677 4.68385 -1.68907
v 0.1413 5.13561 -0.10261
v 3.28009 3.28303 -0.10261
v 2.62572 3.52055 -1.68908
v 2.11024 4.5034 -0.10261
v 0.91604 3.28304 -3.15119
v -0.79499 3.52055 -3.01908
v 0.55454 4.50341 -2.03859
v -2.71385 3.28304 -1.84492
v -3.11694 3.52055 -0.17682
v -1.7674 4.50341 -1.15729
v -2.59322 3.28304 2.01095
v -1.13132 3.52056 2.9098
v -1.64678 4.50341 1.32332
v 1.11123 3.28304 3.08778
v 2.41785 3.52055 1.97517
v 0.74972 4.50341 1.97517
v -3.48948 1.65486 1.32333
v -2.76779 3.00767 2.01095
v -2.84522 3.0178 2.0672
v -3.56691 1.66499 1.37958
v 1.07835 3.22484 3.31868
v 2.68493 3.51687 1.95066
v 2.4573 3.57391 2.0358
v 1.15068 3.3364 3.1484
v 0.63386 4.72536 1.95065
v 0.78917 4.55677 2.03579
v 3.36738 3.11284 -0.16603
v 2.79883 3.377 -1.78289
v 3.45321 3.13948 -0.19643
v 2.713 3.35036 -1.75249
v -2.82297 3.22484 2.05104
v -1.17678 3.57391 2.96605
v -2.63868 3.3364 2.0672
v -1.02547 3.51688 3.15623
v -1.65926 4.72536 1.20556
v -1.69224 4.55677 1.37958
v 0.91604 3.28304 -3.15119
v -0.79127 3.57391 -3.09131
v -0.79499 3.52055 -3.01908
v 0.91976 3.3364 -3.22343
v -2.78139 3.3364 -1.87077
v -3.3186 3.51687 0
v -3.18449 3.57391 -0.20267
v -1.65926 4.72536 -1.20556
v -2.82297 3.22484 -2.05104
v -1.83495 4.55677 -1.18315
v -2.76779 3.00767 2.01095
v -2.33684 1.65486 2.90982
v -2.41426 1.66499 2.96607
v -2.84522 3.0178 2.0672
v 1.07835 3.22484 -3.31868
v -1.02547 3.51688 -3.15623
v -0.79127 3.57391 -3.09131
v 0.91976 3.3364 -3.22343
v 0.63386 4.72536 -1.95065
v 0.55826 4.55677 -2.11082
v 3.54707 1.76004 -1.14651
v 2.79883 3.377 -1.78289
v 2.713 3.35036 -1.75249
v 3.6329 1.78668 -1.17691
v 3.48953 3.22483 0
v 2.68493 3.51687 -1.95066
v 2.69556 3.57391 -1.70786
v 3.34994 3.33639 -0.1214
v 2.05112 4.72535 0
v 2.18009 4.55676 -0.1214
v -1.52403 4.68385 -0.98048
v -0.20647 5.21169 0
v -1.55599 4.75993 -0.98048
v -0.17451 5.13561 0
v 0.63386 4.72536 -1.95065
v 1.83527 4.75992 -0.1214
v 2.05112 4.72535 0
v 0.00007 5.28083 0
v 0.68262 4.75993 -1.70786
v 0.16716 5.21169 -0.1214
v -3.48948 1.65486 1.32333
v -2.41426 1.66499 2.96607
v -2.33684 1.65486 2.90982
v -3.56691 1.66499 1.37958
v 2.05112 4.72535 0
v 2.68493 3.51687 -1.95066
v 2.00236 4.65015 -0.2428
v 0.84971 4.65015 -1.82926
v 2.51784 3.66729 -1.82926
v 0.63386 4.72536 -1.95065
v -3.22483 3.35036 0.17682
v -3.63073 1.78668 1.18315
v -3.54343 1.76004 1.1573
v -3.31214 3.377 0.20267
v 2.4573 3.57391 -2.0358
v 1.07835 3.22484 -3.31868
v 1.15068 3.3364 -3.1484
v 0.63386 4.72536 -1.95065
v 0.78917 4.55677 -2.03579
v 2.68493 3.51687 -1.95066
v -1.52403 4.68385 0.98048
v -0.20647 5.21169 0
v -0.17451 5.13561 0
v -1.55599 4.75993 0.98048
v 0.63386 4.72536 -1.95065
v -1.41328 4.75993 -1.1769
v 0.45171 4.75993 -1.78289
v 0.00007 5.28083 0
v -0.06376 5.21169 -0.19643
v -1.65926 4.72536 -1.20556
v -2.82174 3.11285 1.84492
v -3.31214 3.377 0.20267
v -3.22483 3.35036 0.17682
v -2.90904 3.1395 1.87077
v 0.38788 4.65015 -1.97931
v -1.65926 4.72536 -1.20556
v 0.63386 4.72536 -1.95065
v -1.02547 3.51688 -3.15623
v -0.96165 3.6673 -2.95981
v -1.47711 4.65015 -1.37333
v -1.52403 4.68385 0.98048
v -1.55599 4.75993 -0.98048
v -1.55599 4.75993 0.98048
v -1.52403 4.68385 -0.98048
v -1.17678 3.57391 -2.96605
v -2.82297 3.22484 -2.05104
v -2.63868 3.3364 -2.0672
v -1.65926 4.72536 -1.20556
v -1.02547 3.51688 -3.15623
v -1.69224 4.55677 -1.37958
v -1.7674 4.50341 -1.15729
v -2.78139 3.3364 -1.87077
v -2.71385 3.28304 -1.84492
v -1.83495 4.55677 -1.18315
v -1.55599 4.75993 -0.98048
v -1.65926 4.72536 1.20556
v -1.55599 4.75993 0.98048
v 0.00007 5.28083 0
v -1.65926 4.72536 -1.20556
v -0.20647 5.21169 0
v -2.90904 3.1395 1.87077
v -3.54343 1.76004 1.1573
v -3.63073 1.78668 1.18315
v -2.82174 3.11285 1.84492
v -1.76253 4.65015 -0.98048
v -3.3186 3.51687 0
v -3.11206 3.66729 0
v -1.76253 4.65015 0.98048
v -1.65926 4.72536 -1.20556
v -1.65926 4.72536 1.20556
v 2.11024 4.5034 0.10261
v 2.69556 3.57391 1.70786
v 2.62572 3.52055 1.68908
v 2.18009 4.55676 0.1214
v -3.3186 3.51687 0
v -2.82297 3.22484 2.05104
v -2.78139 3.3364 1.87077
v -3.18449 3.57391 0.20267
v -1.65926 4.72536 1.20556
v -1.83495 4.55677 1.18315
v -1.83495 4.55677 -1.18315
v -3.11694 3.52055 -0.17682
v -3.18449 3.57391 -0.20267
v -1.7674 4.50341 -1.15729
v -1.41328 4.75993 1.1769
v 0.63386 4.72536 1.95065
v 0.45171 4.75993 1.78288
v 0.00007 5.28083 0
v -1.65926 4.72536 1.20556
v -0.06376 5.21169 0.19642
v -2.76779 3.00767 -2.01095
v -2.41426 1.66498 -2.96607
v -2.33684 1.65485 -2.90982
v -2.84522 3.0178 -2.0672
v -1.47711 4.65015 1.37333
v -1.02547 3.51688 3.15623
v -0.96165 3.6673 2.9598
v 0.63386 4.72536 1.95065
v -1.65926 4.72536 1.20556
v 0.38788 4.65015 1.97931
v 3.28009 3.28303 0.10261
v 2.18009 4.55676 0.1214
v 2.11024 4.5034 0.10261
v 3.34994 3.33639 0.1214
v -0.79127 3.57391 3.09131
v 1.07835 3.22484 3.31868
v 0.91976 3.3364 3.22343
v 0.63386 4.72536 1.95065
v -1.02547 3.51688 3.15623
v 0.55826 4.55677 2.11082
v -3.18449 3.57391 -0.20267
v -2.71385 3.28304 -1.84492
v -2.78139 3.3364 -1.87077
v -3.11694 3.52055 -0.17682
v 1.83527 4.75992 0.1214
v 0.63386 4.72536 1.95065
v 2.05112 4.72535 0
v 0.00007 5.28083 0
v 0.16716 5.21169 0.1214
v 0.68262 4.75993 1.70786
v -2.84522 3.0178 -2.0672
v -3.48948 1.65485 -1.32333
v -3.56691 1.66498 -1.37958
v -2.76779 3.00767 -2.01095
v 0.84971 4.65015 1.82926
v 2.05112 4.72535 0
v 0.63386 4.72536 1.95065
v 2.68493 3.51687 1.95066
v 2.51784 3.66729 1.82926
v 2.00236 4.65015 0.2428
v 3.28009 3.28303 0.10261
v 2.62572 3.52055 1.68908
v 2.69556 3.57391 1.70786
v 3.34994 3.33639 0.1214
v 2.68493 3.51687 1.95066
v 3.48953 3.22483 0
v 2.69556 3.57391 1.70786
v 2.18009 4.55676 0.1214
v 3.34994 3.33639 0.1214
v 2.05112 4.72535 0
v -1.13132 3.52055 -2.9098
v -1.69224 4.55677 -1.37958
v -1.17678 3.57391 -2.96605
v -1.64678 4.50341 -1.32333
v 3.6329 1.78668 -1.17691
v 2.68493 3.51687 -1.95066
v 2.79883 3.377 -1.78289
v 3.48953 3.22483 0
v 3.71047 1.56147 -1.20556
v 3.45321 3.13948 -0.19643
v -3.48948 1.65485 -1.32333
v -2.33684 1.65485 -2.90982
v -2.41426 1.66498 -2.96607
v -3.56691 1.66498 -1.37958
v 3.71047 1.56147 -1.20556
v 2.4058 1.68316 -2.95982
v 3.55845 1.68316 -1.37334
v 2.29322 1.56147 -3.15625
v 2.72438 3.27348 -1.97932
v 2.68493 3.51687 -1.95066
v -3.5912 1.66803 -0.98048
v -3.27261 3.25836 0
v -3.36736 3.27348 0
v -3.68596 1.68316 -0.98048
v 2.24199 1.78668 -3.09133
v 1.07835 3.22484 -3.31868
v 1.25395 3.1395 -3.22343
v 2.68493 3.51687 -1.95066
v 2.29322 1.56147 -3.15625
v 2.56057 3.377 -2.11083
v -1.64678 4.50341 -1.32333
v -2.63868 3.3364 -2.0672
v -1.69224 4.55677 -1.37958
v -2.59322 3.28304 -2.01095
v -0.83072 3.37701 -3.21272
v 0.00007 1.56147 -3.90135
v -1.02547 3.51688 -3.15623
v 1.07835 3.22484 -3.31868
v 0.88032 3.1395 -3.34483
v 0.00335 1.78668 -3.81871
v -3.5912 1.66803 0.98048
v -3.36736 3.27348 0
v -3.27261 3.25836 0
v -3.68596 1.68316 0.98048
v -2.07148 1.68316 -3.20262
v -1.02547 3.51688 -3.15623
v -1.04054 3.27349 -3.20261
v 0.00007 1.56147 -3.90135
v -2.29309 1.56147 -3.15625
v -0.20647 1.68316 -3.8086
v -2.59322 3.28304 -2.01095
v -1.13132 3.52055 -2.9098
v -1.17678 3.57391 -2.96605
v -2.63868 3.3364 -2.0672
v -2.29309 1.56147 -3.15625
v -2.82297 3.22484 -2.05104
v -2.24717 1.78668 -3.08747
v -1.21623 3.37701 -3.08745
v -2.67813 3.1395 -2.1886
v -1.02547 3.51688 -3.15623
v -1.64678 4.50341 1.32332
v -2.63868 3.3364 2.0672
v -2.59322 3.28304 2.01095
v -1.69224 4.55677 1.37958
v -3.71034 1.56147 -1.20556
v -3.31214 3.377 -0.20267
v -3.63073 1.78668 -1.18315
v -3.3186 3.51687 0
v -2.82297 3.22484 -2.05104
v -2.90904 3.1395 -1.87077
v -3.5912 1.66803 0.98048
v -3.68596 1.68316 -0.98048
v -3.68596 1.68316 0.98048
v -3.5912 1.66803 -0.98048
v -3.68596 1.68316 0.98048
v -3.71034 1.56147 -1.20556
v -3.71034 1.56147 1.20556
v -3.3186 3.51687 0
v -3.36736 3.27348 0
v -3.68596 1.68316 -0.98048
v 1.95499 4.58606 0.20838
v 0.84971 4.65015 1.82926
v 0.80234 4.58607 1.79483
v 2.00236 4.65015 0.2428
v -3.63073 1.78668 1.18315
v -2.82297 3.22484 2.05104
v -2.90904 3.1395 1.87077
v -3.31214 3.377 0.20267
v -3.71034 1.56147 1.20556
v -3.3186 3.51687 0
v -1.13132 3.52056 2.9098
v -1.69224 4.55677 1.37958
v -1.64678 4.50341 1.32332
v -1.17678 3.57391 2.96605
v -1.21623 3.37701 3.08745
v -2.29309 1.56147 3.15625
v -1.02547 3.51688 3.15623
v -2.82297 3.22484 2.05104
v -2.67813 3.1395 2.1886
v -2.24717 1.78668 3.08747
v 1.05728 3.00767 -3.25381
v 2.0749 1.66498 -3.21273
v 2.04533 1.65485 -3.12171
v 1.08685 3.0178 -3.34483
v -2.07148 1.68316 3.20262
v 0.00007 1.56147 3.90135
v -0.20647 1.68316 3.8086
v -1.02547 3.51688 3.15623
v -2.29309 1.56147 3.15625
v -1.04054 3.27349 3.20261
v 1.95499 4.58606 0.20838
v 2.47046 3.60321 1.79484
v 2.51784 3.66729 1.82926
v 2.00236 4.65015 0.2428
v 0.00335 1.78668 3.81871
v 1.07835 3.22484 3.31868
v 0.88032 3.1395 3.34483
v -0.83072 3.37701 3.21271
v 0.00007 1.56147 3.90135
v -1.02547 3.51688 3.15623
v -2.59322 3.28304 2.01095
v -1.17678 3.57391 2.96605
v -1.13132 3.52056 2.9098
v -2.63868 3.3364 2.0672
v 2.24199 1.78668 3.09133
v 2.68493 3.51687 1.95066
v 2.56057 3.377 2.11083
v 1.25395 3.1395 3.22343
v 2.29322 1.56147 3.15625
v 1.07835 3.22484 3.31868
v 0.18032 1.65485 -3.72769
v 1.08685 3.0178 -3.34483
v 1.05728 3.00767 -3.25381
v 0.20989 1.66498 -3.81871
v 2.29322 1.56147 3.15625
v 3.71047 1.56147 1.20556
v 2.4058 1.68316 2.95982
v 2.72438 3.27348 1.97932
v 3.55845 1.68316 1.37334
v 2.68493 3.51687 1.95066
v 2.47046 3.60321 1.79484
v 0.80234 4.58607 1.79483
v 0.84971 4.65015 1.82926
v 2.51784 3.66729 1.82926
v 3.6329 1.78668 1.17691
v 3.48953 3.22483 0
v 3.45321 3.13948 0.19643
v 2.68493 3.51687 1.95066
v 3.71047 1.56147 1.20556
v 2.79883 3.377 1.78289
v -1.45901 4.58607 -1.31763
v 0.38788 4.65015 -1.97931
v 0.40598 4.58607 -1.92362
v -1.47711 4.65015 -1.37333
v 2.0749 1.66498 -3.21273
v 0.00007 1.56147 -3.90135
v 0.20989 1.66498 -3.81871
v 1.07835 3.22484 -3.31868
v 2.29322 1.56147 -3.15625
v 1.08685 3.0178 -3.34483
v 2.04533 1.65485 -3.12171
v 0.20989 1.66498 -3.81871
v 0.18032 1.65485 -3.72769
v 2.0749 1.66498 -3.21273
v -2.41426 1.66498 -2.96607
v -2.82297 3.22484 -2.05104
v -2.29309 1.56147 -3.15625
v -3.71034 1.56147 -1.20556
v -3.56691 1.66498 -1.37958
v -2.84522 3.0178 -2.0672
v -3.54343 1.76004 -1.1573
v -2.82174 3.11285 -1.84492
v -2.90904 3.1395 -1.87077
v -3.63073 1.78668 -1.18315
v -2.41426 1.66499 2.96607
v -3.71034 1.56147 1.20556
v -2.29309 1.56147 3.15625
v -2.82297 3.22484 2.05104
v -2.84522 3.0178 2.0672
v -3.56691 1.66499 1.37958
v -1.47711 4.65015 -1.37333
v -0.94355 3.60322 -2.90411
v -0.96165 3.6673 -2.95981
v -1.45901 4.58607 -1.31763
v 2.0749 1.66499 3.21273
v 0.00007 1.56147 3.90135
v 2.29322 1.56147 3.15625
v 1.07835 3.22484 3.31868
v 1.08685 3.0178 3.34483
v 0.20989 1.66499 3.81871
v -2.82174 3.11285 -1.84492
v -3.22483 3.35036 -0.17682
v -3.31214 3.377 -0.20267
v -2.90904 3.1395 -1.87077
v 3.71047 1.56147 1.20556
v 3.71047 1.56147 -1.20556
v 3.69672 1.66498 0.98048
v 3.48953 3.22483 0
v 3.69672 1.66498 -0.98048
v 3.51703 3.01779 0
v -0.79499 3.52055 -3.01908
v 0.55826 4.55677 -2.11082
v 0.55454 4.50341 -2.03859
v -0.79127 3.57391 -3.09131
v 3.6329 1.78668 -1.17691
v 3.36738 3.11284 -0.16603
v 3.45321 3.13948 -0.19643
v 3.54707 1.76004 -1.14651
v -2.24717 1.78668 3.08747
v -1.21623 3.37701 3.08745
v -1.16466 3.35037 3.01241
v -2.1956 1.76004 3.01243
v 0.91604 3.28304 -3.15119
v 0.55826 4.55677 -2.11082
v 0.91976 3.3364 -3.22343
v 0.55454 4.50341 -2.03859
v -1.76253 4.65015 -0.98048
v -3.0535 3.60321 0
v -1.70397 4.58607 -0.98048
v -3.11206 3.66729 0
v -1.21623 3.37701 3.08745
v -2.62656 3.11285 2.11356
v -1.16466 3.35037 3.01241
v -2.67813 3.1395 2.1886
v -1.76253 4.65015 0.98048
v -3.0535 3.60321 0
v -3.11206 3.66729 0
v -1.70397 4.58607 0.98048
v -2.1956 1.76004 3.01243
v -2.62656 3.11285 2.11356
v -2.67813 3.1395 2.1886
v -2.24717 1.78668 3.08747
v 2.04533 1.65485 3.12171
v 0.20989 1.66499 3.81871
v 2.0749 1.66499 3.21273
v 0.18032 1.65486 3.72769
v -1.70397 4.58607 -0.98048
v -1.70397 4.58607 0.98048
v -1.76253 4.65015 0.98048
v -1.76253 4.65015 -0.98048
v 2.32914 1.66803 -2.90413
v 3.55845 1.68316 -1.37334
v 2.4058 1.68316 -2.95982
v 3.48179 1.66803 -1.31764
v 1.05728 3.00767 3.25381
v 2.04533 1.65485 3.12171
v 2.0749 1.66499 3.21273
v 1.08685 3.0178 3.34483
v 3.28009 3.28303 -0.10261
v 2.69556 3.57391 -1.70786
v 2.62572 3.52055 -1.68908
v 3.34994 3.33639 -0.1214
v 2.64772 3.25836 -1.92362
v 2.4058 1.68316 -2.95982
v 2.72438 3.27348 -1.97932
v 2.32914 1.66803 -2.90413
v 0.18032 1.65486 3.72769
v 1.05728 3.00767 3.25381
v 1.08685 3.0178 3.34483
v 0.20989 1.66499 3.81871
v 2.11024 4.5034 -0.10261
v 2.62572 3.52055 -1.68908
v 2.69556 3.57391 -1.70786
v 2.18009 4.55676 -0.1214
v 3.48179 1.66803 -1.31764
v 2.72438 3.27348 -1.97932
v 3.55845 1.68316 -1.37334
v 2.64772 3.25836 -1.92362
v -2.0422 1.66803 3.11251
v -0.20647 1.68316 3.8086
v -0.17719 1.66803 3.71848
v -2.07148 1.68316 3.20262
v 3.28009 3.28303 -0.10261
v 2.11024 4.5034 -0.10261
v 2.18009 4.55676 -0.1214
v 3.34994 3.33639 -0.1214
v -2.71385 3.28304 1.84492
v -3.11694 3.52055 0.17682
v -3.18449 3.57391 0.20267
v -2.78139 3.3364 1.87077
v -1.04054 3.27349 3.20261
v -0.17719 1.66803 3.71848
v -0.20647 1.68316 3.8086
v -1.01126 3.25836 3.11249
v -1.7674 4.50341 1.15729
v -2.78139 3.3364 1.87077
v -1.83495 4.55677 1.18315
v -2.71385 3.28304 1.84492
v -2.07148 1.68316 3.20262
v -1.01126 3.25836 3.11249
v -1.04054 3.27349 3.20261
v -2.0422 1.66803 3.11251
v 3.60102 1.65485 -0.98048
v 3.60102 1.65485 0.98048
v 3.69672 1.66498 0.98048
v 3.69672 1.66498 -0.98048
v -3.11694 3.52055 0.17682
v -1.7674 4.50341 1.15729
v -1.83495 4.55677 1.18315
v -3.18449 3.57391 0.20267
v 2.18656 1.76004 -3.0191
v 1.25395 3.1395 -3.22343
v 1.19851 3.11285 -3.1512
v 2.24199 1.78668 -3.09133
v 3.60102 1.65485 -0.98048
v 3.51703 3.01779 0
v 3.42133 3.00766 0
v 3.69672 1.66498 -0.98048
v 0.65677 4.68385 -1.68907
v 1.80942 4.68384 -0.10261
v 1.83527 4.75992 -0.1214
v 0.68262 4.75993 -1.70786
v 1.19851 3.11285 -3.1512
v 2.56057 3.377 -2.11083
v 2.50514 3.35036 -2.03859
v 1.25395 3.1395 -3.22343
v 3.60102 1.65485 0.98048
v 3.51703 3.01779 0
v 3.69672 1.66498 0.98048
v 3.42133 3.00766 0
v 0.1413 5.13561 -0.10261
v 0.68262 4.75993 -1.70786
v 0.16716 5.21169 -0.1214
v 0.65677 4.68385 -1.68907
v 2.18656 1.76004 -3.0191
v 2.56057 3.377 -2.11083
v 2.24199 1.78668 -3.09133
v 2.50514 3.35036 -2.03859
v 0.88032 3.1395 3.34483
v 0.00574 1.76004 3.72769
v 0.00335 1.78668 3.81871
v 0.8827 3.11286 3.25381
v 1.80942 4.68384 -0.10261
v 0.1413 5.13561 -0.10261
v 0.16716 5.21169 -0.1214
v 1.83527 4.75992 -0.1214
v -1.40341 4.68385 1.14651
v 0.45171 4.75993 1.78288
v 0.46158 4.68385 1.75249
v -1.41328 4.75993 1.1769
v -0.83072 3.37701 3.21271
v 0.8827 3.11286 3.25381
v 0.88032 3.1395 3.34483
v -0.82833 3.35037 3.12169
v 0.46158 4.68385 1.75249
v -0.06376 5.21169 0.19642
v -0.05388 5.13561 0.16603
v 0.45171 4.75993 1.78288
v 0.00574 1.76004 3.72769
v -0.82833 3.35037 3.12169
v -0.83072 3.37701 3.21271
v 0.00335 1.78668 3.81871
v -1.41328 4.75993 1.1769
v -0.05388 5.13561 0.16603
v -0.06376 5.21169 0.19642
v -1.40341 4.68385 1.14651
v 0.00574 1.76004 -3.72769
v -0.83072 3.37701 -3.21272
v -0.82833 3.35037 -3.1217
v 0.00335 1.78668 -3.81871
v 2.51784 3.66729 -1.82926
v 1.95499 4.58606 -0.20838
v 2.00236 4.65015 -0.2428
v 2.47046 3.60321 -1.79484
v 0.8827 3.11285 -3.25381
v -0.82833 3.35037 -3.1217
v -0.83072 3.37701 -3.21272
v 0.88032 3.1395 -3.34483
v 2.47046 3.60321 -1.79484
v 0.84971 4.65015 -1.82926
v 0.80234 4.58607 -1.79483
v 2.51784 3.66729 -1.82926
v 0.88032 3.1395 -3.34483
v 0.00574 1.76004 -3.72769
v 0.8827 3.11285 -3.25381
v 0.00335 1.78668 -3.81871
v 2.18656 1.76004 3.0191
v 2.56057 3.377 2.11083
v 2.50514 3.35036 2.03859
v 2.24199 1.78668 3.09133
v 1.95499 4.58606 -0.20838
v 0.80234 4.58607 -1.79483
v 0.84971 4.65015 -1.82926
v 2.00236 4.65015 -0.2428
v -0.94355 3.60322 2.90411
v -1.45901 4.58607 1.31763
v -1.47711 4.65015 1.37333
v -0.96165 3.6673 2.9598
v 1.19851 3.11286 3.15119
v 2.50514 3.35036 2.03859
v 2.56057 3.377 2.11083
v 1.25395 3.1395 3.22343
v 0.40598 4.58607 1.92362
v -0.94355 3.60322 2.90411
v -0.96165 3.6673 2.9598
v 0.38788 4.65015 1.97931
v 2.18656 1.76004 3.0191
v 1.19851 3.11286 3.15119
v 1.25395 3.1395 3.22343
v 2.24199 1.78668 3.09133
v 0.38788 4.65015 1.97931
v -1.47711 4.65015 1.37333
v -1.45901 4.58607 1.31763
v 0.40598 4.58607 1.92362
v -2.0422 1.66803 -3.1125
v -0.17719 1.66803 -3.71848
v -0.20647 1.68316 -3.8086
v -2.07148 1.68316 -3.20262
v 1.11123 3.28304 -3.08778
v 2.4573 3.57391 -2.0358
v 1.15068 3.3364 -3.1484
v 2.41785 3.52055 -1.97517
v -1.01126 3.25836 -3.11249
v -2.0422 1.66803 -3.1125
v -2.07148 1.68316 -3.20262
v -1.04054 3.27349 -3.20261
v 1.11123 3.28304 -3.08778
v 0.78917 4.55677 -2.03579
v 0.74972 4.50341 -1.97517
v 1.15068 3.3364 -3.1484
v -0.17719 1.66803 -3.71848
v -1.01126 3.25836 -3.11249
v -1.04054 3.27349 -3.20261
v -0.20647 1.68316 -3.8086
v 3.48179 1.66803 1.31764
v 2.32914 1.66803 2.90413
v 2.4058 1.68316 2.95982
v 3.55845 1.68316 1.37334
v 2.41785 3.52055 -1.97517
v 0.74972 4.50341 -1.97517
v 0.78917 4.55677 -2.03579
v 2.4573 3.57391 -2.0358
v 0.91604 3.28304 3.15119
v -0.79499 3.52056 3.01908
v -0.79127 3.57391 3.09131
v 0.91976 3.3364 3.22343
v 3.48179 1.66803 1.31764
v 2.72438 3.27348 1.97932
v 2.64772 3.25836 1.92362
v 3.55845 1.68316 1.37334
v 0.91604 3.28304 3.15119
v 0.55826 4.55677 2.11082
v 0.55454 4.50341 2.03859
v 0.91976 3.3364 3.22343
v 2.64772 3.25836 1.92362
v 2.4058 1.68316 2.95982
v 2.32914 1.66803 2.90413
v 2.72438 3.27348 1.97932
v -0.79499 3.52056 3.01908
v 0.55454 4.50341 2.03859
v 0.55826 4.55677 2.11082
v -0.79127 3.57391 3.09131
v -2.1956 1.76004 -3.01243
v -2.67813 3.1395 -2.1886
v -2.62656 3.11285 -2.11356
v -2.24717 1.78668 -3.08747
v 0.45171 4.75993 -1.78289
v -1.41328 4.75993 -1.1769
v -1.40341 4.68385 -1.14651
v 0.46158 4.68385 -1.75249
v -1.21623 3.37701 -3.08745
v -2.62656 3.11285 -2.11356
v -2.67813 3.1395 -2.1886
v -1.16466 3.35037 -3.01241
v -0.05388 5.13561 -0.16603
v -1.40341 4.68385 -1.14651
v -1.41328 4.75993 -1.1769
v -0.06376 5.21169 -0.19643
v -1.16466 3.35037 -3.01241
v -2.24717 1.78668 -3.08747
v -2.1956 1.76004 -3.01243
v -1.21623 3.37701 -3.08745
v 3.36738 3.11284 0.16603
v 3.54707 1.76004 1.14651
v 3.6329 1.78668 1.17691
v 3.45321 3.13948 0.19643
v 0.46158 4.68385 -1.75249
v -0.05388 5.13561 -0.16603
v -0.06376 5.21169 -0.19643
v 0.45171 4.75993 -1.78289
v 0.65677 4.68385 1.68907
v 1.83527 4.75992 0.1214
v 1.80942 4.68384 0.10261
v 0.68262 4.75993 1.70786
v 3.36738 3.11284 0.16603
v 2.79883 3.377 1.78289
v 2.713 3.35036 1.75249
v 3.45321 3.13948 0.19643
v 1.11123 3.28304 3.08778
v 2.4573 3.57391 2.0358
v 2.41785 3.52055 1.97517
v 1.15068 3.3364 3.1484
v 1.80942 4.68384 0.10261
v 0.16716 5.21169 0.1214
v 0.1413 5.13561 0.10261
v 1.83527 4.75992 0.1214
v 3.54707 1.76004 1.14651
v 2.79883 3.377 1.78289
v 3.6329 1.78668 1.17691
v 2.713 3.35036 1.75249
v 2.41785 3.52055 1.97517
v 0.78917 4.55677 2.03579
v 0.74972 4.50341 1.97517
v 2.4573 3.57391 2.0358
v 0.1413 5.13561 0.10261
v 0.68262 4.75993 1.70786
v 0.65677 4.68385 1.68907
v 0.16716 5.21169 0.1214
v -3.22483 3.35036 -0.17682
v -3.54343 1.76004 -1.1573
v -3.63073 1.78668 -1.18315
v -3.31214 3.377 -0.20267
v 1.11123 3.28304 3.08778
v 0.74972 4.50341 1.97517
v 0.78917 4.55677 2.03579
v 1.15068 3.3364 3.1484
v -0.96165 3.6673 -2.95981
v 0.40598 4.58607 -1.92362
v 0.38788 4.65015 -1.97931
v -0.94355 3.60322 -2.90411
v 3.71047 1.56147 1.20556
v 3.70243 1.30924 -1.20556
v 3.71047 1.56147 -1.20556
v 3.70243 1.30924 1.20556
v -2.30113 1.30924 -3.15625
v -3.71838 1.30924 -1.20556
v -3.71034 1.56147 -1.20556
v -2.29309 1.56147 -3.15625
v 2.28518 1.30924 3.15625
v 3.71047 1.56147 1.20556
v 2.29322 1.56147 3.15625
v 3.70243 1.30924 1.20556
v -2.29309 1.56147 3.15625
v -0.00798 1.30924 3.90135
v 0.00007 1.56147 3.90135
v -2.30113 1.30924 3.15625
v -3.71838 1.30924 1.20556
v -2.30113 1.30924 3.15625
v -2.29309 1.56147 3.15625
v -3.71034 1.56147 1.20556
v -3.71838 1.30924 -1.20556
v -3.71838 1.30924 1.20556
v -3.71034 1.56147 1.20556
v -3.71034 1.56147 -1.20556
v -0.00798 1.30924 -3.90135
v -2.30113 1.30924 -3.15625
v -2.29309 1.56147 -3.15625
v 0.00007 1.56147 -3.90135
v 0.00007 1.56147 3.90135
v 2.28518 1.30924 3.15625
v 2.29322 1.56147 3.15625
v -0.00798 1.30924 3.90135
v 3.71047 1.56147 -1.20556
v 2.28518 1.30924 -3.15625
v 2.29322 1.56147 -3.15625
v 3.70243 1.30924 -1.20556
v 2.28518 1.30924 -3.15625
v -0.00798 1.30924 -3.90135
v 0.00007 1.56147 -3.90135
v 2.29322 1.56147 -3.15625
vt 0.0792 0.9843
vt 0.0792 0.9843
vt 0.0792 0.9843
vt 0.0792 0.9843
vt 0.08 0.9837
vt 0.08 0.9837
vt 0.08 0.9837
vt 0.08 0.9837
vt 0.0793 0.9843
vt 0.0793 0.9843
vt 0.0793 0.9843
vt 0.0793 0.9843
vt 0.0801 0.9843
vt 0.0801 0.9843
vt 0.08 0.9843
vt 0.08 0.9843
vt 0.08 0.9837
vt 0.08 0.9837
vt 0.08 0.9837
vt 0.08 0.9837
vt 0.08 0.9843
vt 0.08 0.9843
vt 0.08 0.9843
vt 0.08 0.9843
vt 0.08 0.9837
vt 0.08 0.9837
vt 0.08 0.9837
vt 0.08 0.9837
vt 0.0792 0.9843
vt 0.0792 0.9843
vt 0.0792 0.9843
vt 0.0792 0.9843
vt 0.0792 0.9843
vt 0.08 0.9843
vt 0.08 0.9843
vt 0.08 0.9843
vt 0.08 0.9843
vt 0.08 0.9836
vt 0.08 0.9836
vt 0.08 0.9836
vt 0.08 0.9836
vt 0.08 0.9836
vt 0.08 0.9836
vt 0.08 0.9836
vt 0.08 0.9836
vt 0.0796 0.9843
vt 0.0796 0.9843
vt 0.0796 0.9843
vt 0.0796 0.9843
vt 0.0796 0.9843
vt 0.08 0.9836
vt 0.08 0.9836
vt 0.08 0.9836
vt 0.08 0.9836
vt 0.0792 0.9843
vt 0.0792 0.9843
vt 0.0792 0.9843
vt 0.08 0.9836
vt 0.08 0.9836
vt 0.08 0.9836
vt 0.08 0.9836
vt 0.0796 0.9843
vt 0.0796 0.9843
vt 0.0796 0.9843
vt 0.0794 0.9843
vt 0.0794 0.9843
vt 0.0794 0.9843
vt 0.0794 0.9843
vt 0.0792 0.9843
vt 0.0792 0.9843
vt 0.0792 0.9843
vt 0.0792 0.9843
vt 0.08 0.9837
vt 0.08 0.9837
vt 0.08 0.9837
vt 0.08 0.9837
vt 0.0793 0.9843
vt 0.0793 0.9843
vt 0.0793 0.9843
vt 0.0793 0.9843
vt 0.0793 0.9843
vt 0.0793 0.9843
vt 0.0793 0.9843
vt 0.0793 0.9843
vt 0.0798 0.9843
vt 0.0798 0.9843
vt 0.0798 0.9843
vt 0.0798 0.9843
vt 0.08 0.9843
vt 0.08 0.9843
vt 0.08 0.9843
vt 0.08 0.9843
vt 0.08 0.9843
vt 0.08 0.9843
vt 0.08 0.9837
vt 0.08 0.9837
vt 0.08 0.9837
vt 0.08 0.9837
vt 0.0792 0.9843
vt 0.0792 0.9843
vt 0.0792 0.9843
vt 0.0792 0.9843
vt 0.08 0.9843
vt 0.08 0.9843
vt 0.08 0.9843
vt 0.08 0.9843
vt 0.08 0.9843
vt 0.08 0.9843
vt 0.0795 0.9843
vt 0.0795 0.9843
vt 0.0795 0.9843
vt 0.0795 0.9843
vt 0.0796 0.9843
vt 0.0796 0.9843
vt 0.0796 0.9843
vt 0.0796 0.9843
vt 0.0796 0.9843
vt 0.0795 0.9843
vt 0.0795 0.9843
vt 0.0795 0.9843
vt 0.0795 0.9843
vt 0.0792 0.9843
vt 0.0792 0.9843
vt 0.0792 0.9843
vt 0.0792 0.9843
vt 0.0795 0.9843
vt 0.0795 0.9843
vt 0.0795 0.9843
vt 0.0795 0.9843
vt 0.0796 0.9843
vt 0.0796 0.9843
vt 0.0796 0.9843
vt 0.08 0.9843
vt 0.08 0.9843
vt 0.08 0.9843
vt 0.08 0.9843
vt 0.0794 0.9843
vt 0.0794 0.9843
vt 0.0794 0.9843
vt 0.0794 0.9843
vt 0.08 0.9837
vt 0.08 0.9837
vt 0.08 0.9837
vt 0.08 0.9837
vt 0.0794 0.9843
vt 0.0794 0.9843
vt 0.0794 0.9843
vt 0.0794 0.9843
vt 0.0792 0.9843
vt 0.0792 0.9843
vt 0.0792 0.9843
vt 0.0792 0.9843
vt 0.08 0.9837
vt 0.08 0.9837
vt 0.08 0.9837
vt 0.08 0.9837
vt 0.0792 0.9843
vt 0.0792 0.9843
vt 0.0792 0.9843
vt 0.0792 0.9843
vt 0.0792 0.9843
vt 0.0792 0.9843
vt 0.08 0.9837
vt 0.08 0.9837
vt 0.08 0.9837
vt 0.08 0.9837
vt 0.08 0.9843
vt 0.08 0.9843
vt 0.08 0.9843
vt 0.08 0.9843
vt 0.08 0.9843
vt 0.08 0.9843
vt 0.0792 0.9843
vt 0.0792 0.9843
vt 0.08 0.9836
vt 0.08 0.9836
vt 0.08 0.9836
vt 0.08 0.9836
vt 0.08 0.9836
vt 0.08 0.9836
vt 0.08 0.9836
vt 0.08 0.9836
vt 0.08 0.9836
vt 0.08 0.9836
vt 0.08 0.9836
vt 0.08 0.9836
vt 0.08 0.9836
vt 0.08 0.9836
vt 0.08 0.9836
vt 0.08 0.9836
vt 0.08 0.9836
vt 0.08 0.9836
vt 0.08 0.9843
vt 0.08 0.9843
vt 0.08 0.9836
vt 0.08 0.9836
vt 0.08 0.9836
vt 0.08 0.9836
vt 0.08 0.9836
vt 0.08 0.9836
vt 0.08 0.9843
vt 0.08 0.9843
vt 0.08 0.9843
vt 0.08 0.9843
vt 0.0801 0.9836
vt 0.0801 0.9836
vt 0.0801 0.9836
vt 0.0801 0.9836
vt 0.08 0.9837
vt 0.08 0.9837
vt 0.08 0.9837
vt 0.08 0.9837
vt 0.08 0.9843
vt 0.08 0.9843
vt 0.08 0.9843
vt 0.08 0.9843
vt 0.0792 0.9843
vt 0.0792 0.9843
vt 0.0792 0.9843
vt 0.0792 0.9843
vt 0.0798 0.9843
vt 0.0798 0.9843
vt 0.0798 0.9843
vt 0.0798 0.9843
vt 0.0792 0.9843
vt 0.0792 0.9843
vt 0.0792 0.9843
vt 0.0792 0.9843
vt 0.0792 0.9843
vt 0.0792 0.9843
vt 0.08 0.9843
vt 0.08 0.9843
vt 0.08 0.9843
vt 0.08 0.9843
vt 0.08 0.9843
vt 0.08 0.9843
vt 0.08 0.9843
vt 0.08 0.9843
vt 0.08 0.9843
vt 0.08 0.9843
vt 0.0792 0.9843
vt 0.0792 0.9843
vt 0.08 0.9837
vt 0.08 0.9837
vt 0.08 0.9837
vt 0.08 0.9837
vt 0.0796 0.9843
vt 0.0795 0.9843
vt 0.0796 0.9843
vt 0.0795 0.9843
vt 0.0795 0.9843
vt 0.0795 0.9843
vt 0.0795 0.9843
vt 0.0795 0.9843
vt 0.0795 0.9843
vt 0.0795 0.9843
vt 0.0796 0.9843
vt 0.0795 0.9843
vt 0.0796 0.9843
vt 0.0795 0.9843
vt 0.08 0.9843
vt 0.08 0.9843
vt 0.0795 0.9843
vt 0.0796 0.9843
vt 0.0795 0.9843
vt 0.0796 0.9843
vt 0.0795 0.9843
vt 0.0795 0.9843
vt 0.0801 0.9836
vt 0.0801 0.9836
vt 0.0801 0.9836
vt 0.0801 0.9836
vt 0.0801 0.9843
vt 0.0801 0.9843
vt 0.0801 0.9843
vt 0.0801 0.9843
vt 0.08 0.9837
vt 0.08 0.9837
vt 0.08 0.9837
vt 0.08 0.9837
vt 0.08 0.9843
vt 0.08 0.9843
vt 0.08 0.9843
vt 0.08 0.9843
vt 0.0791 0.9843
vt 0.0791 0.9843
vt 0.0791 0.9843
vt 0.0791 0.9843
vt 0.08 0.9837
vt 0.08 0.9837
vt 0.08 0.9837
vt 0.08 0.9837
vt 0.0792 0.9843
vt 0.0792 0.9843
vt 0.0792 0.9843
vt 0.0792 0.9843
vt 0.0792 0.9843
vt 0.08 0.9836
vt 0.08 0.9836
vt 0.08 0.9836
vt 0.08 0.9836
vt 0.08 0.9843
vt 0.08 0.9843
vt 0.08 0.9843
vt 0.08 0.9843
vt 0.08 0.9843
vt 0.08 0.9843
vt 0.0792 0.9843
vt 0.0792 0.9843
vt 0.0792 0.9843
vt 0.08 0.9837
vt 0.08 0.9837
vt 0.08 0.9837
vt 0.08 0.9837
vt 0.0796 0.9843
vt 0.0796 0.9843
vt 0.0796 0.9843
vt 0.0796 0.9843
vt 0.0798 0.9842
vt 0.0798 0.9842
vt 0.0798 0.9842
vt 0.0798 0.9842
vt 0.0796 0.9843
vt 0.0796 0.9843
vt 0.0796 0.9843
vt 0.0796 0.9843
vt 0.08 0.9843
vt 0.08 0.9843
vt 0.0796 0.9843
vt 0.0796 0.9843
vt 0.0796 0.9843
vt 0.0796 0.9843
vt 0.0798 0.9842
vt 0.0798 0.9842
vt 0.0798 0.9843
vt 0.0798 0.9843
vt 0.0793 0.9843
vt 0.0793 0.9843
vt 0.0793 0.9843
vt 0.0793 0.9843
vt 0.0792 0.9843
vt 0.0792 0.9843
vt 0.0792 0.9843
vt 0.0792 0.9843
vt 0.08 0.9837
vt 0.08 0.9837
vt 0.08 0.9837
vt 0.08 0.9837
vt 0.0794 0.9843
vt 0.0794 0.9843
vt 0.0794 0.9843
vt 0.0794 0.9843
vt 0.0801 0.9836
vt 0.0801 0.9836
vt 0.0801 0.9836
vt 0.0801 0.9836
vt 0.0797 0.9843
vt 0.0797 0.9843
vt 0.0797 0.9843
vt 0.0797 0.9843
vt 0.08 0.9843
vt 0.08 0.9843
vt 0.08 0.9843
vt 0.08 0.9843
vt 0.08 0.9843
vt 0.08 0.9843
vt 0.08 0.9843
vt 0.08 0.9843
vt 0.08 0.9843
vt 0.08 0.9843
vt 0.0792 0.9843
vt 0.0792 0.9843
vt 0.0792 0.9843
vt 0.0792 0.9843
vt 0.08 0.9843
vt 0.08 0.9843
vt 0.08 0.9837
vt 0.08 0.9837
vt 0.08 0.9837
vt 0.08 0.9837
vt 0.0796 0.9843
vt 0.0796 0.9843
vt 0.0796 0.9843
vt 0.0796 0.9843
vt 0.08 0.9836
vt 0.08 0.9836
vt 0.08 0.9836
vt 0.08 0.9836
vt 0.08 0.9836
vt 0.0796 0.9843
vt 0.0796 0.9843
vt 0.0796 0.9843
vt 0.0796 0.9843
vt 0.0792 0.9843
vt 0.0792 0.9843
vt 0.0792 0.9843
vt 0.0792 0.9843
vt 0.0796 0.9843
vt 0.0796 0.9843
vt 0.0796 0.9843
vt 0.0796 0.9843
vt 0.08 0.9836
vt 0.08 0.9836
vt 0.08 0.9836
vt 0.0801 0.9836
vt 0.0801 0.9836
vt 0.0801 0.9836
vt 0.0801 0.9836
vt 0.0792 0.9843
vt 0.0792 0.9843
vt 0.0792 0.9843
vt 0.0792 0.9843
vt 0.08 0.9837
vt 0.08 0.9837
vt 0.08 0.9837
vt 0.08 0.9837
vt 0.08 0.9843
vt 0.08 0.9843
vt 0.08 0.9843
vt 0.08 0.9843
vt 0.0798 0.9843
vt 0.0798 0.9842
vt 0.0798 0.9843
vt 0.0798 0.9842
vt 0.08 0.9837
vt 0.08 0.9837
vt 0.08 0.9837
vt 0.08 0.9837
vt 0.08 0.9836
vt 0.08 0.9836
vt 0.08 0.9836
vt 0.08 0.9836
vt 0.08 0.9836
vt 0.08 0.9836
vt 0.08 0.9836
vt 0.08 0.9836
vt 0.08 0.9836
vt 0.08 0.9836
vt 0.0792 0.9843
vt 0.0792 0.9843
vt 0.0792 0.9843
vt 0.0792 0.9843
vt 0.08 0.9836
vt 0.08 0.9836
vt 0.08 0.9837
vt 0.08 0.9837
vt 0.08 0.9837
vt 0.08 0.9837
vt 0.08 0.9836
vt 0.08 0.9836
vt 0.08 0.9836
vt 0.08 0.9836
vt 0.0795 0.9843
vt 0.0795 0.9843
vt 0.0795 0.9843
vt 0.0795 0.9843
vt 0.0795 0.9843
vt 0.0795 0.9843
vt 0.08 0.9836
vt 0.08 0.9836
vt 0.08 0.9836
vt 0.08 0.9836
vt 0.0792 0.9843
vt 0.0792 0.9843
vt 0.0792 0.9843
vt 0.0792 0.9843
vt 0.08 0.9836
vt 0.08 0.9836
vt 0.08 0.9836
vt 0.08 0.9836
vt 0.0795 0.9843
vt 0.0795 0.9843
vt 0.0793 0.9843
vt 0.0794 0.9843
vt 0.0794 0.9843
vt 0.0793 0.9843
vt 0.0792 0.9834
vt 0.0791 0.9835
vt 0.0792 0.9834
vt 0.0791 0.9835
vt 0.0792 0.9834
vt 0.0791 0.9835
vt 0.0793 0.9834
vt 0.0793 0.9834
vt 0.0793 0.9834
vt 0.0793 0.9834
vt 0.0793 0.9834
vt 0.0792 0.9834
vt 0.0792 0.9834
vt 0.0793 0.9837
vt 0.0794 0.9836
vt 0.0794 0.9837
vt 0.0794 0.9836
vt 0.0794 0.9836
vt 0.0793 0.9837
vt 0.0794 0.9837
vt 0.0791 0.9835
vt 0.0791 0.9835
vt 0.0792 0.9834
vt 0.0792 0.9834
vt 0.0791 0.9835
vt 0.0791 0.9835
vt 0.0792 0.9834
vt 0.0794 0.9836
vt 0.0794 0.9836
vt 0.0794 0.9836
vt 0.0794 0.9836
vt 0.0791 0.9836
vt 0.0791 0.9836
vt 0.0791 0.9835
vt 0.0794 0.9835
vt 0.0794 0.9835
vt 0.0791 0.9836
vt 0.0794 0.9835
vt 0.0791 0.9836
vt 0.0792 0.9836
vt 0.0794 0.9835
vt 0.0794 0.9835
vt 0.0794 0.9835
vt 0.0792 0.9836
vt 0.0792 0.9837
vt 0.0794 0.9835
vt 0.0794 0.9835
vt 0.0792 0.9836
vt 0.0792 0.9837
vt 0.0794 0.9834
vt 0.0794 0.9834
vt 0.0792 0.9837
vt 0.0792 0.9837
vt 0.0794 0.9834
vt 0.0792 0.9837
vt 0.0793 0.9837
vt 0.0793 0.9837
vt 0.0794 0.9834
vt 0.0794 0.9834
vt 0.0793 0.9837
vt 0.0793 0.9834
vt 0.0793 0.9834
vt 0.0793 0.9837
vt 0.0793 0.9837
vt 0.0801 0.9839
vt 0.0801 0.9838
vt 0.0801 0.9838
vt 0.0801 0.9839
vt 0.0801 0.9838
vt 0.0801 0.9838
vt 0.0801 0.9837
vt 0.0801 0.9837
vt 0.0801 0.9837
vt 0.0801 0.9837
vt 0.0801 0.9837
vt 0.0801 0.9837
vt 0.0801 0.9834
vt 0.0801 0.9835
vt 0.0801 0.9834
vt 0.0801 0.9834
vt 0.0801 0.9834
vt 0.0801 0.9835
vt 0.0801 0.9835
vt 0.0801 0.9839
vt 0.0801 0.9839
vt 0.0801 0.9839
vt 0.0801 0.9839
vt 0.0801 0.9838
vt 0.0801 0.9838
vt 0.0801 0.9835
vt 0.0801 0.9835
vt 0.0801 0.9835
vt 0.0801 0.984
vt 0.0801 0.984
vt 0.0801 0.9836
vt 0.0801 0.9836
vt 0.0795 0.9841
vt 0.0795 0.9841
vt 0.0795 0.9841
vt 0.0795 0.9841
vt 0.0795 0.9841
vt 0.0795 0.9841
vt 0.0801 0.9837
vt 0.0801 0.9837
vt 0.0801 0.9837
vt 0.0801 0.9837
vt 0.0801 0.9838
vt 0.0801 0.9838
vt 0.0795 0.9842
vt 0.0801 0.9838
vt 0.0801 0.9838
vt 0.0795 0.9842
vt 0.0795 0.9842
vt 0.0801 0.9838
vt 0.0801 0.9838
vt 0.0795 0.9842
vt 0.0795 0.9842
vt 0.0801 0.9839
vt 0.0801 0.9839
vt 0.0795 0.9842
vt 0.0795 0.9843
vt 0.0801 0.9839
vt 0.0801 0.9839
vt 0.0795 0.9843
vt 0.0795 0.9843
vt 0.0795 0.9843
vt 0.0801 0.9839
vt 0.0801 0.9839
vt 0.0801 0.984
vt 0.0801 0.9839
vt 0.0801 0.9834
vt 0.0801 0.9833
vt 0.0801 0.9833
vt 0.0801 0.9834
vt 0.0801 0.984
vt 0.0801 0.984
vt 0.0792 0.9837
vt 0.0792 0.9837
vt 0.0792 0.9837
vt 0.0792 0.9837
vt 0.0792 0.9837
vt 0.0792 0.9837
vt 0.0792 0.9836
vt 0.0791 0.9838
vt 0.0791 0.9838
vt 0.0791 0.9838
vt 0.0791 0.9839
vt 0.0791 0.9838
vt 0.0792 0.9838
vt 0.0791 0.9838
vt 0.0793 0.9837
vt 0.0793 0.9837
vt 0.0793 0.9837
vt 0.0793 0.9837
vt 0.0793 0.9837
vt 0.0792 0.9837
vt 0.0792 0.9837
vt 0.0793 0.9837
vt 0.0793 0.9837
vt 0.0793 0.9837
vt 0.0793 0.9837
vt 0.0793 0.9837
vt 0.0794 0.9837
vt 0.0793 0.9838
vt 0.0794 0.9837
vt 0.0794 0.9838
vt 0.0793 0.9837
vt 0.0793 0.9837
vt 0.0794 0.9838
vt 0.0794 0.9838
vt 0.0794 0.9837
vt 0.0794 0.9837
vt 0.0794 0.9838
vt 0.0794 0.9838
vt 0.0794 0.9838
vt 0.0794 0.9838
vt 0.0794 0.9837
vt 0.0794 0.9837
vt 0.0794 0.9836
vt 0.0794 0.9839
vt 0.0794 0.9836
vt 0.0794 0.9836
vt 0.0794 0.9836
vt 0.0795 0.9839
vt 0.0794 0.9839
vt 0.0795 0.9839
vt 0.0795 0.9836
vt 0.0794 0.9839
vt 0.0794 0.9839
vt 0.0794 0.9836
vt 0.0795 0.9835
vt 0.0794 0.984
vt 0.0794 0.984
vt 0.0794 0.9835
vt 0.0795 0.9835
vt 0.0794 0.9835
vt 0.0794 0.984
vt 0.0794 0.984
vt 0.0794 0.9835
vt 0.0795 0.9835
vt 0.0794 0.984
vt 0.0794 0.984
vt 0.0794 0.9835
vt 0.0794 0.9834
vt 0.0794 0.984
vt 0.0793 0.984
vt 0.0794 0.9834
vt 0.0794 0.9834
vt 0.0793 0.984
vt 0.0793 0.9841
vt 0.0793 0.9841
vt 0.0793 0.984
vt 0.0794 0.9834
vt 0.0794 0.9834
vt 0.0794 0.9834
vt 0.0794 0.9834
vt 0.0793 0.984
vt 0.0792 0.9834
vt 0.0792 0.9834
vt 0.0791 0.9834
vt 0.0792 0.9834
vt 0.0792 0.9834
vt 0.0792 0.9834
vt 0.0792 0.9834
vt 0.0792 0.9834
vt 0.0792 0.9841
vt 0.0792 0.984
vt 0.0793 0.9841
vt 0.0793 0.9834
vt 0.0793 0.9834
vt 0.0793 0.9833
vt 0.0791 0.9835
vt 0.0791 0.9834
vt 0.0792 0.984
vt 0.0792 0.984
vt 0.0793 0.9834
vt 0.0793 0.9833
vt 0.0793 0.9834
vt 0.0791 0.9835
vt 0.0791 0.9835
vt 0.0792 0.984
vt 0.0792 0.984
vt 0.0791 0.984
vt 0.0792 0.984
vt 0.0791 0.9835
vt 0.0791 0.9835
vt 0.0791 0.9835
vt 0.0791 0.9835
vt 0.0791 0.984
vt 0.0791 0.984
vt 0.0791 0.9836
vt 0.0791 0.9836
vt 0.0791 0.9839
vt 0.0791 0.9839
vt 0.0792 0.9837
vt 0.0792 0.9838
vt 0.0791 0.9836
vt 0.0791 0.9836
vt 0.0791 0.9839
vt 0.0791 0.9839
vt 0.0792 0.9838
vt 0.0791 0.9836
vt 0.0792 0.9837
vt 0.0791 0.9839
vt 0.0162 0.9865
vt 0.0162 0.9865
vt 0.0162 0.9865
vt 0.0162 0.9865
vt 0.0162 0.9865
vt 0.0162 0.9865
vt 0.0162 0.9864
vt 0.0162 0.9864
vt 0.0162 0.9864
vt 0.0162 0.9864
vt 0.0162 0.9864
vt 0.0162 0.9864
vt 0.0164 0.9865
vt 0.0164 0.9865
vt 0.0164 0.9865
vt 0.0164 0.9865
vt 0.0164 0.9865
vt 0.0164 0.9865
vt 0.0164 0.9864
vt 0.0164 0.9864
vt 0.0164 0.9864
vt 0.0164 0.9864
vt 0.0164 0.9864
vt 0.0164 0.9864
vt 0.0164 0.9863
vt 0.0164 0.9863
vt 0.08 0.984
vt 0.08 0.984
vt 0.08 0.984
vt 0.08 0.984
vt 0.08 0.984
vt 0.08 0.9841
vt 0.0164 0.9863
vt 0.0164 0.9863
vt 0.0164 0.9859
vt 0.0164 0.9859
vt 0.0164 0.9859
vt 0.0164 0.9859
vt 0.0164 0.9859
vt 0.0164 0.9859
vt 0.0164 0.9858
vt 0.0164 0.9858
vt 0.0164 0.9858
vt 0.0164 0.9858
vt 0.0164 0.9858
vt 0.0164 0.9858
vt 0.0164 0.9857
vt 0.0164 0.9857
vt 0.0164 0.9857
vt 0.0164 0.9857
vt 0.0164 0.9857
vt 0.0164 0.9857
vt 0.0164 0.9857
vt 0.0164 0.9857
vt 0.0164 0.9866
vt 0.0164 0.9865
vt 0.0164 0.9865
vt 0.0164 0.9866
vt 0.0164 0.9866
vt 0.0164 0.9866
vt 0.0164 0.9865
vt 0.0164 0.9865
vt 0.0164 0.9865
vt 0.0164 0.9865
vt 0.0164 0.9864
vt 0.0164 0.9864
vt 0.0164 0.9864
vt 0.0164 0.9864
vt 0.0164 0.9864
vt 0.0164 0.9864
vt 0.0164 0.9863
vt 0.0164 0.9863
vt 0.0164 0.9863
vt 0.0164 0.9863
vt 0.0162 0.9866
vt 0.0162 0.9866
vt 0.0162 0.9866
vt 0.0162 0.9866
vt 0.0798 0.9841
vt 0.0798 0.9841
vt 0.0798 0.9841
vt 0.0798 0.9841
vt 0.0798 0.9842
vt 0.0798 0.9841
vt 0.0159 0.9859
vt 0.0159 0.9858
vt 0.0159 0.9859
vt 0.0159 0.9859
vt 0.0159 0.9859
vt 0.0159 0.9859
vt 0.0159 0.9859
vt 0.08 0.9835
vt 0.08 0.9836
vt 0.08 0.9836
vt 0.08 0.9835
vt 0.08 0.9836
vt 0.08 0.9835
vt 0.08 0.9835
vt 0.08 0.9842
vt 0.08 0.9842
vt 0.08 0.9842
vt 0.08 0.9842
vt 0.08 0.9841
vt 0.08 0.9841
vt 0.08 0.9841
vt 0.08 0.9841
vt 0.08 0.9841
vt 0.08 0.9841
vt 0.08 0.9841
vt 0.08 0.9841
vt 0.08 0.9841
vt 0.08 0.9841
vt 0.08 0.984
vt 0.08 0.9841
vt 0.08 0.984
vt 0.0798 0.9843
vt 0.0798 0.9842
vt 0.0798 0.9843
vt 0.0798 0.9842
vt 0.0798 0.9842
vt 0.08 0.9835
vt 0.08 0.9835
vt 0.08 0.9834
vt 0.08 0.9834
vt 0.08 0.9834
vt 0.08 0.9834
vt 0.08 0.9834
vt 0.08 0.9834
vt 0.08 0.9833
vt 0.08 0.9836
vt 0.08 0.9836
vt 0.08 0.9836
vt 0.08 0.9843
vt 0.08 0.9842
vt 0.08 0.9843
vt 0.08 0.9842
vt 0.08 0.984
vt 0.08 0.9833
vt 0.0798 0.9842
vt 0.0798 0.9842
vt 0.08 0.9842
vt 0.08 0.9842
vt 0.08 0.9842
vt 0.08 0.9842
vt 0.0798 0.9841
vt 0.0798 0.984
vt 0.0798 0.984
vt 0.016 0.9857
vt 0.016 0.9857
vt 0.016 0.9857
vt 0.0161 0.9857
vt 0.016 0.9857
vt 0.0161 0.9857
vt 0.0161 0.9857
vt 0.0161 0.9857
vt 0.016 0.9857
vt 0.016 0.9857
vt 0.0159 0.9857
vt 0.0159 0.9857
vt 0.0159 0.9858
vt 0.0159 0.9858
vt 0.0159 0.9858
vt 0.0159 0.9858
vt 0.0159 0.9858
vt 0.0159 0.986
vt 0.0159 0.9859
vt 0.016 0.986
vt 0.016 0.986
vt 0.016 0.986
vt 0.016 0.986
vt 0.016 0.986
vt 0.016 0.986
vt 0.0161 0.986
vt 0.0161 0.986
vt 0.0161 0.986
vt 0.0161 0.986
vt 0.0161 0.986
vt 0.0161 0.986
vt 0.0162 0.986
vt 0.0161 0.986
vt 0.0162 0.986
vt 0.0162 0.986
vt 0.0162 0.986
vt 0.0162 0.9859
vt 0.0162 0.9859
vt 0.0162 0.9859
vt 0.0162 0.9859
vt 0.0162 0.9859
vt 0.0162 0.9859
vt 0.0162 0.9859
vt 0.0162 0.9858
vt 0.0162 0.9858
vt 0.0162 0.9858
vt 0.0162 0.9857
vt 0.0162 0.9858
vt 0.0162 0.9858
vt 0.0162 0.9858
vt 0.0162 0.9857
vt 0.0162 0.9857
vt 0.0162 0.9857
vt 0.0162 0.9857
vt 0.0162 0.9857
vt 0.0161 0.9857
vt 0.0161 0.9857
vt 0.08 0.984
vt 0.08 0.984
vt 0.08 0.984
vt 0.0162 0.9858
vt 0.0161 0.9857
vt 0.0161 0.9857
vt 0.0161 0.9857
vt 0.0162 0.9857
vt 0.0162 0.9857
vt 0.0162 0.9857
vt 0.0162 0.9858
vt 0.0162 0.9858
vt 0.0162 0.986
vt 0.0161 0.986
vt 0.0161 0.986
vt 0.0159 0.9859
vt 0.0162 0.9859
vt 0.0161 0.986
vt 0.016 0.986
vt 0.016 0.986
vt 0.0159 0.9859
vt 0.0159 0.9859
vt 0.0159 0.9859
vt 0.0159 0.9857
vt 0.016 0.9857
vt 0.016 0.9857
vt 0.016 0.9857
vt 0.016 0.986
vt 0.0161 0.986
vt 0.0162 0.9859
vt 0.0162 0.9859
vt 0.0162 0.9859
vt 0.0159 0.9858
vt 0.0159 0.9858
vt 0.0159 0.9858
vt 0.08 0.984
vt 0.0511 0.9795
vt 0.0511 0.9795
vt 0.0511 0.9795
vt 0.0511 0.9795
vt 0.0511 0.9795
vt 0.0511 0.9795
vt 0.0511 0.9794
vt 0.0511 0.9794
vt 0.0511 0.9794
vt 0.0511 0.9794
vt 0.0513 0.9795
vt 0.0513 0.9795
vt 0.0513 0.9795
vt 0.0513 0.9796
vt 0.0513 0.9795
vt 0.0513 0.9796
vt 0.0513 0.9795
vt 0.0513 0.9795
vt 0.0513 0.9794
vt 0.0513 0.9794
vt 0.0513 0.9794
vt 0.0513 0.9794
vt 0.0513 0.9794
vt 0.0513 0.9793
vt 0.0513 0.9794
vt 0.0513 0.9793
vt 0.0513 0.979
vt 0.0513 0.9789
vt 0.0513 0.979
vt 0.0513 0.9789
vt 0.0513 0.9789
vt 0.0513 0.9789
vt 0.0513 0.9789
vt 0.0513 0.9789
vt 0.0513 0.9788
vt 0.0513 0.9788
vt 0.0513 0.9788
vt 0.0513 0.9788
vt 0.0513 0.9788
vt 0.0513 0.9788
vt 0.0513 0.9787
vt 0.0513 0.9787
vt 0.0513 0.9787
vt 0.0513 0.9787
vt 0.0513 0.9787
vt 0.0513 0.9787
vt 0.0513 0.9796
vt 0.0513 0.9796
vt 0.0513 0.9796
vt 0.0513 0.9796
vt 0.0513 0.9796
vt 0.0513 0.9796
vt 0.0513 0.9795
vt 0.0513 0.9795
vt 0.0513 0.9795
vt 0.0513 0.9795
vt 0.0513 0.9795
vt 0.0513 0.9795
vt 0.0513 0.9794
vt 0.0513 0.9794
vt 0.0513 0.9794
vt 0.0513 0.9794
vt 0.0513 0.9794
vt 0.0513 0.9794
vt 0.0513 0.9793
vt 0.0513 0.9793
vt 0.0511 0.9796
vt 0.0511 0.9796
vt 0.0511 0.9796
vt 0.0511 0.9796
vt 0.0511 0.9796
vt 0.0511 0.9796
vt 0.0793 0.9843
vt 0.0793 0.9843
vt 0.0793 0.9843
vt 0.0793 0.9843
vt 0.08 0.9837
vt 0.08 0.9837
vt 0.08 0.9837
vt 0.08 0.9837
vt 0.0793 0.9843
vt 0.0793 0.9843
vt 0.0793 0.9843
vt 0.0793 0.9843
vt 0.0792 0.9843
vt 0.0792 0.9843
vt 0.0792 0.9843
vt 0.0792 0.9843
vt 0.0798 0.9843
vt 0.0798 0.9843
vt 0.0797 0.9843
vt 0.0797 0.9843
vt 0.0792 0.9843
vt 0.0792 0.9843
vt 0.0792 0.9843
vt 0.0792 0.9843
vt 0.08 0.9837
vt 0.08 0.9837
vt 0.08 0.9837
vt 0.08 0.9837
vt 0.08 0.9843
vt 0.08 0.9843
vt 0.08 0.9843
vt 0.08 0.9843
vt 0.08 0.9843
vt 0.08 0.9843
vt 0.0792 0.9843
vt 0.0792 0.9843
vt 0.0792 0.9843
vt 0.0792 0.9843
vt 0.08 0.9843
vt 0.08 0.9843
vt 0.08 0.9843
vt 0.08 0.9843
vt 0.0798 0.9842
vt 0.0798 0.9843
vt 0.0798 0.9842
vt 0.0798 0.9843
vt 0.0797 0.9843
vt 0.0798 0.9842
vt 0.0798 0.9843
vt 0.0797 0.9842
vt 0.0798 0.9842
vt 0.0797 0.9842
vt 0.0798 0.9842
vt 0.0798 0.9842
vt 0.0798 0.9842
vt 0.0798 0.9842
vt 0.08 0.9843
vt 0.08 0.9843
vt 0.0798 0.9842
vt 0.0798 0.9842
vt 0.0798 0.9842
vt 0.0798 0.9842
vt 0.0797 0.9842
vt 0.0798 0.9842
vt 0.0794 0.9843
vt 0.0794 0.9843
vt 0.0794 0.9843
vt 0.0794 0.9843
vt 0.0795 0.9839
vt 0.0795 0.9839
vt 0.0795 0.9839
vt 0.0795 0.984
vt 0.0796 0.984
vt 0.0795 0.984
vt 0.0795 0.984
vt 0.0796 0.984
vt 0.0796 0.984
vt 0.0796 0.9837
vt 0.0798 0.9839
vt 0.0795 0.9837
vt 0.0795 0.9837
vt 0.0795 0.9838
vt 0.0796 0.9837
vt 0.0798 0.984
vt 0.0797 0.984
vt 0.0798 0.9838
vt 0.0798 0.9838
vt 0.0798 0.9838
vt 0.0797 0.9837
vt 0.0797 0.9837
vt 0.0797 0.9837
vt 0.0797 0.984
vt 0.0797 0.984
vt 0.0796 0.9837
vt 0.0795 0.9838
vt 0.0795 0.9838
vt 0.0795 0.9838
vt 0.0798 0.9839
vt 0.0798 0.9839
vt 0.0798 0.9839
vt 0.2027 0.9843
vt 0.2026 0.9843
vt 0.2027 0.9842
vt 0.2032 0.9837
vt 0.2031 0.9836
vt 0.2032 0.9836
vt 0.2032 0.984
vt 0.2033 0.984
vt 0.2033 0.9841
vt 0.203 0.9843
vt 0.2029 0.9843
vt 0.203 0.9842
vt 0.2024 0.9843
vt 0.2023 0.9842
vt 0.2024 0.9842
vt 0.2032 0.9834
vt 0.2033 0.9833
vt 0.2033 0.9834
vt 0.2024 0.9841
vt 0.2025 0.9841
vt 0.2025 0.9841
vt 0.203 0.9843
vt 0.2031 0.9843
vt 0.2031 0.9843
vt 0.2031 0.9836
vt 0.2031 0.9837
vt 0.203 0.9837
vt 0.2026 0.9841
vt 0.2025 0.9841
vt 0.2026 0.9841
vt 0.2033 0.9841
vt 0.2033 0.9841
vt 0.2032 0.9841
vt 0.2033 0.9835
vt 0.2032 0.9835
vt 0.2033 0.9834
vt 0.2023 0.9841
vt 0.2024 0.9841
vt 0.2024 0.9841
vt 0.2033 0.9835
vt 0.2033 0.9836
vt 0.2032 0.9835
vt 0.2031 0.9836
vt 0.2031 0.9836
vt 0.2031 0.9836
vt 0.2032 0.9842
vt 0.2032 0.9842
vt 0.2031 0.9842
vt 0.2029 0.9843
vt 0.2028 0.9843
vt 0.2029 0.9842
vt 0.2025 0.9843
vt 0.2025 0.9842
vt 0.2025 0.9843
vt 0.2026 0.9841
vt 0.2026 0.9841
vt 0.2026 0.9841
vt 0.2027 0.9843
vt 0.2028 0.9843
vt 0.2027 0.9843
vt 0.2033 0.9836
vt 0.2033 0.9837
vt 0.2033 0.9837
vt 0.2027 0.9842
vt 0.2026 0.9842
vt 0.2027 0.9841
vt 0.2024 0.9842
vt 0.2023 0.9842
vt 0.2024 0.9841
vt 0.2032 0.9843
vt 0.2032 0.9843
vt 0.2032 0.9843
vt 0.2024 0.9842
vt 0.2025 0.9841
vt 0.2025 0.9842
vt 0.2033 0.9837
vt 0.2032 0.9836
vt 0.2033 0.9836
vt 0.203 0.9843
vt 0.203 0.9843
vt 0.203 0.9843
vt 0.2033 0.9843
vt 0.2032 0.9842
vt 0.2033 0.9842
vt 0.2025 0.9843
vt 0.2024 0.9842
vt 0.2025 0.9842
vt 0.2033 0.9839
vt 0.2032 0.984
vt 0.2032 0.9839
vt 0.2026 0.9841
vt 0.2026 0.9842
vt 0.2026 0.9842
vt 0.2026 0.9843
vt 0.2026 0.9842
vt 0.2026 0.9843
vt 0.2031 0.9843
vt 0.2032 0.9843
vt 0.2031 0.9843
vt 0.2026 0.9841
vt 0.2027 0.9841
vt 0.2027 0.9841
vt 0.2026 0.9842
vt 0.2025 0.9842
vt 0.2026 0.9841
vt 0.2032 0.9837
vt 0.2033 0.9838
vt 0.2032 0.9838
vt 0.2031 0.9841
vt 0.2031 0.9842
vt 0.2031 0.9841
vt 0.2032 0.9842
vt 0.2033 0.9841
vt 0.2033 0.9842
vt 0.2031 0.9839
vt 0.2031 0.9838
vt 0.2031 0.9839
vt 0.2031 0.9838
vt 0.2031 0.9837
vt 0.2031 0.9838
vt 0.0165 0.9858
vt 0.0165 0.9859
vt 0.0165 0.9859
vt 0.0165 0.9858
vt 0.0163 0.9861
vt 0.0163 0.986
vt 0.0163 0.986
vt 0.0163 0.9861
vt 0.0163 0.9861
vt 0.0163 0.9861
vt 0.0165 0.9857
vt 0.0165 0.9857
vt 0.0165 0.9857
vt 0.0165 0.9857
vt 0.0163 0.9863
vt 0.0163 0.9862
vt 0.0163 0.9862
vt 0.0162 0.9862
vt 0.0163 0.9862
vt 0.0163 0.9862
vt 0.0165 0.9858
vt 0.0165 0.9857
vt 0.0165 0.9857
vt 0.0165 0.9858
vt 0.0163 0.9859
vt 0.0163 0.9858
vt 0.0163 0.9858
vt 0.0164 0.9859
vt 0.0163 0.9859
vt 0.0164 0.9859
vt 0.0158 0.9867
vt 0.0158 0.9866
vt 0.0158 0.9866
vt 0.0158 0.9867
vt 0.0163 0.9865
vt 0.0163 0.9865
vt 0.0163 0.9865
vt 0.0163 0.9865
vt 0.0162 0.9864
vt 0.0163 0.9865
vt 0.0156 0.9865
vt 0.0156 0.9866
vt 0.0156 0.9866
vt 0.0156 0.9865
vt 0.0164 0.986
vt 0.0165 0.9861
vt 0.0165 0.9861
vt 0.0164 0.986
vt 0.0164 0.9861
vt 0.0164 0.9861
vt 0.0165 0.9866
vt 0.0165 0.9867
vt 0.0165 0.9866
vt 0.0165 0.9867
vt 0.0165 0.9862
vt 0.0164 0.9861
vt 0.0164 0.9861
vt 0.0164 0.9862
vt 0.0165 0.9862
vt 0.0164 0.9862
vt 0.0165 0.9857
vt 0.0165 0.9858
vt 0.0165 0.9858
vt 0.0165 0.9857
vt 0.0164 0.9861
vt 0.0165 0.9861
vt 0.0164 0.9861
vt 0.0165 0.9862
vt 0.0165 0.9861
vt 0.0165 0.9862
vt 0.0165 0.9858
vt 0.0165 0.9858
vt 0.0165 0.9858
vt 0.0165 0.9858
vt 0.0163 0.9864
vt 0.0163 0.9865
vt 0.0163 0.9864
vt 0.0162 0.9864
vt 0.0163 0.9864
vt 0.0163 0.9864
vt 0.0165 0.9866
vt 0.0165 0.9867
vt 0.0165 0.9867
vt 0.0165 0.9866
vt 0.0165 0.9862
vt 0.0164 0.9862
vt 0.0165 0.9862
vt 0.0164 0.9862
vt 0.0164 0.9862
vt 0.0164 0.9862
vt 0.0165 0.9857
vt 0.0165 0.9857
vt 0.0165 0.9857
vt 0.0165 0.9857
vt 0.0165 0.9862
vt 0.0164 0.9862
vt 0.0165 0.9862
vt 0.0165 0.9862
vt 0.0165 0.9862
vt 0.0164 0.9862
vt 0.0165 0.9858
vt 0.0165 0.9859
vt 0.0165 0.9858
vt 0.0165 0.9859
vt 0.0165 0.9863
vt 0.0164 0.9863
vt 0.0164 0.9863
vt 0.0164 0.9862
vt 0.0165 0.9862
vt 0.0164 0.9863
vt 0.0165 0.9858
vt 0.0165 0.9857
vt 0.0165 0.9857
vt 0.0165 0.9858
vt 0.0164 0.9862
vt 0.0163 0.9862
vt 0.0163 0.9862
vt 0.0164 0.9862
vt 0.0164 0.9862
vt 0.0164 0.9862
vt 0.0165 0.9864
vt 0.0165 0.9863
vt 0.0165 0.9863
vt 0.0165 0.9864
vt 0.0164 0.9862
vt 0.0163 0.9863
vt 0.0163 0.9863
vt 0.0163 0.9862
vt 0.0164 0.9862
vt 0.0163 0.9862
vt 0.0165 0.9859
vt 0.0165 0.9858
vt 0.0165 0.9858
vt 0.0165 0.9859
vt 0.0163 0.9858
vt 0.0163 0.9857
vt 0.0163 0.9857
vt 0.0163 0.9858
vt 0.0164 0.9858
vt 0.0164 0.9858
vt 0.0165 0.9866
vt 0.0165 0.9867
vt 0.0165 0.9867
vt 0.0165 0.9866
vt 0.0163 0.9862
vt 0.0163 0.9861
vt 0.0163 0.9861
vt 0.0164 0.9862
vt 0.0163 0.9862
vt 0.0164 0.9862
vt 0.0158 0.9867
vt 0.0158 0.9866
vt 0.0158 0.9866
vt 0.0158 0.9867
vt 0.0163 0.9862
vt 0.0162 0.9862
vt 0.0163 0.9862
vt 0.0163 0.9861
vt 0.0163 0.9862
vt 0.0163 0.9861
vt 0.0165 0.9857
vt 0.0165 0.9857
vt 0.0165 0.9857
vt 0.0165 0.9857
vt 0.0162 0.9865
vt 0.0161 0.9864
vt 0.0162 0.9864
vt 0.0162 0.9864
vt 0.0162 0.9865
vt 0.0162 0.9864
vt 0.0165 0.9858
vt 0.0165 0.9859
vt 0.0165 0.9859
vt 0.0165 0.9858
vt 0.0164 0.9861
vt 0.0163 0.9861
vt 0.0164 0.9861
vt 0.0164 0.9862
vt 0.0164 0.9862
vt 0.0163 0.9861
vt 0.016 0.9867
vt 0.016 0.9866
vt 0.016 0.9866
vt 0.016 0.9867
vt 0.0163 0.9861
vt 0.0164 0.9861
vt 0.0163 0.9861
vt 0.0163 0.986
vt 0.0163 0.986
vt 0.0164 0.9861
vt 0.0165 0.9863
vt 0.0165 0.9864
vt 0.0165 0.9864
vt 0.0165 0.9863
vt 0.016 0.9864
vt 0.016 0.9865
vt 0.0159 0.9865
vt 0.0159 0.9865
vt 0.016 0.9865
vt 0.0159 0.9865
vt 0.0165 0.9858
vt 0.0165 0.9859
vt 0.0165 0.9858
vt 0.0165 0.9859
vt 0.016 0.9866
vt 0.016 0.9866
vt 0.016 0.9866
vt 0.016 0.9865
vt 0.016 0.9866
vt 0.016 0.9865
vt 0.0165 0.9865
vt 0.0165 0.9866
vt 0.0165 0.9866
vt 0.0165 0.9865
vt 0.0164 0.9863
vt 0.0164 0.9864
vt 0.0164 0.9863
vt 0.0164 0.9864
vt 0.0163 0.9864
vt 0.0163 0.9864
vt 0.0164 0.9859
vt 0.0164 0.986
vt 0.0164 0.986
vt 0.0164 0.9859
vt 0.0164 0.9864
vt 0.0163 0.9865
vt 0.0163 0.9864
vt 0.0163 0.9864
vt 0.0164 0.9864
vt 0.0163 0.9864
vt 0.0165 0.9863
vt 0.0165 0.9864
vt 0.0165 0.9863
vt 0.0165 0.9864
vt 0.0163 0.9865
vt 0.0164 0.9865
vt 0.0163 0.9865
vt 0.0163 0.9865
vt 0.0163 0.9865
vt 0.0164 0.9865
vt 0.0165 0.9865
vt 0.0165 0.9865
vt 0.0165 0.9865
vt 0.0165 0.9865
vt 0.0164 0.9866
vt 0.0163 0.9865
vt 0.0163 0.9865
vt 0.0164 0.9865
vt 0.0164 0.9866
vt 0.0164 0.9865
vt 0.0164 0.9863
vt 0.0165 0.9862
vt 0.0165 0.9863
vt 0.0164 0.9863
vt 0.0163 0.9859
vt 0.0163 0.9859
vt 0.0163 0.9859
vt 0.0163 0.9859
vt 0.0163 0.9859
vt 0.0163 0.9859
vt 0.0165 0.9865
vt 0.0165 0.9865
vt 0.0165 0.9865
vt 0.0165 0.9865
vt 0.0163 0.9859
vt 0.0163 0.9858
vt 0.0163 0.9859
vt 0.0163 0.9858
vt 0.0163 0.9859
vt 0.0163 0.9859
vt 0.0159 0.9866
vt 0.0159 0.9865
vt 0.0159 0.9866
vt 0.0159 0.9865
vt 0.0163 0.9858
vt 0.0163 0.9859
vt 0.0163 0.9858
vt 0.0163 0.9858
vt 0.0163 0.9858
vt 0.0163 0.9859
vt 0.0165 0.986
vt 0.0165 0.9859
vt 0.0165 0.9859
vt 0.0165 0.986
vt 0.0163 0.9858
vt 0.0163 0.9857
vt 0.0163 0.9857
vt 0.0163 0.9858
vt 0.0163 0.9858
vt 0.0163 0.9858
vt 0.0165 0.9865
vt 0.0165 0.9864
vt 0.0165 0.9864
vt 0.0165 0.9865
vt 0.0162 0.9865
vt 0.0161 0.9865
vt 0.0162 0.9865
vt 0.0162 0.9865
vt 0.0162 0.9865
vt 0.0161 0.9865
vt 0.0165 0.9867
vt 0.0165 0.9866
vt 0.0165 0.9866
vt 0.0165 0.9867
vt 0.0161 0.9865
vt 0.0161 0.9865
vt 0.0161 0.9865
vt 0.0162 0.9865
vt 0.0161 0.9865
vt 0.0162 0.9865
vt 0.0165 0.9859
vt 0.0165 0.986
vt 0.0165 0.986
vt 0.0165 0.9859
vt 0.0161 0.9865
vt 0.0161 0.9864
vt 0.0161 0.9864
vt 0.0162 0.9865
vt 0.0161 0.9865
vt 0.0162 0.9865
vt 0.0163 0.9862
vt 0.0163 0.9862
vt 0.0163 0.9862
vt 0.0163 0.9862
vt 0.016 0.9864
vt 0.016 0.9864
vt 0.016 0.9864
vt 0.016 0.9864
vt 0.016 0.9864
vt 0.016 0.9864
vt 0.0165 0.9867
vt 0.0165 0.9866
vt 0.0165 0.9866
vt 0.0165 0.9867
vt 0.016 0.9864
vt 0.016 0.9865
vt 0.016 0.9864
vt 0.016 0.9864
vt 0.016 0.9865
vt 0.016 0.9864
vt 0.0165 0.9865
vt 0.0165 0.9866
vt 0.0165 0.9866
vt 0.0165 0.9865
vt 0.016 0.9865
vt 0.016 0.9865
vt 0.016 0.9865
vt 0.016 0.9864
vt 0.016 0.9865
vt 0.016 0.9865
vt 0.0165 0.9859
vt 0.0165 0.986
vt 0.0165 0.986
vt 0.0165 0.9859
vt 0.0164 0.9864
vt 0.0164 0.9865
vt 0.0164 0.9865
vt 0.0163 0.9865
vt 0.0164 0.9864
vt 0.0163 0.9865
vt 0.0165 0.9866
vt 0.0165 0.9865
vt 0.0165 0.9865
vt 0.0165 0.9866
vt 0.0163 0.9859
vt 0.0163 0.9859
vt 0.0163 0.9859
vt 0.0163 0.9859
vt 0.0163 0.9859
vt 0.0163 0.9859
vt 0.0165 0.9866
vt 0.0165 0.9865
vt 0.0165 0.9865
vt 0.0165 0.9866
vt 0.0163 0.9857
vt 0.0163 0.9858
vt 0.0163 0.9857
vt 0.0163 0.9857
vt 0.0163 0.9857
vt 0.0163 0.9857
vt 0.0158 0.9866
vt 0.0157 0.9865
vt 0.0158 0.9865
vt 0.0157 0.9866
vt 0.0161 0.9864
vt 0.0161 0.9865
vt 0.0161 0.9864
vt 0.0161 0.9864
vt 0.0161 0.9864
vt 0.0161 0.9864
vt 0.0165 0.9863
vt 0.0165 0.9864
vt 0.0165 0.9864
vt 0.0165 0.9863
vt 0.016 0.9865
vt 0.016 0.9866
vt 0.016 0.9865
vt 0.016 0.9865
vt 0.016 0.9866
vt 0.016 0.9865
vt 0.0163 0.9865
vt 0.0163 0.9865
vt 0.0163 0.9864
vt 0.0163 0.9865
vt 0.0165 0.9857
vt 0.0165 0.9858
vt 0.0165 0.9858
vt 0.0165 0.9857
vt 0.0165 0.9862
vt 0.0165 0.9862
vt 0.0165 0.9862
vt 0.0165 0.9862
vt 0.0164 0.9859
vt 0.0164 0.986
vt 0.0164 0.9859
vt 0.0164 0.986
vt 0.0165 0.9859
vt 0.0165 0.9858
vt 0.0165 0.9859
vt 0.0165 0.9858
vt 0.0165 0.9858
vt 0.0165 0.9858
vt 0.0165 0.9858
vt 0.0165 0.9858
vt 0.0162 0.9866
vt 0.0162 0.9866
vt 0.0162 0.9866
vt 0.0162 0.9866
vt 0.0165 0.9857
vt 0.0165 0.9858
vt 0.0165 0.9858
vt 0.0165 0.9857
vt 0.0165 0.9858
vt 0.0165 0.9859
vt 0.0165 0.9858
vt 0.0165 0.9859
vt 0.0165 0.9861
vt 0.0165 0.986
vt 0.0165 0.986
vt 0.0165 0.9861
vt 0.0165 0.9865
vt 0.0165 0.9866
vt 0.0165 0.9865
vt 0.0165 0.9866
vt 0.0165 0.9857
vt 0.0165 0.9857
vt 0.0165 0.9857
vt 0.0165 0.9857
vt 0.0164 0.986
vt 0.0165 0.9861
vt 0.0165 0.9861
vt 0.0164 0.986
vt 0.0165 0.9857
vt 0.0165 0.9858
vt 0.0165 0.9857
vt 0.0165 0.9858
vt 0.0165 0.9864
vt 0.0165 0.9864
vt 0.0165 0.9864
vt 0.0165 0.9864
vt 0.0157 0.9865
vt 0.0157 0.9866
vt 0.0157 0.9866
vt 0.0157 0.9865
vt 0.0158 0.9867
vt 0.0158 0.9866
vt 0.0158 0.9867
vt 0.0158 0.9866
vt 0.0162 0.9866
vt 0.0162 0.9866
vt 0.0162 0.9866
vt 0.0162 0.9866
vt 0.0165 0.9865
vt 0.0165 0.9865
vt 0.0165 0.9865
vt 0.0165 0.9865
vt 0.0165 0.9864
vt 0.0165 0.9865
vt 0.0165 0.9865
vt 0.0165 0.9864
vt 0.0165 0.9864
vt 0.0165 0.9865
vt 0.0165 0.9865
vt 0.0165 0.9864
vt 0.0165 0.9867
vt 0.0165 0.9866
vt 0.0165 0.9867
vt 0.0165 0.9866
vt 0.0164 0.9859
vt 0.0164 0.986
vt 0.0164 0.986
vt 0.0164 0.9859
vt 0.0159 0.9865
vt 0.0159 0.9866
vt 0.0159 0.9866
vt 0.0159 0.9865
vt 0.0165 0.9866
vt 0.0165 0.9865
vt 0.0165 0.9865
vt 0.0165 0.9866
vt 0.0165 0.9866
vt 0.0165 0.9865
vt 0.0165 0.9865
vt 0.0165 0.9866
vt 0.016 0.9866
vt 0.016 0.9867
vt 0.016 0.9867
vt 0.016 0.9866
vt 0.0165 0.9861
vt 0.0165 0.9862
vt 0.0165 0.9862
vt 0.0165 0.9861
vt 0.0165 0.9859
vt 0.0165 0.9858
vt 0.0165 0.9858
vt 0.0165 0.9859
vt 0.0165 0.9865
vt 0.0165 0.9866
vt 0.0165 0.9865
vt 0.0165 0.9866
vt 0.0165 0.9864
vt 0.0165 0.9863
vt 0.0165 0.9864
vt 0.0165 0.9863
vt 0.0165 0.9864
vt 0.0165 0.9865
vt 0.0165 0.9864
vt 0.0165 0.9865
vt 0.0165 0.9864
vt 0.0165 0.9864
vt 0.0165 0.9864
vt 0.0165 0.9864
vt 0.0165 0.9857
vt 0.0165 0.9858
vt 0.0165 0.9858
vt 0.0165 0.9857
vt 0.0165 0.9858
vt 0.0165 0.9859
vt 0.0165 0.9859
vt 0.0165 0.9858
vt 0.0165 0.9865
vt 0.0165 0.9864
vt 0.0165 0.9864
vt 0.0165 0.9865
vt 0.0165 0.9863
vt 0.0165 0.9864
vt 0.0165 0.9864
vt 0.0165 0.9863
vt 0.0164 0.9859
vt 0.0164 0.986
vt 0.0164 0.986
vt 0.0164 0.9859
vt 0.0165 0.9862
vt 0.0165 0.9862
vt 0.0165 0.9862
vt 0.0165 0.9862
vt 0.0165 0.9866
vt 0.0165 0.9865
vt 0.0165 0.9865
vt 0.0165 0.9866
vt 0.0165 0.9865
vt 0.0165 0.9866
vt 0.0165 0.9866
vt 0.0165 0.9865
vt 0.0165 0.9858
vt 0.0165 0.9859
vt 0.0165 0.9859
vt 0.0165 0.9858
vt 0.0165 0.9857
vt 0.0165 0.9858
vt 0.0165 0.9858
vt 0.0165 0.9857
vt 0.0165 0.9865
vt 0.0165 0.9865
vt 0.0165 0.9865
vt 0.0165 0.9865
vt 0.0165 0.9857
vt 0.0165 0.9858
vt 0.0165 0.9858
vt 0.0165 0.9857
vt 0.0164 0.9867
vt 0.0164 0.9866
vt 0.0164 0.9866
vt 0.0164 0.9867
vt 0.0156 0.9865
vt 0.0156 0.9865
vt 0.0156 0.9865
vt 0.0156 0.9865
vt 0.0165 0.9858
vt 0.0165 0.9858
vt 0.0165 0.9858
vt 0.0165 0.9858
vt 0.0165 0.9863
vt 0.0165 0.9862
vt 0.0165 0.9862
vt 0.0165 0.9863
vt 0.0165 0.9857
vt 0.0165 0.9857
vt 0.0165 0.9857
vt 0.0165 0.9857
vt 0.0165 0.986
vt 0.0165 0.9861
vt 0.0165 0.9861
vt 0.0165 0.986
vt 0.0162 0.9866
vt 0.0162 0.9866
vt 0.0162 0.9866
vt 0.0162 0.9866
vt 0.0165 0.9857
vt 0.0165 0.9857
vt 0.0165 0.9857
vt 0.0165 0.9857
vt 0.0163 0.9865
vt 0.0164 0.9866
vt 0.0164 0.9866
vt 0.0163 0.9865
vt 0.0165 0.9864
vt 0.0165 0.9863
vt 0.0165 0.9863
vt 0.0165 0.9864
vt 0.0165 0.9865
vt 0.0165 0.9865
vt 0.0165 0.9865
vt 0.0165 0.9865
vt 0.0165 0.9865
vt 0.0165 0.9866
vt 0.0165 0.9866
vt 0.0165 0.9865
vt 0.0165 0.9865
vt 0.0165 0.9865
vt 0.0165 0.9865
vt 0.0165 0.9865
vt 0.0165 0.9859
vt 0.0165 0.986
vt 0.0165 0.986
vt 0.0165 0.9859
vt 0.0165 0.9864
vt 0.0165 0.9865
vt 0.0165 0.9865
vt 0.0165 0.9864
vt 0.0164 0.9866
vt 0.0164 0.9866
vt 0.0164 0.9866
vt 0.0164 0.9866
vt 0.0165 0.9865
vt 0.0165 0.9865
vt 0.0165 0.9865
vt 0.0165 0.9865
vt 0.0165 0.9859
vt 0.0165 0.9858
vt 0.0165 0.9858
vt 0.0165 0.9859
vt 0.0165 0.9863
vt 0.0165 0.9862
vt 0.0165 0.9862
vt 0.0165 0.9863
vt 0.0165 0.9866
vt 0.0165 0.9865
vt 0.0165 0.9865
vt 0.0165 0.9866
vt 0.0165 0.9865
vt 0.0165 0.9866
vt 0.0165 0.9866
vt 0.0165 0.9865
vt 0.0165 0.986
vt 0.0165 0.9859
vt 0.0165 0.9859
vt 0.0165 0.986
vt 0.0163 0.9859
vt 0.0163 0.9859
vt 0.0163 0.9859
vt 0.0163 0.9859
vt 0.0165 0.9867
vt 0.0165 0.9866
vt 0.0165 0.9866
vt 0.0165 0.9867
vt 0.0165 0.9857
vt 0.0165 0.9857
vt 0.0165 0.9857
vt 0.0165 0.9857
vt 0.0165 0.9861
vt 0.0165 0.986
vt 0.0165 0.986
vt 0.0165 0.9861
vt 0.0165 0.9865
vt 0.0165 0.9864
vt 0.0165 0.9864
vt 0.0165 0.9865
vt 0.0163 0.9861
vt 0.0163 0.986
vt 0.0163 0.986
vt 0.0163 0.9861
vt 0.0165 0.9857
vt 0.0165 0.9857
vt 0.0165 0.9857
vt 0.0165 0.9857
vt 0.0165 0.9864
vt 0.0165 0.9865
vt 0.0165 0.9864
vt 0.0165 0.9865
vt 0.0157 0.9866
vt 0.0157 0.9866
vt 0.0157 0.9866
vt 0.0157 0.9866
vt 0.0165 0.9864
vt 0.0165 0.9863
vt 0.0165 0.9863
vt 0.0165 0.9864
vt 0.0162 0.9866
vt 0.0162 0.9866
vt 0.0162 0.9866
vt 0.0162 0.9866
vt 0.016 0.9867
vt 0.016 0.9866
vt 0.016 0.9866
vt 0.016 0.9867
vt 0.0165 0.9867
vt 0.0165 0.9866
vt 0.0165 0.9866
vt 0.0165 0.9867
vt 0.016 0.9865
vt 0.016 0.9866
vt 0.016 0.9866
vt 0.016 0.9865
vt 0.0163 0.9859
vt 0.0162 0.9859
vt 0.0163 0.9859
vt 0.0163 0.9859
vt 0.016 0.9864
vt 0.016 0.9865
vt 0.016 0.9864
vt 0.016 0.9865
vt 0.0161 0.9865
vt 0.0161 0.9865
vt 0.0161 0.9865
vt 0.0161 0.9866
vt 0.0162 0.9858
vt 0.0163 0.9857
vt 0.0163 0.9857
vt 0.0163 0.9858
vt 0.0162 0.9859
vt 0.0162 0.9858
vt 0.0163 0.9858
vt 0.0163 0.9859
vt 0.0164 0.9865
vt 0.0164 0.9866
vt 0.0164 0.9866
vt 0.0164 0.9865
vt 0.0161 0.9865
vt 0.016 0.9864
vt 0.0161 0.9864
vt 0.0161 0.9865
vt 0.0164 0.9863
vt 0.0164 0.9864
vt 0.0164 0.9864
vt 0.0164 0.9863
vt 0.0164 0.9864
vt 0.0164 0.9865
vt 0.0164 0.9865
vt 0.0164 0.9864
vn 0 -0.006 -1
vn 0 -0.006 -1
vn 0 -0.006 -1
vn 0 -0.006 -1
vn 0 1 0
vn 0 1 0
vn 0 1 0
vn 0 1 0
vn -1 0 0
vn -1 0 0
vn -1 0 0
vn -1 0 0
vn 0 -0.006 1
vn 0 -0.006 1
vn 0 -0.006 1
vn 0 -0.006 1
vn 0 -1 0
vn 0 -1 0
vn 0 -1 0
vn 0 -1 0
vn 0 0 1
vn 0 0 1
vn 0 0 1
vn 0 0 1
vn 1 0 0
vn 1 0 0
vn 1 0 0
vn 1 0 0
vn 0 0 -1
vn 0 0 -1
vn 0 0 -1
vn 0 0 -1
vn 0 0 -1
vn 0 0 1
vn 0 0 1
vn 0 0 1
vn 0 0 1
vn -1 0 0
vn -1 0 0
vn -1 0 0
vn -1 0 0
vn -0.299 0.954 0
vn -0.299 0.954 0
vn -0.299 0.954 0
vn -0.299 0.954 0
vn 0 -1 0
vn 0 -1 0
vn 0 -1 0
vn 0 -1 0
vn 0 -1 0
vn 0.299 0.954 0
vn 0.299 0.954 0
vn 0.299 0.954 0
vn 0.299 0.954 0
vn 0 0 -1
vn 0 0 -1
vn 0 0 -1
vn 0 1 0
vn 0 1 0
vn 0 1 0
vn 0 1 0
vn 0 -1 0
vn 0 -1 0
vn 0 -1 0
vn 1 0 0
vn 1 0 0
vn 1 0 0
vn 1 0 0
vn 0.707 -0.006 -0.707
vn 0.707 -0.006 -0.707
vn 0.707 -0.006 -0.707
vn 0.707 -0.006 -0.707
vn 0 1 0
vn 0 1 0
vn 0 1 0
vn 0 1 0
vn -0.707 0 -0.707
vn -0.707 0 -0.707
vn -0.707 0 -0.707
vn -0.707 0 -0.707
vn -0.707 -0.006 0.707
vn -0.707 -0.006 0.707
vn -0.707 -0.006 0.707
vn -0.707 -0.006 0.707
vn 0 -1 0
vn 0 -1 0
vn 0 -1 0
vn 0 -1 0
vn -0.707 0 0.707
vn -0.707 0 0.707
vn -0.707 0 0.707
vn -0.707 0 0.707
vn -0.707 0 0.707
vn -0.707 0 0.707
vn 0.707 0 0.707
vn 0.707 0 0.707
vn 0.707 0 0.707
vn 0.707 0 0.707
vn 0.707 0 -0.707
vn 0.707 0 -0.707
vn 0.707 0 -0.707
vn 0.707 0 -0.707
vn -0.707 0 0.707
vn -0.707 0 0.707
vn -0.707 0 -0.707
vn -0.707 0 -0.707
vn -0.707 0 -0.707
vn -0.707 0 -0.707
vn -0.212 0.954 -0.212
vn -0.212 0.954 -0.212
vn -0.212 0.954 -0.212
vn -0.212 0.954 -0.212
vn 0 -1 0
vn 0 -1 0
vn 0 -1 0
vn 0 -1 0
vn 0 -1 0
vn 0.212 0.954 0.212
vn 0.212 0.954 0.212
vn 0.212 0.954 0.212
vn 0.212 0.954 0.212
vn 0.707 0 -0.707
vn 0.707 0 -0.707
vn 0.707 0 -0.707
vn 0.707 0 -0.707
vn 0 1 0
vn 0 1 0
vn 0 1 0
vn 0 1 0
vn 0 -1 0
vn 0 -1 0
vn 0 -1 0
vn 0.707 0 0.707
vn 0.707 0 0.707
vn 0.707 0 0.707
vn 0.707 0 0.707
vn -1 -0.006 0
vn -1 -0.006 0
vn -1 -0.006 0
vn -1 -0.006 0
vn 0 1 0
vn 0 1 0
vn 0 1 0
vn 0 1 0
vn 0 0 1
vn 0 0 1
vn 0 0 1
vn 0 0 1
vn 1 -0.006 0
vn 1 -0.006 0
vn 1 -0.006 0
vn 1 -0.006 0
vn 0 -1 0
vn 0 -1 0
vn 0 -1 0
vn 0 -1 0
vn 1 0 0
vn 1 0 0
vn 1 0 0
vn 1 0 0
vn 1 0 0
vn 1 0 0
vn 0 0 -1
vn 0 0 -1
vn 0 0 -1
vn 0 0 -1
vn -1 0 0
vn -1 0 0
vn -1 0 0
vn -1 0 0
vn -1 0 0
vn -1 0 0
vn 1 0 0
vn 1 0 0
vn 0 0 1
vn 0 0 1
vn 0 0 1
vn 0 0 1
vn 0 0.954 0.299
vn 0 0.954 0.299
vn 0 0.954 0.299
vn 0 0.954 0.299
vn 0 -1 0
vn 0 -1 0
vn 0 -1 0
vn 0 -1 0
vn 0 -1 0
vn 0 -1 0
vn 0 0.954 -0.299
vn 0 0.954 -0.299
vn 0 0.954 -0.299
vn 0 0.954 -0.299
vn -1 0 0
vn -1 0 0
vn 0 1 0
vn 0 1 0
vn 0 1 0
vn 0 1 0
vn 0 -1 0
vn 0 -1 0
vn 0 0 -1
vn 0 0 -1
vn 0 0 -1
vn 0 0 -1
vn -0.707 -0.006 0.707
vn -0.707 -0.006 0.707
vn -0.707 -0.006 0.707
vn -0.707 -0.006 0.707
vn 0 1 0
vn 0 1 0
vn 0 1 0
vn 0 1 0
vn 0.707 0 0.707
vn 0.707 0 0.707
vn 0.707 0 0.707
vn 0.707 0 0.707
vn 0.707 -0.006 -0.707
vn 0.707 -0.006 -0.707
vn 0.707 -0.006 -0.707
vn 0.707 -0.006 -0.707
vn 0 -1 0
vn 0 -1 0
vn 0 -1 0
vn 0 -1 0
vn 0.707 0 -0.707
vn 0.707 0 -0.707
vn 0.707 0 -0.707
vn 0.707 0 -0.707
vn 0.707 0 -0.707
vn 0.707 0 -0.707
vn -0.707 0 -0.707
vn -0.707 0 -0.707
vn -0.707 0 -0.707
vn -0.707 0 -0.707
vn -0.707 0 0.707
vn -0.707 0 0.707
vn -0.707 0 0.707
vn -0.707 0 0.707
vn -0.707 0 0.707
vn -0.707 0 0.707
vn 0.707 0 -0.707
vn 0.707 0 -0.707
vn 0.707 0 0.707
vn 0.707 0 0.707
vn 0.707 0 0.707
vn 0.707 0 0.707
vn 0.212 0.954 0.212
vn 0.212 0.954 0.212
vn 0.212 0.954 0.212
vn 0.212 0.954 0.212
vn 0 -1 0
vn 0 -1 0
vn 0 -1 0
vn 0 -1 0
vn 0 -1 0
vn 0 -1 0
vn -0.212 0.954 -0.212
vn -0.212 0.954 -0.212
vn -0.212 0.954 -0.212
vn -0.212 0.954 -0.212
vn -0.707 0 0.707
vn -0.707 0 0.707
vn 0 1 0
vn 0 1 0
vn 0 1 0
vn 0 1 0
vn 0 -1 0
vn 0 -1 0
vn -0.707 0 -0.707
vn -0.707 0 -0.707
vn -0.707 0 -0.707
vn -0.707 0 -0.707
vn 0 -0.006 1
vn 0 -0.006 1
vn 0 -0.006 1
vn 0 -0.006 1
vn 0 1 0
vn 0 1 0
vn 0 1 0
vn 0 1 0
vn 1 0 0
vn 1 0 0
vn 1 0 0
vn 1 0 0
vn 0 -0.006 -1
vn 0 -0.006 -1
vn 0 -0.006 -1
vn 0 -0.006 -1
vn 0 -1 0
vn 0 -1 0
vn 0 -1 0
vn 0 -1 0
vn 0 0 -1
vn 0 0 -1
vn 0 0 -1
vn 0 0 -1
vn 0 0 -1
vn -1 0 0
vn -1 0 0
vn -1 0 0
vn -1 0 0
vn 0 0 1
vn 0 0 1
vn 0 0 1
vn 0 0 1
vn 0 0 1
vn 0 0 1
vn 0 0 -1
vn 0 0 -1
vn 0 0 -1
vn 1 0 0
vn 1 0 0
vn 1 0 0
vn 1 0 0
vn 0.299 0.954 0
vn 0.299 0.954 0
vn 0.299 0.954 0
vn 0.299 0.954 0
vn 0 -1 0
vn 0 -1 0
vn 0 -1 0
vn 0 -1 0
vn -0.299 0.954 0
vn -0.299 0.954 0
vn -0.299 0.954 0
vn -0.299 0.954 0
vn 0 0 1
vn 0 0 1
vn 0 1 0
vn 0 1 0
vn 0 1 0
vn 0 1 0
vn 0 -1 0
vn 0 -1 0
vn 0 -1 0
vn 0 -1 0
vn -1 0 0
vn -1 0 0
vn -1 0 0
vn -1 0 0
vn 0.707 -0.006 0.707
vn 0.707 -0.006 0.707
vn 0.707 -0.006 0.707
vn 0.707 -0.006 0.707
vn 0 1 0
vn 0 1 0
vn 0 1 0
vn 0 1 0
vn 0.707 0 -0.707
vn 0.707 0 -0.707
vn 0.707 0 -0.707
vn 0.707 0 -0.707
vn -0.707 -0.006 -0.707
vn -0.707 -0.006 -0.707
vn -0.707 -0.006 -0.707
vn -0.707 -0.006 -0.707
vn 0 -1 0
vn 0 -1 0
vn 0 -1 0
vn 0 -1 0
vn -0.707 0 -0.707
vn -0.707 0 -0.707
vn -0.707 0 -0.707
vn -0.707 0 -0.707
vn -0.707 0 -0.707
vn -0.707 0 -0.707
vn -0.707 0 0.707
vn -0.707 0 0.707
vn -0.707 0 0.707
vn -0.707 0 0.707
vn 0.707 0 0.707
vn 0.707 0 0.707
vn 0.707 0 0.707
vn 0.707 0 0.707
vn -0.707 0 -0.707
vn -0.707 0 -0.707
vn 0.707 0 -0.707
vn 0.707 0 -0.707
vn 0.707 0 -0.707
vn 0.707 0 -0.707
vn 0.212 0.954 -0.212
vn 0.212 0.954 -0.212
vn 0.212 0.954 -0.212
vn 0.212 0.954 -0.212
vn 0 -1 0
vn 0 -1 0
vn 0 -1 0
vn 0 -1 0
vn 0 -1 0
vn -0.212 0.954 0.212
vn -0.212 0.954 0.212
vn -0.212 0.954 0.212
vn -0.212 0.954 0.212
vn 0.707 0 0.707
vn 0.707 0 0.707
vn 0.707 0 0.707
vn 0.707 0 0.707
vn 0 1 0
vn 0 1 0
vn 0 1 0
vn 0 1 0
vn 0 -1 0
vn 0 -1 0
vn 0 -1 0
vn -0.707 0 0.707
vn -0.707 0 0.707
vn -0.707 0 0.707
vn -0.707 0 0.707
vn 1 -0.006 0
vn 1 -0.006 0
vn 1 -0.006 0
vn 1 -0.006 0
vn 0 1 0
vn 0 1 0
vn 0 1 0
vn 0 1 0
vn 0 0 -1
vn 0 0 -1
vn 0 0 -1
vn 0 0 -1
vn -1 -0.006 0
vn -1 -0.006 0
vn -1 -0.006 0
vn -1 -0.006 0
vn 0 -1 0
vn 0 -1 0
vn 0 -1 0
vn 0 -1 0
vn -1 0 0
vn -1 0 0
vn -1 0 0
vn -1 0 0
vn -1 0 0
vn -1 0 0
vn 0 0 1
vn 0 0 1
vn 0 0 1
vn 0 0 1
vn 1 0 0
vn 1 0 0
vn 1 0 0
vn 1 0 0
vn -1 0 0
vn -1 0 0
vn 0 0 -1
vn 0 0 -1
vn 0 0 -1
vn 0 0 -1
vn 0 0.954 -0.299
vn 0 0.954 -0.299
vn 0 0.954 -0.299
vn 0 0.954 -0.299
vn 0 -1 0
vn 0 -1 0
vn 0 -1 0
vn 0 -1 0
vn 0 -1 0
vn 0 -1 0
vn 0 0.954 0.299
vn 0 0.954 0.299
vn 0 0.954 0.299
vn 0 0.954 0.299
vn 1 0 0
vn 1 0 0
vn 1 0 0
vn 1 0 0
vn 0 1 0
vn 0 1 0
vn 0 1 0
vn 0 1 0
vn 0 -1 0
vn 0 -1 0
vn 0 0 1
vn 0 0 1
vn 0 0 1
vn 0 0 1
vn -0.21 0.836 0.507
vn -0.305 0.836 0.456
vn -0.21 0.836 0.507
vn -0.305 0.836 0.456
vn -0.107 0.836 0.538
vn -0.388 0.836 0.388
vn 0.21 0.836 0.507
vn 0.305 0.836 0.456
vn 0.21 0.836 0.507
vn 0.388 0.836 0.388
vn 0.305 0.836 0.456
vn 0.107 0.836 0.538
vn 0.107 0.836 0.538
vn 0 0.836 -0.549
vn 0.107 0.836 -0.538
vn 0 0.836 -0.549
vn 0.21 0.836 -0.507
vn 0.21 0.836 -0.507
vn -0.107 0.836 -0.538
vn 0.107 0.836 -0.538
vn -0.388 0.836 0.388
vn -0.456 0.836 0.305
vn 0 0.836 0.549
vn 0 0.836 0.549
vn -0.507 0.836 0.21
vn -0.456 0.836 0.305
vn -0.107 0.836 0.538
vn 0.305 0.836 -0.456
vn 0.388 0.836 -0.388
vn 0.388 0.836 -0.388
vn 0.305 0.836 -0.456
vn -0.538 0.836 0.107
vn -0.538 0.836 0.107
vn -0.507 0.836 0.21
vn 0.456 0.836 -0.305
vn 0.456 0.836 -0.305
vn -0.549 0.836 0
vn 0.507 0.836 -0.21
vn -0.549 0.836 0
vn -0.538 0.836 -0.107
vn 0.507 0.836 -0.21
vn 0.538 0.836 -0.107
vn 0.538 0.836 -0.107
vn -0.538 0.836 -0.107
vn -0.507 0.836 -0.21
vn 0.549 0.836 0
vn 0.549 0.836 0
vn -0.507 0.836 -0.21
vn -0.456 0.836 -0.305
vn 0.538 0.836 0.107
vn 0.538 0.836 0.107
vn -0.456 0.836 -0.305
vn -0.388 0.836 -0.388
vn 0.507 0.836 0.21
vn -0.388 0.836 -0.388
vn -0.305 0.836 -0.456
vn -0.305 0.836 -0.456
vn 0.507 0.836 0.21
vn 0.456 0.836 0.305
vn -0.21 0.836 -0.507
vn 0.456 0.836 0.305
vn 0.388 0.836 0.388
vn -0.21 0.836 -0.507
vn -0.107 0.836 -0.538
vn 0.546 -0.18 -0.818
vn 0.376 -0.18 -0.909
vn 0.376 -0.18 -0.909
vn 0.546 -0.18 -0.818
vn 0.192 -0.18 -0.965
vn 0.192 -0.18 -0.965
vn -0.546 -0.18 -0.818
vn -0.376 -0.18 -0.909
vn -0.376 -0.18 -0.909
vn -0.546 -0.18 -0.818
vn -0.192 -0.18 -0.965
vn -0.192 -0.18 -0.965
vn 0 -0.18 0.984
vn -0.192 -0.18 0.965
vn 0 -0.18 0.984
vn 0.192 -0.18 0.965
vn 0.192 -0.18 0.965
vn -0.192 -0.18 0.965
vn -0.376 -0.18 0.909
vn 0.696 -0.18 -0.696
vn 0.696 -0.18 -0.696
vn 0.818 -0.18 -0.546
vn 0.818 -0.18 -0.546
vn 0 -0.18 -0.984
vn 0 -0.18 -0.984
vn -0.376 -0.18 0.909
vn -0.546 -0.18 0.818
vn -0.546 -0.18 0.818
vn 0.909 -0.18 -0.376
vn 0.909 -0.18 -0.376
vn -0.696 -0.18 0.696
vn -0.696 -0.18 0.696
vn 0.965 -0.18 -0.192
vn 0.909 -0.18 -0.376
vn 0.965 -0.18 -0.192
vn 0.984 -0.18 0
vn 0.984 -0.18 0
vn 0.909 -0.18 -0.376
vn -0.696 -0.18 0.696
vn -0.818 -0.18 0.546
vn -0.818 -0.18 0.546
vn -0.696 -0.18 0.696
vn -0.909 -0.18 0.376
vn -0.909 -0.18 0.376
vn 0.965 -0.18 0.192
vn -0.965 -0.18 0.192
vn -0.965 -0.18 0.192
vn 0.965 -0.18 0.192
vn 0.909 -0.18 0.376
vn -0.984 -0.18 0
vn -0.984 -0.18 0
vn 0.909 -0.18 0.376
vn 0.818 -0.18 0.546
vn -0.965 -0.18 -0.192
vn -0.965 -0.18 -0.192
vn 0.818 -0.18 0.546
vn 0.696 -0.18 0.696
vn -0.909 -0.18 -0.376
vn -0.909 -0.18 -0.376
vn 0.546 -0.18 0.818
vn 0.546 -0.18 0.818
vn 0.696 -0.18 0.696
vn -0.818 -0.18 -0.546
vn -0.818 -0.18 -0.546
vn -0.696 -0.18 -0.696
vn -0.696 -0.18 -0.696
vn 0.376 -0.18 0.909
vn 0.546 -0.18 0.818
vn 0.546 -0.18 0.818
vn 0.376 -0.18 0.909
vn -0.546 -0.18 -0.818
vn -0.546 -0.18 -0.818
vn 0.163 0.981 0.109
vn 0.181 0.981 0.075
vn 0.181 0.981 0.075
vn 0.138 0.981 0.138
vn 0.138 0.981 0.138
vn 0.163 0.981 0.109
vn 0.192 0.981 0.038
vn 0.027 -0.991 0.134
vn 0.027 -0.991 0.134
vn 0 -0.991 0.136
vn 0.052 -0.991 0.126
vn -0.027 -0.991 0.134
vn -0.027 -0.991 0.134
vn 0 -0.991 0.136
vn -0.126 -0.991 0.052
vn -0.134 -0.991 0.027
vn -0.126 -0.991 0.052
vn -0.113 -0.991 0.076
vn -0.113 -0.991 0.076
vn -0.096 -0.991 0.096
vn -0.096 -0.991 0.096
vn 0.109 0.981 0.163
vn 0.109 0.981 0.163
vn -0.134 -0.991 0.027
vn 0.075 0.981 0.181
vn 0.075 0.981 0.181
vn -0.136 -0.991 0
vn -0.136 -0.991 0
vn -0.134 -0.991 -0.027
vn -0.134 -0.991 -0.027
vn 0.038 0.981 0.192
vn 0.038 0.981 0.192
vn -0.126 -0.991 -0.052
vn -0.126 -0.991 -0.052
vn 0 0.981 0.196
vn 0 0.981 0.196
vn -0.113 -0.991 -0.076
vn -0.113 -0.991 -0.076
vn -0.096 -0.991 -0.096
vn -0.096 -0.991 -0.096
vn -0.038 0.981 0.192
vn -0.038 0.981 0.192
vn -0.075 0.981 0.181
vn -0.076 -0.991 -0.113
vn -0.109 0.981 0.163
vn -0.109 0.981 0.163
vn -0.075 0.981 0.181
vn -0.052 -0.991 -0.126
vn -0.052 -0.991 -0.126
vn -0.076 -0.991 -0.113
vn -0.138 0.981 0.138
vn -0.027 -0.991 -0.134
vn -0.027 -0.991 -0.134
vn -0.138 0.981 0.138
vn -0.163 0.981 0.109
vn 0 -0.991 -0.136
vn 0 -0.991 -0.136
vn -0.163 0.981 0.109
vn -0.181 0.981 0.075
vn -0.181 0.981 0.075
vn 0.027 -0.991 -0.134
vn 0.027 -0.991 -0.134
vn -0.192 0.981 0.038
vn -0.192 0.981 0.038
vn 0.052 -0.991 -0.126
vn 0.052 -0.991 -0.126
vn -0.196 0.981 0
vn -0.196 0.981 0
vn 0.076 -0.991 -0.113
vn 0.076 -0.991 -0.113
vn -0.192 0.981 -0.038
vn -0.192 0.981 -0.038
vn 0.096 -0.991 -0.096
vn 0.096 -0.991 -0.096
vn 0.113 -0.991 -0.076
vn 0.113 -0.991 -0.076
vn -0.181 0.981 -0.075
vn -0.181 0.981 -0.075
vn -0.163 0.981 -0.109
vn -0.163 0.981 -0.109
vn 0.126 -0.991 -0.052
vn 0.038 0.981 -0.192
vn 0.075 0.981 -0.181
vn 0.075 0.981 -0.181
vn 0.038 0.981 -0.192
vn 0 0.981 -0.196
vn 0 0.981 -0.196
vn -0.038 0.981 -0.192
vn -0.038 0.981 -0.192
vn 0.134 -0.991 -0.027
vn 0.134 -0.991 -0.027
vn 0.126 -0.991 -0.052
vn -0.138 0.981 -0.138
vn -0.138 0.981 -0.138
vn -0.109 0.981 -0.163
vn 0.109 0.981 -0.163
vn 0.109 0.981 -0.163
vn 0.136 -0.991 0
vn 0.136 -0.991 0
vn -0.075 0.981 -0.181
vn -0.075 0.981 -0.181
vn -0.109 0.981 -0.163
vn 0.138 0.981 -0.138
vn 0.138 0.981 -0.138
vn 0.134 -0.991 0.027
vn 0.134 -0.991 0.027
vn 0.126 -0.991 0.052
vn 0.126 -0.991 0.052
vn 0.163 0.981 -0.109
vn 0.163 0.981 -0.109
vn 0.181 0.981 -0.075
vn 0.181 0.981 -0.075
vn 0.113 -0.991 0.076
vn 0.113 -0.991 0.076
vn 0.192 0.981 -0.038
vn 0.192 0.981 -0.038
vn 0.096 -0.991 0.096
vn 0.096 -0.991 0.096
vn -0.052 -0.991 0.126
vn -0.052 -0.991 0.126
vn 0.196 0.981 0
vn 0.196 0.981 0
vn 0.076 -0.991 0.113
vn 0.076 -0.991 0.113
vn -0.076 -0.991 0.113
vn 0.192 0.981 0.038
vn -0.076 -0.991 0.113
vn 0.052 -0.991 0.126
vn 0 0.048 0.999
vn -0.195 0 0.981
vn 0 0 1
vn -0.195 0.048 0.98
vn -0.382 0.048 0.923
vn -0.383 0 0.924
vn 0.382 0.048 0.923
vn 0.195 0 0.981
vn 0.383 0 0.924
vn 0.195 0.048 0.98
vn 0.555 0.048 0.831
vn 0.556 0 0.831
vn 0.555 0.048 0.831
vn 0.707 0 0.707
vn 0.706 0.048 0.706
vn 0.556 0 0.831
vn 0.831 0 0.556
vn 0.831 0.048 0.555
vn 0.923 0.048 0.382
vn 0.924 0 0.383
vn 0.98 0.048 0.191
vn 0.982 0 0.191
vn 1 0 0
vn 0.999 0.048 0
vn 0.982 0 -0.191
vn 0.98 0.048 -0.191
vn -0.827 0.107 0.552
vn -0.919 0.102 0.381
vn -0.827 0.102 0.553
vn -0.919 0.107 0.38
vn -0.703 0.107 0.703
vn -0.976 0.102 0.19
vn 0.924 0 -0.383
vn 0.923 0.048 -0.382
vn 0.923 0.048 -0.382
vn 0.831 0 -0.556
vn 0.831 0.048 -0.555
vn 0.924 0 -0.383
vn 0.707 0 -0.707
vn 0.706 0.048 -0.706
vn 0.555 0.048 -0.831
vn 0.556 0 -0.831
vn 0.383 0 -0.924
vn 0.382 0.048 -0.923
vn 0.195 0 -0.981
vn 0.195 0.048 -0.98
vn 0 0 -1
vn 0 0.048 -0.999
vn -0.195 0 -0.981
vn -0.195 0.048 -0.98
vn -0.383 0 -0.924
vn -0.382 0.048 -0.923
vn -0.556 0 -0.831
vn -0.555 0.048 -0.831
vn -0.707 0 -0.707
vn -0.831 0 -0.556
vn -0.831 0.048 -0.555
vn -0.555 0.048 -0.831
vn -0.556 0 -0.831
vn -0.706 0.048 -0.706
vn -0.924 0 -0.383
vn -0.923 0.048 -0.382
vn -0.982 0 -0.191
vn -0.98 0.048 -0.191
vn -1 0 0
vn -0.999 0.048 0
vn -0.982 0 0.191
vn -0.98 0.048 0.191
vn -0.924 0 0.383
vn -0.923 0.048 0.382
vn -0.831 0 0.556
vn -0.831 0.048 0.555
vn -0.707 0 0.707
vn -0.706 0.048 0.706
vn -0.706 0.048 0.706
vn -0.556 0 0.831
vn -0.555 0.048 0.831
vn -0.707 0 0.707
vn 0 0.102 0.995
vn 0.194 0.107 0.975
vn 0 0.107 0.994
vn 0.194 0.102 0.976
vn -0.194 0.107 0.975
vn 0.38 0.107 0.919
vn 0.707 -0.708 0
vn 0.693 -0.709 0.135
vn 0.707 -0.708 0
vn 0.693 -0.709 -0.135
vn 0.693 -0.709 -0.135
vn 0.652 -0.709 -0.27
vn 0.652 -0.709 -0.27
vn 0.553 0.102 -0.827
vn 0.703 0.107 -0.703
vn 0.703 0.102 -0.703
vn 0.552 0.107 -0.827
vn 0.827 0.102 -0.553
vn 0.381 0.102 -0.919
vn 0.38 0.107 -0.919
vn 0.553 0.102 0.827
vn 0.703 0.107 0.703
vn 0.552 0.107 0.827
vn 0.703 0.102 0.703
vn 0.827 0.102 0.553
vn 0.827 0.107 0.552
vn -0.995 0.101 0
vn -0.976 0.107 -0.19
vn -0.976 0.102 -0.19
vn -0.976 0.107 0.19
vn -0.994 0.107 0
vn 0.919 0.102 0.381
vn 0.976 0.102 0.19
vn 0.919 0.107 0.38
vn 0.995 0.101 0
vn 0.976 0.107 0.19
vn 0.994 0.107 0
vn -0.703 0.102 0.703
vn -0.553 0.102 0.827
vn -0.703 0.107 0.703
vn -0.381 0.102 0.919
vn -0.552 0.107 0.827
vn 0.194 0.102 -0.976
vn 0.194 0.107 -0.975
vn 0 0.102 -0.995
vn 0 0.107 -0.994
vn -0.194 0.102 -0.976
vn -0.38 0.107 -0.919
vn -0.194 0.107 -0.975
vn -0.381 0.102 -0.919
vn -0.552 0.107 -0.827
vn 0.919 0.102 -0.381
vn 0.827 0.107 -0.552
vn 0.919 0.107 -0.38
vn -0.553 0.102 -0.827
vn -0.703 0.107 -0.703
vn -0.552 0.107 -0.827
vn -0.703 0.102 -0.703
vn -0.703 0.102 0.703
vn -0.553 0.102 -0.827
vn -0.194 0.102 0.976
vn -0.38 0.107 0.919
vn -0.919 0.107 -0.38
vn -0.827 0.107 -0.552
vn -0.919 0.102 -0.381
vn -0.827 0.102 -0.553
vn 0.381 0.102 0.919
vn 0.552 0.107 0.827
vn 0.553 0.102 0.827
vn 0.138 -0.709 0.692
vn 0.27 -0.709 0.652
vn 0.27 -0.709 0.652
vn 0 -0.709 0.705
vn 0.138 -0.709 0.692
vn 0 -0.709 0.705
vn -0.138 -0.709 0.692
vn -0.138 -0.709 0.692
vn 0.392 -0.709 0.587
vn 0.392 -0.709 0.587
vn 0.499 -0.709 0.499
vn 0.499 -0.709 0.499
vn 0.587 -0.709 0.392
vn 0.587 -0.709 0.392
vn 0.652 -0.709 0.27
vn 0.652 -0.709 0.27
vn 0.693 -0.709 0.135
vn 0.587 -0.709 -0.392
vn 0.587 -0.709 -0.392
vn 0.499 -0.709 -0.499
vn 0.392 -0.709 -0.587
vn 0.392 -0.709 -0.587
vn 0.499 -0.709 -0.499
vn 0.27 -0.709 -0.652
vn 0.27 -0.709 -0.652
vn 0.138 -0.709 -0.692
vn 0.138 -0.709 -0.692
vn 0 -0.709 -0.705
vn 0 -0.709 -0.705
vn -0.138 -0.709 -0.692
vn -0.138 -0.709 -0.692
vn -0.27 -0.709 -0.652
vn -0.27 -0.709 -0.652
vn -0.392 -0.709 -0.587
vn -0.392 -0.709 -0.587
vn -0.499 -0.709 -0.499
vn -0.499 -0.709 -0.499
vn -0.587 -0.709 -0.392
vn -0.652 -0.709 -0.27
vn -0.652 -0.709 -0.27
vn -0.587 -0.709 -0.392
vn -0.693 -0.709 -0.135
vn -0.693 -0.709 -0.135
vn -0.707 -0.708 0
vn -0.707 -0.708 0
vn -0.652 -0.709 0.27
vn -0.587 -0.709 0.392
vn -0.652 -0.709 0.27
vn -0.693 -0.709 0.135
vn -0.693 -0.709 0.135
vn -0.587 -0.709 0.392
vn -0.499 -0.709 0.499
vn -0.499 -0.709 0.499
vn -0.392 -0.709 0.587
vn -0.392 -0.709 0.587
vn -0.27 -0.709 0.652
vn -0.27 -0.709 0.652
vn 0.976 0.107 -0.19
vn 0.976 0.102 -0.19
vn 0.919 0.107 -0.38
vn 0 -1 0
vn 0 -1 0
vn 0 -1 0
vn 0 -1 0
vn 0 -1 0
vn 0 -1 0
vn 0 -1 0
vn 0 -1 0
vn 0 -1 0
vn 0 -1 0
vn 0 -1 0
vn 0 -1 0
vn 0 -1 0
vn 0 -1 0
vn 0 -1 0
vn 0 -1 0
vn 0 -1 0
vn 0 -1 0
vn 0 -1 0
vn 0 -1 0
vn 0 -1 0
vn 0 -1 0
vn 0 -1 0
vn 0 -1 0
vn 0 -1 0
vn 0 -1 0
vn 0 -1 0
vn 0 -1 0
vn 0 -1 0
vn 0 -1 0
vn 0 -1 0
vn 0 -1 0
vn 0.919 0.102 -0.381
vn 0.194 0.102 0.976
vn 0 0.048 0.999
vn 0.195 0.048 0.98
vn 0 0.102 0.995
vn -0.194 0.102 0.976
vn -0.195 0.048 0.98
vn 0.381 0.102 0.919
vn 0.382 0.048 0.923
vn 0.553 0.102 0.827
vn 0.555 0.048 0.831
vn 0.703 0.102 0.703
vn 0.831 0.048 0.555
vn 0.827 0.102 0.553
vn 0.555 0.048 0.831
vn 0.706 0.048 0.706
vn 0.553 0.102 0.827
vn 0.923 0.048 0.382
vn 0.919 0.102 0.381
vn 0.98 0.048 0.191
vn 0.976 0.102 0.19
vn 0.999 0.048 0
vn 0.995 0.101 0
vn 0.98 0.048 -0.191
vn 0.919 0.102 -0.381
vn 0.976 0.102 -0.19
vn 0.923 0.048 -0.382
vn 0.923 0.048 -0.382
vn 0.827 0.102 -0.553
vn 0.919 0.102 -0.381
vn 0.831 0.048 -0.555
vn 0.706 0.048 -0.706
vn 0.703 0.102 -0.703
vn 0.555 0.048 -0.831
vn 0.553 0.102 -0.827
vn 0.382 0.048 -0.923
vn 0.381 0.102 -0.919
vn 0.195 0.048 -0.98
vn 0.194 0.102 -0.976
vn 0 0.048 -0.999
vn 0 0.102 -0.995
vn -0.194 0.102 -0.976
vn -0.195 0.048 -0.98
vn -0.381 0.102 -0.919
vn -0.382 0.048 -0.923
vn -0.553 0.102 -0.827
vn -0.555 0.048 -0.831
vn -0.555 0.048 -0.831
vn -0.703 0.102 -0.703
vn -0.553 0.102 -0.827
vn -0.706 0.048 -0.706
vn -0.831 0.048 -0.555
vn -0.827 0.102 -0.553
vn -0.923 0.048 -0.382
vn -0.919 0.102 -0.381
vn -0.98 0.048 -0.191
vn -0.976 0.102 -0.19
vn -0.999 0.048 0
vn -0.995 0.101 0
vn -0.98 0.048 0.191
vn -0.923 0.048 0.382
vn -0.919 0.102 0.381
vn -0.827 0.102 0.553
vn -0.976 0.102 0.19
vn -0.831 0.048 0.555
vn -0.706 0.048 0.706
vn -0.703 0.102 0.703
vn -0.703 0.102 0.703
vn -0.555 0.048 0.831
vn -0.553 0.102 0.827
vn -0.706 0.048 0.706
vn -0.382 0.048 0.923
vn -0.381 0.102 0.919
vn -0.707 -0.006 -0.707
vn -0.707 -0.006 -0.707
vn -0.707 -0.006 -0.707
vn -0.707 -0.006 -0.707
vn 0 1 0
vn 0 1 0
vn 0 1 0
vn 0 1 0
vn -0.707 0 0.707
vn -0.707 0 0.707
vn -0.707 0 0.707
vn -0.707 0 0.707
vn 0.707 -0.006 0.707
vn 0.707 -0.006 0.707
vn 0.707 -0.006 0.707
vn 0.707 -0.006 0.707
vn 0 -1 0
vn 0 -1 0
vn 0 -1 0
vn 0 -1 0
vn 0.707 0 0.707
vn 0.707 0 0.707
vn 0.707 0 0.707
vn 0.707 0 0.707
vn 0.707 0 -0.707
vn 0.707 0 -0.707
vn 0.707 0 -0.707
vn 0.707 0 -0.707
vn -0.707 0 -0.707
vn -0.707 0 -0.707
vn -0.707 0 -0.707
vn -0.707 0 -0.707
vn -0.707 0 -0.707
vn -0.707 0 -0.707
vn 0.707 0 0.707
vn 0.707 0 0.707
vn 0.707 0 0.707
vn 0.707 0 0.707
vn -0.707 0 0.707
vn -0.707 0 0.707
vn -0.707 0 0.707
vn -0.707 0 0.707
vn -0.212 0.954 0.212
vn -0.212 0.954 0.212
vn -0.212 0.954 0.212
vn -0.212 0.954 0.212
vn 0 -1 0
vn 0 -1 0
vn 0 -1 0
vn 0 -1 0
vn 0 -1 0
vn 0 -1 0
vn 0.212 0.954 -0.212
vn 0.212 0.954 -0.212
vn 0.212 0.954 -0.212
vn 0.212 0.954 -0.212
vn -0.707 0 -0.707
vn -0.707 0 -0.707
vn 0 1 0
vn 0 1 0
vn 0 1 0
vn 0 1 0
vn 0 -1 0
vn 0 -1 0
vn 0.707 0 -0.707
vn 0.707 0 -0.707
vn 0.707 0 -0.707
vn 0.707 0 -0.707
vn 0 1 0
vn 0 1 0
vn 0 1 0
vn 0 1 0
vn 0 1 0
vn 0 1 0
vn 0 1 0
vn 0 1 0
vn 0 1 0
vn 0 1 0
vn 0 1 0
vn 0 1 0
vn 0 1 0
vn 0 1 0
vn 0 1 0
vn 0 1 0
vn 0 1 0
vn 0 1 0
vn 0 1 0
vn 0 1 0
vn 0 1 0
vn 0 1 0
vn 0 1 0
vn 0 1 0
vn 0 1 0
vn 0 1 0
vn 0 1 0
vn 0 1 0
vn 0 1 0
vn 0 1 0
vn 0 1 0
vn 0 1 0
vn 0.991 0.132 0
vn 0.991 0.132 0
vn 0.991 0.132 0
vn 0.306 0.132 0.943
vn 0.306 0.132 0.943
vn 0.306 0.132 0.943
vn -0.802 0.132 0.583
vn -0.802 0.132 0.583
vn -0.802 0.132 0.583
vn -0.802 0.132 -0.583
vn -0.802 0.132 -0.583
vn -0.802 0.132 -0.583
vn 0.306 0.132 -0.943
vn 0.306 0.132 -0.943
vn 0.306 0.132 -0.943
vn 0.885 0.345 0.313
vn 0.885 0.345 0.313
vn 0.885 0.345 0.313
vn 0.793 0.196 0.576
vn 0.793 0.196 0.576
vn 0.793 0.196 0.576
vn 0.571 0.345 0.745
vn 0.571 0.345 0.745
vn 0.571 0.345 0.745
vn -0.025 0.345 0.938
vn -0.025 0.345 0.938
vn -0.025 0.345 0.938
vn -0.303 0.196 0.933
vn -0.303 0.196 0.933
vn -0.303 0.196 0.933
vn -0.532 0.345 0.774
vn -0.532 0.345 0.774
vn -0.532 0.345 0.774
vn -0.9 0.345 0.267
vn -0.9 0.345 0.267
vn -0.9 0.345 0.267
vn -0.981 0.196 0
vn -0.981 0.196 0
vn -0.981 0.196 0
vn -0.9 0.345 -0.267
vn -0.9 0.345 -0.267
vn -0.9 0.345 -0.267
vn -0.532 0.345 -0.774
vn -0.532 0.345 -0.774
vn -0.532 0.345 -0.774
vn -0.303 0.196 -0.933
vn -0.303 0.196 -0.933
vn -0.303 0.196 -0.933
vn -0.025 0.345 -0.938
vn -0.025 0.345 -0.938
vn -0.025 0.345 -0.938
vn 0.571 0.345 -0.745
vn 0.571 0.345 -0.745
vn 0.571 0.345 -0.745
vn 0.793 0.196 -0.576
vn 0.793 0.196 -0.576
vn 0.793 0.196 -0.576
vn 0.885 0.345 -0.313
vn 0.885 0.345 -0.313
vn 0.885 0.345 -0.313
vn 0.709 0.679 0.191
vn 0.709 0.679 0.191
vn 0.709 0.679 0.191
vn 0.476 0.808 0.346
vn 0.476 0.808 0.346
vn 0.476 0.808 0.346
vn 0.257 0.948 0.187
vn 0.257 0.948 0.187
vn 0.257 0.948 0.187
vn 0.038 0.679 0.733
vn 0.038 0.679 0.733
vn 0.038 0.679 0.733
vn -0.182 0.808 0.56
vn -0.182 0.808 0.56
vn -0.182 0.808 0.56
vn -0.098 0.948 0.302
vn -0.098 0.948 0.302
vn -0.098 0.948 0.302
vn -0.685 0.679 0.262
vn -0.685 0.679 0.262
vn -0.685 0.679 0.262
vn -0.589 0.808 0
vn -0.589 0.808 0
vn -0.589 0.808 0
vn -0.317 0.948 0
vn -0.317 0.948 0
vn -0.317 0.948 0
vn -0.461 0.679 -0.571
vn -0.461 0.679 -0.571
vn -0.461 0.679 -0.571
vn -0.182 0.808 -0.56
vn -0.182 0.808 -0.56
vn -0.182 0.808 -0.56
vn -0.098 0.948 -0.302
vn -0.098 0.948 -0.302
vn -0.098 0.948 -0.302
vn 0.4 0.679 -0.615
vn 0.4 0.679 -0.615
vn 0.4 0.679 -0.615
vn 0.476 0.808 -0.346
vn 0.476 0.808 -0.346
vn 0.476 0.808 -0.346
vn 0.257 0.948 -0.187
vn 0.257 0.948 -0.187
vn 0.257 0.948 -0.187
vn 0.709 0.679 -0.191
vn 0.709 0.679 -0.191
vn 0.709 0.679 -0.191
vn 0.038 0.679 -0.733
vn 0.038 0.679 -0.733
vn 0.038 0.679 -0.733
vn -0.685 0.679 -0.262
vn -0.685 0.679 -0.262
vn -0.685 0.679 -0.262
vn -0.461 0.679 0.571
vn -0.461 0.679 0.571
vn -0.461 0.679 0.571
vn 0.4 0.679 0.615
vn 0.4 0.679 0.615
vn 0.4 0.679 0.615
vn 0.428 -0.58 0.693
vn 0.428 -0.58 0.693
vn 0.428 -0.58 0.693
vn 0.428 -0.58 0.693
vn 0.4 0.679 0.615
vn 0.4 0.679 0.615
vn 0.4 0.679 0.615
vn 0.4 0.679 0.615
vn 0.4 0.679 0.615
vn 0.4 0.679 0.615
vn 0.213 -0.95 -0.23
vn 0.213 -0.95 -0.23
vn 0.213 -0.95 -0.23
vn 0.213 -0.95 -0.23
vn -0.461 0.679 0.571
vn -0.461 0.679 0.571
vn -0.461 0.679 0.571
vn -0.461 0.679 0.571
vn -0.461 0.679 0.571
vn -0.461 0.679 0.571
vn 0.155 0.791 0.592
vn 0.155 0.791 0.592
vn 0.155 0.791 0.592
vn 0.155 0.791 0.592
vn -0.685 0.679 -0.262
vn -0.685 0.679 -0.262
vn -0.685 0.679 -0.262
vn -0.685 0.679 -0.262
vn -0.685 0.679 -0.262
vn -0.685 0.679 -0.262
vn -0.527 -0.58 -0.621
vn -0.527 -0.58 -0.621
vn -0.527 -0.58 -0.621
vn -0.527 -0.58 -0.621
vn 0.038 0.679 -0.733
vn 0.038 0.679 -0.733
vn 0.038 0.679 -0.733
vn 0.038 0.679 -0.733
vn 0.038 0.679 -0.733
vn 0.038 0.679 -0.733
vn 0.179 0.431 0.884
vn 0.179 0.431 0.884
vn 0.179 0.431 0.884
vn 0.179 0.431 0.884
vn 0.709 0.679 -0.191
vn 0.709 0.679 -0.191
vn 0.709 0.679 -0.191
vn 0.709 0.679 -0.191
vn 0.709 0.679 -0.191
vn 0.709 0.679 -0.191
vn -0.524 -0.22 0.823
vn -0.524 -0.22 0.823
vn -0.524 -0.22 0.823
vn -0.524 -0.22 0.823
vn 0.257 0.948 -0.187
vn 0.257 0.948 -0.187
vn 0.257 0.948 -0.187
vn 0.257 0.948 -0.187
vn 0.257 0.948 -0.187
vn 0.257 0.948 -0.187
vn 0.085 0.994 -0.062
vn 0.085 0.994 -0.062
vn 0.085 0.994 -0.062
vn 0.085 0.994 -0.062
vn 0.476 0.808 -0.346
vn 0.476 0.808 -0.346
vn 0.476 0.808 -0.346
vn 0.476 0.808 -0.346
vn 0.476 0.808 -0.346
vn 0.476 0.808 -0.346
vn 0.375 0.431 0.821
vn 0.375 0.431 0.821
vn 0.375 0.431 0.821
vn 0.375 0.431 0.821
vn 0.4 0.679 -0.615
vn 0.4 0.679 -0.615
vn 0.4 0.679 -0.615
vn 0.4 0.679 -0.615
vn 0.4 0.679 -0.615
vn 0.4 0.679 -0.615
vn -0.524 -0.22 -0.823
vn -0.524 -0.22 -0.823
vn -0.524 -0.22 -0.823
vn -0.524 -0.22 -0.823
vn -0.098 0.948 -0.302
vn -0.098 0.948 -0.302
vn -0.098 0.948 -0.302
vn -0.098 0.948 -0.302
vn -0.098 0.948 -0.302
vn -0.098 0.948 -0.302
vn -0.308 -0.95 -0.061
vn -0.308 -0.95 -0.061
vn -0.308 -0.95 -0.061
vn -0.308 -0.95 -0.061
vn -0.182 0.808 -0.56
vn -0.182 0.808 -0.56
vn -0.182 0.808 -0.56
vn -0.182 0.808 -0.56
vn -0.182 0.808 -0.56
vn -0.182 0.808 -0.56
vn 0.922 0.387 0
vn 0.922 0.387 0
vn 0.922 0.387 0
vn 0.922 0.387 0
vn -0.461 0.679 -0.571
vn -0.461 0.679 -0.571
vn -0.461 0.679 -0.571
vn -0.461 0.679 -0.571
vn -0.461 0.679 -0.571
vn -0.461 0.679 -0.571
vn -0.452 -0.145 0.88
vn -0.452 -0.145 0.88
vn -0.452 -0.145 0.88
vn -0.452 -0.145 0.88
vn -0.317 0.948 0
vn -0.317 0.948 0
vn -0.317 0.948 0
vn -0.317 0.948 0
vn -0.317 0.948 0
vn -0.317 0.948 0
vn -0.105 0.494 -0.863
vn -0.105 0.494 -0.863
vn -0.105 0.494 -0.863
vn -0.105 0.494 -0.863
vn -0.589 0.808 0
vn -0.589 0.808 0
vn -0.589 0.808 0
vn -0.589 0.808 0
vn -0.589 0.808 0
vn -0.589 0.808 0
vn 0.594 -0.583 -0.554
vn 0.594 -0.583 -0.554
vn 0.594 -0.583 -0.554
vn 0.594 -0.583 -0.554
vn -0.685 0.679 0.262
vn -0.685 0.679 0.262
vn -0.685 0.679 0.262
vn -0.685 0.679 0.262
vn -0.685 0.679 0.262
vn -0.685 0.679 0.262
vn -0.155 -0.583 -0.798
vn -0.155 -0.583 -0.798
vn -0.155 -0.583 -0.798
vn -0.155 -0.583 -0.798
vn -0.098 0.948 0.302
vn -0.098 0.948 0.302
vn -0.098 0.948 0.302
vn -0.098 0.948 0.302
vn -0.098 0.948 0.302
vn -0.098 0.948 0.302
vn -0.527 -0.58 0.621
vn -0.527 -0.58 0.621
vn -0.527 -0.58 0.621
vn -0.527 -0.58 0.621
vn -0.182 0.808 0.56
vn -0.182 0.808 0.56
vn -0.182 0.808 0.56
vn -0.182 0.808 0.56
vn -0.182 0.808 0.56
vn -0.182 0.808 0.56
vn -0.152 -0.145 0.978
vn -0.152 -0.145 0.978
vn -0.152 -0.145 0.978
vn -0.152 -0.145 0.978
vn 0.038 0.679 0.733
vn 0.038 0.679 0.733
vn 0.038 0.679 0.733
vn 0.038 0.679 0.733
vn 0.038 0.679 0.733
vn 0.038 0.679 0.733
vn 0.611 0.791 0.035
vn 0.611 0.791 0.035
vn 0.611 0.791 0.035
vn 0.611 0.791 0.035
vn 0.257 0.948 0.187
vn 0.257 0.948 0.187
vn 0.257 0.948 0.187
vn 0.257 0.948 0.187
vn 0.257 0.948 0.187
vn 0.257 0.948 0.187
vn 0.428 -0.58 -0.693
vn 0.428 -0.58 -0.693
vn 0.428 -0.58 -0.693
vn 0.428 -0.58 -0.693
vn 0.476 0.808 0.346
vn 0.476 0.808 0.346
vn 0.476 0.808 0.346
vn 0.476 0.808 0.346
vn 0.476 0.808 0.346
vn 0.476 0.808 0.346
vn -0.515 0.791 -0.331
vn -0.515 0.791 -0.331
vn -0.515 0.791 -0.331
vn -0.515 0.791 -0.331
vn 0.709 0.679 0.191
vn 0.709 0.679 0.191
vn 0.709 0.679 0.191
vn 0.709 0.679 0.191
vn 0.709 0.679 0.191
vn 0.709 0.679 0.191
vn -0.807 -0.583 0.099
vn -0.807 -0.583 0.099
vn -0.807 -0.583 0.099
vn -0.807 -0.583 0.099
vn 0.885 0.345 -0.313
vn 0.885 0.345 -0.313
vn 0.885 0.345 -0.313
vn 0.885 0.345 -0.313
vn 0.885 0.345 -0.313
vn 0.885 0.345 -0.313
vn 0.085 0.994 0.062
vn 0.085 0.994 0.062
vn 0.085 0.994 0.062
vn 0.085 0.994 0.062
vn 0.793 0.196 -0.576
vn 0.793 0.196 -0.576
vn 0.793 0.196 -0.576
vn 0.793 0.196 -0.576
vn 0.793 0.196 -0.576
vn 0.793 0.196 -0.576
vn -0.082 -0.511 0.856
vn -0.082 -0.511 0.856
vn -0.082 -0.511 0.856
vn -0.082 -0.511 0.856
vn 0.571 0.345 -0.745
vn 0.571 0.345 -0.745
vn 0.571 0.345 -0.745
vn 0.571 0.345 -0.745
vn 0.571 0.345 -0.745
vn 0.571 0.345 -0.745
vn 0.697 -0.146 -0.702
vn 0.697 -0.146 -0.702
vn 0.697 -0.146 -0.702
vn 0.697 -0.146 -0.702
vn -0.025 0.345 -0.938
vn -0.025 0.345 -0.938
vn -0.025 0.345 -0.938
vn -0.025 0.345 -0.938
vn -0.025 0.345 -0.938
vn -0.025 0.345 -0.938
vn -0.082 -0.511 -0.856
vn -0.082 -0.511 -0.856
vn -0.082 -0.511 -0.856
vn -0.082 -0.511 -0.856
vn -0.303 0.196 -0.933
vn -0.303 0.196 -0.933
vn -0.303 0.196 -0.933
vn -0.303 0.196 -0.933
vn -0.303 0.196 -0.933
vn -0.303 0.196 -0.933
vn 0.222 0.791 0.57
vn 0.222 0.791 0.57
vn 0.222 0.791 0.57
vn 0.222 0.791 0.57
vn -0.532 0.345 -0.774
vn -0.532 0.345 -0.774
vn -0.532 0.345 -0.774
vn -0.532 0.345 -0.774
vn -0.532 0.345 -0.774
vn -0.532 0.345 -0.774
vn 0.697 -0.146 0.702
vn 0.697 -0.146 0.702
vn 0.697 -0.146 0.702
vn 0.697 -0.146 0.702
vn -0.9 0.345 -0.267
vn -0.9 0.345 -0.267
vn -0.9 0.345 -0.267
vn -0.9 0.345 -0.267
vn -0.9 0.345 -0.267
vn -0.9 0.345 -0.267
vn 0.158 0.987 0
vn 0.158 0.987 0
vn 0.158 0.987 0
vn 0.158 0.987 0
vn -0.981 0.196 0
vn -0.981 0.196 0
vn -0.981 0.196 0
vn -0.981 0.196 0
vn -0.981 0.196 0
vn -0.981 0.196 0
vn 0.597 -0.675 0.434
vn 0.597 -0.675 0.434
vn 0.597 -0.675 0.434
vn 0.597 -0.675 0.434
vn -0.9 0.345 0.267
vn -0.9 0.345 0.267
vn -0.9 0.345 0.267
vn -0.9 0.345 0.267
vn -0.9 0.345 0.267
vn -0.9 0.345 0.267
vn -0.807 -0.583 -0.099
vn -0.807 -0.583 -0.099
vn -0.807 -0.583 -0.099
vn -0.807 -0.583 -0.099
vn -0.532 0.345 0.774
vn -0.532 0.345 0.774
vn -0.532 0.345 0.774
vn -0.532 0.345 0.774
vn -0.532 0.345 0.774
vn -0.532 0.345 0.774
vn -0.753 -0.58 -0.309
vn -0.753 -0.58 -0.309
vn -0.753 -0.58 -0.309
vn -0.753 -0.58 -0.309
vn -0.303 0.196 0.933
vn -0.303 0.196 0.933
vn -0.303 0.196 0.933
vn -0.303 0.196 0.933
vn -0.303 0.196 0.933
vn -0.303 0.196 0.933
vn -0.81 0.343 0.476
vn -0.81 0.343 0.476
vn -0.81 0.343 0.476
vn -0.81 0.343 0.476
vn -0.025 0.345 0.938
vn -0.025 0.345 0.938
vn -0.025 0.345 0.938
vn -0.025 0.345 0.938
vn -0.025 0.345 0.938
vn -0.025 0.345 0.938
vn 0.222 0.791 -0.57
vn 0.222 0.791 -0.57
vn 0.222 0.791 -0.57
vn 0.222 0.791 -0.57
vn 0.571 0.345 0.745
vn 0.571 0.345 0.745
vn 0.571 0.345 0.745
vn 0.571 0.345 0.745
vn 0.571 0.345 0.745
vn 0.571 0.345 0.745
vn 0.791 -0.58 0.193
vn 0.791 -0.58 0.193
vn 0.791 -0.58 0.193
vn 0.791 -0.58 0.193
vn 0.793 0.196 0.576
vn 0.793 0.196 0.576
vn 0.793 0.196 0.576
vn 0.793 0.196 0.576
vn 0.793 0.196 0.576
vn 0.793 0.196 0.576
vn 0.202 0.343 -0.917
vn 0.202 0.343 -0.917
vn 0.202 0.343 -0.917
vn 0.202 0.343 -0.917
vn 0.885 0.345 0.313
vn 0.885 0.345 0.313
vn 0.885 0.345 0.313
vn 0.885 0.345 0.313
vn 0.885 0.345 0.313
vn 0.885 0.345 0.313
vn -0.228 -0.675 -0.702
vn -0.228 -0.675 -0.702
vn -0.228 -0.675 -0.702
vn -0.228 -0.675 -0.702
vn 0.306 0.132 -0.943
vn 0.306 0.132 -0.943
vn 0.306 0.132 -0.943
vn 0.306 0.132 -0.943
vn 0.306 0.132 -0.943
vn 0.306 0.132 -0.943
vn -0.033 0.994 0.1
vn -0.033 0.994 0.1
vn -0.033 0.994 0.1
vn -0.033 0.994 0.1
vn -0.802 0.132 -0.583
vn -0.802 0.132 -0.583
vn -0.802 0.132 -0.583
vn -0.802 0.132 -0.583
vn -0.802 0.132 -0.583
vn -0.802 0.132 -0.583
vn -0.105 0.494 0.863
vn -0.105 0.494 0.863
vn -0.105 0.494 0.863
vn -0.105 0.494 0.863
vn -0.802 0.132 0.583
vn -0.802 0.132 0.583
vn -0.802 0.132 0.583
vn -0.802 0.132 0.583
vn -0.802 0.132 0.583
vn -0.802 0.132 0.583
vn 0.935 0.343 0.091
vn 0.935 0.343 0.091
vn 0.935 0.343 0.091
vn 0.935 0.343 0.091
vn 0.306 0.132 0.943
vn 0.306 0.132 0.943
vn 0.306 0.132 0.943
vn 0.306 0.132 0.943
vn 0.306 0.132 0.943
vn 0.306 0.132 0.943
vn -0.308 -0.95 0.061
vn -0.308 -0.95 0.061
vn -0.308 -0.95 0.061
vn -0.308 -0.95 0.061
vn 0.991 0.132 0
vn 0.991 0.132 0
vn 0.991 0.132 0
vn 0.991 0.132 0
vn 0.991 0.132 0
vn 0.991 0.132 0
vn 0.711 -0.583 -0.394
vn 0.711 -0.583 -0.394
vn 0.711 -0.583 -0.394
vn 0.711 -0.583 -0.394
vn -0.422 0.494 -0.76
vn -0.422 0.494 -0.76
vn -0.422 0.494 -0.76
vn -0.422 0.494 -0.76
vn -0.665 0.431 -0.61
vn -0.665 0.431 -0.61
vn -0.665 0.431 -0.61
vn -0.665 0.431 -0.61
vn -0.977 -0.146 -0.158
vn -0.977 -0.146 -0.158
vn -0.977 -0.146 -0.158
vn -0.977 -0.146 -0.158
vn 0.376 0.343 0.861
vn 0.376 0.343 0.861
vn 0.376 0.343 0.861
vn 0.376 0.343 0.861
vn -0.037 -0.95 0.312
vn -0.037 -0.95 0.312
vn -0.037 -0.95 0.312
vn -0.037 -0.95 0.312
vn 0.376 0.343 -0.861
vn 0.376 0.343 -0.861
vn 0.376 0.343 -0.861
vn 0.376 0.343 -0.861
vn 0.788 0.494 0.366
vn 0.788 0.494 0.366
vn 0.788 0.494 0.366
vn 0.788 0.494 0.366
vn -0.033 0.994 -0.1
vn -0.033 0.994 -0.1
vn -0.033 0.994 -0.1
vn -0.033 0.994 -0.1
vn -0.738 -0.675 0
vn -0.738 -0.675 0
vn -0.738 -0.675 0
vn -0.738 -0.675 0
vn -0.128 0.988 0.093
vn -0.128 0.988 0.093
vn -0.128 0.988 0.093
vn -0.128 0.988 0.093
vn -0.753 -0.58 0.309
vn -0.753 -0.58 0.309
vn -0.753 -0.58 0.309
vn -0.753 -0.58 0.309
vn -0.515 0.791 0.331
vn -0.515 0.791 0.331
vn -0.515 0.791 0.331
vn -0.515 0.791 0.331
vn 0.569 -0.511 0.644
vn 0.569 -0.511 0.644
vn 0.569 -0.511 0.644
vn 0.569 -0.511 0.644
vn 0.791 -0.58 -0.193
vn 0.791 -0.58 -0.193
vn 0.791 -0.58 -0.193
vn 0.791 -0.58 -0.193
vn 0.594 -0.583 0.554
vn 0.594 -0.583 0.554
vn 0.594 -0.583 0.554
vn 0.594 -0.583 0.554
vn -0.437 -0.511 -0.74
vn -0.437 -0.511 -0.74
vn -0.437 -0.511 -0.74
vn -0.437 -0.511 -0.74
vn 0.049 0.988 -0.15
vn 0.049 0.988 -0.15
vn 0.049 0.988 -0.15
vn 0.049 0.988 -0.15
vn -0.152 -0.146 -0.978
vn -0.152 -0.146 -0.978
vn -0.152 -0.146 -0.978
vn -0.152 -0.146 -0.978
vn 0.611 0.791 -0.035
vn 0.611 0.791 -0.035
vn 0.611 0.791 -0.035
vn 0.611 0.791 -0.035
vn -0.839 -0.511 -0.187
vn -0.839 -0.511 -0.187
vn -0.839 -0.511 -0.187
vn -0.839 -0.511 -0.187
vn -0.452 -0.146 -0.88
vn -0.452 -0.146 -0.88
vn -0.452 -0.146 -0.88
vn -0.452 -0.146 -0.88
vn 0.789 -0.511 0.342
vn 0.789 -0.511 0.342
vn 0.789 -0.511 0.342
vn 0.789 -0.511 0.342
vn -0.105 0.994 0
vn -0.105 0.994 0
vn -0.105 0.994 0
vn -0.105 0.994 0
vn -0.155 -0.583 0.798
vn -0.155 -0.583 0.798
vn -0.155 -0.583 0.798
vn -0.155 -0.583 0.798
vn 0.592 0.494 0.637
vn 0.592 0.494 0.637
vn 0.592 0.494 0.637
vn 0.592 0.494 0.637
vn 0.061 -0.58 0.812
vn 0.061 -0.58 0.812
vn 0.061 -0.58 0.812
vn 0.061 -0.58 0.812
vn -0.746 0.387 0.542
vn -0.746 0.387 0.542
vn -0.746 0.387 0.542
vn -0.746 0.387 0.542
vn 0.285 -0.95 -0.132
vn 0.285 -0.95 -0.132
vn 0.285 -0.95 -0.132
vn 0.285 -0.95 -0.132
vn 0.061 -0.58 -0.812
vn 0.061 -0.58 -0.812
vn 0.061 -0.58 -0.812
vn 0.061 -0.58 -0.812
vn 0.908 -0.22 0.358
vn 0.908 -0.22 0.358
vn 0.908 -0.22 0.358
vn 0.908 -0.22 0.358
vn -0.786 0.431 -0.444
vn -0.786 0.431 -0.444
vn -0.786 0.431 -0.444
vn -0.786 0.431 -0.444
vn -0.853 0.494 -0.167
vn -0.853 0.494 -0.167
vn -0.853 0.494 -0.167
vn -0.853 0.494 -0.167
vn -0.06 -0.22 -0.974
vn -0.06 -0.22 -0.974
vn -0.06 -0.22 -0.974
vn -0.06 -0.22 -0.974
vn 0.285 0.387 -0.877
vn 0.285 0.387 -0.877
vn 0.285 0.387 -0.877
vn 0.285 0.387 -0.877
vn -0.153 -0.95 0.274
vn -0.153 -0.95 0.274
vn -0.153 -0.95 0.274
vn -0.153 -0.95 0.274
vn -0.944 -0.22 0.244
vn -0.944 -0.22 0.244
vn -0.944 -0.22 0.244
vn -0.944 -0.22 0.244
vn 0.896 0.431 -0.103
vn 0.896 0.431 -0.103
vn 0.896 0.431 -0.103
vn 0.896 0.431 -0.103
vn 0.621 -0.22 0.753
vn 0.621 -0.22 0.753
vn 0.621 -0.22 0.753
vn 0.621 -0.22 0.753
vn 0.896 0.431 0.103
vn 0.896 0.431 0.103
vn 0.896 0.431 0.103
vn 0.896 0.431 0.103
vn -0.81 0.343 -0.476
vn -0.81 0.343 -0.476
vn -0.81 0.343 -0.476
vn -0.81 0.343 -0.476
vn -0.153 -0.95 -0.274
vn -0.153 -0.95 -0.274
vn -0.153 -0.95 -0.274
vn -0.153 -0.95 -0.274
vn 0.202 0.343 0.917
vn 0.202 0.343 0.917
vn 0.202 0.343 0.917
vn 0.202 0.343 0.917
vn -0.853 0.494 0.167
vn -0.853 0.494 0.167
vn -0.853 0.494 0.167
vn -0.853 0.494 0.167
vn -0.786 0.431 0.444
vn -0.786 0.431 0.444
vn -0.786 0.431 0.444
vn -0.786 0.431 0.444
vn 0.597 -0.675 -0.434
vn 0.597 -0.675 -0.434
vn 0.597 -0.675 -0.434
vn 0.597 -0.675 -0.434
vn 0.935 0.343 -0.091
vn 0.935 0.343 -0.091
vn 0.935 0.343 -0.091
vn 0.935 0.343 -0.091
vn 0.285 -0.95 0.132
vn 0.285 -0.95 0.132
vn 0.285 -0.95 0.132
vn 0.285 -0.95 0.132
vn -0.703 0.343 -0.623
vn -0.703 0.343 -0.623
vn -0.703 0.343 -0.623
vn -0.703 0.343 -0.623
vn 0.592 0.494 -0.637
vn 0.592 0.494 -0.637
vn 0.592 0.494 -0.637
vn 0.592 0.494 -0.637
vn -0.228 -0.675 0.702
vn -0.228 -0.675 0.702
vn -0.228 -0.675 0.702
vn -0.228 -0.675 0.702
vn 0.049 0.987 0.15
vn 0.049 0.987 0.15
vn 0.049 0.987 0.15
vn 0.049 0.987 0.15
vn -0.474 0.791 0.388
vn -0.474 0.791 0.388
vn -0.474 0.791 0.388
vn -0.474 0.791 0.388
vn 0.789 -0.511 -0.342
vn 0.789 -0.511 -0.342
vn 0.789 -0.511 -0.342
vn 0.789 -0.511 -0.342
vn 0.883 -0.146 0.446
vn 0.883 -0.146 0.446
vn 0.883 -0.146 0.446
vn 0.883 -0.146 0.446
vn -0.839 -0.511 0.187
vn -0.839 -0.511 0.187
vn -0.839 -0.511 0.187
vn -0.839 -0.511 0.187
vn -0.128 0.988 -0.093
vn -0.128 0.988 -0.093
vn -0.128 0.988 -0.093
vn -0.128 0.988 -0.093
vn -0.343 -0.583 -0.736
vn -0.343 -0.583 -0.736
vn -0.343 -0.583 -0.736
vn -0.343 -0.583 -0.736
vn 0.155 0.791 -0.592
vn 0.155 0.791 -0.592
vn 0.155 0.791 -0.592
vn 0.155 0.791 -0.592
vn -0.437 -0.511 0.74
vn -0.437 -0.511 0.74
vn -0.437 -0.511 0.74
vn -0.437 -0.511 0.74
vn -0.977 -0.146 0.158
vn -0.977 -0.146 0.158
vn -0.977 -0.146 0.158
vn -0.977 -0.146 0.158
vn 0.569 -0.511 -0.644
vn 0.569 -0.511 -0.644
vn 0.569 -0.511 -0.644
vn 0.569 -0.511 -0.644
vn 0.711 -0.583 0.394
vn 0.711 -0.583 0.394
vn 0.711 -0.583 0.394
vn 0.711 -0.583 0.394
vn 0.788 0.494 -0.366
vn 0.788 0.494 -0.366
vn 0.788 0.494 -0.366
vn 0.788 0.494 -0.366
vn 0.285 0.387 0.877
vn 0.285 0.387 0.877
vn 0.285 0.387 0.877
vn 0.285 0.387 0.877
vn -0.037 -0.95 -0.312
vn -0.037 -0.95 -0.312
vn -0.037 -0.95 -0.312
vn -0.037 -0.95 -0.312
vn 0.621 -0.22 -0.753
vn 0.621 -0.22 -0.753
vn 0.621 -0.22 -0.753
vn 0.621 -0.22 -0.753
vn -0.665 0.431 0.61
vn -0.665 0.431 0.61
vn -0.665 0.431 0.61
vn -0.665 0.431 0.61
vn -0.422 0.494 0.76
vn -0.422 0.494 0.76
vn -0.422 0.494 0.76
vn -0.422 0.494 0.76
vn -0.944 -0.22 -0.244
vn -0.944 -0.22 -0.244
vn -0.944 -0.22 -0.244
vn -0.944 -0.22 -0.244
vn -0.746 0.387 -0.542
vn -0.746 0.387 -0.542
vn -0.746 0.387 -0.542
vn -0.746 0.387 -0.542
vn 0.213 -0.95 0.23
vn 0.213 -0.95 0.23
vn 0.213 -0.95 0.23
vn 0.213 -0.95 0.23
vn -0.474 0.791 -0.388
vn -0.474 0.791 -0.388
vn -0.474 0.791 -0.388
vn -0.474 0.791 -0.388
vn -0.06 -0.22 0.974
vn -0.06 -0.22 0.974
vn -0.06 -0.22 0.974
vn -0.06 -0.22 0.974
vn 0.179 0.431 -0.884
vn 0.179 0.431 -0.884
vn 0.179 0.431 -0.884
vn 0.179 0.431 -0.884
vn -0.343 -0.583 0.736
vn -0.343 -0.583 0.736
vn -0.343 -0.583 0.736
vn -0.343 -0.583 0.736
vn 0.908 -0.22 -0.358
vn 0.908 -0.22 -0.358
vn 0.908 -0.22 -0.358
vn 0.908 -0.22 -0.358
vn 0.375 0.431 -0.821
vn 0.375 0.431 -0.821
vn 0.375 0.431 -0.821
vn 0.375 0.431 -0.821
vn 0.883 -0.146 -0.446
vn 0.883 -0.146 -0.446
vn 0.883 -0.146 -0.446
vn 0.883 -0.146 -0.446
vn -0.703 0.343 0.623
vn -0.703 0.343 0.623
vn -0.703 0.343 0.623
vn -0.703 0.343 0.623
vn 0.999 -0.032 0
vn 0.999 -0.032 0
vn 0.999 -0.032 0
vn 0.999 -0.032 0
vn -0.809 0.026 -0.588
vn -0.809 0.026 -0.588
vn -0.809 0.026 -0.588
vn -0.809 0.026 -0.588
vn 0.809 -0.026 0.588
vn 0.809 -0.026 0.588
vn 0.809 -0.026 0.588
vn 0.809 -0.026 0.588
vn -0.309 0.01 0.951
vn -0.309 0.01 0.951
vn -0.309 0.01 0.951
vn -0.309 0.01 0.951
vn -0.809 0.026 0.588
vn -0.809 0.026 0.588
vn -0.809 0.026 0.588
vn -0.809 0.026 0.588
vn -0.999 0.032 0
vn -0.999 0.032 0
vn -0.999 0.032 0
vn -0.999 0.032 0
vn -0.309 0.01 -0.951
vn -0.309 0.01 -0.951
vn -0.309 0.01 -0.951
vn -0.309 0.01 -0.951
vn 0.309 -0.01 0.951
vn 0.309 -0.01 0.951
vn 0.309 -0.01 0.951
vn 0.309 -0.01 0.951
vn 0.809 -0.026 -0.588
vn 0.809 -0.026 -0.588
vn 0.809 -0.026 -0.588
vn 0.809 -0.026 -0.588
vn 0.309 -0.01 -0.951
vn 0.309 -0.01 -0.951
vn 0.309 -0.01 -0.951
vn 0.309 -0.01 -0.951
f 1/1/1 2/2/2 3/3/3
f 3/3/3 2/2/2 4/4/4
f 5/5/5 6/6/6 7/7/7
f 6/6/6 5/5/5 8/8/8
f 9/9/9 10/10/10 11/11/11
f 10/10/10 9/9/9 12/12/12
f 13/13/13 14/14/14 15/15/15
f 15/15/15 14/14/14 16/16/16
f 17/17/17 18/18/18 19/19/19
f 18/18/18 17/17/17 20/20/20
f 21/21/21 22/22/22 23/23/23
f 22/22/22 21/21/21 24/24/24
f 25/25/25 26/26/26 27/27/27
f 26/26/26 25/25/25 28/28/28
f 29/29/29 30/30/30 31/31/31
f 30/30/30 29/29/29 32/32/32
f 30/30/30 32/32/32 33/33/33
f 34/34/34 35/35/35 36/36/36
f 35/35/35 34/34/34 37/37/37
f 37/37/37 22/22/22 35/35/35
f 37/37/37 23/23/23 22/22/22
f 38/38/38 39/39/39 40/40/40
f 39/39/39 38/38/38 41/41/41
f 42/42/42 43/43/43 44/44/44
f 43/43/43 42/42/42 45/45/45
f 46/46/46 47/47/47 48/48/48
f 46/46/46 48/48/48 49/49/49
f 47/47/47 50/50/50 48/48/48
f 51/51/51 52/52/52 53/53/53
f 52/52/52 51/51/51 54/54/54
f 55/55/55 56/56/56 33/33/33
f 33/33/33 32/32/32 55/55/55
f 57/57/57 33/33/33 56/56/56
f 58/58/58 59/59/59 60/60/60
f 59/59/59 58/58/58 61/61/61
f 50/50/50 47/47/47 62/62/62
f 62/62/62 63/63/63 64/64/64
f 62/62/62 64/64/64 50/50/50
f 65/65/65 66/66/66 67/67/67
f 65/65/65 67/67/67 68/68/68
f 69/69/69 70/70/70 71/71/71
f 70/70/70 69/69/69 72/72/72
f 73/73/73 74/74/74 75/75/75
f 74/74/74 73/73/73 76/76/76
f 77/77/77 78/78/78 79/79/79
f 78/78/78 77/77/77 80/80/80
f 81/81/81 82/82/82 83/83/83
f 82/82/82 81/81/81 84/84/84
f 85/85/85 86/86/86 87/87/87
f 86/86/86 85/85/85 88/88/88
f 89/89/89 90/90/90 91/91/91
f 89/89/89 92/92/92 93/93/93
f 91/91/91 90/90/90 94/94/94
f 95/95/95 96/96/96 97/97/97
f 96/96/96 95/95/95 98/98/98
f 99/99/99 100/100/100 101/101/101
f 100/100/100 99/99/99 102/102/102
f 103/103/103 92/92/92 104/104/104
f 92/92/92 103/103/103 93/93/93
f 92/92/92 89/89/89 91/91/91
f 105/105/105 106/106/106 107/107/107
f 108/108/108 107/107/107 106/106/106
f 109/109/109 110/110/110 111/111/111
f 110/110/110 109/109/109 112/112/112
f 113/113/113 114/114/114 115/115/115
f 115/115/115 114/114/114 116/116/116
f 116/116/116 117/117/117 115/115/115
f 118/118/118 119/119/119 120/120/120
f 118/118/118 120/120/120 121/121/121
f 122/122/122 123/123/123 124/124/124
f 123/123/123 125/125/125 124/124/124
f 123/123/123 99/99/99 101/101/101
f 125/125/125 123/123/123 101/101/101
f 126/126/126 127/127/127 128/128/128
f 127/127/127 126/126/126 129/129/129
f 117/117/117 116/116/116 130/130/130
f 117/117/117 131/131/131 132/132/132
f 131/131/131 117/117/117 130/130/130
f 133/133/133 134/134/134 135/135/135
f 134/134/134 133/133/133 136/136/136
f 137/137/137 138/138/138 139/139/139
f 138/138/138 137/137/137 140/140/140
f 141/141/141 142/142/142 143/143/143
f 142/142/142 141/141/141 144/144/144
f 145/145/145 146/146/146 147/147/147
f 147/147/147 146/146/146 148/148/148
f 149/149/149 150/150/150 151/151/151
f 150/150/150 149/149/149 152/152/152
f 153/153/153 154/154/154 155/155/155
f 154/154/154 153/153/153 156/156/156
f 157/157/157 158/158/158 159/159/159
f 158/158/158 160/160/160 159/159/159
f 158/158/158 161/161/161 162/162/162
f 160/160/160 158/158/158 162/162/162
f 163/163/163 164/164/164 165/165/165
f 166/166/166 165/165/165 164/164/164
f 167/167/167 168/168/168 169/169/169
f 168/168/168 167/167/167 170/170/170
f 168/168/168 171/171/171 172/172/172
f 161/161/161 173/173/173 162/162/162
f 173/173/173 161/161/161 174/174/174
f 175/175/175 176/176/176 177/177/177
f 176/176/176 175/175/175 178/178/178
f 179/179/179 180/180/180 181/181/181
f 180/180/180 179/179/179 182/182/182
f 183/183/183 184/184/184 185/185/185
f 184/184/184 186/186/186 185/185/185
f 184/184/184 187/187/187 188/188/188
f 189/189/189 190/190/190 191/191/191
f 191/191/191 190/190/190 192/192/192
f 171/171/171 193/193/193 172/172/172
f 171/171/171 168/168/168 170/170/170
f 172/172/172 193/193/193 194/194/194
f 195/195/195 196/196/196 197/197/197
f 196/196/196 195/195/195 198/198/198
f 187/187/187 184/184/184 183/183/183
f 188/188/188 199/199/199 200/200/200
f 199/199/199 188/188/188 187/187/187
f 201/201/201 202/202/202 203/203/203
f 203/203/203 204/204/204 201/201/201
f 205/205/205 206/206/206 207/207/207
f 207/207/207 206/206/206 208/208/208
f 209/209/209 210/210/210 211/211/211
f 210/210/210 209/209/209 212/212/212
f 213/213/213 214/214/214 215/215/215
f 215/215/215 214/214/214 216/216/216
f 217/217/217 218/218/218 219/219/219
f 218/218/218 217/217/217 220/220/220
f 221/221/221 222/222/222 223/223/223
f 222/222/222 221/221/221 224/224/224
f 225/225/225 226/226/226 227/227/227
f 226/226/226 228/228/228 227/227/227
f 226/226/226 229/229/229 230/230/230
f 228/228/228 226/226/226 230/230/230
f 231/231/231 232/232/232 233/233/233
f 234/234/234 233/233/233 232/232/232
f 235/235/235 236/236/236 237/237/237
f 236/236/236 235/235/235 238/238/238
f 236/236/236 239/239/239 240/240/240
f 229/229/229 241/241/241 230/230/230
f 241/241/241 229/229/229 242/242/242
f 243/243/243 244/244/244 245/245/245
f 244/244/244 243/243/243 246/246/246
f 247/247/247 248/248/248 249/249/249
f 248/248/248 247/247/247 250/250/250
f 251/251/251 252/252/252 253/253/253
f 251/251/251 254/254/254 255/255/255
f 252/252/252 251/251/251 256/256/256
f 257/257/257 258/258/258 259/259/259
f 258/258/258 257/257/257 260/260/260
f 261/261/261 240/240/240 239/239/239
f 240/240/240 261/261/261 262/262/262
f 239/239/239 236/236/236 238/238/238
f 263/263/263 264/264/264 265/265/265
f 264/264/264 266/266/266 265/265/265
f 254/254/254 251/251/251 253/253/253
f 254/254/254 267/267/267 255/255/255
f 267/267/267 254/254/254 268/268/268
f 269/269/269 270/270/270 271/271/271
f 271/271/271 272/272/272 269/269/269
f 273/273/273 274/274/274 275/275/275
f 274/274/274 273/273/273 276/276/276
f 277/277/277 278/278/278 279/279/279
f 278/278/278 277/277/277 280/280/280
f 281/281/281 282/282/282 283/283/283
f 284/284/284 283/283/283 282/282/282
f 285/285/285 286/286/286 287/287/287
f 287/287/287 286/286/286 288/288/288
f 289/289/289 290/290/290 291/291/291
f 289/289/289 291/291/291 292/292/292
f 293/293/293 294/294/294 295/295/295
f 295/295/295 296/296/296 293/293/293
f 297/297/297 295/295/295 294/294/294
f 298/298/298 299/299/299 300/300/300
f 299/299/299 298/298/298 301/301/301
f 302/302/302 303/303/303 304/304/304
f 303/303/303 302/302/302 305/305/305
f 305/305/305 306/306/306 303/303/303
f 305/305/305 307/307/307 306/306/306
f 308/308/308 309/309/309 310/310/310
f 309/309/309 308/308/308 296/296/296
f 296/296/296 295/295/295 309/309/309
f 311/311/311 312/312/312 313/313/313
f 312/312/312 311/311/311 314/314/314
f 315/315/315 316/316/316 317/317/317
f 316/316/316 318/318/318 317/317/317
f 319/319/319 320/320/320 321/321/321
f 320/320/320 319/319/319 322/322/322
f 323/323/323 324/324/324 325/325/325
f 324/324/324 326/326/326 325/325/325
f 327/327/327 306/306/306 307/307/307
f 306/306/306 327/327/327 328/328/328
f 329/329/329 330/330/330 331/331/331
f 330/330/330 329/329/329 332/332/332
f 333/333/333 322/322/322 334/334/334
f 333/333/333 320/320/320 322/322/322
f 334/334/334 335/335/335 333/333/333
f 335/335/335 334/334/334 336/336/336
f 337/337/337 338/338/338 339/339/339
f 337/337/337 339/339/339 340/340/340
f 341/341/341 342/342/342 343/343/343
f 342/342/342 341/341/341 344/344/344
f 345/345/345 346/346/346 347/347/347
f 346/346/346 345/345/345 348/348/348
f 349/349/349 350/350/350 351/351/351
f 352/352/352 351/351/351 350/350/350
f 353/353/353 354/354/354 355/355/355
f 356/356/356 355/355/355 354/354/354
f 357/357/357 358/358/358 359/359/359
f 358/358/358 357/357/357 360/360/360
f 361/361/361 362/362/362 363/363/363
f 361/361/361 364/364/364 365/365/365
f 366/366/366 363/363/363 362/362/362
f 367/367/367 368/368/368 369/369/369
f 369/369/369 368/368/368 370/370/370
f 371/371/371 372/372/372 373/373/373
f 372/372/372 371/371/371 374/374/374
f 364/364/364 375/375/375 365/365/365
f 364/364/364 361/361/361 363/363/363
f 375/375/375 364/364/364 376/376/376
f 377/377/377 378/378/378 379/379/379
f 378/378/378 377/377/377 380/380/380
f 381/381/381 382/382/382 383/383/383
f 382/382/382 381/381/381 384/384/384
f 385/385/385 386/386/386 387/387/387
f 385/385/385 387/387/387 388/388/388
f 387/387/387 389/389/389 388/388/388
f 390/390/390 391/391/391 392/392/392
f 391/391/391 390/390/390 393/393/393
f 394/394/394 395/395/395 396/396/396
f 395/395/395 394/394/394 397/397/397
f 395/395/395 372/372/372 374/374/374
f 396/396/396 395/395/395 374/374/374
f 398/398/398 399/399/399 400/400/400
f 399/399/399 398/398/398 401/401/401
f 386/386/386 385/385/385 402/402/402
f 386/386/386 403/403/403 404/404/404
f 403/403/403 386/386/386 402/402/402
f 405/405/405 406/406/406 407/407/407
f 406/406/406 405/405/405 408/408/408
f 409/409/409 410/410/410 411/411/411
f 412/412/412 411/411/411 410/410/410
f 413/413/413 414/414/414 415/415/415
f 414/414/414 413/413/413 416/416/416
f 417/417/417 418/418/418 419/419/419
f 419/419/419 418/418/418 420/420/420
f 421/421/421 422/422/422 423/423/423
f 422/422/422 421/421/421 424/424/424
f 425/425/425 426/426/426 427/427/427
f 426/426/426 425/425/425 428/428/428
f 429/429/429 430/430/430 431/431/431
f 429/429/429 432/432/432 433/433/433
f 431/431/431 430/430/430 434/434/434
f 435/435/435 436/436/436 437/437/437
f 436/436/436 435/435/435 438/438/438
f 439/439/439 440/440/440 441/441/441
f 440/440/440 439/439/439 442/442/442
f 443/443/443 432/432/432 444/444/444
f 432/432/432 443/443/443 433/433/433
f 432/432/432 429/429/429 431/431/431
f 445/445/445 446/446/446 447/447/447
f 448/448/448 447/447/447 446/446/446
f 449/449/449 450/450/450 451/451/451
f 450/450/450 449/449/449 452/452/452
f 453/453/453 454/454/454 455/455/455
f 454/454/454 453/453/453 456/456/456
f 454/454/454 456/456/456 457/457/457
f 456/456/456 458/458/458 457/457/457
f 459/459/459 460/460/460 461/461/461
f 459/459/459 461/461/461 462/462/462
f 463/463/463 464/464/464 465/465/465
f 464/464/464 439/439/439 441/441/441
f 464/464/464 466/466/466 465/465/465
f 466/466/466 464/464/464 441/441/441
f 467/467/467 468/468/468 469/469/469
f 468/468/468 467/467/467 470/470/470
f 457/457/457 471/471/471 472/472/472
f 471/471/471 457/457/457 458/458/458
f 473/473/473 474/474/474 475/475/475
f 474/474/474 473/473/473 476/476/476
f 477/477/477 478/478/478 479/479/479
f 478/478/478 477/477/477 480/480/480
f 479/479/479 481/481/481 477/477/477
f 480/480/480 482/482/482 478/478/478
f 483/483/483 484/484/484 485/485/485
f 484/484/484 486/486/486 487/487/487
f 485/485/485 484/484/484 487/487/487
f 485/485/485 488/488/488 489/489/489
f 490/490/490 491/491/491 492/492/492
f 491/491/491 493/493/493 494/494/494
f 492/492/492 495/495/495 490/490/490
f 496/496/496 492/492/492 491/491/491
f 482/482/482 480/480/480 497/497/497
f 497/497/497 498/498/498 482/482/482
f 489/489/489 499/499/499 500/500/500
f 489/489/489 483/483/483 485/485/485
f 494/494/494 496/496/496 491/491/491
f 498/498/498 501/501/501 502/502/502
f 502/502/502 482/482/482 498/498/498
f 499/499/499 489/489/489 488/488/488
f 500/500/500 481/481/481 503/503/503
f 504/504/504 505/505/505 506/506/506
f 504/504/504 494/494/494 507/507/507
f 507/507/507 494/494/494 493/493/493
f 501/501/501 508/508/508 509/509/509
f 501/501/501 498/498/498 510/510/510
f 505/505/505 504/504/504 507/507/507
f 506/506/506 511/511/511 512/512/512
f 508/508/508 501/501/501 510/510/510
f 509/509/509 508/508/508 513/513/513
f 511/511/511 514/514/514 512/512/512
f 511/511/511 506/506/506 505/505/505
f 515/515/515 509/509/509 513/513/513
f 513/513/513 516/516/516 515/515/515
f 514/514/514 511/511/511 517/517/517
f 514/514/514 518/518/518 519/519/519
f 516/516/516 513/513/513 520/520/520
f 520/520/520 521/521/521 516/516/516
f 518/518/518 514/514/514 517/517/517
f 519/519/519 522/522/522 523/523/523
f 521/521/521 520/520/520 524/524/524
f 524/524/524 525/525/525 521/521/521
f 522/522/522 519/519/519 518/518/518
f 523/523/523 526/526/526 527/527/527
f 525/525/525 524/524/524 528/528/528
f 528/528/528 529/529/529 525/525/525
f 526/526/526 530/530/530 527/527/527
f 526/526/526 523/523/523 522/522/522
f 529/529/529 528/528/528 531/531/531
f 529/529/529 532/532/532 533/533/533
f 530/530/530 526/526/526 534/534/534
f 534/534/534 535/535/535 530/530/530
f 532/532/532 529/529/529 531/531/531
f 532/532/532 536/536/536 533/533/533
f 535/535/535 534/534/534 537/537/537
f 537/537/537 538/538/538 535/535/535
f 536/536/536 532/532/532 539/539/539
f 539/539/539 495/495/495 536/536/536
f 481/481/481 479/479/479 503/503/503
f 481/481/481 500/500/500 499/499/499
f 538/538/538 537/537/537 486/486/486
f 486/486/486 484/484/484 538/538/538
f 495/495/495 539/539/539 540/540/540
f 540/540/540 490/490/490 495/495/495
f 541/541/541 542/542/542 543/543/543
f 541/541/541 543/543/543 544/544/544
f 542/542/542 545/545/545 543/543/543
f 542/542/542 546/546/546 545/545/545
f 547/547/547 548/548/548 549/549/549
f 548/548/548 547/547/547 550/550/550
f 549/549/549 551/551/551 552/552/552
f 553/553/553 554/554/554 555/555/555
f 553/553/553 556/556/556 557/557/557
f 553/553/553 558/558/558 554/554/554
f 558/558/558 559/559/559 554/554/554
f 560/560/560 541/541/541 544/544/544
f 560/560/560 544/544/544 561/561/561
f 560/560/560 562/562/562 563/563/563
f 551/551/551 549/549/549 548/548/548
f 552/552/552 564/564/564 565/565/565
f 559/559/559 558/558/558 566/566/566
f 566/566/566 567/567/567 568/568/568
f 566/566/566 568/568/568 559/559/559
f 562/562/562 560/560/560 561/561/561
f 563/563/563 569/569/569 570/570/570
f 564/564/564 552/552/552 551/551/551
f 567/567/567 571/571/571 568/568/568
f 569/569/569 563/563/563 562/562/562
f 571/571/571 567/567/567 572/572/572
f 573/573/573 574/574/574 575/575/575
f 573/573/573 576/576/576 577/577/577
f 575/575/575 574/574/574 578/578/578
f 579/579/579 580/580/580 581/581/581
f 580/580/580 579/579/579 582/582/582
f 581/581/581 583/583/583 584/584/584
f 576/576/576 585/585/585 577/577/577
f 576/576/576 573/573/573 575/575/575
f 583/583/583 581/581/581 580/580/580
f 584/584/584 586/586/586 587/587/587
f 585/585/585 576/576/576 588/588/588
f 588/588/588 589/589/589 585/585/585
f 586/586/586 584/584/584 583/583/583
f 587/587/587 590/590/590 591/591/591
f 589/589/589 588/588/588 592/592/592
f 592/592/592 593/593/593 589/589/589
f 590/590/590 594/594/594 595/595/595
f 590/590/590 587/587/587 586/586/586
f 593/593/593 592/592/592 596/596/596
f 596/596/596 597/597/597 593/593/593
f 595/595/595 591/591/591 590/590/590
f 594/594/594 598/598/598 599/599/599
f 597/597/597 600/600/600 601/601/601
f 597/597/597 596/596/596 602/602/602
f 599/599/599 595/595/595 594/594/594
f 598/598/598 603/603/603 604/604/604
f 600/600/600 597/597/597 602/602/602
f 604/604/604 599/599/599 598/598/598
f 603/603/603 605/605/605 606/606/606
f 607/607/607 608/608/608 609/609/609
f 608/608/608 607/607/607 610/610/610
f 610/610/610 557/557/557 556/556/556
f 546/546/546 564/564/564 545/545/545
f 546/546/546 565/565/565 564/564/564
f 606/606/606 604/604/604 603/603/603
f 606/606/606 611/611/611 612/612/612
f 557/557/557 610/610/610 607/607/607
f 556/556/556 553/553/553 555/555/555
f 611/611/611 606/606/606 605/605/605
f 613/613/613 614/614/614 615/615/615
f 613/613/613 616/616/616 617/617/617
f 613/613/613 617/617/617 618/618/618
f 614/614/614 613/613/613 618/618/618
f 614/614/614 619/619/619 615/615/615
f 620/620/620 621/621/621 622/622/622
f 620/620/620 623/623/623 621/621/621
f 622/622/622 624/624/624 625/625/625
f 622/622/622 621/621/621 626/626/626
f 627/627/627 628/628/628 629/629/629
f 627/627/627 630/630/630 631/631/631
f 630/630/630 627/627/627 629/629/629
f 631/631/631 632/632/632 633/633/633
f 617/617/617 634/634/634 635/635/635
f 628/628/628 627/627/627 636/636/636
f 634/634/634 617/617/617 616/616/616
f 635/635/635 637/637/637 638/638/638
f 639/639/639 640/640/640 636/636/636
f 640/640/640 641/641/641 642/642/642
f 640/640/640 628/628/628 636/636/636
f 637/637/637 635/635/635 634/634/634
f 638/638/638 643/643/643 644/644/644
f 641/641/641 640/640/640 639/639/639
f 642/642/642 645/645/645 646/646/646
f 643/643/643 638/638/638 637/637/637
f 644/644/644 647/647/647 648/648/648
f 645/645/645 642/642/642 641/641/641
f 646/646/646 649/649/649 650/650/650
f 647/647/647 644/644/644 643/643/643
f 649/649/649 646/646/646 645/645/645
f 650/650/650 651/651/651 652/652/652
f 653/653/653 647/647/647 654/654/654
f 653/653/653 648/648/648 647/647/647
f 654/654/654 655/655/655 653/653/653
f 651/651/651 650/650/650 649/649/649
f 651/651/651 656/656/656 652/652/652
f 655/655/655 657/657/657 658/658/658
f 655/655/655 654/654/654 659/659/659
f 656/656/656 660/660/660 661/661/661
f 656/656/656 651/651/651 662/662/662
f 657/657/657 663/663/663 658/658/658
f 657/657/657 655/655/655 659/659/659
f 660/660/660 656/656/656 662/662/662
f 661/661/661 664/664/664 665/665/665
f 663/663/663 657/657/657 666/666/666
f 666/666/666 667/667/667 663/663/663
f 664/664/664 668/668/668 669/669/669
f 664/664/664 669/669/669 665/665/665
f 664/664/664 661/661/661 660/660/660
f 667/667/667 666/666/666 670/670/670
f 670/670/670 671/671/671 667/667/667
f 670/670/670 672/672/672 671/671/671
f 669/669/669 673/673/673 674/674/674
f 672/672/672 675/675/675 676/676/676
f 672/672/672 676/676/676 671/671/671
f 673/673/673 669/669/669 668/668/668
f 674/674/674 677/677/677 678/678/678
f 675/675/675 679/679/679 680/680/680
f 676/676/676 675/675/675 680/680/680
f 677/677/677 674/674/674 673/673/673
f 678/678/678 681/681/681 682/682/682
f 679/679/679 683/683/683 684/684/684
f 681/681/681 685/685/685 682/682/682
f 681/681/681 678/678/678 677/677/677
f 684/684/684 680/680/680 679/679/679
f 685/685/685 681/681/681 686/686/686
f 685/685/685 687/687/687 688/688/688
f 689/689/689 683/683/683 690/690/690
f 689/689/689 684/684/684 683/683/683
f 689/689/689 691/691/691 692/692/692
f 687/687/687 685/685/685 686/686/686
f 687/687/687 693/693/693 688/688/688
f 691/691/691 689/689/689 690/690/690
f 694/694/694 695/695/695 696/696/696
f 694/694/694 696/696/696 697/697/697
f 694/694/694 698/698/698 699/699/699
f 698/698/698 694/694/694 697/697/697
f 699/699/699 700/700/700 701/701/701
f 693/693/693 702/702/702 703/703/703
f 693/693/693 687/687/687 704/704/704
f 705/705/705 691/691/691 706/706/706
f 705/705/705 692/692/692 691/691/691
f 706/706/706 707/707/707 705/705/705
f 695/695/695 708/708/708 709/709/709
f 696/696/696 695/695/695 709/709/709
f 702/702/702 693/693/693 704/704/704
f 703/703/703 710/710/710 711/711/711
f 707/707/707 712/712/712 713/713/713
f 707/707/707 706/706/706 714/714/714
f 708/708/708 715/715/715 716/716/716
f 710/710/710 703/703/703 702/702/702
f 711/711/711 717/717/717 718/718/718
f 712/712/712 707/707/707 714/714/714
f 716/716/716 709/709/709 708/708/708
f 717/717/717 711/711/711 710/710/710
f 717/717/717 719/719/719 720/720/720
f 717/717/717 720/720/720 718/718/718
f 700/700/700 713/713/713 701/701/701
f 700/700/700 699/699/699 698/698/698
f 701/701/701 713/713/713 712/712/712
f 721/721/721 715/715/715 722/722/722
f 721/721/721 716/716/716 715/715/715
f 721/721/721 723/723/723 724/724/724
f 720/720/720 725/725/725 726/726/726
f 723/723/723 721/721/721 722/722/722
f 724/724/724 727/727/727 728/728/728
f 725/725/725 720/720/720 719/719/719
f 726/726/726 729/729/729 730/730/730
f 624/624/624 622/622/622 626/626/626
f 625/625/625 731/731/731 732/732/732
f 727/727/727 724/724/724 723/723/723
f 728/728/728 733/733/733 734/734/734
f 729/729/729 726/726/726 725/725/725
f 730/730/730 735/735/735 736/736/736
f 731/731/731 737/737/737 732/732/732
f 731/731/731 625/625/625 624/624/624
f 733/733/733 728/728/728 727/727/727
f 734/734/734 619/619/619 738/738/738
f 735/735/735 730/730/730 729/729/729
f 737/737/737 731/731/731 739/739/739
f 737/737/737 633/633/633 632/632/632
f 619/619/619 734/734/734 733/733/733
f 619/619/619 614/614/614 738/738/738
f 740/740/740 623/623/623 735/735/735
f 623/623/623 736/736/736 735/735/735
f 623/623/623 740/740/740 621/621/621
f 633/633/633 737/737/737 739/739/739
f 632/632/632 631/631/631 630/630/630
f 741/741/741 742/742/742 743/743/743
f 741/741/741 744/744/744 742/742/742
f 742/742/742 745/745/745 746/746/746
f 747/747/747 748/748/748 749/749/749
f 747/747/747 750/750/750 748/748/748
f 750/750/750 743/743/743 748/748/748
f 750/750/750 741/741/741 743/743/743
f 751/751/751 747/747/747 749/749/749
f 751/751/751 749/749/749 752/752/752
f 753/753/753 754/754/754 755/755/755
f 754/754/754 753/753/753 756/756/756
f 755/755/755 757/757/757 758/758/758
f 757/757/757 755/755/755 754/754/754
f 757/757/757 759/759/759 758/758/758
f 759/759/759 757/757/757 760/760/760
f 760/760/760 761/761/761 759/759/759
f 761/761/761 760/760/760 762/762/762
f 761/761/761 763/763/763 764/764/764
f 763/763/763 761/761/761 762/762/762
f 764/764/764 765/765/765 766/766/766
f 767/767/767 768/768/768 769/769/769
f 768/768/768 767/767/767 770/770/770
f 769/769/769 771/771/771 767/767/767
f 770/770/770 772/772/772 768/768/768
f 766/766/766 773/773/773 774/774/774
f 773/773/773 766/766/766 765/765/765
f 765/765/765 764/764/764 763/763/763
f 775/775/775 776/776/776 777/777/777
f 776/776/776 775/775/775 778/778/778
f 777/777/777 779/779/779 780/780/780
f 779/779/779 781/781/781 780/780/780
f 779/779/779 777/777/777 776/776/776
f 779/779/779 782/782/782 781/781/781
f 781/781/781 783/783/783 784/784/784
f 783/783/783 781/781/781 782/782/782
f 784/784/784 785/785/785 786/786/786
f 785/785/785 784/784/784 783/783/783
f 785/785/785 787/787/787 788/788/788
f 785/785/785 788/788/788 786/786/786
f 788/788/788 789/789/789 790/790/790
f 789/789/789 788/788/788 787/787/787
f 790/790/790 791/791/791 792/792/792
f 791/791/791 790/790/790 789/789/789
f 792/792/792 793/793/793 794/794/794
f 793/793/793 792/792/792 791/791/791
f 795/795/795 796/796/796 797/797/797
f 795/795/795 798/798/798 799/799/799
f 798/798/798 795/795/795 800/800/800
f 796/796/796 801/801/801 802/802/802
f 797/797/797 800/800/800 795/795/795
f 801/801/801 803/803/803 804/804/804
f 802/802/802 797/797/797 796/796/796
f 803/803/803 805/805/805 806/806/806
f 804/804/804 802/802/802 801/801/801
f 805/805/805 807/807/807 808/808/808
f 806/806/806 804/804/804 803/803/803
f 807/807/807 809/809/809 810/810/810
f 809/809/809 811/811/811 812/812/812
f 810/810/810 808/808/808 807/807/807
f 808/808/808 806/806/806 805/805/805
f 812/812/812 810/810/810 809/809/809
f 812/812/812 813/813/813 814/814/814
f 813/813/813 812/812/812 811/811/811
f 815/815/815 816/816/816 817/817/817
f 816/816/816 815/815/815 818/818/818
f 817/817/817 746/746/746 745/745/745
f 746/746/746 817/817/817 816/816/816
f 745/745/745 742/742/742 744/744/744
f 819/819/819 820/820/820 821/821/821
f 820/820/820 819/819/819 822/822/822
f 821/821/821 823/823/823 819/819/819
f 822/822/822 824/824/824 820/820/820
f 825/825/825 826/826/826 827/827/827
f 825/825/825 828/828/828 829/829/829
f 828/828/828 825/825/825 827/827/827
f 829/829/829 830/830/830 831/831/831
f 832/832/832 833/833/833 834/834/834
f 833/833/833 832/832/832 835/835/835
f 833/833/833 836/836/836 834/834/834
f 835/835/835 837/837/837 838/838/838
f 839/839/839 840/840/840 841/841/841
f 840/840/840 839/839/839 842/842/842
f 840/840/840 843/843/843 844/844/844
f 842/842/842 843/843/843 840/840/840
f 845/845/845 846/846/846 847/847/847
f 845/845/845 772/772/772 848/848/848
f 772/772/772 770/770/770 848/848/848
f 848/848/848 849/849/849 845/845/845
f 850/850/850 851/851/851 852/852/852
f 851/851/851 853/853/853 854/854/854
f 852/852/852 851/851/851 854/854/854
f 854/854/854 853/853/853 855/855/855
f 856/856/856 857/857/857 858/858/858
f 857/857/857 859/859/859 860/860/860
f 860/860/860 858/858/858 857/857/857
f 861/861/861 838/838/838 837/837/837
f 838/838/838 861/861/861 862/862/862
f 837/837/837 835/835/835 832/832/832
f 862/862/862 863/863/863 864/864/864
f 843/843/843 850/850/850 844/844/844
f 844/844/844 850/850/850 852/852/852
f 865/865/865 866/866/866 867/867/867
f 866/866/866 865/865/865 868/868/868
f 867/867/867 863/863/863 865/865/865
f 868/868/868 869/869/869 866/866/866
f 870/870/870 871/871/871 872/872/872
f 871/871/871 870/870/870 836/836/836
f 836/836/836 833/833/833 871/871/871
f 863/863/863 862/862/862 861/861/861
f 863/863/863 867/867/867 864/864/864
f 873/873/873 874/874/874 875/875/875
f 874/874/874 873/873/873 876/876/876
f 771/771/771 769/769/769 877/877/877
f 869/869/869 868/868/868 878/878/878
f 859/859/859 879/879/879 880/880/880
f 879/879/879 819/819/819 823/823/823
f 880/880/880 860/860/860 859/859/859
f 823/823/823 880/880/880 879/879/879
f 881/881/881 882/882/882 883/883/883
f 882/882/882 874/874/874 884/884/884
f 883/883/883 882/882/882 884/884/884
f 884/884/884 874/874/874 876/876/876
f 885/885/885 886/886/886 824/824/824
f 886/886/886 885/885/885 887/887/887
f 824/824/824 822/822/822 885/885/885
f 846/846/846 845/845/845 849/849/849
f 846/846/846 881/881/881 847/847/847
f 847/847/847 881/881/881 883/883/883
f 888/888/888 889/889/889 890/890/890
f 888/888/888 891/891/891 892/892/892
f 888/888/888 893/893/893 891/891/891
f 891/891/891 894/894/894 895/895/895
f 889/889/889 888/888/888 892/892/892
f 890/890/890 896/896/896 897/897/897
f 896/896/896 890/890/890 889/889/889
f 897/897/897 898/898/898 899/899/899
f 898/898/898 897/897/897 896/896/896
f 899/899/899 900/900/900 901/901/901
f 900/900/900 902/902/902 901/901/901
f 900/900/900 903/903/903 902/902/902
f 900/900/900 899/899/899 898/898/898
f 902/902/902 826/826/826 904/904/904
f 826/826/826 902/902/902 903/903/903
f 826/826/826 825/825/825 904/904/904
f 830/830/830 905/905/905 831/831/831
f 830/830/830 829/829/829 828/828/828
f 905/905/905 830/830/830 906/906/906
f 907/907/907 908/908/908 909/909/909
f 907/907/907 906/906/906 910/910/910
f 907/907/907 905/905/905 906/906/906
f 908/908/908 907/907/907 910/910/910
f 909/909/909 911/911/911 912/912/912
f 911/911/911 913/913/913 914/914/914
f 911/911/911 909/909/909 908/908/908
f 913/913/913 915/915/915 916/916/916
f 913/913/913 916/916/916 914/914/914
f 914/914/914 912/912/912 911/911/911
f 916/916/916 917/917/917 918/918/918
f 917/917/917 916/916/916 915/915/915
f 917/917/917 919/919/919 918/918/918
f 919/919/919 917/917/917 920/920/920
f 920/920/920 921/921/921 919/919/919
f 921/921/921 920/920/920 922/922/922
f 922/922/922 923/923/923 921/921/921
f 923/923/923 922/922/922 924/924/924
f 924/924/924 925/925/925 923/923/923
f 925/925/925 926/926/926 927/927/927
f 925/925/925 924/924/924 928/928/928
f 926/926/926 925/925/925 928/928/928
f 929/929/929 927/927/927 926/926/926
f 929/929/929 926/926/926 930/930/930
f 930/930/930 931/931/931 932/932/932
f 933/933/933 934/934/934 935/935/935
f 933/933/933 936/936/936 937/937/937
f 936/936/936 933/933/933 935/935/935
f 937/937/937 932/932/932 931/931/931
f 934/934/934 933/933/933 938/938/938
f 938/938/938 939/939/939 934/934/934
f 939/939/939 938/938/938 940/940/940
f 940/940/940 941/941/941 939/939/939
f 941/941/941 940/940/940 942/942/942
f 941/941/941 943/943/943 944/944/944
f 943/943/943 941/941/941 942/942/942
f 944/944/944 895/895/895 894/894/894
f 895/895/895 944/944/944 943/943/943
f 894/894/894 891/891/891 893/893/893
f 932/932/932 937/937/937 936/936/936
f 932/932/932 929/929/929 930/930/930
f 853/853/853 945/945/945 855/855/855
f 945/945/945 853/853/853 946/946/946
f 946/946/946 947/947/947 945/945/945
f 948/948/948 949/949/949 950/950/950
f 948/948/948 950/950/950 951/951/951
f 948/948/948 952/952/952 953/953/953
f 948/948/948 953/953/953 954/954/954
f 948/948/948 954/954/954 955/955/955
f 948/948/948 955/955/955 956/956/956
f 948/948/948 951/951/951 952/952/952
f 948/948/948 957/957/957 958/958/958
f 948/948/948 959/959/959 960/960/960
f 957/957/957 948/948/948 961/961/961
f 959/959/959 948/948/948 962/962/962
f 960/960/960 963/963/963 964/964/964
f 960/960/960 964/964/964 965/965/965
f 960/960/960 965/965/965 966/966/966
f 960/960/960 966/966/966 967/967/967
f 960/960/960 968/968/968 969/969/969
f 960/960/960 970/970/970 971/971/971
f 960/960/960 972/972/972 963/963/963
f 972/972/972 960/960/960 973/973/973
f 970/970/970 960/960/960 969/969/969
f 949/949/949 948/948/948 960/960/960
f 949/949/949 960/960/960 971/971/971
f 974/974/974 948/948/948 975/975/975
f 976/976/976 948/948/948 974/974/974
f 961/961/961 948/948/948 976/976/976
f 962/962/962 948/948/948 958/958/958
f 973/973/973 960/960/960 959/959/959
f 968/968/968 960/960/960 977/977/977
f 978/978/978 960/960/960 979/979/979
f 977/977/977 960/960/960 978/978/978
f 947/947/947 946/946/946 980/980/980
f 981/981/981 982/982/982 983/983/983
f 981/981/981 984/984/984 982/982/982
f 982/982/982 985/985/985 986/986/986
f 987/987/987 983/983/983 988/988/988
f 987/987/987 981/981/981 983/983/983
f 989/989/989 988/988/988 990/990/990
f 989/989/989 987/987/987 988/988/988
f 991/991/991 992/992/992 993/993/993
f 991/991/991 994/994/994 995/995/995
f 991/991/991 996/996/996 994/994/994
f 992/992/992 991/991/991 995/995/995
f 993/993/993 997/997/997 998/998/998
f 997/997/997 993/993/993 992/992/992
f 998/998/998 999/999/999 1000/1000/1000
f 999/999/999 998/998/998 997/997/997
f 1000/1000/1000 1001/1001/1001 1002/1002/1002
f 1003/1003/1003 1004/1004/1004 1005/1005/1005
f 1004/1004/1004 1003/1003/1003 1006/1006/1006
f 1005/1005/1005 1001/1001/1001 1003/1003/1003
f 1007/1007/1007 1008/1008/1008 1009/1009/1009
f 1008/1008/1008 1007/1007/1007 1010/1010/1010
f 1010/1010/1010 1011/1011/1011 1012/1012/1012
f 1012/1012/1012 1008/1008/1008 1010/1010/1010
f 1012/1012/1012 1013/1013/1013 1014/1014/1014
f 1013/1013/1013 1012/1012/1012 1011/1011/1011
f 1014/1014/1014 1015/1015/1015 1016/1016/1016
f 1015/1015/1015 1014/1014/1014 1013/1013/1013
f 1016/1016/1016 1017/1017/1017 1018/1018/1018
f 1017/1017/1017 1016/1016/1016 1015/1015/1015
f 1018/1018/1018 1019/1019/1019 1020/1020/1020
f 1019/1019/1019 1021/1021/1021 1020/1020/1020
f 1019/1019/1019 1022/1022/1022 1021/1021/1021
f 1019/1019/1019 1018/1018/1018 1017/1017/1017
f 1022/1022/1022 1023/1023/1023 1021/1021/1021
f 1022/1022/1022 1024/1024/1024 1023/1023/1023
f 1024/1024/1024 1025/1025/1025 1023/1023/1023
f 1024/1024/1024 1026/1026/1026 1025/1025/1025
f 1027/1027/1027 1028/1028/1028 1029/1029/1029
f 1027/1027/1027 1030/1030/1030 1028/1028/1028
f 1028/1028/1028 1031/1031/1031 1032/1032/1032
f 1031/1031/1031 1028/1028/1028 1030/1030/1030
f 1032/1032/1032 1033/1033/1033 1034/1034/1034
f 1033/1033/1033 1032/1032/1032 1031/1031/1031
f 1034/1034/1034 1035/1035/1035 1036/1036/1036
f 1035/1035/1035 1034/1034/1034 1033/1033/1033
f 1036/1036/1036 1037/1037/1037 1038/1038/1038
f 1039/1039/1039 1040/1040/1040 1041/1041/1041
f 1040/1040/1040 1042/1042/1042 1041/1041/1041
f 1041/1041/1041 1043/1043/1043 1039/1039/1039
f 1043/1043/1043 1038/1038/1038 1037/1037/1037
f 1042/1042/1042 1040/1040/1040 1044/1044/1044
f 1044/1044/1044 1045/1045/1045 1046/1046/1046
f 1046/1046/1046 1042/1042/1042 1044/1044/1044
f 1047/1047/1047 1048/1048/1048 1049/1049/1049
f 1048/1048/1048 1047/1047/1047 1050/1050/1050
f 1049/1049/1049 1051/1051/1051 1052/1052/1052
f 1051/1051/1051 1049/1049/1049 1048/1048/1048
f 1052/1052/1052 986/986/986 985/985/985
f 986/986/986 1052/1052/1052 1051/1051/1051
f 985/985/985 982/982/982 984/984/984
f 1001/1001/1001 1005/1005/1005 1002/1002/1002
f 1001/1001/1001 1000/1000/1000 999/999/999
f 1037/1037/1037 1039/1039/1039 1043/1043/1043
f 1037/1037/1037 1036/1036/1036 1035/1035/1035
f 1053/1053/1053 1054/1054/1054 1055/1055/1055
f 1054/1054/1054 1053/1053/1053 1056/1056/1056
f 1057/1057/1057 1058/1058/1058 1059/1059/1059
f 1058/1058/1058 1057/1057/1057 1060/1060/1060
f 1061/1061/1061 1062/1062/1062 1063/1063/1063
f 1062/1062/1062 1061/1061/1061 1064/1064/1064
f 1065/1065/1065 1066/1066/1066 1067/1067/1067
f 1066/1066/1066 1065/1065/1065 1068/1068/1068
f 1069/1069/1069 1070/1070/1070 1071/1071/1071
f 1070/1070/1070 1072/1072/1072 1071/1071/1071
f 1073/1073/1073 1074/1074/1074 1075/1075/1075
f 1074/1074/1074 1073/1073/1073 1076/1076/1076
f 1077/1077/1077 1078/1078/1078 1079/1079/1079
f 1078/1078/1078 1077/1077/1077 1080/1080/1080
f 1081/1081/1081 1082/1082/1082 1083/1083/1083
f 1081/1081/1081 1084/1084/1084 1085/1085/1085
f 1082/1082/1082 1081/1081/1081 1086/1086/1086
f 1087/1087/1087 1088/1088/1088 1089/1089/1089
f 1088/1088/1088 1087/1087/1087 1090/1090/1090
f 1089/1089/1089 1075/1075/1075 1074/1074/1074
f 1089/1089/1089 1074/1074/1074 1087/1087/1087
f 1091/1091/1091 1092/1092/1092 1093/1093/1093
f 1093/1093/1093 1092/1092/1092 1094/1094/1094
f 1095/1095/1095 1096/1096/1096 1097/1097/1097
f 1096/1096/1096 1095/1095/1095 1098/1098/1098
f 1099/1099/1099 1100/1100/1100 1101/1101/1101
f 1100/1100/1100 1102/1102/1102 1103/1103/1103
f 1100/1100/1100 1099/1099/1099 1104/1104/1104
f 1105/1105/1105 1106/1106/1106 1107/1107/1107
f 1107/1107/1107 1108/1108/1108 1105/1105/1105
f 1084/1084/1084 1081/1081/1081 1083/1083/1083
f 1084/1084/1084 1109/1109/1109 1085/1085/1085
f 1085/1085/1085 1109/1109/1109 1110/1110/1110
f 1111/1111/1111 1112/1112/1112 1113/1113/1113
f 1113/1113/1113 1112/1112/1112 1114/1114/1114
f 1102/1102/1102 1100/1100/1100 1104/1104/1104
f 1103/1103/1103 1115/1115/1115 1116/1116/1116
f 1115/1115/1115 1103/1103/1103 1102/1102/1102
f 1117/1117/1117 1118/1118/1118 1119/1119/1119
f 1117/1117/1117 1119/1119/1119 1120/1120/1120
f 1121/1121/1121 1122/1122/1122 1123/1123/1123
f 1121/1121/1121 1124/1124/1124 1122/1122/1122
f 1121/1121/1121 1125/1125/1125 1126/1126/1126
f 1121/1121/1121 1127/1127/1127 1124/1124/1124
f 1121/1121/1121 1126/1126/1126 1127/1127/1127
f 1121/1121/1121 1128/1128/1128 1125/1125/1125
f 1121/1121/1121 1129/1129/1129 1128/1128/1128
f 1121/1121/1121 1130/1130/1130 1131/1131/1131
f 1121/1121/1121 1132/1132/1132 1133/1133/1133
f 1132/1132/1132 1121/1121/1121 1134/1134/1134
f 1130/1130/1130 1121/1121/1121 1135/1135/1135
f 1131/1131/1131 1136/1136/1136 1137/1137/1137
f 1131/1131/1131 1138/1138/1138 1139/1139/1139
f 1131/1131/1131 1140/1140/1140 1138/1138/1138
f 1131/1131/1131 1141/1141/1141 1140/1140/1140
f 1131/1131/1131 1142/1142/1142 1141/1141/1141
f 1131/1131/1131 1143/1143/1143 1142/1142/1142
f 1131/1131/1131 1144/1144/1144 1145/1145/1145
f 1143/1143/1143 1131/1131/1131 1146/1146/1146
f 1144/1144/1144 1131/1131/1131 1137/1137/1137
f 1129/1129/1129 1121/1121/1121 1131/1131/1131
f 1129/1129/1129 1131/1131/1131 1145/1145/1145
f 1147/1147/1147 1121/1121/1121 1148/1148/1148
f 1149/1149/1149 1121/1121/1121 1147/1147/1147
f 1134/1134/1134 1121/1121/1121 1149/1149/1149
f 1135/1135/1135 1121/1121/1121 1133/1133/1133
f 1146/1146/1146 1131/1131/1131 1130/1130/1130
f 1136/1136/1136 1131/1131/1131 1150/1150/1150
f 1151/1151/1151 1131/1131/1131 1152/1152/1152
f 1150/1150/1150 1131/1131/1131 1151/1151/1151
f 1153/1153/1153 1154/1154/1154 1155/1155/1155
f 1156/1156/1156 1157/1157/1157 1158/1158/1158
f 1159/1159/1159 1160/1160/1160 1161/1161/1161
f 1162/1162/1162 1163/1163/1163 1164/1164/1164
f 1165/1165/1165 1166/1166/1166 1167/1167/1167
f 1168/1168/1168 1169/1169/1169 1170/1170/1170
f 1171/1171/1171 1172/1172/1172 1173/1173/1173
f 1174/1174/1174 1175/1175/1175 1176/1176/1176
f 1177/1177/1177 1178/1178/1178 1179/1179/1179
f 1180/1180/1180 1181/1181/1181 1182/1182/1182
f 1183/1183/1183 1184/1184/1184 1185/1185/1185
f 1186/1186/1186 1187/1187/1187 1188/1188/1188
f 1189/1189/1189 1190/1190/1190 1191/1191/1191
f 1192/1192/1192 1193/1193/1193 1194/1194/1194
f 1195/1195/1195 1196/1196/1196 1197/1197/1197
f 1198/1198/1198 1199/1199/1199 1200/1200/1200
f 1201/1201/1201 1202/1202/1202 1203/1203/1203
f 1204/1204/1204 1205/1205/1205 1206/1206/1206
f 1207/1207/1207 1208/1208/1208 1209/1209/1209
f 1210/1210/1210 1211/1211/1211 1212/1212/1212
f 1213/1213/1213 1214/1214/1214 1215/1215/1215
f 1216/1216/1216 1217/1217/1217 1218/1218/1218
f 1219/1219/1219 1220/1220/1220 1221/1221/1221
f 1222/1222/1222 1223/1223/1223 1224/1224/1224
f 1225/1225/1225 1226/1226/1226 1227/1227/1227
f 1228/1228/1228 1229/1229/1229 1230/1230/1230
f 1231/1231/1231 1232/1232/1232 1233/1233/1233
f 1234/1234/1234 1235/1235/1235 1236/1236/1236
f 1237/1237/1237 1238/1238/1238 1239/1239/1239
f 1240/1240/1240 1241/1241/1241 1242/1242/1242
f 1243/1243/1243 1244/1244/1244 1245/1245/1245
f 1246/1246/1246 1247/1247/1247 1248/1248/1248
f 1249/1249/1249 1250/1250/1250 1251/1251/1251
f 1252/1252/1252 1253/1253/1253 1254/1254/1254
f 1255/1255/1255 1256/1256/1256 1257/1257/1257
f 1258/1258/1258 1259/1259/1259 1260/1260/1260
f 1261/1261/1261 1262/1262/1262 1263/1263/1263
f 1264/1264/1264 1265/1265/1265 1266/1266/1266
f 1267/1267/1267 1268/1268/1268 1269/1269/1269
f 1270/1270/1270 1271/1271/1271 1272/1272/1272
f 1273/1273/1273 1274/1274/1274 1275/1275/1275
f 1275/1275/1275 1276/1276/1276 1273/1273/1273
f 1277/1277/1277 1278/1278/1278 1279/1279/1279
f 1277/1277/1277 1279/1279/1279 1280/1280/1280
f 1278/1278/1278 1281/1281/1281 1279/1279/1279
f 1279/1279/1279 1281/1281/1281 1282/1282/1282
f 1280/1280/1280 1281/1281/1281 1277/1277/1277
f 1281/1281/1281 1280/1280/1280 1282/1282/1282
f 1283/1283/1283 1284/1284/1284 1285/1285/1285
f 1284/1284/1284 1283/1283/1283 1286/1286/1286
f 1287/1287/1287 1288/1288/1288 1289/1289/1289
f 1287/1287/1287 1290/1290/1290 1288/1288/1288
f 1288/1288/1288 1291/1291/1291 1292/1292/1292
f 1289/1289/1289 1291/1291/1291 1287/1287/1287
f 1290/1290/1290 1291/1291/1291 1288/1288/1288
f 1291/1291/1291 1289/1289/1289 1292/1292/1292
f 1293/1293/1293 1294/1294/1294 1295/1295/1295
f 1294/1294/1294 1293/1293/1293 1296/1296/1296
f 1297/1297/1297 1298/1298/1298 1299/1299/1299
f 1297/1297/1297 1300/1300/1300 1301/1301/1301
f 1298/1298/1298 1300/1300/1300 1299/1299/1299
f 1299/1299/1299 1300/1300/1300 1302/1302/1302
f 1301/1301/1301 1298/1298/1298 1297/1297/1297
f 1300/1300/1300 1297/1297/1297 1302/1302/1302
f 1303/1303/1303 1304/1304/1304 1305/1305/1305
f 1305/1305/1305 1306/1306/1306 1303/1303/1303
f 1307/1307/1307 1308/1308/1308 1309/1309/1309
f 1307/1307/1307 1309/1309/1309 1310/1310/1310
f 1308/1308/1308 1311/1311/1311 1309/1309/1309
f 1309/1309/1309 1311/1311/1311 1312/1312/1312
f 1310/1310/1310 1311/1311/1311 1307/1307/1307
f 1311/1311/1311 1310/1310/1310 1312/1312/1312
f 1313/1313/1313 1314/1314/1314 1315/1315/1315
f 1314/1314/1314 1313/1313/1313 1316/1316/1316
f 1317/1317/1317 1318/1318/1318 1319/1319/1319
f 1317/1317/1317 1319/1319/1319 1320/1320/1320
f 1319/1319/1319 1321/1321/1321 1322/1322/1322
f 1321/1321/1321 1319/1319/1319 1318/1318/1318
f 1321/1321/1321 1317/1317/1317 1322/1322/1322
f 1322/1322/1322 1317/1317/1317 1320/1320/1320
f 1323/1323/1323 1324/1324/1324 1325/1325/1325
f 1324/1324/1324 1323/1323/1323 1326/1326/1326
f 1327/1327/1327 1328/1328/1328 1329/1329/1329
f 1327/1327/1327 1330/1330/1330 1331/1331/1331
f 1328/1328/1328 1327/1327/1327 1331/1331/1331
f 1328/1328/1328 1330/1330/1330 1329/1329/1329
f 1331/1331/1331 1330/1330/1330 1332/1332/1332
f 1330/1330/1330 1328/1328/1328 1332/1332/1332
f 1333/1333/1333 1334/1334/1334 1335/1335/1335
f 1334/1334/1334 1333/1333/1333 1336/1336/1336
f 1337/1337/1337 1338/1338/1338 1339/1339/1339
f 1338/1338/1338 1340/1340/1340 1341/1341/1341
f 1339/1339/1339 1338/1338/1338 1341/1341/1341
f 1340/1340/1340 1338/1338/1338 1342/1342/1342
f 1340/1340/1340 1337/1337/1337 1339/1339/1339
f 1342/1342/1342 1337/1337/1337 1340/1340/1340
f 1343/1343/1343 1344/1344/1344 1345/1345/1345
f 1344/1344/1344 1343/1343/1343 1346/1346/1346
f 1347/1347/1347 1348/1348/1348 1349/1349/1349
f 1348/1348/1348 1350/1350/1350 1349/1349/1349
f 1349/1349/1349 1350/1350/1350 1351/1351/1351
f 1352/1352/1352 1348/1348/1348 1347/1347/1347
f 1350/1350/1350 1352/1352/1352 1347/1347/1347
f 1350/1350/1350 1347/1347/1347 1351/1351/1351
f 1353/1353/1353 1354/1354/1354 1355/1355/1355
f 1354/1354/1354 1353/1353/1353 1356/1356/1356
f 1357/1357/1357 1358/1358/1358 1359/1359/1359
f 1358/1358/1358 1360/1360/1360 1361/1361/1361
f 1358/1358/1358 1357/1357/1357 1362/1362/1362
f 1359/1359/1359 1360/1360/1360 1357/1357/1357
f 1362/1362/1362 1360/1360/1360 1358/1358/1358
f 1360/1360/1360 1359/1359/1359 1361/1361/1361
f 1363/1363/1363 1364/1364/1364 1365/1365/1365
f 1364/1364/1364 1363/1363/1363 1366/1366/1366
f 1367/1367/1367 1368/1368/1368 1369/1369/1369
f 1367/1367/1367 1370/1370/1370 1371/1371/1371
f 1370/1370/1370 1372/1372/1372 1371/1371/1371
f 1369/1369/1369 1370/1370/1370 1367/1367/1367
f 1372/1372/1372 1370/1370/1370 1368/1368/1368
f 1368/1368/1368 1367/1367/1367 1372/1372/1372
f 1373/1373/1373 1374/1374/1374 1375/1375/1375
f 1374/1374/1374 1373/1373/1373 1376/1376/1376
f 1377/1377/1377 1378/1378/1378 1379/1379/1379
f 1377/1377/1377 1380/1380/1380 1381/1381/1381
f 1378/1378/1378 1380/1380/1380 1379/1379/1379
f 1379/1379/1379 1380/1380/1380 1382/1382/1382
f 1381/1381/1381 1378/1378/1378 1377/1377/1377
f 1380/1380/1380 1377/1377/1377 1382/1382/1382
f 1383/1383/1383 1384/1384/1384 1385/1385/1385
f 1384/1384/1384 1383/1383/1383 1386/1386/1386
f 1387/1387/1387 1388/1388/1388 1389/1389/1389
f 1387/1387/1387 1390/1390/1390 1391/1391/1391
f 1388/1388/1388 1390/1390/1390 1389/1389/1389
f 1389/1389/1389 1390/1390/1390 1392/1392/1392
f 1391/1391/1391 1388/1388/1388 1387/1387/1387
f 1390/1390/1390 1387/1387/1387 1392/1392/1392
f 1393/1393/1393 1394/1394/1394 1395/1395/1395
f 1394/1394/1394 1393/1393/1393 1396/1396/1396
f 1397/1397/1397 1398/1398/1398 1399/1399/1399
f 1398/1398/1398 1400/1400/1400 1399/1399/1399
f 1401/1401/1401 1398/1398/1398 1397/1397/1397
f 1400/1400/1400 1398/1398/1398 1402/1402/1402
f 1400/1400/1400 1401/1401/1401 1397/1397/1397
f 1402/1402/1402 1401/1401/1401 1400/1400/1400
f 1403/1403/1403 1404/1404/1404 1405/1405/1405
f 1404/1404/1404 1403/1403/1403 1406/1406/1406
f 1407/1407/1407 1408/1408/1408 1409/1409/1409
f 1407/1407/1407 1409/1409/1409 1410/1410/1410
f 1408/1408/1408 1411/1411/1411 1409/1409/1409
f 1409/1409/1409 1411/1411/1411 1412/1412/1412
f 1410/1410/1410 1411/1411/1411 1407/1407/1407
f 1411/1411/1411 1410/1410/1410 1412/1412/1412
f 1413/1413/1413 1414/1414/1414 1415/1415/1415
f 1414/1414/1414 1413/1413/1413 1416/1416/1416
f 1417/1417/1417 1418/1418/1418 1419/1419/1419
f 1417/1417/1417 1420/1420/1420 1421/1421/1421
f 1418/1418/1418 1420/1420/1420 1419/1419/1419
f 1419/1419/1419 1420/1420/1420 1422/1422/1422
f 1421/1421/1421 1418/1418/1418 1417/1417/1417
f 1420/1420/1420 1417/1417/1417 1422/1422/1422
f 1423/1423/1423 1424/1424/1424 1425/1425/1425
f 1424/1424/1424 1423/1423/1423 1426/1426/1426
f 1427/1427/1427 1428/1428/1428 1429/1429/1429
f 1427/1427/1427 1430/1430/1430 1431/1431/1431
f 1428/1428/1428 1432/1432/1432 1429/1429/1429
f 1431/1431/1431 1428/1428/1428 1427/1427/1427
f 1432/1432/1432 1428/1428/1428 1430/1430/1430
f 1430/1430/1430 1427/1427/1427 1432/1432/1432
f 1433/1433/1433 1434/1434/1434 1435/1435/1435
f 1434/1434/1434 1433/1433/1433 1436/1436/1436
f 1437/1437/1437 1438/1438/1438 1439/1439/1439
f 1437/1437/1437 1440/1440/1440 1441/1441/1441
f 1438/1438/1438 1440/1440/1440 1439/1439/1439
f 1439/1439/1439 1440/1440/1440 1442/1442/1442
f 1441/1441/1441 1438/1438/1438 1437/1437/1437
f 1440/1440/1440 1437/1437/1437 1442/1442/1442
f 1443/1443/1443 1444/1444/1444 1445/1445/1445
f 1444/1444/1444 1443/1443/1443 1446/1446/1446
f 1447/1447/1447 1448/1448/1448 1449/1449/1449
f 1447/1447/1447 1450/1450/1450 1451/1451/1451
f 1448/1448/1448 1447/1447/1447 1452/1452/1452
f 1449/1449/1449 1450/1450/1450 1447/1447/1447
f 1452/1452/1452 1450/1450/1450 1448/1448/1448
f 1450/1450/1450 1452/1452/1452 1451/1451/1451
f 1453/1453/1453 1454/1454/1454 1455/1455/1455
f 1454/1454/1454 1453/1453/1453 1456/1456/1456
f 1457/1457/1457 1458/1458/1458 1459/1459/1459
f 1457/1457/1457 1460/1460/1460 1461/1461/1461
f 1460/1460/1460 1462/1462/1462 1461/1461/1461
f 1459/1459/1459 1460/1460/1460 1457/1457/1457
f 1462/1462/1462 1460/1460/1460 1458/1458/1458
f 1458/1458/1458 1457/1457/1457 1462/1462/1462
f 1463/1463/1463 1464/1464/1464 1465/1465/1465
f 1465/1465/1465 1466/1466/1466 1463/1463/1463
f 1467/1467/1467 1468/1468/1468 1469/1469/1469
f 1468/1468/1468 1470/1470/1470 1471/1471/1471
f 1469/1469/1469 1468/1468/1468 1471/1471/1471
f 1469/1469/1469 1472/1472/1472 1467/1467/1467
f 1470/1470/1470 1468/1468/1468 1472/1472/1472
f 1472/1472/1472 1469/1469/1469 1470/1470/1470
f 1473/1473/1473 1474/1474/1474 1475/1475/1475
f 1474/1474/1474 1473/1473/1473 1476/1476/1476
f 1477/1477/1477 1478/1478/1478 1479/1479/1479
f 1477/1477/1477 1480/1480/1480 1481/1481/1481
f 1478/1478/1478 1480/1480/1480 1479/1479/1479
f 1479/1479/1479 1480/1480/1480 1482/1482/1482
f 1481/1481/1481 1478/1478/1478 1477/1477/1477
f 1480/1480/1480 1477/1477/1477 1482/1482/1482
f 1483/1483/1483 1484/1484/1484 1485/1485/1485
f 1485/1485/1485 1486/1486/1486 1483/1483/1483
f 1487/1487/1487 1488/1488/1488 1489/1489/1489
f 1488/1488/1488 1487/1487/1487 1490/1490/1490
f 1490/1490/1490 1491/1491/1491 1488/1488/1488
f 1491/1491/1491 1490/1490/1490 1492/1492/1492
f 1491/1491/1491 1487/1487/1487 1489/1489/1489
f 1492/1492/1492 1487/1487/1487 1491/1491/1491
f 1493/1493/1493 1494/1494/1494 1495/1495/1495
f 1495/1495/1495 1496/1496/1496 1493/1493/1493
f 1497/1497/1497 1498/1498/1498 1499/1499/1499
f 1497/1497/1497 1500/1500/1500 1501/1501/1501
f 1498/1498/1498 1500/1500/1500 1499/1499/1499
f 1499/1499/1499 1500/1500/1500 1502/1502/1502
f 1501/1501/1501 1498/1498/1498 1497/1497/1497
f 1500/1500/1500 1497/1497/1497 1502/1502/1502
f 1503/1503/1503 1504/1504/1504 1505/1505/1505
f 1504/1504/1504 1503/1503/1503 1506/1506/1506
f 1507/1507/1507 1508/1508/1508 1509/1509/1509
f 1507/1507/1507 1510/1510/1510 1511/1511/1511
f 1508/1508/1508 1507/1507/1507 1512/1512/1512
f 1509/1509/1509 1510/1510/1510 1507/1507/1507
f 1512/1512/1512 1510/1510/1510 1508/1508/1508
f 1510/1510/1510 1512/1512/1512 1511/1511/1511
f 1513/1513/1513 1514/1514/1514 1515/1515/1515
f 1514/1514/1514 1513/1513/1513 1516/1516/1516
f 1517/1517/1517 1518/1518/1518 1519/1519/1519
f 1517/1517/1517 1520/1520/1520 1521/1521/1521
f 1520/1520/1520 1517/1517/1517 1522/1522/1522
f 1521/1521/1521 1518/1518/1518 1517/1517/1517
f 1518/1518/1518 1520/1520/1520 1519/1519/1519
f 1519/1519/1519 1520/1520/1520 1522/1522/1522
f 1523/1523/1523 1524/1524/1524 1525/1525/1525
f 1525/1525/1525 1526/1526/1526 1523/1523/1523
f 1527/1527/1527 1528/1528/1528 1529/1529/1529
f 1528/1528/1528 1530/1530/1530 1531/1531/1531
f 1529/1529/1529 1528/1528/1528 1531/1531/1531
f 1530/1530/1530 1528/1528/1528 1532/1532/1532
f 1530/1530/1530 1527/1527/1527 1529/1529/1529
f 1532/1532/1532 1527/1527/1527 1530/1530/1530
f 1533/1533/1533 1534/1534/1534 1535/1535/1535
f 1534/1534/1534 1533/1533/1533 1536/1536/1536
f 1537/1537/1537 1538/1538/1538 1539/1539/1539
f 1538/1538/1538 1537/1537/1537 1540/1540/1540
f 1538/1538/1538 1541/1541/1541 1542/1542/1542
f 1539/1539/1539 1541/1541/1541 1537/1537/1537
f 1540/1540/1540 1541/1541/1541 1538/1538/1538
f 1541/1541/1541 1539/1539/1539 1542/1542/1542
f 1543/1543/1543 1544/1544/1544 1545/1545/1545
f 1544/1544/1544 1543/1543/1543 1546/1546/1546
f 1547/1547/1547 1548/1548/1548 1549/1549/1549
f 1547/1547/1547 1550/1550/1550 1551/1551/1551
f 1548/1548/1548 1547/1547/1547 1552/1552/1552
f 1549/1549/1549 1550/1550/1550 1547/1547/1547
f 1552/1552/1552 1550/1550/1550 1548/1548/1548
f 1550/1550/1550 1552/1552/1552 1551/1551/1551
f 1553/1553/1553 1554/1554/1554 1555/1555/1555
f 1554/1554/1554 1553/1553/1553 1556/1556/1556
f 1557/1557/1557 1558/1558/1558 1559/1559/1559
f 1558/1558/1558 1560/1560/1560 1559/1559/1559
f 1561/1561/1561 1558/1558/1558 1557/1557/1557
f 1560/1560/1560 1558/1558/1558 1562/1562/1562
f 1560/1560/1560 1561/1561/1561 1557/1557/1557
f 1562/1562/1562 1561/1561/1561 1560/1560/1560
f 1563/1563/1563 1564/1564/1564 1565/1565/1565
f 1564/1564/1564 1563/1563/1563 1566/1566/1566
f 1567/1567/1567 1568/1568/1568 1569/1569/1569
f 1567/1567/1567 1570/1570/1570 1571/1571/1571
f 1568/1568/1568 1567/1567/1567 1572/1572/1572
f 1569/1569/1569 1570/1570/1570 1567/1567/1567
f 1572/1572/1572 1570/1570/1570 1568/1568/1568
f 1570/1570/1570 1572/1572/1572 1571/1571/1571
f 1573/1573/1573 1574/1574/1574 1575/1575/1575
f 1574/1574/1574 1573/1573/1573 1576/1576/1576
f 1577/1577/1577 1578/1578/1578 1579/1579/1579
f 1577/1577/1577 1580/1580/1580 1581/1581/1581
f 1578/1578/1578 1582/1582/1582 1579/1579/1579
f 1581/1581/1581 1578/1578/1578 1577/1577/1577
f 1582/1582/1582 1578/1578/1578 1580/1580/1580
f 1580/1580/1580 1577/1577/1577 1582/1582/1582
f 1583/1583/1583 1584/1584/1584 1585/1585/1585
f 1583/1583/1583 1585/1585/1585 1586/1586/1586
f 1587/1587/1587 1588/1588/1588 1589/1589/1589
f 1588/1588/1588 1590/1590/1590 1589/1589/1589
f 1591/1591/1591 1588/1588/1588 1587/1587/1587
f 1590/1590/1590 1588/1588/1588 1592/1592/1592
f 1590/1590/1590 1591/1591/1591 1587/1587/1587
f 1592/1592/1592 1591/1591/1591 1590/1590/1590
f 1593/1593/1593 1594/1594/1594 1595/1595/1595
f 1594/1594/1594 1593/1593/1593 1596/1596/1596
f 1597/1597/1597 1598/1598/1598 1599/1599/1599
f 1598/1598/1598 1600/1600/1600 1599/1599/1599
f 1601/1601/1601 1598/1598/1598 1597/1597/1597
f 1600/1600/1600 1598/1598/1598 1602/1602/1602
f 1602/1602/1602 1601/1601/1601 1597/1597/1597
f 1602/1602/1602 1597/1597/1597 1600/1600/1600
f 1603/1603/1603 1604/1604/1604 1605/1605/1605
f 1604/1604/1604 1603/1603/1603 1606/1606/1606
f 1607/1607/1607 1608/1608/1608 1609/1609/1609
f 1608/1608/1608 1610/1610/1610 1611/1611/1611
f 1609/1609/1609 1608/1608/1608 1611/1611/1611
f 1610/1610/1610 1608/1608/1608 1612/1612/1612
f 1610/1610/1610 1607/1607/1607 1609/1609/1609
f 1612/1612/1612 1607/1607/1607 1610/1610/1610
f 1613/1613/1613 1614/1614/1614 1615/1615/1615
f 1615/1615/1615 1616/1616/1616 1613/1613/1613
f 1617/1617/1617 1618/1618/1618 1619/1619/1619
f 1617/1617/1617 1620/1620/1620 1621/1621/1621
f 1618/1618/1618 1622/1622/1622 1619/1619/1619
f 1621/1621/1621 1618/1618/1618 1617/1617/1617
f 1622/1622/1622 1618/1618/1618 1620/1620/1620
f 1620/1620/1620 1617/1617/1617 1622/1622/1622
f 1623/1623/1623 1624/1624/1624 1625/1625/1625
f 1624/1624/1624 1623/1623/1623 1626/1626/1626
f 1627/1627/1627 1628/1628/1628 1629/1629/1629
f 1627/1627/1627 1630/1630/1630 1631/1631/1631
f 1628/1628/1628 1630/1630/1630 1629/1629/1629
f 1629/1629/1629 1630/1630/1630 1632/1632/1632
f 1631/1631/1631 1628/1628/1628 1627/1627/1627
f 1630/1630/1630 1627/1627/1627 1632/1632/1632
f 1633/1633/1633 1634/1634/1634 1635/1635/1635
f 1634/1634/1634 1633/1633/1633 1636/1636/1636
f 1637/1637/1637 1638/1638/1638 1639/1639/1639
f 1637/1637/1637 1640/1640/1640 1641/1641/1641
f 1640/1640/1640 1642/1642/1642 1641/1641/1641
f 1639/1639/1639 1640/1640/1640 1637/1637/1637
f 1642/1642/1642 1640/1640/1640 1638/1638/1638
f 1638/1638/1638 1637/1637/1637 1642/1642/1642
f 1643/1643/1643 1644/1644/1644 1645/1645/1645
f 1643/1643/1643 1645/1645/1645 1646/1646/1646
f 1647/1647/1647 1648/1648/1648 1649/1649/1649
f 1647/1647/1647 1650/1650/1650 1651/1651/1651
f 1648/1648/1648 1647/1647/1647 1652/1652/1652
f 1649/1649/1649 1650/1650/1650 1647/1647/1647
f 1650/1650/1650 1648/1648/1648 1651/1651/1651
f 1651/1651/1651 1648/1648/1648 1652/1652/1652
f 1653/1653/1653 1654/1654/1654 1655/1655/1655
f 1654/1654/1654 1653/1653/1653 1656/1656/1656
f 1657/1657/1657 1658/1658/1658 1659/1659/1659
f 1657/1657/1657 1660/1660/1660 1661/1661/1661
f 1658/1658/1658 1657/1657/1657 1662/1662/1662
f 1659/1659/1659 1660/1660/1660 1657/1657/1657
f 1662/1662/1662 1660/1660/1660 1658/1658/1658
f 1660/1660/1660 1662/1662/1662 1661/1661/1661
f 1663/1663/1663 1664/1664/1664 1665/1665/1665
f 1665/1665/1665 1666/1666/1666 1663/1663/1663
f 1667/1667/1667 1668/1668/1668 1669/1669/1669
f 1668/1668/1668 1670/1670/1670 1671/1671/1671
f 1669/1669/1669 1668/1668/1668 1671/1671/1671
f 1669/1669/1669 1670/1670/1670 1667/1667/1667
f 1671/1671/1671 1670/1670/1670 1672/1672/1672
f 1670/1670/1670 1669/1669/1669 1672/1672/1672
f 1673/1673/1673 1674/1674/1674 1675/1675/1675
f 1674/1674/1674 1673/1673/1673 1676/1676/1676
f 1677/1677/1677 1678/1678/1678 1679/1679/1679
f 1678/1678/1678 1677/1677/1677 1680/1680/1680
f 1681/1681/1681 1682/1682/1682 1683/1683/1683
f 1681/1681/1681 1683/1683/1683 1684/1684/1684
f 1685/1685/1685 1686/1686/1686 1687/1687/1687
f 1686/1686/1686 1685/1685/1685 1688/1688/1688
f 1689/1689/1689 1690/1690/1690 1691/1691/1691
f 1690/1690/1690 1689/1689/1689 1692/1692/1692
f 1693/1693/1693 1694/1694/1694 1695/1695/1695
f 1694/1694/1694 1693/1693/1693 1696/1696/1696
f 1697/1697/1697 1698/1698/1698 1699/1699/1699
f 1698/1698/1698 1697/1697/1697 1700/1700/1700
f 1701/1701/1701 1702/1702/1702 1703/1703/1703
f 1703/1703/1703 1704/1704/1704 1701/1701/1701
f 1705/1705/1705 1706/1706/1706 1707/1707/1707
f 1706/1706/1706 1705/1705/1705 1708/1708/1708
f 1709/1709/1709 1710/1710/1710 1711/1711/1711
f 1711/1711/1711 1712/1712/1712 1709/1709/1709
f 1713/1713/1713 1714/1714/1714 1715/1715/1715
f 1714/1714/1714 1713/1713/1713 1716/1716/1716
f 1717/1717/1717 1718/1718/1718 1719/1719/1719
f 1719/1719/1719 1720/1720/1720 1717/1717/1717
f 1721/1721/1721 1722/1722/1722 1723/1723/1723
f 1722/1722/1722 1721/1721/1721 1724/1724/1724
f 1725/1725/1725 1726/1726/1726 1727/1727/1727
f 1726/1726/1726 1725/1725/1725 1728/1728/1728
f 1729/1729/1729 1730/1730/1730 1731/1731/1731
f 1731/1731/1731 1732/1732/1732 1729/1729/1729
f 1733/1733/1733 1734/1734/1734 1735/1735/1735
f 1735/1735/1735 1736/1736/1736 1733/1733/1733
f 1737/1737/1737 1738/1738/1738 1739/1739/1739
f 1738/1738/1738 1737/1737/1737 1740/1740/1740
f 1741/1741/1741 1742/1742/1742 1743/1743/1743
f 1742/1742/1742 1741/1741/1741 1744/1744/1744
f 1745/1745/1745 1746/1746/1746 1747/1747/1747
f 1747/1747/1747 1748/1748/1748 1745/1745/1745
f 1749/1749/1749 1750/1750/1750 1751/1751/1751
f 1749/1749/1749 1751/1751/1751 1752/1752/1752
f 1753/1753/1753 1754/1754/1754 1755/1755/1755
f 1754/1754/1754 1753/1753/1753 1756/1756/1756
f 1757/1757/1757 1758/1758/1758 1759/1759/1759
f 1758/1758/1758 1757/1757/1757 1760/1760/1760
f 1761/1761/1761 1762/1762/1762 1763/1763/1763
f 1762/1762/1762 1761/1761/1761 1764/1764/1764
f 1765/1765/1765 1766/1766/1766 1767/1767/1767
f 1767/1767/1767 1768/1768/1768 1765/1765/1765
f 1769/1769/1769 1770/1770/1770 1771/1771/1771
f 1769/1769/1769 1771/1771/1771 1772/1772/1772
f 1773/1773/1773 1774/1774/1774 1775/1775/1775
f 1774/1774/1774 1773/1773/1773 1776/1776/1776
f 1777/1777/1777 1778/1778/1778 1779/1779/1779
f 1778/1778/1778 1777/1777/1777 1780/1780/1780
f 1781/1781/1781 1782/1782/1782 1783/1783/1783
f 1783/1783/1783 1784/1784/1784 1781/1781/1781
f 1785/1785/1785 1786/1786/1786 1787/1787/1787
f 1786/1786/1786 1785/1785/1785 1788/1788/1788
f 1789/1789/1789 1790/1790/1790 1791/1791/1791
f 1790/1790/1790 1789/1789/1789 1792/1792/1792
f 1793/1793/1793 1794/1794/1794 1795/1795/1795
f 1794/1794/1794 1793/1793/1793 1796/1796/1796
f 1797/1797/1797 1798/1798/1798 1799/1799/1799
f 1798/1798/1798 1797/1797/1797 1800/1800/1800
f 1801/1801/1801 1802/1802/1802 1803/1803/1803
f 1802/1802/1802 1801/1801/1801 1804/1804/1804
f 1805/1805/1805 1806/1806/1806 1807/1807/1807
f 1807/1807/1807 1808/1808/1808 1805/1805/1805
f 1809/1809/1809 1810/1810/1810 1811/1811/1811
f 1810/1810/1810 1809/1809/1809 1812/1812/1812
f 1813/1813/1813 1814/1814/1814 1815/1815/1815
f 1814/1814/1814 1813/1813/1813 1816/1816/1816
f 1817/1817/1817 1818/1818/1818 1819/1819/1819
f 1818/1818/1818 1817/1817/1817 1820/1820/1820
f 1821/1821/1821 1822/1822/1822 1823/1823/1823
f 1823/1823/1823 1824/1824/1824 1821/1821/1821
f 1825/1825/1825 1826/1826/1826 1827/1827/1827
f 1826/1826/1826 1825/1825/1825 1828/1828/1828
f 1829/1829/1829 1830/1830/1830 1831/1831/1831
f 1830/1830/1830 1829/1829/1829 1832/1832/1832
f 1833/1833/1833 1834/1834/1834 1835/1835/1835
f 1834/1834/1834 1833/1833/1833 1836/1836/1836
f 1837/1837/1837 1838/1838/1838 1839/1839/1839
f 1837/1837/1837 1839/1839/1839 1840/1840/1840
f 1841/1841/1841 1842/1842/1842 1843/1843/1843
f 1842/1842/1842 1841/1841/1841 1844/1844/1844
f 1845/1845/1845 1846/1846/1846 1847/1847/1847
f 1846/1846/1846 1845/1845/1845 1848/1848/1848
f 1849/1849/1849 1850/1850/1850 1851/1851/1851
f 1850/1850/1850 1849/1849/1849 1852/1852/1852
f 1853/1853/1853 1854/1854/1854 1855/1855/1855
f 1855/1855/1855 1856/1856/1856 1853/1853/1853
f 1857/1857/1857 1858/1858/1858 1859/1859/1859
f 1857/1857/1857 1859/1859/1859 1860/1860/1860
f 1861/1861/1861 1862/1862/1862 1863/1863/1863
f 1863/1863/1863 1864/1864/1864 1861/1861/1861
f 1865/1865/1865 1866/1866/1866 1867/1867/1867
f 1865/1865/1865 1867/1867/1867 1868/1868/1868
f 1869/1869/1869 1870/1870/1870 1871/1871/1871
f 1871/1871/1871 1872/1872/1872 1869/1869/1869
f 1873/1873/1873 1874/1874/1874 1875/1875/1875
f 1873/1873/1873 1875/1875/1875 1876/1876/1876
f 1877/1877/1877 1878/1878/1878 1879/1879/1879
f 1879/1879/1879 1880/1880/1880 1877/1877/1877
f 1881/1881/1881 1882/1882/1882 1883/1883/1883
f 1882/1882/1882 1881/1881/1881 1884/1884/1884
f 1885/1885/1885 1886/1886/1886 1887/1887/1887
f 1885/1885/1885 1887/1887/1887 1888/1888/1888
f 1889/1889/1889 1890/1890/1890 1891/1891/1891
f 1890/1890/1890 1889/1889/1889 1892/1892/1892
f 1893/1893/1893 1894/1894/1894 1895/1895/1895
f 1893/1893/1893 1895/1895/1895 1896/1896/1896
f 1897/1897/1897 1898/1898/1898 1899/1899/1899
f 1897/1897/1897 1899/1899/1899 1900/1900/1900
f 1901/1901/1901 1902/1902/1902 1903/1903/1903
f 1903/1903/1903 1904/1904/1904 1901/1901/1901
f 1905/1905/1905 1906/1906/1906 1907/1907/1907
f 1907/1907/1907 1908/1908/1908 1905/1905/1905
f 1909/1909/1909 1910/1910/1910 1911/1911/1911
f 1910/1910/1910 1909/1909/1909 1912/1912/1912
f 1913/1913/1913 1914/1914/1914 1915/1915/1915
f 1914/1914/1914 1913/1913/1913 1916/1916/1916
f 1917/1917/1917 1918/1918/1918 1919/1919/1919
f 1918/1918/1918 1917/1917/1917 1920/1920/1920
f 1921/1921/1921 1922/1922/1922 1923/1923/1923
f 1923/1923/1923 1924/1924/1924 1921/1921/1921
f 1925/1925/1925 1926/1926/1926 1927/1927/1927
f 1926/1926/1926 1925/1925/1925 1928/1928/1928
f 1929/1929/1929 1930/1930/1930 1931/1931/1931
f 1929/1929/1929 1931/1931/1931 1932/1932/1932
f 1933/1933/1933 1934/1934/1934 1935/1935/1935
f 1934/1934/1934 1933/1933/1933 1936/1936/1936
f 1937/1937/1937 1938/1938/1938 1939/1939/1939
f 1937/1937/1937 1939/1939/1939 1940/1940/1940
f 1941/1941/1941 1942/1942/1942 1943/1943/1943
f 1942/1942/1942 1941/1941/1941 1944/1944/1944
f 1945/1945/1945 1946/1946/1946 1947/1947/1947
f 1945/1945/1945 1947/1947/1947 1948/1948/1948
f 1949/1949/1949 1950/1950/1950 1951/1951/1951
f 1951/1951/1951 1952/1952/1952 1949/1949/1949
f 1953/1953/1953 1954/1954/1954 1955/1955/1955
f 1954/1954/1954 1953/1953/1953 1956/1956/1956
f 1957/1957/1957 1958/1958/1958 1959/1959/1959
f 1958/1958/1958 1957/1957/1957 1960/1960/1960
f 1961/1961/1961 1962/1962/1962 1963/1963/1963
f 1962/1962/1962 1961/1961/1961 1964/1964/1964
f 1965/1965/1965 1966/1966/1966 1967/1967/1967
f 1966/1966/1966 1965/1965/1965 1968/1968/1968
f 1969/1969/1969 1970/1970/1970 1971/1971/1971
f 1970/1970/1970 1969/1969/1969 1972/1972/1972
f 1973/1973/1973 1974/1974/1974 1975/1975/1975
f 1974/1974/1974 1973/1973/1973 1976/1976/1976
f 1977/1977/1977 1978/1978/1978 1979/1979/1979
f 1978/1978/1978 1977/1977/1977 1980/1980/1980
f 1981/1981/1981 1982/1982/1982 1983/1983/1983
f 1983/1983/1983 1984/1984/1984 1981/1981/1981
f 1985/1985/1985 1986/1986/1986 1987/1987/1987
f 1987/1987/1987 1988/1988/1988 1985/1985/1985
f 1989/1989/1989 1990/1990/1990 1991/1991/1991
f 1990/1990/1990 1989/1989/1989 1992/1992/1992
f 1993/1993/1993 1994/1994/1994 1995/1995/1995
f 1994/1994/1994 1993/1993/1993 1996/1996/1996
f 1997/1997/1997 1998/1998/1998 1999/1999/1999
f 1999/1999/1999 2000/2000/2000 1997/1997/1997
f 2001/2001/2001 2002/2002/2002 2003/2003/2003
f 2002/2002/2002 2001/2001/2001 2004/2004/2004
f 2005/2005/2005 2006/2006/2006 2007/2007/2007
f 2006/2006/2006 2005/2005/2005 2008/2008/2008
f 2009/2009/2009 2010/2010/2010 2011/2011/2011
f 2011/2011/2011 2012/2012/2012 2009/2009/2009
f 2013/2013/2013 2014/2014/2014 2015/2015/2015
f 2015/2015/2015 2016/2016/2016 2013/2013/2013
f 2017/2017/2017 2018/2018/2018 2019/2019/2019
f 2017/2017/2017 2019/2019/2019 2020/2020/2020
f 2021/2021/2021 2022/2022/2022 2023/2023/2023
f 2022/2022/2022 2021/2021/2021 2024/2024/2024
f 2025/2025/2025 2026/2026/2026 2027/2027/2027
f 2026/2026/2026 2025/2025/2025 2028/2028/2028
f 2029/2029/2029 2030/2030/2030 2031/2031/2031
f 2029/2029/2029 2031/2031/2031 2032/2032/2032
