# converted from aim9_rickslash.glb by gltf2obj.py (node transforms baked, V flipped)
mtllib aim9_rickslash.mtl
o front_plane7
g front_plane7
usemtl lambert1
v 0.06487 -0.068398 0.745664
v 0.066545 -0.066724 0.745664
v 0.062109 -0.062288 0.755157
v 0.060434 -0.063962 0.755157
v 0.089601 -0.093129 0.692227
v 0.091276 -0.091455 0.692227
v 0.132627 -0.136155 0.634139
v 0.134302 -0.134481 0.634139
v 0.091276 -0.091455 0.692227
v 0.089601 -0.093129 0.692227
v 0.049689 -0.053217 0.745611
v 0.055258 -0.058786 0.745638
v 0.051914 -0.055442 0.7745
v 0.049658 -0.053186 0.774473
v 0.04972 -0.053248 0.692175
v 0.069422 -0.07295 0.692201
v 0.04972 -0.053248 0.634087
v 0.082298 -0.085826 0.634113
v 0.051394 -0.051574 0.62328
v 0.08405 -0.084229 0.623306
v 0.082376 -0.085904 0.623306
v 0.04972 -0.053248 0.62328
v 0.051394 -0.051574 0.634087
v 0.083973 -0.084152 0.634113
v 0.08405 -0.084229 0.623306
v 0.051394 -0.051574 0.62328
v 0.051394 -0.051574 0.692175
v 0.071096 -0.071276 0.692201
v 0.051364 -0.051543 0.745611
v 0.056932 -0.057111 0.745638
v 0.049658 -0.053186 0.774473
v 0.051914 -0.055442 0.7745
v 0.053589 -0.053768 0.7745
v 0.051333 -0.051512 0.774473
v 0.089601 -0.093129 0.692227
v 0.06487 -0.068398 0.745664
v 0.132627 -0.136155 0.634139
v 0.132705 -0.136233 0.623333
v 0.082376 -0.085904 0.623306
v 0.134379 -0.134559 0.623333
v 0.132705 -0.136233 0.623333
v 0.134302 -0.134481 0.634139
v 0.091276 -0.091455 0.692227
v 0.066545 -0.066724 0.745664
v 0.062109 -0.062288 0.755157
v 0.053589 -0.053768 0.7745
v 0.053589 -0.053768 0.7745
v 0.051914 -0.055442 0.7745
v 0.132705 -0.136233 0.623333
v 0.134379 -0.134559 0.623333
v 0.134302 -0.134481 0.634139
v 0.132627 -0.136155 0.634139
v 0.04972 -0.053248 0.62328
v 0.051333 -0.051512 0.774473
v 0.060434 -0.063962 0.755157
v 0.134379 -0.134559 0.623333
vt 0.5579 0.0854
vt 0.5594 0.0845
vt 0.555 0.0775
vt 0.5535 0.0783
vt 0.5833 0.1247
vt 0.5847 0.1237
vt 0.6283 0.1665
vt 0.6295 0.1652
vt 0.5845 0.1234
vt 0.5833 0.1247
vt 0.542 0.085
vt 0.5479 0.0852
vt 0.5454 0.0638
vt 0.543 0.0637
vt 0.542 0.1249
vt 0.5624 0.1248
vt 0.542 0.1675
vt 0.576 0.1673
vt 0.542 0.1772
vt 0.5761 0.177
vt 0.5761 0.1753
vt 0.542 0.1754
vt 0.542 0.1852
vt 0.5761 0.185
vt 0.5761 0.177
vt 0.542 0.1772
vt 0.5421 0.2286
vt 0.563 0.2284
vt 0.5424 0.2688
vt 0.5483 0.2688
vt 0.543 0.0637
vt 0.5454 0.0638
vt 0.5455 0.0621
vt 0.5431 0.062
vt 0.5833 0.1247
vt 0.5579 0.0854
vt 0.6283 0.1665
vt 0.6286 0.1744
vt 0.5761 0.1753
vt 0.6286 0.1762
vt 0.6286 0.1744
vt 0.6287 0.1842
vt 0.5844 0.2282
vt 0.5585 0.2687
vt 0.5538 0.2758
vt 0.5448 0.2903
vt 0.5469 0.063
vt 0.5454 0.0638
vt 0.6286 0.1744
vt 0.6303 0.1744
vt 0.6301 0.1664
vt 0.6283 0.1665
vt 0.542 0.1754
vt 0.5425 0.2903
vt 0.5535 0.0783
vt 0.6286 0.1762
vn 0.576 -0.576 0.58
vn 0.576 -0.576 0.58
vn 0.576 -0.576 0.58
vn 0.576 -0.576 0.58
vn 0.578 -0.578 0.577
vn 0.578 -0.578 0.577
vn 0.466 -0.466 0.752
vn 0.466 -0.466 0.752
vn 0.578 -0.578 0.577
vn 0.578 -0.578 0.577
vn -0.707 -0.707 0
vn -0.707 -0.707 0
vn -0.707 -0.707 0
vn -0.707 -0.707 0
vn -0.707 -0.707 0
vn -0.707 -0.707 0
vn -0.707 -0.707 0
vn -0.707 -0.707 0
vn 0 0 -1
vn 0 0 -1
vn 0 0 -1
vn 0 0 -1
vn 0.707 0.707 0
vn 0.707 0.707 0
vn 0.707 0.707 0
vn 0.707 0.707 0
vn 0.707 0.707 0
vn 0.707 0.707 0
vn 0.707 0.707 0
vn 0.707 0.707 0
vn -0.005 0.005 1
vn -0.005 0.005 1
vn -0.005 0.005 1
vn -0.005 0.005 1
vn -0.707 -0.707 0
vn -0.707 -0.707 0
vn -0.707 -0.707 0
vn -0.707 -0.707 0
vn -0.707 -0.707 0
vn 0 0 -1
vn 0 0 -1
vn 0.707 0.707 0
vn 0.707 0.707 0
vn 0.707 0.707 0
vn 0.707 0.707 0
vn 0.707 0.707 0
vn 0.587 -0.587 0.557
vn 0.587 -0.587 0.557
vn 0.707 -0.707 0.011
vn 0.707 -0.707 0.011
vn 0.707 -0.707 0.011
vn 0.707 -0.707 0.011
vn -0.707 -0.707 0
vn 0.707 0.707 0
vn -0.707 -0.707 0
vn 0.707 0.707 0
f 4/4/4 1/1/1 2/2/2
f 2/2/2 3/3/3 4/4/4
f 1/1/1 5/5/5 6/6/6
f 6/6/6 2/2/2 1/1/1
f 10/10/10 7/7/7 8/8/8
f 8/8/8 9/9/9 10/10/10
f 14/14/14 11/11/11 12/12/12
f 12/12/12 13/13/13 14/14/14
f 12/12/12 11/11/11 15/15/15
f 15/15/15 16/16/16 12/12/12
f 16/16/16 15/15/15 17/17/17
f 17/17/17 18/18/18 16/16/16
f 22/22/22 19/19/19 20/20/20
f 20/20/20 21/21/21 22/22/22
f 26/26/26 23/23/23 24/24/24
f 24/24/24 25/25/25 26/26/26
f 24/24/24 23/23/23 27/27/27
f 27/27/27 28/28/28 24/24/24
f 28/28/28 27/27/27 29/29/29
f 29/29/29 30/30/30 28/28/28
f 34/34/34 31/31/31 32/32/32
f 32/32/32 33/33/33 34/34/34
f 16/16/16 35/35/35 36/36/36
f 36/36/36 12/12/12 16/16/16
f 18/18/18 37/37/37 35/35/35
f 35/35/35 16/16/16 18/18/18
f 39/39/39 38/38/38 37/37/37
f 37/37/37 18/18/18 39/39/39
f 20/20/20 40/40/40 41/41/41
f 41/41/41 21/21/21 20/20/20
f 43/43/43 42/42/42 24/24/24
f 24/24/24 28/28/28 43/43/43
f 44/44/44 43/43/43 28/28/28
f 28/28/28 30/30/30 44/44/44
f 45/45/45 44/44/44 30/30/30
f 45/45/45 30/30/30 46/46/46
f 48/48/48 4/4/4 3/3/3
f 3/3/3 47/47/47 48/48/48
f 52/52/52 49/49/49 50/50/50
f 50/50/50 51/51/51 52/52/52
f 17/17/17 53/53/53 39/39/39
f 39/39/39 18/18/18 17/17/17
f 29/29/29 54/54/54 46/46/46
f 46/46/46 30/30/30 29/29/29
f 55/55/55 13/13/13 12/12/12
f 55/55/55 12/12/12 36/36/36
f 42/42/42 56/56/56 25/25/25
f 25/25/25 24/24/24 42/42/42
o front_plane6
g front_plane6
usemtl lambert1
v 0.068748 0.060876 0.745664
v 0.067073 0.06255 0.745664
v 0.062638 0.058115 0.755157
v 0.064312 0.05644 0.755157
v 0.093478 0.085607 0.692227
v 0.091804 0.087281 0.692227
v 0.136505 0.128633 0.634139
v 0.13483 0.130308 0.634139
v 0.091804 0.087281 0.692227
v 0.093478 0.085607 0.692227
v 0.053566 0.045695 0.745611
v 0.059135 0.051263 0.745638
v 0.055792 0.04792 0.7745
v 0.053536 0.045664 0.774473
v 0.053597 0.045726 0.692175
v 0.073299 0.065428 0.692201
v 0.053597 0.045726 0.634087
v 0.086176 0.078304 0.634113
v 0.051923 0.0474 0.62328
v 0.084579 0.080056 0.623306
v 0.086253 0.078382 0.623306
v 0.053597 0.045726 0.62328
v 0.051923 0.0474 0.634087
v 0.084501 0.079978 0.634113
v 0.084579 0.080056 0.623306
v 0.051923 0.0474 0.62328
v 0.051923 0.0474 0.692175
v 0.071625 0.067102 0.692201
v 0.051892 0.047369 0.745611
v 0.057461 0.052938 0.745638
v 0.053536 0.045664 0.774473
v 0.055792 0.04792 0.7745
v 0.054118 0.049595 0.7745
v 0.051861 0.047338 0.774473
v 0.093478 0.085607 0.692227
v 0.068748 0.060876 0.745664
v 0.136505 0.128633 0.634139
v 0.136582 0.128711 0.623333
v 0.086253 0.078382 0.623306
v 0.134908 0.130385 0.623333
v 0.136582 0.128711 0.623333
v 0.13483 0.130308 0.634139
v 0.091804 0.087281 0.692227
v 0.067073 0.06255 0.745664
v 0.062638 0.058115 0.755157
v 0.054118 0.049595 0.7745
v 0.054118 0.049595 0.7745
v 0.055792 0.04792 0.7745
v 0.136582 0.128711 0.623333
v 0.134908 0.130385 0.623333
v 0.13483 0.130308 0.634139
v 0.136505 0.128633 0.634139
v 0.053597 0.045726 0.62328
v 0.051861 0.047338 0.774473
v 0.064312 0.05644 0.755157
v 0.134908 0.130385 0.623333
vt 0.4608 0.0895
vt 0.4623 0.0886
vt 0.4579 0.0816
vt 0.4564 0.0825
vt 0.4862 0.1288
vt 0.4876 0.1279
vt 0.5312 0.1706
vt 0.5324 0.1693
vt 0.4874 0.1275
vt 0.4862 0.1288
vt 0.4449 0.0892
vt 0.4508 0.0893
vt 0.4483 0.0679
vt 0.4459 0.0678
vt 0.4449 0.129
vt 0.4654 0.1289
vt 0.4449 0.1716
vt 0.4789 0.1714
vt 0.4449 0.1813
vt 0.479 0.1812
vt 0.479 0.1794
vt 0.4449 0.1795
vt 0.4449 0.1893
vt 0.479 0.1891
vt 0.479 0.1812
vt 0.4449 0.1813
vt 0.445 0.2327
vt 0.4659 0.2325
vt 0.4453 0.2729
vt 0.4512 0.2729
vt 0.4459 0.0678
vt 0.4483 0.0679
vt 0.4484 0.0662
vt 0.446 0.0661
vt 0.4862 0.1288
vt 0.4608 0.0895
vt 0.5312 0.1706
vt 0.5315 0.1785
vt 0.479 0.1794
vt 0.5315 0.1803
vt 0.5315 0.1785
vt 0.5316 0.1883
vt 0.4873 0.2323
vt 0.4614 0.2728
vt 0.4567 0.2799
vt 0.4477 0.2944
vt 0.4498 0.0671
vt 0.4483 0.0679
vt 0.5315 0.1785
vt 0.5332 0.1785
vt 0.533 0.1705
vt 0.5312 0.1706
vt 0.4449 0.1795
vt 0.4454 0.2944
vt 0.4564 0.0825
vt 0.5315 0.1803
vn 0.576 0.576 0.58
vn 0.576 0.576 0.58
vn 0.576 0.576 0.58
vn 0.576 0.576 0.58
vn 0.578 0.578 0.577
vn 0.578 0.578 0.577
vn 0.466 0.466 0.752
vn 0.466 0.466 0.752
vn 0.578 0.578 0.577
vn 0.578 0.578 0.577
vn 0.707 -0.707 0
vn 0.707 -0.707 0
vn 0.707 -0.707 0
vn 0.707 -0.707 0
vn 0.707 -0.707 0
vn 0.707 -0.707 0
vn 0.707 -0.707 0
vn 0.707 -0.707 0
vn 0 0 -1
vn 0 0 -1
vn 0 0 -1
vn 0 0 -1
vn -0.707 0.707 0
vn -0.707 0.707 0
vn -0.707 0.707 0
vn -0.707 0.707 0
vn -0.707 0.707 0
vn -0.707 0.707 0
vn -0.707 0.707 0
vn -0.707 0.707 0
vn -0.005 -0.005 1
vn -0.005 -0.005 1
vn -0.005 -0.005 1
vn -0.005 -0.005 1
vn 0.707 -0.707 0
vn 0.707 -0.707 0
vn 0.707 -0.707 0
vn 0.707 -0.707 0
vn 0.707 -0.707 0
vn 0 0 -1
vn 0 0 -1
vn -0.707 0.707 0
vn -0.707 0.707 0
vn -0.707 0.707 0
vn -0.707 0.707 0
vn -0.707 0.707 0
vn 0.587 0.587 0.557
vn 0.587 0.587 0.557
vn 0.707 0.707 0.011
vn 0.707 0.707 0.011
vn 0.707 0.707 0.011
vn 0.707 0.707 0.011
vn 0.707 -0.707 0
vn -0.707 0.707 0
vn 0.707 -0.707 0
vn -0.707 0.707 0
f 60/60/60 57/57/57 58/58/58
f 58/58/58 59/59/59 60/60/60
f 57/57/57 61/61/61 62/62/62
f 62/62/62 58/58/58 57/57/57
f 66/66/66 63/63/63 64/64/64
f 64/64/64 65/65/65 66/66/66
f 70/70/70 67/67/67 68/68/68
f 68/68/68 69/69/69 70/70/70
f 68/68/68 67/67/67 71/71/71
f 71/71/71 72/72/72 68/68/68
f 72/72/72 71/71/71 73/73/73
f 73/73/73 74/74/74 72/72/72
f 78/78/78 75/75/75 76/76/76
f 76/76/76 77/77/77 78/78/78
f 82/82/82 79/79/79 80/80/80
f 80/80/80 81/81/81 82/82/82
f 80/80/80 79/79/79 83/83/83
f 83/83/83 84/84/84 80/80/80
f 84/84/84 83/83/83 85/85/85
f 85/85/85 86/86/86 84/84/84
f 90/90/90 87/87/87 88/88/88
f 88/88/88 89/89/89 90/90/90
f 72/72/72 91/91/91 92/92/92
f 92/92/92 68/68/68 72/72/72
f 74/74/74 93/93/93 91/91/91
f 91/91/91 72/72/72 74/74/74
f 95/95/95 94/94/94 93/93/93
f 93/93/93 74/74/74 95/95/95
f 76/76/76 96/96/96 97/97/97
f 97/97/97 77/77/77 76/76/76
f 99/99/99 98/98/98 80/80/80
f 80/80/80 84/84/84 99/99/99
f 100/100/100 99/99/99 84/84/84
f 84/84/84 86/86/86 100/100/100
f 101/101/101 100/100/100 86/86/86
f 101/101/101 86/86/86 102/102/102
f 104/104/104 60/60/60 59/59/59
f 59/59/59 103/103/103 104/104/104
f 108/108/108 105/105/105 106/106/106
f 106/106/106 107/107/107 108/108/108
f 73/73/73 109/109/109 95/95/95
f 95/95/95 74/74/74 73/73/73
f 85/85/85 110/110/110 102/102/102
f 102/102/102 86/86/86 85/85/85
f 111/111/111 69/69/69 68/68/68
f 111/111/111 68/68/68 92/92/92
f 98/98/98 112/112/112 81/81/81
f 81/81/81 80/80/80 98/98/98
o front_plane5
g front_plane5
usemtl lambert1
v -0.060527 0.064753 0.745664
v -0.062201 0.063079 0.745664
v -0.057765 0.058643 0.755157
v -0.056091 0.060318 0.755157
v -0.085258 0.089484 0.692227
v -0.086932 0.08781 0.692227
v -0.128284 0.13251 0.634139
v -0.129958 0.130836 0.634139
v -0.086932 0.08781 0.692227
v -0.085258 0.089484 0.692227
v -0.045346 0.049572 0.745611
v -0.050914 0.055141 0.745638
v -0.047571 0.051797 0.7745
v -0.045315 0.049541 0.774473
v -0.045377 0.049603 0.692175
v -0.065078 0.069305 0.692201
v -0.045377 0.049603 0.634087
v -0.077955 0.082181 0.634113
v -0.047051 0.047929 0.62328
v -0.079706 0.080585 0.623306
v -0.078033 0.082259 0.623306
v -0.045377 0.049603 0.62328
v -0.047051 0.047929 0.634087
v -0.079629 0.080507 0.634113
v -0.079706 0.080585 0.623306
v -0.047051 0.047929 0.62328
v -0.047051 0.047929 0.692175
v -0.066753 0.067631 0.692201
v -0.04702 0.047898 0.745611
v -0.052588 0.053466 0.745638
v -0.045315 0.049541 0.774473
v -0.047571 0.051797 0.7745
v -0.049245 0.050123 0.7745
v -0.046989 0.047867 0.774473
v -0.085258 0.089484 0.692227
v -0.060527 0.064753 0.745664
v -0.128284 0.13251 0.634139
v -0.128361 0.132588 0.623333
v -0.078033 0.082259 0.623306
v -0.130036 0.130914 0.623333
v -0.128361 0.132588 0.623333
v -0.129958 0.130836 0.634139
v -0.086932 0.08781 0.692227
v -0.062201 0.063079 0.745664
v -0.057765 0.058643 0.755157
v -0.049245 0.050123 0.7745
v -0.049245 0.050123 0.7745
v -0.047571 0.051797 0.7745
v -0.128361 0.132588 0.623333
v -0.130036 0.130914 0.623333
v -0.129958 0.130836 0.634139
v -0.128284 0.13251 0.634139
v -0.045377 0.049603 0.62328
v -0.046989 0.047867 0.774473
v -0.056091 0.060318 0.755157
v -0.130036 0.130914 0.623333
vt 0.3669 0.0905
vt 0.3684 0.0895
vt 0.364 0.0825
vt 0.3625 0.0834
vt 0.3922 0.1297
vt 0.3937 0.1288
vt 0.4373 0.1716
vt 0.4385 0.1703
vt 0.3934 0.1285
vt 0.3922 0.1297
vt 0.351 0.0901
vt 0.3569 0.0902
vt 0.3543 0.0689
vt 0.352 0.0688
vt 0.351 0.13
vt 0.3714 0.1298
vt 0.351 0.1725
vt 0.3849 0.1724
vt 0.3509 0.1822
vt 0.3851 0.1821
vt 0.3851 0.1803
vt 0.351 0.1805
vt 0.3509 0.1903
vt 0.3851 0.1901
vt 0.3851 0.1821
vt 0.3509 0.1822
vt 0.3511 0.2336
vt 0.3719 0.2335
vt 0.3513 0.2738
vt 0.3572 0.2738
vt 0.352 0.0688
vt 0.3543 0.0689
vt 0.3544 0.0671
vt 0.3521 0.067
vt 0.3922 0.1297
vt 0.3669 0.0905
vt 0.4373 0.1716
vt 0.4375 0.1795
vt 0.3851 0.1803
vt 0.4376 0.1812
vt 0.4375 0.1795
vt 0.4377 0.1892
vt 0.3933 0.2332
vt 0.3674 0.2738
vt 0.3627 0.2809
vt 0.3538 0.2953
vt 0.3559 0.068
vt 0.3543 0.0689
vt 0.4375 0.1795
vt 0.4393 0.1794
vt 0.439 0.1715
vt 0.4373 0.1716
vt 0.351 0.1805
vt 0.3514 0.2953
vt 0.3625 0.0834
vt 0.4376 0.1812
vn -0.576 0.576 0.58
vn -0.576 0.576 0.58
vn -0.576 0.576 0.58
vn -0.576 0.576 0.58
vn -0.578 0.578 0.577
vn -0.578 0.578 0.577
vn -0.466 0.466 0.752
vn -0.466 0.466 0.752
vn -0.578 0.578 0.577
vn -0.578 0.578 0.577
vn 0.707 0.707 0
vn 0.707 0.707 0
vn 0.707 0.707 0
vn 0.707 0.707 0
vn 0.707 0.707 0
vn 0.707 0.707 0
vn 0.707 0.707 0
vn 0.707 0.707 0
vn 0 0 -1
vn 0 0 -1
vn 0 0 -1
vn 0 0 -1
vn -0.707 -0.707 0
vn -0.707 -0.707 0
vn -0.707 -0.707 0
vn -0.707 -0.707 0
vn -0.707 -0.707 0
vn -0.707 -0.707 0
vn -0.707 -0.707 0
vn -0.707 -0.707 0
vn 0.005 -0.005 1
vn 0.005 -0.005 1
vn 0.005 -0.005 1
vn 0.005 -0.005 1
vn 0.707 0.707 0
vn 0.707 0.707 0
vn 0.707 0.707 0
vn 0.707 0.707 0
vn 0.707 0.707 0
vn 0 0 -1
vn 0 0 -1
vn -0.707 -0.707 0
vn -0.707 -0.707 0
vn -0.707 -0.707 0
vn -0.707 -0.707 0
vn -0.707 -0.707 0
vn -0.587 0.587 0.557
vn -0.587 0.587 0.557
vn -0.707 0.707 0.011
vn -0.707 0.707 0.011
vn -0.707 0.707 0.011
vn -0.707 0.707 0.011
vn 0.707 0.707 0
vn -0.707 -0.707 0
vn 0.707 0.707 0
vn -0.707 -0.707 0
f 116/116/116 113/113/113 114/114/114
f 114/114/114 115/115/115 116/116/116
f 113/113/113 117/117/117 118/118/118
f 118/118/118 114/114/114 113/113/113
f 122/122/122 119/119/119 120/120/120
f 120/120/120 121/121/121 122/122/122
f 126/126/126 123/123/123 124/124/124
f 124/124/124 125/125/125 126/126/126
f 124/124/124 123/123/123 127/127/127
f 127/127/127 128/128/128 124/124/124
f 128/128/128 127/127/127 129/129/129
f 129/129/129 130/130/130 128/128/128
f 134/134/134 131/131/131 132/132/132
f 132/132/132 133/133/133 134/134/134
f 138/138/138 135/135/135 136/136/136
f 136/136/136 137/137/137 138/138/138
f 136/136/136 135/135/135 139/139/139
f 139/139/139 140/140/140 136/136/136
f 140/140/140 139/139/139 141/141/141
f 141/141/141 142/142/142 140/140/140
f 146/146/146 143/143/143 144/144/144
f 144/144/144 145/145/145 146/146/146
f 128/128/128 147/147/147 148/148/148
f 148/148/148 124/124/124 128/128/128
f 130/130/130 149/149/149 147/147/147
f 147/147/147 128/128/128 130/130/130
f 151/151/151 150/150/150 149/149/149
f 149/149/149 130/130/130 151/151/151
f 132/132/132 152/152/152 153/153/153
f 153/153/153 133/133/133 132/132/132
f 155/155/155 154/154/154 136/136/136
f 136/136/136 140/140/140 155/155/155
f 156/156/156 155/155/155 140/140/140
f 140/140/140 142/142/142 156/156/156
f 157/157/157 156/156/156 142/142/142
f 157/157/157 142/142/142 158/158/158
f 160/160/160 116/116/116 115/115/115
f 115/115/115 159/159/159 160/160/160
f 164/164/164 161/161/161 162/162/162
f 162/162/162 163/163/163 164/164/164
f 129/129/129 165/165/165 151/151/151
f 151/151/151 130/130/130 129/129/129
f 141/141/141 166/166/166 158/158/158
f 158/158/158 142/142/142 141/141/141
f 167/167/167 125/125/125 124/124/124
f 167/167/167 124/124/124 148/148/148
f 154/154/154 168/168/168 137/137/137
f 137/137/137 136/136/136 154/154/154
o back_plane9
g back_plane9
usemtl lambert1
v 0.04653 -0.052926 -0.565021
v 0.04407 -0.055217 -0.614927
v 0.046313 -0.056436 -0.614927
v 0.04718 -0.053299 -0.565021
v 0.042987 -0.0563 -0.698429
v 0.045058 -0.057364 -0.698429
v 0.042863 -0.056423 -0.825852
v 0.044934 -0.057487 -0.825852
v 0.04249 -0.056797 -0.931224
v 0.044562 -0.05786 -0.931224
v 0.042779 -0.056508 -0.979502
v 0.04485 -0.057571 -0.979502
v 0.064116 -0.065114 -0.614828
v 0.053235 -0.053576 -0.56013
v 0.050746 -0.051087 -0.56013
v 0.052655 -0.055006 -0.614927
v 0.052442 -0.054565 -0.698429
v 0.076051 -0.076792 -0.698205
v 0.050769 -0.056238 -0.825852
v 0.074428 -0.078514 -0.825671
v 0.051147 -0.05586 -0.931224
v 0.07475 -0.07808 -0.931183
v 0.075884 -0.077058 -0.979493
v 0.052629 -0.054481 -0.979498
v 0.074291 -0.07529 -0.614828
v 0.055836 -0.056177 -0.560349
v 0.102829 -0.10357 -0.698205
v 0.101284 -0.105369 -0.825671
v 0.101662 -0.104991 -0.931183
v 0.10274 -0.103913 -0.979493
v 0.085384 -0.086382 -0.614828
v 0.058838 -0.059179 -0.561753
v 0.129607 -0.130348 -0.698205
v 0.127937 -0.132022 -0.825671
v 0.128315 -0.131644 -0.931183
v 0.129392 -0.130567 -0.979493
v 0.096171 -0.09717 -0.614828
v 0.062155 -0.062496 -0.565947
v 0.156385 -0.157126 -0.698205
v 0.154713 -0.158799 -0.825671
v 0.155134 -0.158464 -0.931183
v 0.156169 -0.157343 -0.979493
v 0.04718 -0.053299 -0.565021
v 0.046313 -0.056436 -0.614927
v 0.052655 -0.055006 -0.614927
v 0.050746 -0.051087 -0.56013
v 0.052442 -0.054565 -0.698429
v 0.045058 -0.057364 -0.698429
v 0.050769 -0.056238 -0.825852
v 0.044934 -0.057487 -0.825852
v 0.051147 -0.05586 -0.931224
v 0.044562 -0.05786 -0.931224
v 0.04485 -0.057571 -0.979502
v 0.052629 -0.054481 -0.979498
v 0.049557 -0.049899 -0.56013
v 0.04653 -0.052926 -0.565021
v 0.04718 -0.053299 -0.565021
v 0.050746 -0.051087 -0.56013
v 0.042779 -0.056508 -0.979502
v 0.048586 -0.050701 -0.979493
v 0.052629 -0.054481 -0.979498
v 0.04485 -0.057571 -0.979502
v 0.055836 -0.056177 -0.560349
v 0.058838 -0.059179 -0.561753
v 0.05924 -0.058778 -0.561754
v 0.056238 -0.055776 -0.560349
v 0.062155 -0.062496 -0.565947
v 0.062556 -0.062094 -0.565947
v 0.096901 -0.096439 -0.614828
v 0.096171 -0.09717 -0.614828
v 0.156385 -0.157126 -0.698205
v 0.156987 -0.156525 -0.698205
v 0.156385 -0.157126 -0.698205
v 0.154713 -0.158799 -0.825671
v 0.156987 -0.156525 -0.825671
v 0.156987 -0.156525 -0.698205
v 0.155134 -0.158464 -0.931183
v 0.15703 -0.156568 -0.931183
v 0.156987 -0.156525 -0.979493
v 0.156169 -0.157343 -0.979493
v 0.129392 -0.130567 -0.979493
v 0.130211 -0.129748 -0.979493
v 0.156987 -0.156525 -0.979493
v 0.156169 -0.157343 -0.979493
v 0.10274 -0.103913 -0.979493
v 0.103558 -0.103095 -0.979493
v 0.075884 -0.077058 -0.979493
v 0.076702 -0.07624 -0.979493
v 0.053735 -0.053273 -0.979496
v 0.049874 -0.049412 -0.979493
v 0.053235 -0.053576 -0.56013
v 0.053636 -0.053174 -0.56013
v 0.051181 -0.050719 -0.56013
v 0.050746 -0.051087 -0.56013
v 0.053636 -0.053174 -0.56013
v 0.053388 -0.046068 -0.565021
v 0.053761 -0.046717 -0.565021
v 0.056898 -0.04585 -0.614927
v 0.055679 -0.043608 -0.614927
v 0.057826 -0.044596 -0.698429
v 0.056762 -0.042525 -0.698429
v 0.05795 -0.044472 -0.825852
v 0.056886 -0.042401 -0.825852
v 0.058323 -0.044099 -0.931224
v 0.057259 -0.042027 -0.931224
v 0.05697 -0.042316 -0.979502
v 0.058034 -0.044388 -0.979502
v 0.065577 -0.063653 -0.614828
v 0.055468 -0.052193 -0.614927
v 0.051549 -0.050284 -0.56013
v 0.054038 -0.052772 -0.56013
v 0.077254 -0.075588 -0.698205
v 0.055028 -0.051979 -0.698429
v 0.078976 -0.073966 -0.825671
v 0.0567 -0.050307 -0.825852
v 0.078542 -0.074288 -0.931183
v 0.056322 -0.050685 -0.931224
v 0.07752 -0.075422 -0.979493
v 0.054943 -0.052167 -0.979498
v 0.05664 -0.055374 -0.560349
v 0.075752 -0.073829 -0.614828
v 0.104033 -0.102367 -0.698205
v 0.105831 -0.100821 -0.825671
v 0.105453 -0.101199 -0.931183
v 0.104376 -0.102277 -0.979493
v 0.059642 -0.058376 -0.561753
v 0.086845 -0.084921 -0.614828
v 0.13081 -0.129145 -0.698205
v 0.132485 -0.127474 -0.825671
v 0.132107 -0.127853 -0.931183
v 0.131029 -0.12893 -0.979493
v 0.062958 -0.061692 -0.565947
v 0.097632 -0.095709 -0.614828
v 0.157588 -0.155923 -0.698205
v 0.159261 -0.154251 -0.825671
v 0.158926 -0.154672 -0.931183
v 0.157805 -0.155707 -0.979493
v 0.053761 -0.046717 -0.565021
v 0.051549 -0.050284 -0.56013
v 0.055468 -0.052193 -0.614927
v 0.056898 -0.04585 -0.614927
v 0.055028 -0.051979 -0.698429
v 0.057826 -0.044596 -0.698429
v 0.0567 -0.050307 -0.825852
v 0.05795 -0.044472 -0.825852
v 0.056322 -0.050685 -0.931224
v 0.058323 -0.044099 -0.931224
v 0.058034 -0.044388 -0.979502
v 0.054943 -0.052167 -0.979498
v 0.050361 -0.049095 -0.56013
v 0.051549 -0.050284 -0.56013
v 0.053761 -0.046717 -0.565021
v 0.053388 -0.046068 -0.565021
v 0.05697 -0.042316 -0.979502
v 0.058034 -0.044388 -0.979502
v 0.054943 -0.052167 -0.979498
v 0.051163 -0.048123 -0.979493
v 0.05664 -0.055374 -0.560349
v 0.059642 -0.058376 -0.561753
v 0.062958 -0.061692 -0.565947
v 0.097632 -0.095709 -0.614828
v 0.157588 -0.155923 -0.698205
v 0.157588 -0.155923 -0.698205
v 0.159261 -0.154251 -0.825671
v 0.158926 -0.154672 -0.931183
v 0.157805 -0.155707 -0.979493
v 0.131029 -0.12893 -0.979493
v 0.157805 -0.155707 -0.979493
v 0.104376 -0.102277 -0.979493
v 0.07752 -0.075422 -0.979493
v 0.054038 -0.052772 -0.56013
v 0.051549 -0.050284 -0.56013
v 0.051181 -0.050719 -0.56013
v 0.049959 -0.049497 -0.56013
v 0.050361 -0.049095 -0.56013
v 0.049557 -0.049899 -0.56013
v 0.049959 -0.049497 -0.56013
vt 0.4382 0.4423
vt 0.4378 0.4295
vt 0.4372 0.4293
vt 0.438 0.4423
vt 0.4369 0.4079
vt 0.4364 0.4082
vt 0.436 0.3752
vt 0.4356 0.3757
vt 0.4357 0.3481
vt 0.4351 0.3483
vt 0.4356 0.3356
vt 0.4351 0.3358
vt 0.4317 0.4297
vt 0.4363 0.4442
vt 0.4368 0.4435
vt 0.4355 0.4295
vt 0.4346 0.408
vt 0.4269 0.4083
vt 0.434 0.3757
vt 0.4259 0.3757
vt 0.4333 0.3483
vt 0.4252 0.3485
vt 0.4248 0.3358
vt 0.4329 0.3357
vt 0.4281 0.4298
vt 0.4355 0.4438
vt 0.4173 0.4086
vt 0.4164 0.3759
vt 0.4157 0.3487
vt 0.4154 0.3361
vt 0.4242 0.4299
vt 0.4343 0.4434
vt 0.4075 0.4088
vt 0.4068 0.3761
vt 0.4061 0.3489
vt 0.4058 0.3364
vt 0.4202 0.43
vt 0.4331 0.4423
vt 0.3975 0.409
vt 0.3973 0.3763
vt 0.3964 0.3492
vt 0.3957 0.3368
vt 0.438 0.4423
vt 0.4372 0.4293
vt 0.4355 0.4295
vt 0.4368 0.4435
vt 0.4346 0.408
vt 0.4364 0.4082
vt 0.434 0.3757
vt 0.4356 0.3757
vt 0.4333 0.3483
vt 0.4351 0.3483
vt 0.4351 0.3358
vt 0.4329 0.3357
vt 0.3974 0.4482
vt 0.3989 0.4477
vt 0.3989 0.4475
vt 0.3973 0.4478
vt 0.3919 0.2979
vt 0.3897 0.2983
vt 0.3899 0.2997
vt 0.3918 0.2985
vt 0.3976 0.4459
vt 0.3976 0.4447
vt 0.3975 0.4447
vt 0.3975 0.4459
vt 0.3976 0.443
vt 0.3974 0.443
vt 0.3974 0.4308
vt 0.3976 0.4309
vt 0.3975 0.409
vt 0.3972 0.409
vt 0.3975 0.409
vt 0.3973 0.3763
vt 0.3964 0.3763
vt 0.3972 0.409
vt 0.3964 0.3492
vt 0.3958 0.3492
vt 0.3954 0.3368
vt 0.3957 0.3368
vt 0.3942 0.3271
vt 0.3939 0.3272
vt 0.3954 0.3368
vt 0.3957 0.3368
vt 0.3927 0.3176
vt 0.3924 0.3176
vt 0.3911 0.3079
vt 0.3908 0.308
vt 0.3895 0.2997
vt 0.3893 0.2984
vt 0.3976 0.4469
vt 0.3974 0.4469
vt 0.3974 0.4478
vt 0.3973 0.4478
vt 0.3974 0.4469
vt 0.3578 0.4445
vt 0.358 0.4444
vt 0.3583 0.4315
vt 0.3576 0.4315
vt 0.3578 0.4098
vt 0.3573 0.4101
vt 0.3573 0.3772
vt 0.3567 0.3773
vt 0.3565 0.3502
vt 0.3559 0.35
vt 0.3554 0.3375
vt 0.3558 0.3378
vt 0.3639 0.4315
vt 0.36 0.4315
vt 0.3589 0.4458
vt 0.3599 0.4457
vt 0.3679 0.4098
vt 0.3598 0.41
vt 0.367 0.3771
vt 0.3589 0.3773
vt 0.3663 0.3499
vt 0.3583 0.3501
vt 0.3661 0.3373
vt 0.358 0.3375
vt 0.3608 0.4456
vt 0.3676 0.4314
vt 0.3774 0.4095
vt 0.3765 0.3769
vt 0.3758 0.3497
vt 0.3756 0.3371
vt 0.3619 0.4452
vt 0.3716 0.4312
vt 0.387 0.4093
vt 0.3861 0.3766
vt 0.3854 0.3494
vt 0.3851 0.3369
vt 0.363 0.4439
vt 0.3756 0.4311
vt 0.397 0.409
vt 0.3956 0.3764
vt 0.3951 0.3492
vt 0.3951 0.3368
vt 0.358 0.4444
vt 0.3589 0.4458
vt 0.36 0.4315
vt 0.3583 0.4315
vt 0.3598 0.41
vt 0.3578 0.4098
vt 0.3589 0.3773
vt 0.3573 0.3772
vt 0.3583 0.3501
vt 0.3565 0.3502
vt 0.3558 0.3378
vt 0.358 0.3375
vt 0.3972 0.4482
vt 0.3973 0.4478
vt 0.3956 0.4479
vt 0.3955 0.4481
vt 0.3867 0.2988
vt 0.3869 0.2993
vt 0.3891 0.2998
vt 0.3888 0.2984
vt 0.3973 0.4459
vt 0.3973 0.4447
vt 0.3973 0.443
vt 0.3971 0.4309
vt 0.397 0.409
vt 0.397 0.409
vt 0.3956 0.3764
vt 0.3951 0.3492
vt 0.3951 0.3368
vt 0.3936 0.3272
vt 0.3951 0.3368
vt 0.3921 0.3177
vt 0.3905 0.308
vt 0.3973 0.4468
vt 0.3973 0.4478
vt 0.3974 0.4478
vt 0.3973 0.4482
vt 0.3972 0.4482
vt 0.3974 0.4482
vt 0.3973 0.4482
vn -0.481 -0.874 0.064
vn -0.472 -0.881 0.03
vn -0.472 -0.881 0.031
vn -0.481 -0.874 0.064
vn -0.461 -0.887 0.008
vn -0.461 -0.887 0.008
vn -0.457 -0.89 0.003
vn -0.457 -0.89 0.003
vn -0.457 -0.89 0.001
vn -0.457 -0.89 0.001
vn -0.457 -0.89 -0.008
vn -0.457 -0.89 -0.008
vn -0.692 -0.722 0.003
vn -0.685 -0.729 0.02
vn -0.67 -0.742 0.026
vn -0.676 -0.737 0.007
vn -0.683 -0.73 0.013
vn -0.697 -0.717 0.012
vn -0.686 -0.728 0.008
vn -0.697 -0.717 0.008
vn -0.687 -0.726 -0.015
vn -0.698 -0.716 -0.014
vn -0.699 -0.714 -0.034
vn -0.691 -0.722 -0.037
vn -0.707 -0.707 0
vn -0.707 -0.707 0.009
vn -0.707 -0.707 0.012
vn -0.707 -0.707 0.008
vn -0.707 -0.707 -0.013
vn -0.707 -0.707 -0.032
vn -0.707 -0.707 0
vn -0.707 -0.708 0.009
vn -0.707 -0.707 0.012
vn -0.707 -0.707 0.008
vn -0.707 -0.707 -0.013
vn -0.707 -0.707 -0.032
vn -0.707 -0.707 -0.001
vn -0.705 -0.709 0.011
vn -0.707 -0.707 0.015
vn -0.707 -0.707 0.008
vn -0.707 -0.707 -0.013
vn -0.707 -0.707 -0.032
vn 0.315 -0.947 0.067
vn 0.301 -0.953 0.021
vn 0.301 -0.953 0.021
vn 0.315 -0.947 0.067
vn 0.293 -0.956 0.003
vn 0.293 -0.956 0.003
vn 0.276 -0.961 0.003
vn 0.276 -0.961 0.003
vn 0.282 -0.959 -0.004
vn 0.282 -0.959 -0.004
vn 0.334 -0.943 -0.01
vn 0.334 -0.943 -0.01
vn -0.495 -0.582 0.645
vn -0.495 -0.582 0.645
vn -0.495 -0.582 0.645
vn -0.495 -0.582 0.645
vn 0 0.001 -1
vn 0 0.001 -1
vn 0 0.001 -1
vn 0 0.001 -1
vn 0.142 -0.142 0.98
vn 0.376 -0.375 0.847
vn 0.375 -0.375 0.847
vn 0.142 -0.142 0.98
vn 0.5 -0.5 0.707
vn 0.5 -0.5 0.707
vn 0.497 -0.497 0.711
vn 0.497 -0.497 0.711
vn 0.495 -0.495 0.714
vn 0.495 -0.495 0.714
vn 0.707 -0.707 0
vn 0.707 -0.707 0
vn 0.707 -0.707 0
vn 0.707 -0.707 0
vn 0.707 -0.707 0
vn 0.707 -0.707 0
vn 0.707 -0.707 -0.001
vn 0.707 -0.707 -0.001
vn 0 0 -1
vn 0 0 -1
vn 0 0 -1
vn 0 0 -1
vn 0 0 -1
vn 0 0 -1
vn 0 0 -1
vn 0 0 -1
vn 0 0 -1
vn 0 0 -1
vn 0.022 -0.021 1
vn 0.021 -0.022 1
vn 0 0 1
vn 0 0 1
vn 0.021 -0.022 1
vn 0.874 0.481 0.064
vn 0.874 0.481 0.064
vn 0.881 0.472 0.031
vn 0.881 0.472 0.03
vn 0.887 0.461 0.008
vn 0.887 0.461 0.008
vn 0.89 0.457 0.003
vn 0.89 0.457 0.003
vn 0.89 0.457 0.001
vn 0.89 0.457 0.001
vn 0.889 0.457 -0.008
vn 0.889 0.457 -0.008
vn 0.722 0.692 0.003
vn 0.737 0.676 0.007
vn 0.742 0.67 0.026
vn 0.729 0.685 0.02
vn 0.717 0.697 0.012
vn 0.73 0.683 0.013
vn 0.717 0.697 0.008
vn 0.728 0.685 0.008
vn 0.716 0.698 -0.014
vn 0.726 0.687 -0.015
vn 0.714 0.699 -0.034
vn 0.722 0.691 -0.037
vn 0.707 0.707 0.009
vn 0.707 0.707 0
vn 0.707 0.707 0.012
vn 0.707 0.707 0.008
vn 0.707 0.707 -0.013
vn 0.707 0.707 -0.032
vn 0.708 0.707 0.009
vn 0.707 0.707 0
vn 0.707 0.707 0.012
vn 0.707 0.707 0.008
vn 0.707 0.707 -0.013
vn 0.707 0.707 -0.032
vn 0.709 0.705 0.011
vn 0.707 0.707 -0.001
vn 0.707 0.707 0.015
vn 0.707 0.707 0.008
vn 0.707 0.707 -0.013
vn 0.707 0.707 -0.032
vn 0.947 -0.315 0.067
vn 0.947 -0.315 0.067
vn 0.953 -0.301 0.021
vn 0.953 -0.301 0.021
vn 0.956 -0.293 0.003
vn 0.956 -0.293 0.003
vn 0.961 -0.276 0.003
vn 0.961 -0.276 0.003
vn 0.959 -0.282 -0.004
vn 0.959 -0.282 -0.004
vn 0.943 -0.334 -0.01
vn 0.943 -0.334 -0.01
vn 0.582 0.495 0.645
vn 0.582 0.495 0.645
vn 0.582 0.495 0.645
vn 0.582 0.495 0.645
vn -0.001 0 -1
vn -0.001 0 -1
vn -0.001 0 -1
vn -0.001 0 -1
vn 0.142 -0.142 0.98
vn 0.375 -0.376 0.847
vn 0.499 -0.5 0.707
vn 0.497 -0.497 0.711
vn 0.495 -0.495 0.714
vn 0.707 -0.707 0
vn 0.707 -0.707 0
vn 0.707 -0.707 0
vn 0.707 -0.707 -0.001
vn 0 0 -1
vn 0 0 -1
vn 0 0 -1
vn 0 0 -1
vn 0.021 -0.022 1
vn 0 0 1
vn 0 0 1
vn 0 0 1
vn 0 0 1
vn 0 0 1
vn 0 0 1
f 172/172/172 169/169/169 170/170/170
f 170/170/170 171/171/171 172/172/172
f 174/174/174 171/171/171 170/170/170
f 170/170/170 173/173/173 174/174/174
f 176/176/176 174/174/174 173/173/173
f 173/173/173 175/175/175 176/176/176
f 178/178/178 176/176/176 175/175/175
f 175/175/175 177/177/177 178/178/178
f 177/177/177 179/179/179 180/180/180
f 180/180/180 178/178/178 177/177/177
f 184/184/184 181/181/181 182/182/182
f 182/182/182 183/183/183 184/184/184
f 184/184/184 185/185/185 186/186/186
f 186/186/186 181/181/181 184/184/184
f 185/185/185 187/187/187 188/188/188
f 188/188/188 186/186/186 185/185/185
f 187/187/187 189/189/189 190/190/190
f 190/190/190 188/188/188 187/187/187
f 192/192/192 191/191/191 190/190/190
f 190/190/190 189/189/189 192/192/192
f 194/194/194 182/182/182 181/181/181
f 181/181/181 193/193/193 194/194/194
f 195/195/195 193/193/193 181/181/181
f 181/181/181 186/186/186 195/195/195
f 196/196/196 195/195/195 186/186/186
f 186/186/186 188/188/188 196/196/196
f 197/197/197 196/196/196 188/188/188
f 188/188/188 190/190/190 197/197/197
f 197/197/197 190/190/190 191/191/191
f 191/191/191 198/198/198 197/197/197
f 200/200/200 194/194/194 193/193/193
f 193/193/193 199/199/199 200/200/200
f 201/201/201 199/199/199 193/193/193
f 193/193/193 195/195/195 201/201/201
f 202/202/202 201/201/201 195/195/195
f 195/195/195 196/196/196 202/202/202
f 203/203/203 202/202/202 196/196/196
f 196/196/196 197/197/197 203/203/203
f 203/203/203 197/197/197 198/198/198
f 198/198/198 204/204/204 203/203/203
f 206/206/206 200/200/200 199/199/199
f 199/199/199 205/205/205 206/206/206
f 207/207/207 205/205/205 199/199/199
f 199/199/199 201/201/201 207/207/207
f 208/208/208 207/207/207 201/201/201
f 201/201/201 202/202/202 208/208/208
f 209/209/209 208/208/208 202/202/202
f 202/202/202 203/203/203 209/209/209
f 209/209/209 203/203/203 204/204/204
f 204/204/204 210/210/210 209/209/209
f 214/214/214 211/211/211 212/212/212
f 212/212/212 213/213/213 214/214/214
f 216/216/216 215/215/215 213/213/213
f 213/213/213 212/212/212 216/216/216
f 218/218/218 217/217/217 215/215/215
f 215/215/215 216/216/216 218/218/218
f 220/220/220 219/219/219 217/217/217
f 217/217/217 218/218/218 220/220/220
f 220/220/220 221/221/221 222/222/222
f 222/222/222 219/219/219 220/220/220
f 226/226/226 223/223/223 224/224/224
f 224/224/224 225/225/225 226/226/226
f 230/230/230 227/227/227 228/228/228
f 228/228/228 229/229/229 230/230/230
f 234/234/234 231/231/231 232/232/232
f 232/232/232 233/233/233 234/234/234
f 233/233/233 232/232/232 235/235/235
f 235/235/235 236/236/236 233/233/233
f 238/238/238 237/237/237 236/236/236
f 236/236/236 235/235/235 238/238/238
f 237/237/237 238/238/238 239/239/239
f 239/239/239 240/240/240 237/237/237
f 244/244/244 241/241/241 242/242/242
f 242/242/242 243/243/243 244/244/244
f 243/243/243 242/242/242 245/245/245
f 245/245/245 246/246/246 243/243/243
f 248/248/248 247/247/247 246/246/246
f 246/246/246 245/245/245 248/248/248
f 252/252/252 249/249/249 250/250/250
f 250/250/250 251/251/251 252/252/252
f 249/249/249 253/253/253 254/254/254
f 254/254/254 250/250/250 249/249/249
f 253/253/253 255/255/255 256/256/256
f 256/256/256 254/254/254 253/253/253
f 229/229/229 257/257/257 256/256/256
f 256/256/256 255/255/255 229/229/229
f 229/229/229 228/228/228 258/258/258
f 258/258/258 257/257/257 229/229/229
f 262/262/262 259/259/259 260/260/260
f 260/260/260 261/261/261 262/262/262
f 263/263/263 259/259/259 231/231/231
f 231/231/231 234/234/234 263/263/263
f 267/267/267 264/264/264 265/265/265
f 265/265/265 266/266/266 267/267/267
f 267/267/267 266/266/266 268/268/268
f 268/268/268 269/269/269 267/267/267
f 269/269/269 268/268/268 270/270/270
f 270/270/270 271/271/271 269/269/269
f 271/271/271 270/270/270 272/272/272
f 272/272/272 273/273/273 271/271/271
f 275/275/275 274/274/274 273/273/273
f 273/273/273 272/272/272 275/275/275
f 279/279/279 276/276/276 277/277/277
f 277/277/277 278/278/278 279/279/279
f 281/281/281 277/277/277 276/276/276
f 276/276/276 280/280/280 281/281/281
f 283/283/283 281/281/281 280/280/280
f 280/280/280 282/282/282 283/283/283
f 285/285/285 283/283/283 282/282/282
f 282/282/282 284/284/284 285/285/285
f 284/284/284 286/286/286 287/287/287
f 287/287/287 285/285/285 284/284/284
f 276/276/276 279/279/279 288/288/288
f 288/288/288 289/289/289 276/276/276
f 276/276/276 289/289/289 290/290/290
f 290/290/290 280/280/280 276/276/276
f 280/280/280 290/290/290 291/291/291
f 291/291/291 282/282/282 280/280/280
f 282/282/282 291/291/291 292/292/292
f 292/292/292 284/284/284 282/282/282
f 286/286/286 284/284/284 292/292/292
f 292/292/292 293/293/293 286/286/286
f 289/289/289 288/288/288 294/294/294
f 294/294/294 295/295/295 289/289/289
f 289/289/289 295/295/295 296/296/296
f 296/296/296 290/290/290 289/289/289
f 290/290/290 296/296/296 297/297/297
f 297/297/297 291/291/291 290/290/290
f 291/291/291 297/297/297 298/298/298
f 298/298/298 292/292/292 291/291/291
f 293/293/293 292/292/292 298/298/298
f 298/298/298 299/299/299 293/293/293
f 295/295/295 294/294/294 300/300/300
f 300/300/300 301/301/301 295/295/295
f 295/295/295 301/301/301 302/302/302
f 302/302/302 296/296/296 295/295/295
f 296/296/296 302/302/302 303/303/303
f 303/303/303 297/297/297 296/296/296
f 297/297/297 303/303/303 304/304/304
f 304/304/304 298/298/298 297/297/297
f 299/299/299 298/298/298 304/304/304
f 304/304/304 305/305/305 299/299/299
f 309/309/309 306/306/306 307/307/307
f 307/307/307 308/308/308 309/309/309
f 309/309/309 308/308/308 310/310/310
f 310/310/310 311/311/311 309/309/309
f 311/311/311 310/310/310 312/312/312
f 312/312/312 313/313/313 311/311/311
f 313/313/313 312/312/312 314/314/314
f 314/314/314 315/315/315 313/313/313
f 317/317/317 316/316/316 315/315/315
f 315/315/315 314/314/314 317/317/317
f 321/321/321 318/318/318 319/319/319
f 319/319/319 320/320/320 321/321/321
f 325/325/325 322/322/322 323/323/323
f 323/323/323 324/324/324 325/325/325
f 327/327/327 326/326/326 234/234/234
f 234/234/234 233/233/233 327/327/327
f 328/328/328 327/327/327 233/233/233
f 233/233/233 236/236/236 328/328/328
f 236/236/236 237/237/237 329/329/329
f 329/329/329 328/328/328 236/236/236
f 330/330/330 329/329/329 237/237/237
f 237/237/237 240/240/240 330/330/330
f 332/332/332 331/331/331 244/244/244
f 244/244/244 243/243/243 332/332/332
f 333/333/333 332/332/332 243/243/243
f 243/243/243 246/246/246 333/333/333
f 246/246/246 247/247/247 334/334/334
f 334/334/334 333/333/333 246/246/246
f 250/250/250 335/335/335 336/336/336
f 336/336/336 251/251/251 250/250/250
f 254/254/254 337/337/337 335/335/335
f 335/335/335 250/250/250 254/254/254
f 256/256/256 338/338/338 337/337/337
f 337/337/337 254/254/254 256/256/256
f 256/256/256 257/257/257 324/324/324
f 324/324/324 338/338/338 256/256/256
f 258/258/258 325/325/325 324/324/324
f 324/324/324 257/257/257 258/258/258
f 263/263/263 339/339/339 340/340/340
f 340/340/340 341/341/341 263/263/263
f 326/326/326 339/339/339 263/263/263
f 263/263/263 234/234/234 326/326/326
f 343/343/343 342/342/342 341/341/341
f 341/341/341 340/340/340 343/343/343
f 345/345/345 344/344/344 262/262/262
f 262/262/262 261/261/261 345/345/345
o back_plane8
g back_plane8
usemtl lambert1
v -0.04653 0.052926 -0.565021
v -0.044069 0.055216 -0.614927
v -0.046312 0.056436 -0.614927
v -0.047179 0.053299 -0.565021
v -0.042987 0.0563 -0.698429
v -0.045058 0.057363 -0.698429
v -0.042863 0.056423 -0.825852
v -0.044934 0.057487 -0.825852
v -0.04249 0.056797 -0.931224
v -0.044561 0.057861 -0.931224
v -0.042778 0.056508 -0.979502
v -0.04485 0.057571 -0.979502
v -0.064116 0.065114 -0.614828
v -0.053235 0.053576 -0.56013
v -0.050745 0.051087 -0.56013
v -0.052655 0.055006 -0.614927
v -0.052442 0.054565 -0.698429
v -0.07605 0.076792 -0.698205
v -0.050769 0.056238 -0.825852
v -0.074428 0.078514 -0.825671
v -0.051147 0.05586 -0.931224
v -0.07475 0.07808 -0.931183
v -0.075884 0.077058 -0.979493
v -0.052629 0.054481 -0.979498
v -0.074291 0.075289 -0.614828
v -0.055836 0.056177 -0.560349
v -0.102829 0.10357 -0.698205
v -0.101283 0.105369 -0.825671
v -0.101661 0.104991 -0.931183
v -0.10274 0.103913 -0.979493
v -0.085383 0.086382 -0.614828
v -0.058838 0.059179 -0.561753
v -0.129606 0.130348 -0.698205
v -0.127937 0.132022 -0.825671
v -0.128315 0.131644 -0.931183
v -0.129392 0.130566 -0.979493
v -0.096171 0.097169 -0.614828
v -0.062154 0.062496 -0.565947
v -0.156385 0.157126 -0.698205
v -0.154713 0.158799 -0.825671
v -0.155134 0.158463 -0.931183
v -0.156169 0.157343 -0.979493
v -0.047179 0.053299 -0.565021
v -0.046312 0.056436 -0.614927
v -0.052655 0.055006 -0.614927
v -0.050745 0.051087 -0.56013
v -0.052442 0.054565 -0.698429
v -0.045058 0.057363 -0.698429
v -0.050769 0.056238 -0.825852
v -0.044934 0.057487 -0.825852
v -0.051147 0.05586 -0.931224
v -0.044561 0.057861 -0.931224
v -0.04485 0.057571 -0.979502
v -0.052629 0.054481 -0.979498
v -0.049557 0.049898 -0.56013
v -0.04653 0.052926 -0.565021
v -0.047179 0.053299 -0.565021
v -0.050745 0.051087 -0.56013
v -0.042778 0.056508 -0.979502
v -0.048586 0.050701 -0.979493
v -0.052629 0.054481 -0.979498
v -0.04485 0.057571 -0.979502
v -0.055836 0.056177 -0.560349
v -0.058838 0.059179 -0.561753
v -0.05924 0.058778 -0.561754
v -0.056238 0.055775 -0.560349
v -0.062154 0.062496 -0.565947
v -0.062556 0.062094 -0.565947
v -0.096901 0.096439 -0.614828
v -0.096171 0.097169 -0.614828
v -0.156385 0.157126 -0.698205
v -0.156987 0.156525 -0.698205
v -0.156385 0.157126 -0.698205
v -0.154713 0.158799 -0.825671
v -0.156987 0.156525 -0.825671
v -0.156987 0.156525 -0.698205
v -0.155134 0.158463 -0.931183
v -0.15703 0.156568 -0.931183
v -0.156987 0.156525 -0.979493
v -0.156169 0.157343 -0.979493
v -0.129392 0.130566 -0.979493
v -0.13021 0.129748 -0.979493
v -0.156987 0.156525 -0.979493
v -0.156169 0.157343 -0.979493
v -0.10274 0.103913 -0.979493
v -0.103558 0.103095 -0.979493
v -0.075884 0.077058 -0.979493
v -0.076702 0.07624 -0.979493
v -0.053735 0.053273 -0.979496
v -0.049874 0.049412 -0.979493
v -0.053235 0.053576 -0.56013
v -0.053636 0.053174 -0.56013
v -0.051181 0.050719 -0.56013
v -0.050745 0.051087 -0.56013
v -0.053636 0.053174 -0.56013
v -0.053388 0.046068 -0.565021
v -0.053761 0.046717 -0.565021
v -0.056898 0.04585 -0.614927
v -0.055679 0.043608 -0.614927
v -0.057825 0.044595 -0.698429
v -0.056761 0.042524 -0.698429
v -0.057949 0.044472 -0.825852
v -0.056885 0.042401 -0.825852
v -0.058322 0.044099 -0.931224
v -0.057259 0.042028 -0.931224
v -0.05697 0.042316 -0.979502
v -0.058033 0.044388 -0.979502
v -0.065576 0.063653 -0.614828
v -0.055468 0.052193 -0.614927
v -0.051549 0.050283 -0.56013
v -0.054038 0.052772 -0.56013
v -0.077254 0.075588 -0.698205
v -0.055027 0.051979 -0.698429
v -0.078976 0.073966 -0.825671
v -0.0567 0.050307 -0.825852
v -0.078542 0.074288 -0.931183
v -0.056322 0.050685 -0.931224
v -0.07752 0.075422 -0.979493
v -0.054943 0.052167 -0.979498
v -0.056639 0.055374 -0.560349
v -0.075751 0.073828 -0.614828
v -0.104032 0.102367 -0.698205
v -0.105831 0.100821 -0.825671
v -0.105453 0.101199 -0.931183
v -0.104375 0.102277 -0.979493
v -0.059641 0.058376 -0.561753
v -0.086844 0.084921 -0.614828
v -0.13081 0.129145 -0.698205
v -0.132484 0.127474 -0.825671
v -0.132106 0.127853 -0.931183
v -0.131028 0.12893 -0.979493
v -0.062958 0.061692 -0.565947
v -0.097632 0.095708 -0.614828
v -0.157588 0.155923 -0.698205
v -0.159261 0.154251 -0.825671
v -0.158926 0.154672 -0.931183
v -0.157805 0.155707 -0.979493
v -0.053761 0.046717 -0.565021
v -0.051549 0.050283 -0.56013
v -0.055468 0.052193 -0.614927
v -0.056898 0.04585 -0.614927
v -0.055027 0.051979 -0.698429
v -0.057825 0.044595 -0.698429
v -0.0567 0.050307 -0.825852
v -0.057949 0.044472 -0.825852
v -0.056322 0.050685 -0.931224
v -0.058322 0.044099 -0.931224
v -0.058033 0.044388 -0.979502
v -0.054943 0.052167 -0.979498
v -0.05036 0.049095 -0.56013
v -0.051549 0.050283 -0.56013
v -0.053761 0.046717 -0.565021
v -0.053388 0.046068 -0.565021
v -0.05697 0.042316 -0.979502
v -0.058033 0.044388 -0.979502
v -0.054943 0.052167 -0.979498
v -0.051163 0.048123 -0.979493
v -0.056639 0.055374 -0.560349
v -0.059641 0.058376 -0.561753
v -0.062958 0.061692 -0.565947
v -0.097632 0.095708 -0.614828
v -0.157588 0.155923 -0.698205
v -0.157588 0.155923 -0.698205
v -0.159261 0.154251 -0.825671
v -0.158926 0.154672 -0.931183
v -0.157805 0.155707 -0.979493
v -0.131028 0.12893 -0.979493
v -0.157805 0.155707 -0.979493
v -0.104375 0.102277 -0.979493
v -0.07752 0.075422 -0.979493
v -0.054038 0.052772 -0.56013
v -0.051549 0.050283 -0.56013
v -0.051181 0.050719 -0.56013
v -0.049959 0.049497 -0.56013
v -0.05036 0.049095 -0.56013
v -0.049557 0.049898 -0.56013
v -0.049959 0.049497 -0.56013
vt 0.3386 0.4427
vt 0.3382 0.4299
vt 0.3376 0.4297
vt 0.3384 0.4426
vt 0.3373 0.4083
vt 0.3368 0.4086
vt 0.3364 0.3756
vt 0.336 0.3761
vt 0.336 0.3485
vt 0.3355 0.3487
vt 0.336 0.3359
vt 0.3355 0.3362
vt 0.3321 0.4301
vt 0.3367 0.4446
vt 0.3372 0.4439
vt 0.3359 0.4299
vt 0.3349 0.4084
vt 0.3273 0.4087
vt 0.3344 0.3761
vt 0.3263 0.3761
vt 0.3336 0.3487
vt 0.3256 0.3489
vt 0.3252 0.3362
vt 0.3333 0.3361
vt 0.3285 0.4302
vt 0.3358 0.4442
vt 0.3177 0.409
vt 0.3167 0.3763
vt 0.3161 0.3491
vt 0.3157 0.3365
vt 0.3245 0.4303
vt 0.3347 0.4438
vt 0.3079 0.4092
vt 0.3072 0.3765
vt 0.3065 0.3493
vt 0.3062 0.3368
vt 0.3206 0.4304
vt 0.3335 0.4427
vt 0.2978 0.4094
vt 0.2976 0.3767
vt 0.2968 0.3496
vt 0.2961 0.3372
vt 0.3384 0.4426
vt 0.3376 0.4297
vt 0.3359 0.4299
vt 0.3372 0.4439
vt 0.3349 0.4084
vt 0.3368 0.4086
vt 0.3344 0.3761
vt 0.336 0.3761
vt 0.3336 0.3487
vt 0.3355 0.3487
vt 0.3355 0.3362
vt 0.3333 0.3361
vt 0.2978 0.4486
vt 0.2993 0.4481
vt 0.2993 0.4479
vt 0.2976 0.4482
vt 0.2923 0.2983
vt 0.2901 0.2987
vt 0.2903 0.3001
vt 0.2922 0.2989
vt 0.298 0.4463
vt 0.298 0.4451
vt 0.2978 0.4451
vt 0.2978 0.4463
vt 0.298 0.4434
vt 0.2978 0.4434
vt 0.2977 0.4312
vt 0.298 0.4313
vt 0.2978 0.4094
vt 0.2976 0.4094
vt 0.2978 0.4094
vt 0.2976 0.3767
vt 0.2968 0.3767
vt 0.2976 0.4094
vt 0.2968 0.3496
vt 0.2961 0.3496
vt 0.2958 0.3372
vt 0.2961 0.3372
vt 0.2946 0.3275
vt 0.2943 0.3276
vt 0.2958 0.3372
vt 0.2961 0.3372
vt 0.2931 0.318
vt 0.2928 0.318
vt 0.2915 0.3083
vt 0.2912 0.3084
vt 0.2899 0.3001
vt 0.2897 0.2988
vt 0.298 0.4473
vt 0.2978 0.4472
vt 0.2978 0.4482
vt 0.2976 0.4482
vt 0.2978 0.4472
vt 0.2582 0.4449
vt 0.2584 0.4448
vt 0.2586 0.4319
vt 0.258 0.4319
vt 0.2582 0.4101
vt 0.2577 0.4105
vt 0.2577 0.3776
vt 0.2571 0.3777
vt 0.2568 0.3506
vt 0.2563 0.3504
vt 0.2557 0.3379
vt 0.2562 0.3382
vt 0.2643 0.4319
vt 0.2604 0.4319
vt 0.2593 0.4462
vt 0.2602 0.4461
vt 0.2682 0.4102
vt 0.2602 0.4104
vt 0.2674 0.3775
vt 0.2592 0.3777
vt 0.2667 0.3503
vt 0.2587 0.3505
vt 0.2665 0.3377
vt 0.2584 0.3379
vt 0.2612 0.446
vt 0.268 0.4318
vt 0.2778 0.4099
vt 0.2769 0.3773
vt 0.2762 0.3501
vt 0.2759 0.3375
vt 0.2623 0.4456
vt 0.272 0.4316
vt 0.2874 0.4097
vt 0.2864 0.377
vt 0.2858 0.3498
vt 0.2855 0.3373
vt 0.2634 0.4443
vt 0.276 0.4315
vt 0.2974 0.4094
vt 0.296 0.3768
vt 0.2955 0.3496
vt 0.2955 0.3372
vt 0.2584 0.4448
vt 0.2593 0.4462
vt 0.2604 0.4319
vt 0.2586 0.4319
vt 0.2602 0.4104
vt 0.2582 0.4101
vt 0.2592 0.3777
vt 0.2577 0.3776
vt 0.2587 0.3505
vt 0.2568 0.3506
vt 0.2562 0.3382
vt 0.2584 0.3379
vt 0.2975 0.4486
vt 0.2976 0.4482
vt 0.296 0.4483
vt 0.2959 0.4485
vt 0.287 0.2992
vt 0.2873 0.2997
vt 0.2895 0.3002
vt 0.2892 0.2988
vt 0.2977 0.4463
vt 0.2977 0.4451
vt 0.2977 0.4434
vt 0.2975 0.4313
vt 0.2974 0.4094
vt 0.2974 0.4094
vt 0.296 0.3768
vt 0.2955 0.3496
vt 0.2955 0.3372
vt 0.294 0.3276
vt 0.2955 0.3372
vt 0.2925 0.3181
vt 0.2909 0.3084
vt 0.2977 0.4472
vt 0.2976 0.4482
vt 0.2978 0.4482
vt 0.2977 0.4486
vt 0.2975 0.4486
vt 0.2978 0.4486
vt 0.2977 0.4486
vn 0.481 0.874 0.064
vn 0.472 0.881 0.03
vn 0.472 0.881 0.031
vn 0.481 0.874 0.064
vn 0.461 0.887 0.008
vn 0.461 0.887 0.008
vn 0.457 0.889 0.003
vn 0.457 0.889 0.003
vn 0.457 0.89 0.001
vn 0.457 0.89 0.001
vn 0.457 0.89 -0.008
vn 0.457 0.89 -0.008
vn 0.692 0.722 0.003
vn 0.685 0.729 0.02
vn 0.67 0.742 0.026
vn 0.676 0.737 0.007
vn 0.683 0.73 0.013
vn 0.697 0.717 0.012
vn 0.685 0.728 0.008
vn 0.697 0.717 0.008
vn 0.687 0.726 -0.015
vn 0.698 0.716 -0.014
vn 0.699 0.714 -0.034
vn 0.691 0.722 -0.037
vn 0.707 0.707 0
vn 0.707 0.707 0.009
vn 0.707 0.707 0.012
vn 0.707 0.707 0.008
vn 0.707 0.707 -0.013
vn 0.707 0.707 -0.032
vn 0.707 0.707 0
vn 0.707 0.708 0.009
vn 0.707 0.707 0.012
vn 0.707 0.707 0.008
vn 0.707 0.707 -0.013
vn 0.707 0.707 -0.032
vn 0.707 0.707 -0.001
vn 0.705 0.709 0.011
vn 0.707 0.707 0.015
vn 0.707 0.707 0.008
vn 0.707 0.707 -0.013
vn 0.707 0.707 -0.032
vn -0.315 0.947 0.067
vn -0.301 0.953 0.021
vn -0.301 0.953 0.021
vn -0.315 0.947 0.067
vn -0.293 0.956 0.003
vn -0.293 0.956 0.003
vn -0.276 0.961 0.003
vn -0.276 0.961 0.003
vn -0.282 0.959 -0.004
vn -0.282 0.959 -0.004
vn -0.334 0.943 -0.01
vn -0.334 0.943 -0.01
vn 0.495 0.582 0.645
vn 0.495 0.582 0.645
vn 0.495 0.582 0.645
vn 0.495 0.582 0.645
vn 0 -0.001 -1
vn 0 -0.001 -1
vn 0 -0.001 -1
vn 0 -0.001 -1
vn -0.142 0.142 0.98
vn -0.376 0.375 0.847
vn -0.375 0.375 0.847
vn -0.142 0.142 0.98
vn -0.5 0.5 0.707
vn -0.5 0.5 0.707
vn -0.497 0.497 0.711
vn -0.497 0.497 0.711
vn -0.495 0.495 0.714
vn -0.495 0.495 0.714
vn -0.707 0.707 0
vn -0.707 0.707 0
vn -0.707 0.707 0
vn -0.707 0.707 0
vn -0.707 0.707 0
vn -0.707 0.707 0
vn -0.707 0.707 -0.001
vn -0.707 0.707 -0.001
vn 0 0 -1
vn 0 0 -1
vn 0 0 -1
vn 0 0 -1
vn 0 0 -1
vn 0 0 -1
vn 0 0 -1
vn 0 0 -1
vn 0 0 -1
vn 0 0 -1
vn -0.022 0.021 1
vn -0.021 0.022 1
vn 0 0 1
vn 0 0 1
vn -0.021 0.022 1
vn -0.874 -0.481 0.064
vn -0.874 -0.481 0.064
vn -0.881 -0.472 0.031
vn -0.881 -0.472 0.03
vn -0.887 -0.461 0.008
vn -0.887 -0.461 0.008
vn -0.889 -0.457 0.003
vn -0.889 -0.457 0.003
vn -0.889 -0.457 0.001
vn -0.889 -0.457 0.001
vn -0.89 -0.457 -0.008
vn -0.89 -0.457 -0.008
vn -0.722 -0.692 0.003
vn -0.737 -0.676 0.007
vn -0.742 -0.67 0.026
vn -0.729 -0.685 0.02
vn -0.717 -0.697 0.012
vn -0.73 -0.683 0.013
vn -0.717 -0.697 0.008
vn -0.728 -0.686 0.008
vn -0.716 -0.698 -0.014
vn -0.726 -0.687 -0.015
vn -0.714 -0.699 -0.034
vn -0.722 -0.691 -0.037
vn -0.707 -0.707 0.009
vn -0.707 -0.707 0
vn -0.707 -0.707 0.012
vn -0.707 -0.707 0.008
vn -0.707 -0.707 -0.013
vn -0.707 -0.707 -0.032
vn -0.708 -0.707 0.009
vn -0.707 -0.707 0
vn -0.707 -0.707 0.012
vn -0.707 -0.707 0.008
vn -0.707 -0.707 -0.013
vn -0.707 -0.707 -0.032
vn -0.709 -0.705 0.011
vn -0.707 -0.707 -0.001
vn -0.707 -0.707 0.015
vn -0.707 -0.707 0.008
vn -0.707 -0.707 -0.013
vn -0.707 -0.707 -0.032
vn -0.947 0.315 0.067
vn -0.947 0.315 0.067
vn -0.953 0.301 0.021
vn -0.953 0.301 0.021
vn -0.956 0.293 0.003
vn -0.956 0.293 0.003
vn -0.961 0.276 0.003
vn -0.961 0.276 0.003
vn -0.959 0.282 -0.004
vn -0.959 0.282 -0.004
vn -0.943 0.334 -0.01
vn -0.943 0.334 -0.01
vn -0.582 -0.495 0.645
vn -0.582 -0.495 0.645
vn -0.582 -0.495 0.645
vn -0.582 -0.495 0.645
vn 0.001 0 -1
vn 0.001 0 -1
vn 0.001 0 -1
vn 0.001 0 -1
vn -0.142 0.142 0.98
vn -0.375 0.376 0.848
vn -0.5 0.5 0.707
vn -0.497 0.497 0.711
vn -0.495 0.495 0.714
vn -0.707 0.707 0
vn -0.707 0.707 0
vn -0.707 0.707 0
vn -0.707 0.707 -0.001
vn 0 0 -1
vn 0 0 -1
vn 0 0 -1
vn 0 0 -1
vn -0.021 0.022 1
vn 0 0 1
vn 0 0 1
vn 0 0 1
vn 0 0 1
vn 0 0 1
vn 0 0 1
f 349/349/349 346/346/346 347/347/347
f 347/347/347 348/348/348 349/349/349
f 351/351/351 348/348/348 347/347/347
f 347/347/347 350/350/350 351/351/351
f 353/353/353 351/351/351 350/350/350
f 350/350/350 352/352/352 353/353/353
f 355/355/355 353/353/353 352/352/352
f 352/352/352 354/354/354 355/355/355
f 354/354/354 356/356/356 357/357/357
f 357/357/357 355/355/355 354/354/354
f 361/361/361 358/358/358 359/359/359
f 359/359/359 360/360/360 361/361/361
f 361/361/361 362/362/362 363/363/363
f 363/363/363 358/358/358 361/361/361
f 362/362/362 364/364/364 365/365/365
f 365/365/365 363/363/363 362/362/362
f 364/364/364 366/366/366 367/367/367
f 367/367/367 365/365/365 364/364/364
f 369/369/369 368/368/368 367/367/367
f 367/367/367 366/366/366 369/369/369
f 371/371/371 359/359/359 358/358/358
f 358/358/358 370/370/370 371/371/371
f 372/372/372 370/370/370 358/358/358
f 358/358/358 363/363/363 372/372/372
f 373/373/373 372/372/372 363/363/363
f 363/363/363 365/365/365 373/373/373
f 374/374/374 373/373/373 365/365/365
f 365/365/365 367/367/367 374/374/374
f 374/374/374 367/367/367 368/368/368
f 368/368/368 375/375/375 374/374/374
f 377/377/377 371/371/371 370/370/370
f 370/370/370 376/376/376 377/377/377
f 378/378/378 376/376/376 370/370/370
f 370/370/370 372/372/372 378/378/378
f 379/379/379 378/378/378 372/372/372
f 372/372/372 373/373/373 379/379/379
f 380/380/380 379/379/379 373/373/373
f 373/373/373 374/374/374 380/380/380
f 380/380/380 374/374/374 375/375/375
f 375/375/375 381/381/381 380/380/380
f 383/383/383 377/377/377 376/376/376
f 376/376/376 382/382/382 383/383/383
f 384/384/384 382/382/382 376/376/376
f 376/376/376 378/378/378 384/384/384
f 385/385/385 384/384/384 378/378/378
f 378/378/378 379/379/379 385/385/385
f 386/386/386 385/385/385 379/379/379
f 379/379/379 380/380/380 386/386/386
f 386/386/386 380/380/380 381/381/381
f 381/381/381 387/387/387 386/386/386
f 391/391/391 388/388/388 389/389/389
f 389/389/389 390/390/390 391/391/391
f 393/393/393 392/392/392 390/390/390
f 390/390/390 389/389/389 393/393/393
f 395/395/395 394/394/394 392/392/392
f 392/392/392 393/393/393 395/395/395
f 397/397/397 396/396/396 394/394/394
f 394/394/394 395/395/395 397/397/397
f 397/397/397 398/398/398 399/399/399
f 399/399/399 396/396/396 397/397/397
f 403/403/403 400/400/400 401/401/401
f 401/401/401 402/402/402 403/403/403
f 407/407/407 404/404/404 405/405/405
f 405/405/405 406/406/406 407/407/407
f 411/411/411 408/408/408 409/409/409
f 409/409/409 410/410/410 411/411/411
f 410/410/410 409/409/409 412/412/412
f 412/412/412 413/413/413 410/410/410
f 415/415/415 414/414/414 413/413/413
f 413/413/413 412/412/412 415/415/415
f 414/414/414 415/415/415 416/416/416
f 416/416/416 417/417/417 414/414/414
f 421/421/421 418/418/418 419/419/419
f 419/419/419 420/420/420 421/421/421
f 420/420/420 419/419/419 422/422/422
f 422/422/422 423/423/423 420/420/420
f 425/425/425 424/424/424 423/423/423
f 423/423/423 422/422/422 425/425/425
f 429/429/429 426/426/426 427/427/427
f 427/427/427 428/428/428 429/429/429
f 426/426/426 430/430/430 431/431/431
f 431/431/431 427/427/427 426/426/426
f 430/430/430 432/432/432 433/433/433
f 433/433/433 431/431/431 430/430/430
f 406/406/406 434/434/434 433/433/433
f 433/433/433 432/432/432 406/406/406
f 406/406/406 405/405/405 435/435/435
f 435/435/435 434/434/434 406/406/406
f 439/439/439 436/436/436 437/437/437
f 437/437/437 438/438/438 439/439/439
f 440/440/440 436/436/436 408/408/408
f 408/408/408 411/411/411 440/440/440
f 444/444/444 441/441/441 442/442/442
f 442/442/442 443/443/443 444/444/444
f 444/444/444 443/443/443 445/445/445
f 445/445/445 446/446/446 444/444/444
f 446/446/446 445/445/445 447/447/447
f 447/447/447 448/448/448 446/446/446
f 448/448/448 447/447/447 449/449/449
f 449/449/449 450/450/450 448/448/448
f 452/452/452 451/451/451 450/450/450
f 450/450/450 449/449/449 452/452/452
f 456/456/456 453/453/453 454/454/454
f 454/454/454 455/455/455 456/456/456
f 458/458/458 454/454/454 453/453/453
f 453/453/453 457/457/457 458/458/458
f 460/460/460 458/458/458 457/457/457
f 457/457/457 459/459/459 460/460/460
f 462/462/462 460/460/460 459/459/459
f 459/459/459 461/461/461 462/462/462
f 461/461/461 463/463/463 464/464/464
f 464/464/464 462/462/462 461/461/461
f 453/453/453 456/456/456 465/465/465
f 465/465/465 466/466/466 453/453/453
f 453/453/453 466/466/466 467/467/467
f 467/467/467 457/457/457 453/453/453
f 457/457/457 467/467/467 468/468/468
f 468/468/468 459/459/459 457/457/457
f 459/459/459 468/468/468 469/469/469
f 469/469/469 461/461/461 459/459/459
f 463/463/463 461/461/461 469/469/469
f 469/469/469 470/470/470 463/463/463
f 466/466/466 465/465/465 471/471/471
f 471/471/471 472/472/472 466/466/466
f 466/466/466 472/472/472 473/473/473
f 473/473/473 467/467/467 466/466/466
f 467/467/467 473/473/473 474/474/474
f 474/474/474 468/468/468 467/467/467
f 468/468/468 474/474/474 475/475/475
f 475/475/475 469/469/469 468/468/468
f 470/470/470 469/469/469 475/475/475
f 475/475/475 476/476/476 470/470/470
f 472/472/472 471/471/471 477/477/477
f 477/477/477 478/478/478 472/472/472
f 472/472/472 478/478/478 479/479/479
f 479/479/479 473/473/473 472/472/472
f 473/473/473 479/479/479 480/480/480
f 480/480/480 474/474/474 473/473/473
f 474/474/474 480/480/480 481/481/481
f 481/481/481 475/475/475 474/474/474
f 476/476/476 475/475/475 481/481/481
f 481/481/481 482/482/482 476/476/476
f 486/486/486 483/483/483 484/484/484
f 484/484/484 485/485/485 486/486/486
f 486/486/486 485/485/485 487/487/487
f 487/487/487 488/488/488 486/486/486
f 488/488/488 487/487/487 489/489/489
f 489/489/489 490/490/490 488/488/488
f 490/490/490 489/489/489 491/491/491
f 491/491/491 492/492/492 490/490/490
f 494/494/494 493/493/493 492/492/492
f 492/492/492 491/491/491 494/494/494
f 498/498/498 495/495/495 496/496/496
f 496/496/496 497/497/497 498/498/498
f 502/502/502 499/499/499 500/500/500
f 500/500/500 501/501/501 502/502/502
f 504/504/504 503/503/503 411/411/411
f 411/411/411 410/410/410 504/504/504
f 505/505/505 504/504/504 410/410/410
f 410/410/410 413/413/413 505/505/505
f 413/413/413 414/414/414 506/506/506
f 506/506/506 505/505/505 413/413/413
f 507/507/507 506/506/506 414/414/414
f 414/414/414 417/417/417 507/507/507
f 509/509/509 508/508/508 421/421/421
f 421/421/421 420/420/420 509/509/509
f 510/510/510 509/509/509 420/420/420
f 420/420/420 423/423/423 510/510/510
f 423/423/423 424/424/424 511/511/511
f 511/511/511 510/510/510 423/423/423
f 427/427/427 512/512/512 513/513/513
f 513/513/513 428/428/428 427/427/427
f 431/431/431 514/514/514 512/512/512
f 512/512/512 427/427/427 431/431/431
f 433/433/433 515/515/515 514/514/514
f 514/514/514 431/431/431 433/433/433
f 433/433/433 434/434/434 501/501/501
f 501/501/501 515/515/515 433/433/433
f 435/435/435 502/502/502 501/501/501
f 501/501/501 434/434/434 435/435/435
f 440/440/440 516/516/516 517/517/517
f 517/517/517 518/518/518 440/440/440
f 503/503/503 516/516/516 440/440/440
f 440/440/440 411/411/411 503/503/503
f 520/520/520 519/519/519 518/518/518
f 518/518/518 517/517/517 520/520/520
f 522/522/522 521/521/521 439/439/439
f 439/439/439 438/438/438 522/522/522
o back_plane7
g back_plane7
usemtl lambert1
v 0.052926 0.04653 -0.565021
v 0.055217 0.04407 -0.614927
v 0.056436 0.046313 -0.614927
v 0.053299 0.047179 -0.565021
v 0.0563 0.042987 -0.698429
v 0.057364 0.045058 -0.698429
v 0.056424 0.042863 -0.825852
v 0.057487 0.044934 -0.825852
v 0.056797 0.04249 -0.931224
v 0.057861 0.044561 -0.931224
v 0.056508 0.042779 -0.979502
v 0.057571 0.04485 -0.979502
v 0.065115 0.064116 -0.614828
v 0.053576 0.053235 -0.56013
v 0.051087 0.050746 -0.56013
v 0.055006 0.052655 -0.614927
v 0.054565 0.052442 -0.698429
v 0.076792 0.076051 -0.698205
v 0.056238 0.050769 -0.825852
v 0.078514 0.074428 -0.825671
v 0.05586 0.051147 -0.931224
v 0.07808 0.07475 -0.931183
v 0.077058 0.075884 -0.979493
v 0.054481 0.052629 -0.979498
v 0.07529 0.074291 -0.614828
v 0.056177 0.055836 -0.560349
v 0.10357 0.102829 -0.698205
v 0.10537 0.101283 -0.825671
v 0.104991 0.101661 -0.931183
v 0.103913 0.102739 -0.979493
v 0.086383 0.085384 -0.614828
v 0.05918 0.058838 -0.561753
v 0.130348 0.129607 -0.698205
v 0.132023 0.127937 -0.825671
v 0.131644 0.128315 -0.931183
v 0.130567 0.129393 -0.979493
v 0.09717 0.096171 -0.614828
v 0.062496 0.062154 -0.565947
v 0.157127 0.156385 -0.698205
v 0.158799 0.154713 -0.825671
v 0.158463 0.155134 -0.931183
v 0.157343 0.156169 -0.979493
v 0.053299 0.047179 -0.565021
v 0.056436 0.046313 -0.614927
v 0.055006 0.052655 -0.614927
v 0.051087 0.050746 -0.56013
v 0.054565 0.052442 -0.698429
v 0.057364 0.045058 -0.698429
v 0.056238 0.050769 -0.825852
v 0.057487 0.044934 -0.825852
v 0.05586 0.051147 -0.931224
v 0.057861 0.044561 -0.931224
v 0.057571 0.04485 -0.979502
v 0.054481 0.052629 -0.979498
v 0.049899 0.049557 -0.56013
v 0.052926 0.04653 -0.565021
v 0.053299 0.047179 -0.565021
v 0.051087 0.050746 -0.56013
v 0.056508 0.042779 -0.979502
v 0.050701 0.048585 -0.979493
v 0.054481 0.052629 -0.979498
v 0.057571 0.04485 -0.979502
v 0.056177 0.055836 -0.560349
v 0.05918 0.058838 -0.561753
v 0.058778 0.05924 -0.561754
v 0.055775 0.056238 -0.560349
v 0.062496 0.062154 -0.565947
v 0.062094 0.062556 -0.565947
v 0.096439 0.096901 -0.614828
v 0.09717 0.096171 -0.614828
v 0.157127 0.156385 -0.698205
v 0.156525 0.156987 -0.698205
v 0.157127 0.156385 -0.698205
v 0.158799 0.154713 -0.825671
v 0.156525 0.156987 -0.825671
v 0.156525 0.156987 -0.698205
v 0.158463 0.155134 -0.931183
v 0.156568 0.15703 -0.931183
v 0.156525 0.156987 -0.979493
v 0.157343 0.156169 -0.979493
v 0.130567 0.129393 -0.979493
v 0.129749 0.130211 -0.979493
v 0.156525 0.156987 -0.979493
v 0.157343 0.156169 -0.979493
v 0.103913 0.102739 -0.979493
v 0.103095 0.103557 -0.979493
v 0.077058 0.075884 -0.979493
v 0.07624 0.076702 -0.979493
v 0.053273 0.053735 -0.979496
v 0.049412 0.049874 -0.979493
v 0.053576 0.053235 -0.56013
v 0.053174 0.053636 -0.56013
v 0.050719 0.051181 -0.56013
v 0.051087 0.050746 -0.56013
v 0.053174 0.053636 -0.56013
v 0.046068 0.053388 -0.565021
v 0.046717 0.053761 -0.565021
v 0.04585 0.056898 -0.614927
v 0.043608 0.055679 -0.614927
v 0.044596 0.057826 -0.698429
v 0.042525 0.056762 -0.698429
v 0.044472 0.057949 -0.825852
v 0.042401 0.056886 -0.825852
v 0.044099 0.058323 -0.931224
v 0.042028 0.057259 -0.931224
v 0.042317 0.05697 -0.979502
v 0.044388 0.058034 -0.979502
v 0.063653 0.065577 -0.614828
v 0.052194 0.055468 -0.614927
v 0.050284 0.051549 -0.56013
v 0.052773 0.054038 -0.56013
v 0.075588 0.077254 -0.698205
v 0.05198 0.055028 -0.698429
v 0.073966 0.078976 -0.825671
v 0.050307 0.0567 -0.825852
v 0.074288 0.078542 -0.931183
v 0.050685 0.056322 -0.931224
v 0.075422 0.07752 -0.979493
v 0.052167 0.054943 -0.979498
v 0.055374 0.056639 -0.560349
v 0.073829 0.075752 -0.614828
v 0.102366 0.104032 -0.698205
v 0.100822 0.105831 -0.825671
v 0.101199 0.105453 -0.931183
v 0.102277 0.104375 -0.979493
v 0.058376 0.059642 -0.561753
v 0.084922 0.086845 -0.614828
v 0.129145 0.13081 -0.698205
v 0.127475 0.132485 -0.825671
v 0.127853 0.132106 -0.931183
v 0.128931 0.131029 -0.979493
v 0.061692 0.062958 -0.565947
v 0.095709 0.097632 -0.614828
v 0.155923 0.157588 -0.698205
v 0.154251 0.159261 -0.825671
v 0.154672 0.158926 -0.931183
v 0.155707 0.157805 -0.979493
v 0.046717 0.053761 -0.565021
v 0.050284 0.051549 -0.56013
v 0.052194 0.055468 -0.614927
v 0.04585 0.056898 -0.614927
v 0.05198 0.055028 -0.698429
v 0.044596 0.057826 -0.698429
v 0.050307 0.0567 -0.825852
v 0.044472 0.057949 -0.825852
v 0.050685 0.056322 -0.931224
v 0.044099 0.058323 -0.931224
v 0.044388 0.058034 -0.979502
v 0.052167 0.054943 -0.979498
v 0.049095 0.050361 -0.56013
v 0.050284 0.051549 -0.56013
v 0.046717 0.053761 -0.565021
v 0.046068 0.053388 -0.565021
v 0.042317 0.05697 -0.979502
v 0.044388 0.058034 -0.979502
v 0.052167 0.054943 -0.979498
v 0.048123 0.051163 -0.979493
v 0.055374 0.056639 -0.560349
v 0.058376 0.059642 -0.561753
v 0.061692 0.062958 -0.565947
v 0.095709 0.097632 -0.614828
v 0.155923 0.157588 -0.698205
v 0.155923 0.157588 -0.698205
v 0.154251 0.159261 -0.825671
v 0.154672 0.158926 -0.931183
v 0.155707 0.157805 -0.979493
v 0.128931 0.131029 -0.979493
v 0.155707 0.157805 -0.979493
v 0.102277 0.104375 -0.979493
v 0.075422 0.07752 -0.979493
v 0.052773 0.054038 -0.56013
v 0.050284 0.051549 -0.56013
v 0.050719 0.051181 -0.56013
v 0.049497 0.049959 -0.56013
v 0.049095 0.050361 -0.56013
v 0.049899 0.049557 -0.56013
v 0.049497 0.049959 -0.56013
vt 0.5374 0.4429
vt 0.537 0.4301
vt 0.5364 0.4299
vt 0.5373 0.4429
vt 0.5362 0.4085
vt 0.5356 0.4088
vt 0.5352 0.3758
vt 0.5349 0.3763
vt 0.5349 0.3487
vt 0.5343 0.3489
vt 0.5349 0.3362
vt 0.5343 0.3364
vt 0.531 0.4303
vt 0.5355 0.4448
vt 0.536 0.4441
vt 0.5347 0.4301
vt 0.5338 0.4086
vt 0.5262 0.4089
vt 0.5333 0.3763
vt 0.5251 0.3763
vt 0.5325 0.3489
vt 0.5244 0.3491
vt 0.5241 0.3364
vt 0.5322 0.3363
vt 0.5274 0.4304
vt 0.5347 0.4444
vt 0.5166 0.4092
vt 0.5156 0.3765
vt 0.5149 0.3493
vt 0.5146 0.3367
vt 0.5234 0.4305
vt 0.5336 0.444
vt 0.5068 0.4094
vt 0.506 0.3767
vt 0.5054 0.3495
vt 0.505 0.337
vt 0.5195 0.4306
vt 0.5324 0.4429
vt 0.4967 0.4096
vt 0.4965 0.3769
vt 0.4957 0.3498
vt 0.495 0.3374
vt 0.5373 0.4429
vt 0.5364 0.4299
vt 0.5347 0.4301
vt 0.536 0.4441
vt 0.5338 0.4086
vt 0.5356 0.4088
vt 0.5333 0.3763
vt 0.5349 0.3763
vt 0.5325 0.3489
vt 0.5343 0.3489
vt 0.5343 0.3364
vt 0.5322 0.3363
vt 0.4967 0.4488
vt 0.4981 0.4484
vt 0.4981 0.4481
vt 0.4965 0.4484
vt 0.4911 0.2985
vt 0.489 0.2989
vt 0.4892 0.3003
vt 0.491 0.2991
vt 0.4969 0.4465
vt 0.4968 0.4453
vt 0.4967 0.4453
vt 0.4967 0.4465
vt 0.4968 0.4436
vt 0.4967 0.4437
vt 0.4966 0.4314
vt 0.4969 0.4315
vt 0.4967 0.4096
vt 0.4965 0.4096
vt 0.4967 0.4096
vt 0.4965 0.3769
vt 0.4957 0.3769
vt 0.4965 0.4096
vt 0.4957 0.3498
vt 0.495 0.3498
vt 0.4947 0.3374
vt 0.495 0.3374
vt 0.4935 0.3277
vt 0.4932 0.3278
vt 0.4947 0.3374
vt 0.495 0.3374
vt 0.4919 0.3182
vt 0.4916 0.3182
vt 0.4904 0.3086
vt 0.4901 0.3086
vt 0.4887 0.3003
vt 0.4885 0.299
vt 0.4968 0.4475
vt 0.4967 0.4475
vt 0.4967 0.4484
vt 0.4965 0.4484
vt 0.4967 0.4475
vt 0.4571 0.4451
vt 0.4572 0.445
vt 0.4575 0.4321
vt 0.4568 0.4321
vt 0.4571 0.4104
vt 0.4565 0.4107
vt 0.4565 0.3778
vt 0.4559 0.3779
vt 0.4557 0.3508
vt 0.4551 0.3506
vt 0.4546 0.3381
vt 0.4551 0.3384
vt 0.4631 0.4321
vt 0.4592 0.4321
vt 0.4582 0.4465
vt 0.4591 0.4463
vt 0.4671 0.4104
vt 0.459 0.4106
vt 0.4662 0.3777
vt 0.4581 0.3779
vt 0.4656 0.3505
vt 0.4575 0.3507
vt 0.4653 0.3379
vt 0.4573 0.3381
vt 0.4601 0.4462
vt 0.4668 0.432
vt 0.4766 0.4101
vt 0.4757 0.3775
vt 0.4751 0.3503
vt 0.4748 0.3377
vt 0.4612 0.4458
vt 0.4709 0.4318
vt 0.4863 0.4099
vt 0.4853 0.3772
vt 0.4846 0.35
vt 0.4844 0.3375
vt 0.4623 0.4445
vt 0.4748 0.4317
vt 0.4963 0.4096
vt 0.4948 0.377
vt 0.4943 0.3498
vt 0.4944 0.3374
vt 0.4572 0.445
vt 0.4582 0.4465
vt 0.4592 0.4321
vt 0.4575 0.4321
vt 0.459 0.4106
vt 0.4571 0.4104
vt 0.4581 0.3779
vt 0.4565 0.3778
vt 0.4575 0.3507
vt 0.4557 0.3508
vt 0.4551 0.3384
vt 0.4573 0.3381
vt 0.4964 0.4488
vt 0.4965 0.4484
vt 0.4948 0.4485
vt 0.4948 0.4487
vt 0.4859 0.2994
vt 0.4862 0.2999
vt 0.4883 0.3004
vt 0.488 0.299
vt 0.4966 0.4465
vt 0.4965 0.4453
vt 0.4965 0.4436
vt 0.4963 0.4315
vt 0.4963 0.4096
vt 0.4963 0.4096
vt 0.4948 0.377
vt 0.4943 0.3498
vt 0.4944 0.3374
vt 0.4929 0.3278
vt 0.4944 0.3374
vt 0.4913 0.3183
vt 0.4898 0.3086
vt 0.4965 0.4475
vt 0.4965 0.4484
vt 0.4967 0.4484
vt 0.4965 0.4488
vt 0.4964 0.4488
vt 0.4967 0.4488
vt 0.4965 0.4488
vn 0.874 -0.481 0.064
vn 0.881 -0.472 0.03
vn 0.881 -0.472 0.031
vn 0.874 -0.481 0.064
vn 0.887 -0.461 0.008
vn 0.887 -0.461 0.008
vn 0.89 -0.457 0.003
vn 0.89 -0.457 0.003
vn 0.89 -0.457 0.001
vn 0.89 -0.457 0.001
vn 0.89 -0.457 -0.008
vn 0.89 -0.457 -0.008
vn 0.722 -0.692 0.003
vn 0.729 -0.685 0.02
vn 0.742 -0.67 0.026
vn 0.737 -0.676 0.007
vn 0.73 -0.683 0.013
vn 0.717 -0.697 0.012
vn 0.728 -0.686 0.008
vn 0.717 -0.697 0.008
vn 0.726 -0.687 -0.015
vn 0.716 -0.698 -0.014
vn 0.714 -0.699 -0.034
vn 0.722 -0.691 -0.037
vn 0.707 -0.707 0
vn 0.707 -0.707 0.009
vn 0.707 -0.707 0.012
vn 0.707 -0.707 0.008
vn 0.707 -0.707 -0.013
vn 0.707 -0.707 -0.032
vn 0.707 -0.707 0
vn 0.708 -0.707 0.009
vn 0.707 -0.707 0.012
vn 0.707 -0.707 0.008
vn 0.707 -0.707 -0.013
vn 0.707 -0.707 -0.032
vn 0.707 -0.707 -0.001
vn 0.709 -0.705 0.011
vn 0.707 -0.707 0.015
vn 0.707 -0.707 0.008
vn 0.707 -0.707 -0.013
vn 0.707 -0.707 -0.032
vn 0.947 0.315 0.067
vn 0.953 0.301 0.021
vn 0.953 0.301 0.021
vn 0.947 0.315 0.067
vn 0.956 0.293 0.003
vn 0.956 0.293 0.003
vn 0.961 0.276 0.003
vn 0.961 0.276 0.003
vn 0.959 0.282 -0.004
vn 0.959 0.282 -0.004
vn 0.943 0.334 -0.01
vn 0.943 0.334 -0.01
vn 0.582 -0.494 0.645
vn 0.582 -0.494 0.645
vn 0.582 -0.494 0.645
vn 0.582 -0.494 0.645
vn -0.001 0 -1
vn -0.001 0 -1
vn -0.001 0 -1
vn -0.001 0 -1
vn 0.142 0.142 0.98
vn 0.375 0.376 0.848
vn 0.375 0.375 0.847
vn 0.142 0.142 0.98
vn 0.5 0.5 0.707
vn 0.5 0.5 0.707
vn 0.497 0.497 0.711
vn 0.497 0.497 0.711
vn 0.495 0.495 0.714
vn 0.495 0.495 0.714
vn 0.707 0.707 0
vn 0.707 0.707 0
vn 0.707 0.707 0
vn 0.707 0.707 0
vn 0.707 0.707 0
vn 0.707 0.707 0
vn 0.707 0.707 -0.001
vn 0.707 0.707 -0.001
vn 0 0 -1
vn 0 0 -1
vn 0 0 -1
vn 0 0 -1
vn 0 0 -1
vn 0 0 -1
vn 0 0 -1
vn 0 0 -1
vn 0 0 -1
vn 0 0 -1
vn 0.021 0.022 1
vn 0.022 0.022 1
vn 0 0 1
vn 0 0 1
vn 0.022 0.022 1
vn -0.481 0.874 0.064
vn -0.481 0.874 0.064
vn -0.472 0.881 0.031
vn -0.472 0.881 0.03
vn -0.461 0.887 0.008
vn -0.461 0.887 0.008
vn -0.457 0.889 0.003
vn -0.457 0.889 0.003
vn -0.457 0.89 0.001
vn -0.457 0.89 0.001
vn -0.457 0.89 -0.008
vn -0.457 0.89 -0.008
vn -0.692 0.722 0.003
vn -0.676 0.737 0.007
vn -0.67 0.742 0.026
vn -0.685 0.729 0.02
vn -0.697 0.717 0.012
vn -0.683 0.73 0.013
vn -0.697 0.717 0.008
vn -0.686 0.728 0.008
vn -0.698 0.716 -0.014
vn -0.687 0.726 -0.015
vn -0.699 0.714 -0.034
vn -0.691 0.722 -0.037
vn -0.707 0.707 0.009
vn -0.707 0.707 0
vn -0.707 0.707 0.012
vn -0.707 0.707 0.008
vn -0.707 0.707 -0.013
vn -0.707 0.707 -0.032
vn -0.707 0.708 0.009
vn -0.707 0.707 0
vn -0.707 0.707 0.012
vn -0.707 0.707 0.008
vn -0.707 0.707 -0.013
vn -0.707 0.707 -0.032
vn -0.705 0.709 0.011
vn -0.707 0.707 -0.001
vn -0.707 0.707 0.015
vn -0.707 0.707 0.008
vn -0.707 0.707 -0.013
vn -0.707 0.707 -0.032
vn 0.315 0.947 0.067
vn 0.315 0.947 0.067
vn 0.301 0.953 0.021
vn 0.301 0.953 0.021
vn 0.293 0.956 0.003
vn 0.293 0.956 0.003
vn 0.276 0.961 0.003
vn 0.276 0.961 0.003
vn 0.282 0.959 -0.004
vn 0.282 0.959 -0.004
vn 0.334 0.943 -0.01
vn 0.334 0.943 -0.01
vn -0.495 0.582 0.645
vn -0.495 0.582 0.645
vn -0.495 0.582 0.645
vn -0.495 0.582 0.645
vn 0 -0.001 -1
vn 0 -0.001 -1
vn 0 -0.001 -1
vn 0 -0.001 -1
vn 0.142 0.142 0.98
vn 0.376 0.375 0.847
vn 0.5 0.5 0.707
vn 0.497 0.497 0.711
vn 0.495 0.495 0.714
vn 0.707 0.707 0
vn 0.707 0.707 0
vn 0.707 0.707 0
vn 0.707 0.707 -0.001
vn 0 0 -1
vn 0 0 -1
vn 0 0 -1
vn 0 0 -1
vn 0.022 0.021 1
vn 0 0 1
vn 0 0 1
vn 0 0 1
vn 0 0 1
vn 0 0 1
vn 0 0 1
f 526/526/526 523/523/523 524/524/524
f 524/524/524 525/525/525 526/526/526
f 528/528/528 525/525/525 524/524/524
f 524/524/524 527/527/527 528/528/528
f 530/530/530 528/528/528 527/527/527
f 527/527/527 529/529/529 530/530/530
f 532/532/532 530/530/530 529/529/529
f 529/529/529 531/531/531 532/532/532
f 531/531/531 533/533/533 534/534/534
f 534/534/534 532/532/532 531/531/531
f 538/538/538 535/535/535 536/536/536
f 536/536/536 537/537/537 538/538/538
f 538/538/538 539/539/539 540/540/540
f 540/540/540 535/535/535 538/538/538
f 539/539/539 541/541/541 542/542/542
f 542/542/542 540/540/540 539/539/539
f 541/541/541 543/543/543 544/544/544
f 544/544/544 542/542/542 541/541/541
f 546/546/546 545/545/545 544/544/544
f 544/544/544 543/543/543 546/546/546
f 548/548/548 536/536/536 535/535/535
f 535/535/535 547/547/547 548/548/548
f 549/549/549 547/547/547 535/535/535
f 535/535/535 540/540/540 549/549/549
f 550/550/550 549/549/549 540/540/540
f 540/540/540 542/542/542 550/550/550
f 551/551/551 550/550/550 542/542/542
f 542/542/542 544/544/544 551/551/551
f 551/551/551 544/544/544 545/545/545
f 545/545/545 552/552/552 551/551/551
f 554/554/554 548/548/548 547/547/547
f 547/547/547 553/553/553 554/554/554
f 555/555/555 553/553/553 547/547/547
f 547/547/547 549/549/549 555/555/555
f 556/556/556 555/555/555 549/549/549
f 549/549/549 550/550/550 556/556/556
f 557/557/557 556/556/556 550/550/550
f 550/550/550 551/551/551 557/557/557
f 557/557/557 551/551/551 552/552/552
f 552/552/552 558/558/558 557/557/557
f 560/560/560 554/554/554 553/553/553
f 553/553/553 559/559/559 560/560/560
f 561/561/561 559/559/559 553/553/553
f 553/553/553 555/555/555 561/561/561
f 562/562/562 561/561/561 555/555/555
f 555/555/555 556/556/556 562/562/562
f 563/563/563 562/562/562 556/556/556
f 556/556/556 557/557/557 563/563/563
f 563/563/563 557/557/557 558/558/558
f 558/558/558 564/564/564 563/563/563
f 568/568/568 565/565/565 566/566/566
f 566/566/566 567/567/567 568/568/568
f 570/570/570 569/569/569 567/567/567
f 567/567/567 566/566/566 570/570/570
f 572/572/572 571/571/571 569/569/569
f 569/569/569 570/570/570 572/572/572
f 574/574/574 573/573/573 571/571/571
f 571/571/571 572/572/572 574/574/574
f 574/574/574 575/575/575 576/576/576
f 576/576/576 573/573/573 574/574/574
f 580/580/580 577/577/577 578/578/578
f 578/578/578 579/579/579 580/580/580
f 584/584/584 581/581/581 582/582/582
f 582/582/582 583/583/583 584/584/584
f 588/588/588 585/585/585 586/586/586
f 586/586/586 587/587/587 588/588/588
f 587/587/587 586/586/586 589/589/589
f 589/589/589 590/590/590 587/587/587
f 592/592/592 591/591/591 590/590/590
f 590/590/590 589/589/589 592/592/592
f 591/591/591 592/592/592 593/593/593
f 593/593/593 594/594/594 591/591/591
f 598/598/598 595/595/595 596/596/596
f 596/596/596 597/597/597 598/598/598
f 597/597/597 596/596/596 599/599/599
f 599/599/599 600/600/600 597/597/597
f 602/602/602 601/601/601 600/600/600
f 600/600/600 599/599/599 602/602/602
f 606/606/606 603/603/603 604/604/604
f 604/604/604 605/605/605 606/606/606
f 603/603/603 607/607/607 608/608/608
f 608/608/608 604/604/604 603/603/603
f 607/607/607 609/609/609 610/610/610
f 610/610/610 608/608/608 607/607/607
f 583/583/583 611/611/611 610/610/610
f 610/610/610 609/609/609 583/583/583
f 583/583/583 582/582/582 612/612/612
f 612/612/612 611/611/611 583/583/583
f 616/616/616 613/613/613 614/614/614
f 614/614/614 615/615/615 616/616/616
f 617/617/617 613/613/613 585/585/585
f 585/585/585 588/588/588 617/617/617
f 621/621/621 618/618/618 619/619/619
f 619/619/619 620/620/620 621/621/621
f 621/621/621 620/620/620 622/622/622
f 622/622/622 623/623/623 621/621/621
f 623/623/623 622/622/622 624/624/624
f 624/624/624 625/625/625 623/623/623
f 625/625/625 624/624/624 626/626/626
f 626/626/626 627/627/627 625/625/625
f 629/629/629 628/628/628 627/627/627
f 627/627/627 626/626/626 629/629/629
f 633/633/633 630/630/630 631/631/631
f 631/631/631 632/632/632 633/633/633
f 635/635/635 631/631/631 630/630/630
f 630/630/630 634/634/634 635/635/635
f 637/637/637 635/635/635 634/634/634
f 634/634/634 636/636/636 637/637/637
f 639/639/639 637/637/637 636/636/636
f 636/636/636 638/638/638 639/639/639
f 638/638/638 640/640/640 641/641/641
f 641/641/641 639/639/639 638/638/638
f 630/630/630 633/633/633 642/642/642
f 642/642/642 643/643/643 630/630/630
f 630/630/630 643/643/643 644/644/644
f 644/644/644 634/634/634 630/630/630
f 634/634/634 644/644/644 645/645/645
f 645/645/645 636/636/636 634/634/634
f 636/636/636 645/645/645 646/646/646
f 646/646/646 638/638/638 636/636/636
f 640/640/640 638/638/638 646/646/646
f 646/646/646 647/647/647 640/640/640
f 643/643/643 642/642/642 648/648/648
f 648/648/648 649/649/649 643/643/643
f 643/643/643 649/649/649 650/650/650
f 650/650/650 644/644/644 643/643/643
f 644/644/644 650/650/650 651/651/651
f 651/651/651 645/645/645 644/644/644
f 645/645/645 651/651/651 652/652/652
f 652/652/652 646/646/646 645/645/645
f 647/647/647 646/646/646 652/652/652
f 652/652/652 653/653/653 647/647/647
f 649/649/649 648/648/648 654/654/654
f 654/654/654 655/655/655 649/649/649
f 649/649/649 655/655/655 656/656/656
f 656/656/656 650/650/650 649/649/649
f 650/650/650 656/656/656 657/657/657
f 657/657/657 651/651/651 650/650/650
f 651/651/651 657/657/657 658/658/658
f 658/658/658 652/652/652 651/651/651
f 653/653/653 652/652/652 658/658/658
f 658/658/658 659/659/659 653/653/653
f 663/663/663 660/660/660 661/661/661
f 661/661/661 662/662/662 663/663/663
f 663/663/663 662/662/662 664/664/664
f 664/664/664 665/665/665 663/663/663
f 665/665/665 664/664/664 666/666/666
f 666/666/666 667/667/667 665/665/665
f 667/667/667 666/666/666 668/668/668
f 668/668/668 669/669/669 667/667/667
f 671/671/671 670/670/670 669/669/669
f 669/669/669 668/668/668 671/671/671
f 675/675/675 672/672/672 673/673/673
f 673/673/673 674/674/674 675/675/675
f 679/679/679 676/676/676 677/677/677
f 677/677/677 678/678/678 679/679/679
f 681/681/681 680/680/680 588/588/588
f 588/588/588 587/587/587 681/681/681
f 682/682/682 681/681/681 587/587/587
f 587/587/587 590/590/590 682/682/682
f 590/590/590 591/591/591 683/683/683
f 683/683/683 682/682/682 590/590/590
f 684/684/684 683/683/683 591/591/591
f 591/591/591 594/594/594 684/684/684
f 686/686/686 685/685/685 598/598/598
f 598/598/598 597/597/597 686/686/686
f 687/687/687 686/686/686 597/597/597
f 597/597/597 600/600/600 687/687/687
f 600/600/600 601/601/601 688/688/688
f 688/688/688 687/687/687 600/600/600
f 604/604/604 689/689/689 690/690/690
f 690/690/690 605/605/605 604/604/604
f 608/608/608 691/691/691 689/689/689
f 689/689/689 604/604/604 608/608/608
f 610/610/610 692/692/692 691/691/691
f 691/691/691 608/608/608 610/610/610
f 610/610/610 611/611/611 678/678/678
f 678/678/678 692/692/692 610/610/610
f 612/612/612 679/679/679 678/678/678
f 678/678/678 611/611/611 612/612/612
f 617/617/617 693/693/693 694/694/694
f 694/694/694 695/695/695 617/617/617
f 680/680/680 693/693/693 617/617/617
f 617/617/617 588/588/588 680/680/680
f 697/697/697 696/696/696 695/695/695
f 695/695/695 694/694/694 697/697/697
f 699/699/699 698/698/698 616/616/616
f 616/616/616 615/615/615 699/699/699
o front_plane2
g front_plane2
usemtl lambert1
v -0.064404 -0.064521 0.745664
v -0.062729 -0.066195 0.745664
v -0.058294 -0.061759 0.755157
v -0.059968 -0.060085 0.755157
v -0.089134 -0.089252 0.692227
v -0.08746 -0.090926 0.692227
v -0.132161 -0.132278 0.634139
v -0.130486 -0.133952 0.634139
v -0.08746 -0.090926 0.692227
v -0.089134 -0.089252 0.692227
v -0.049223 -0.04934 0.745611
v -0.054791 -0.054908 0.745638
v -0.051448 -0.051565 0.7745
v -0.049192 -0.049309 0.774473
v -0.049254 -0.049371 0.692175
v -0.068956 -0.069073 0.692201
v -0.049254 -0.049371 0.634087
v -0.081832 -0.081949 0.634113
v -0.047579 -0.051045 0.62328
v -0.080235 -0.083701 0.623306
v -0.08191 -0.082027 0.623306
v -0.049254 -0.049371 0.62328
v -0.047579 -0.051045 0.634087
v -0.080157 -0.083623 0.634113
v -0.080235 -0.083701 0.623306
v -0.047579 -0.051045 0.62328
v -0.047579 -0.051045 0.692175
v -0.067281 -0.070747 0.692201
v -0.047548 -0.051014 0.745611
v -0.053117 -0.056583 0.745638
v -0.049192 -0.049309 0.774473
v -0.051448 -0.051565 0.7745
v -0.049774 -0.053239 0.7745
v -0.047518 -0.050983 0.774473
v -0.089134 -0.089252 0.692227
v -0.064404 -0.064521 0.745664
v -0.132161 -0.132278 0.634139
v -0.132239 -0.132356 0.623333
v -0.08191 -0.082027 0.623306
v -0.130564 -0.13403 0.623333
v -0.132239 -0.132356 0.623333
v -0.130486 -0.133952 0.634139
v -0.08746 -0.090926 0.692227
v -0.062729 -0.066195 0.745664
v -0.058294 -0.061759 0.755157
v -0.049774 -0.053239 0.7745
v -0.049774 -0.053239 0.7745
v -0.051448 -0.051565 0.7745
v -0.132239 -0.132356 0.623333
v -0.130564 -0.13403 0.623333
v -0.130486 -0.133952 0.634139
v -0.132161 -0.132278 0.634139
v -0.049254 -0.049371 0.62328
v -0.047518 -0.050983 0.774473
v -0.059968 -0.060085 0.755157
v -0.130564 -0.13403 0.623333
vt 0.2729 0.0905
vt 0.2744 0.0896
vt 0.2701 0.0826
vt 0.2686 0.0835
vt 0.2983 0.1298
vt 0.2997 0.1289
vt 0.3433 0.1716
vt 0.3445 0.1704
vt 0.2995 0.1285
vt 0.2983 0.1298
vt 0.2571 0.0902
vt 0.2629 0.0903
vt 0.2604 0.069
vt 0.2581 0.0689
vt 0.2571 0.1301
vt 0.2775 0.1299
vt 0.2571 0.1726
vt 0.291 0.1725
vt 0.257 0.1823
vt 0.2911 0.1822
vt 0.2911 0.1804
vt 0.257 0.1806
vt 0.257 0.1903
vt 0.2911 0.1902
vt 0.2911 0.1822
vt 0.257 0.1823
vt 0.2571 0.2337
vt 0.278 0.2336
vt 0.2574 0.2739
vt 0.2633 0.2739
vt 0.2581 0.0689
vt 0.2604 0.069
vt 0.2605 0.0672
vt 0.2581 0.0671
vt 0.2983 0.1298
vt 0.2729 0.0905
vt 0.3433 0.1716
vt 0.3436 0.1796
vt 0.2911 0.1804
vt 0.3436 0.1813
vt 0.3436 0.1796
vt 0.3437 0.1893
vt 0.2994 0.2333
vt 0.2735 0.2738
vt 0.2688 0.281
vt 0.2598 0.2954
vt 0.2619 0.0681
vt 0.2604 0.069
vt 0.3436 0.1796
vt 0.3453 0.1795
vt 0.3451 0.1716
vt 0.3433 0.1716
vt 0.257 0.1806
vt 0.2575 0.2954
vt 0.2686 0.0835
vt 0.3436 0.1813
vn -0.576 -0.576 0.58
vn -0.576 -0.576 0.58
vn -0.576 -0.576 0.58
vn -0.576 -0.576 0.58
vn -0.578 -0.578 0.577
vn -0.578 -0.578 0.577
vn -0.466 -0.466 0.752
vn -0.466 -0.466 0.752
vn -0.578 -0.578 0.577
vn -0.578 -0.578 0.577
vn -0.707 0.707 0
vn -0.707 0.707 0
vn -0.707 0.707 0
vn -0.707 0.707 0
vn -0.707 0.707 0
vn -0.707 0.707 0
vn -0.707 0.707 0
vn -0.707 0.707 0
vn 0 0 -1
vn 0 0 -1
vn 0 0 -1
vn 0 0 -1
vn 0.707 -0.707 0
vn 0.707 -0.707 0
vn 0.707 -0.707 0
vn 0.707 -0.707 0
vn 0.707 -0.707 0
vn 0.707 -0.707 0
vn 0.707 -0.707 0
vn 0.707 -0.707 0
vn 0.005 0.005 1
vn 0.005 0.005 1
vn 0.005 0.005 1
vn 0.005 0.005 1
vn -0.707 0.707 0
vn -0.707 0.707 0
vn -0.707 0.707 0
vn -0.707 0.707 0
vn -0.707 0.707 0
vn 0 0 -1
vn 0 0 -1
vn 0.707 -0.707 0
vn 0.707 -0.707 0
vn 0.707 -0.707 0
vn 0.707 -0.707 0
vn 0.707 -0.707 0
vn -0.587 -0.587 0.557
vn -0.587 -0.587 0.557
vn -0.707 -0.707 0.011
vn -0.707 -0.707 0.011
vn -0.707 -0.707 0.011
vn -0.707 -0.707 0.011
vn -0.707 0.707 0
vn 0.707 -0.707 0
vn -0.707 0.707 0
vn 0.707 -0.707 0
f 703/703/703 700/700/700 701/701/701
f 701/701/701 702/702/702 703/703/703
f 700/700/700 704/704/704 705/705/705
f 705/705/705 701/701/701 700/700/700
f 709/709/709 706/706/706 707/707/707
f 707/707/707 708/708/708 709/709/709
f 713/713/713 710/710/710 711/711/711
f 711/711/711 712/712/712 713/713/713
f 711/711/711 710/710/710 714/714/714
f 714/714/714 715/715/715 711/711/711
f 715/715/715 714/714/714 716/716/716
f 716/716/716 717/717/717 715/715/715
f 721/721/721 718/718/718 719/719/719
f 719/719/719 720/720/720 721/721/721
f 725/725/725 722/722/722 723/723/723
f 723/723/723 724/724/724 725/725/725
f 723/723/723 722/722/722 726/726/726
f 726/726/726 727/727/727 723/723/723
f 727/727/727 726/726/726 728/728/728
f 728/728/728 729/729/729 727/727/727
f 733/733/733 730/730/730 731/731/731
f 731/731/731 732/732/732 733/733/733
f 715/715/715 734/734/734 735/735/735
f 735/735/735 711/711/711 715/715/715
f 717/717/717 736/736/736 734/734/734
f 734/734/734 715/715/715 717/717/717
f 738/738/738 737/737/737 736/736/736
f 736/736/736 717/717/717 738/738/738
f 719/719/719 739/739/739 740/740/740
f 740/740/740 720/720/720 719/719/719
f 742/742/742 741/741/741 723/723/723
f 723/723/723 727/727/727 742/742/742
f 743/743/743 742/742/742 727/727/727
f 727/727/727 729/729/729 743/743/743
f 744/744/744 743/743/743 729/729/729
f 744/744/744 729/729/729 745/745/745
f 747/747/747 703/703/703 702/702/702
f 702/702/702 746/746/746 747/747/747
f 751/751/751 748/748/748 749/749/749
f 749/749/749 750/750/750 751/751/751
f 716/716/716 752/752/752 738/738/738
f 738/738/738 717/717/717 716/716/716
f 728/728/728 753/753/753 745/745/745
f 745/745/745 729/729/729 728/728/728
f 754/754/754 712/712/712 711/711/711
f 754/754/754 711/711/711 735/735/735
f 741/741/741 755/755/755 724/724/724
f 724/724/724 723/723/723 741/741/741
o back_plane2
g back_plane2
usemtl lambert1
v -0.052926 -0.04653 -0.565021
v -0.055216 -0.04407 -0.614927
v -0.056436 -0.046313 -0.614927
v -0.053298 -0.047179 -0.565021
v -0.056299 -0.042987 -0.698429
v -0.057363 -0.045058 -0.698429
v -0.056423 -0.042863 -0.825852
v -0.057487 -0.044934 -0.825852
v -0.056797 -0.04249 -0.931224
v -0.05786 -0.044561 -0.931224
v -0.056508 -0.042779 -0.979502
v -0.057571 -0.04485 -0.979502
v -0.065114 -0.064116 -0.614828
v -0.053576 -0.053235 -0.56013
v -0.051087 -0.050746 -0.56013
v -0.055006 -0.052655 -0.614927
v -0.054565 -0.052442 -0.698429
v -0.076791 -0.076051 -0.698205
v -0.056237 -0.050769 -0.825852
v -0.078514 -0.074428 -0.825671
v -0.05586 -0.051147 -0.931224
v -0.07808 -0.07475 -0.931183
v -0.077058 -0.075884 -0.979493
v -0.054481 -0.052629 -0.979498
v -0.075289 -0.074291 -0.614828
v -0.056177 -0.055836 -0.560349
v -0.10357 -0.102829 -0.698205
v -0.105369 -0.101283 -0.825671
v -0.104991 -0.101662 -0.931183
v -0.103913 -0.102739 -0.979493
v -0.086382 -0.085384 -0.614828
v -0.059179 -0.058838 -0.561753
v -0.130348 -0.129607 -0.698205
v -0.132022 -0.127937 -0.825671
v -0.131644 -0.128315 -0.931183
v -0.130566 -0.129393 -0.979493
v -0.097169 -0.096171 -0.614828
v -0.062495 -0.062155 -0.565947
v -0.157126 -0.156385 -0.698205
v -0.158798 -0.154713 -0.825671
v -0.158463 -0.155134 -0.931183
v -0.157342 -0.156169 -0.979493
v -0.053298 -0.047179 -0.565021
v -0.056436 -0.046313 -0.614927
v -0.055006 -0.052655 -0.614927
v -0.051087 -0.050746 -0.56013
v -0.054565 -0.052442 -0.698429
v -0.057363 -0.045058 -0.698429
v -0.056237 -0.050769 -0.825852
v -0.057487 -0.044934 -0.825852
v -0.05586 -0.051147 -0.931224
v -0.05786 -0.044561 -0.931224
v -0.057571 -0.04485 -0.979502
v -0.054481 -0.052629 -0.979498
v -0.049899 -0.049557 -0.56013
v -0.052926 -0.04653 -0.565021
v -0.053298 -0.047179 -0.565021
v -0.051087 -0.050746 -0.56013
v -0.056508 -0.042779 -0.979502
v -0.0507 -0.048585 -0.979493
v -0.054481 -0.052629 -0.979498
v -0.057571 -0.04485 -0.979502
v -0.056177 -0.055836 -0.560349
v -0.059179 -0.058838 -0.561753
v -0.058778 -0.05924 -0.561754
v -0.055775 -0.056238 -0.560349
v -0.062495 -0.062155 -0.565947
v -0.062094 -0.062556 -0.565947
v -0.096439 -0.096901 -0.614828
v -0.097169 -0.096171 -0.614828
v -0.157126 -0.156385 -0.698205
v -0.156525 -0.156987 -0.698205
v -0.157126 -0.156385 -0.698205
v -0.158798 -0.154713 -0.825671
v -0.156525 -0.156987 -0.825671
v -0.156525 -0.156987 -0.698205
v -0.158463 -0.155134 -0.931183
v -0.156568 -0.15703 -0.931183
v -0.156525 -0.156987 -0.979493
v -0.157342 -0.156169 -0.979493
v -0.130566 -0.129393 -0.979493
v -0.129748 -0.130211 -0.979493
v -0.156525 -0.156987 -0.979493
v -0.157342 -0.156169 -0.979493
v -0.103913 -0.102739 -0.979493
v -0.103095 -0.103557 -0.979493
v -0.077058 -0.075884 -0.979493
v -0.07624 -0.076702 -0.979493
v -0.053273 -0.053735 -0.979496
v -0.049412 -0.049874 -0.979493
v -0.053576 -0.053235 -0.56013
v -0.053174 -0.053636 -0.56013
v -0.050719 -0.051181 -0.56013
v -0.051087 -0.050746 -0.56013
v -0.053174 -0.053636 -0.56013
v -0.046067 -0.053388 -0.565021
v -0.046717 -0.053761 -0.565021
v -0.04585 -0.056898 -0.614927
v -0.043608 -0.055679 -0.614927
v -0.044595 -0.057826 -0.698429
v -0.042524 -0.056762 -0.698429
v -0.044471 -0.05795 -0.825852
v -0.042401 -0.056886 -0.825852
v -0.044099 -0.058323 -0.931224
v -0.042028 -0.057259 -0.931224
v -0.042316 -0.05697 -0.979502
v -0.044387 -0.058033 -0.979502
v -0.063653 -0.065577 -0.614828
v -0.052193 -0.055468 -0.614927
v -0.050283 -0.051549 -0.56013
v -0.052772 -0.054038 -0.56013
v -0.075588 -0.077254 -0.698205
v -0.051979 -0.055028 -0.698429
v -0.073965 -0.078976 -0.825671
v -0.050307 -0.0567 -0.825852
v -0.074288 -0.078542 -0.931183
v -0.050685 -0.056322 -0.931224
v -0.075422 -0.07752 -0.979493
v -0.052167 -0.054943 -0.979498
v -0.055373 -0.05664 -0.560349
v -0.073828 -0.075752 -0.614828
v -0.102366 -0.104032 -0.698205
v -0.100821 -0.105831 -0.825671
v -0.101199 -0.105453 -0.931183
v -0.102277 -0.104376 -0.979493
v -0.058376 -0.059642 -0.561753
v -0.084921 -0.086845 -0.614828
v -0.129145 -0.13081 -0.698205
v -0.127474 -0.132485 -0.825671
v -0.127852 -0.132107 -0.931183
v -0.12893 -0.131029 -0.979493
v -0.061692 -0.062958 -0.565947
v -0.095708 -0.097632 -0.614828
v -0.155923 -0.157589 -0.698205
v -0.15425 -0.159261 -0.825671
v -0.154672 -0.158926 -0.931183
v -0.155707 -0.157805 -0.979493
v -0.046717 -0.053761 -0.565021
v -0.050283 -0.051549 -0.56013
v -0.052193 -0.055468 -0.614927
v -0.04585 -0.056898 -0.614927
v -0.051979 -0.055028 -0.698429
v -0.044595 -0.057826 -0.698429
v -0.050307 -0.0567 -0.825852
v -0.044471 -0.05795 -0.825852
v -0.050685 -0.056322 -0.931224
v -0.044099 -0.058323 -0.931224
v -0.044387 -0.058033 -0.979502
v -0.052167 -0.054943 -0.979498
v -0.049094 -0.050361 -0.56013
v -0.050283 -0.051549 -0.56013
v -0.046717 -0.053761 -0.565021
v -0.046067 -0.053388 -0.565021
v -0.042316 -0.05697 -0.979502
v -0.044387 -0.058033 -0.979502
v -0.052167 -0.054943 -0.979498
v -0.048123 -0.051163 -0.979493
v -0.055373 -0.05664 -0.560349
v -0.058376 -0.059642 -0.561753
v -0.061692 -0.062958 -0.565947
v -0.095708 -0.097632 -0.614828
v -0.155923 -0.157589 -0.698205
v -0.155923 -0.157589 -0.698205
v -0.15425 -0.159261 -0.825671
v -0.154672 -0.158926 -0.931183
v -0.155707 -0.157805 -0.979493
v -0.12893 -0.131029 -0.979493
v -0.155707 -0.157805 -0.979493
v -0.102277 -0.104376 -0.979493
v -0.075422 -0.07752 -0.979493
v -0.052772 -0.054038 -0.56013
v -0.050283 -0.051549 -0.56013
v -0.050719 -0.051181 -0.56013
v -0.049497 -0.049959 -0.56013
v -0.049094 -0.050361 -0.56013
v -0.049899 -0.049557 -0.56013
v -0.049497 -0.049959 -0.56013
vt 0.6317 0.4427
vt 0.6313 0.4299
vt 0.6307 0.4296
vt 0.6315 0.4426
vt 0.6304 0.4082
vt 0.6299 0.4085
vt 0.6295 0.3755
vt 0.6291 0.376
vt 0.6291 0.3485
vt 0.6286 0.3487
vt 0.6291 0.3359
vt 0.6286 0.3362
vt 0.6252 0.4301
vt 0.6298 0.4446
vt 0.6303 0.4438
vt 0.629 0.4298
vt 0.628 0.4084
vt 0.6204 0.4087
vt 0.6275 0.376
vt 0.6193 0.376
vt 0.6267 0.3486
vt 0.6187 0.3489
vt 0.6183 0.3362
vt 0.6264 0.336
vt 0.6216 0.4302
vt 0.6289 0.4441
vt 0.6108 0.4089
vt 0.6098 0.3762
vt 0.6092 0.3491
vt 0.6088 0.3364
vt 0.6176 0.4302
vt 0.6278 0.4438
vt 0.601 0.4092
vt 0.6003 0.3765
vt 0.5996 0.3493
vt 0.5993 0.3367
vt 0.6137 0.4303
vt 0.6266 0.4426
vt 0.5909 0.4094
vt 0.5907 0.3767
vt 0.5899 0.3495
vt 0.5892 0.3371
vt 0.6315 0.4426
vt 0.6307 0.4296
vt 0.629 0.4298
vt 0.6303 0.4438
vt 0.628 0.4084
vt 0.6299 0.4085
vt 0.6275 0.376
vt 0.6291 0.376
vt 0.6267 0.3486
vt 0.6286 0.3487
vt 0.6286 0.3362
vt 0.6264 0.336
vt 0.5909 0.4485
vt 0.5924 0.4481
vt 0.5923 0.4478
vt 0.5907 0.4481
vt 0.5854 0.2983
vt 0.5832 0.2986
vt 0.5834 0.3
vt 0.5853 0.2989
vt 0.5911 0.4462
vt 0.5911 0.445
vt 0.5909 0.445
vt 0.5909 0.4462
vt 0.5911 0.4434
vt 0.5909 0.4434
vt 0.5908 0.4312
vt 0.5911 0.4312
vt 0.5909 0.4094
vt 0.5907 0.4093
vt 0.5909 0.4094
vt 0.5907 0.3767
vt 0.5899 0.3766
vt 0.5907 0.4093
vt 0.5899 0.3495
vt 0.5892 0.3496
vt 0.5889 0.3371
vt 0.5892 0.3371
vt 0.5877 0.3275
vt 0.5874 0.3275
vt 0.5889 0.3371
vt 0.5892 0.3371
vt 0.5862 0.3179
vt 0.5859 0.318
vt 0.5846 0.3083
vt 0.5843 0.3083
vt 0.583 0.3001
vt 0.5828 0.2987
vt 0.5911 0.4472
vt 0.5909 0.4472
vt 0.5909 0.4481
vt 0.5907 0.4481
vt 0.5909 0.4472
vt 0.5513 0.4449
vt 0.5515 0.4448
vt 0.5517 0.4318
vt 0.5511 0.4318
vt 0.5513 0.4101
vt 0.5508 0.4104
vt 0.5508 0.3775
vt 0.5502 0.3776
vt 0.5499 0.3506
vt 0.5494 0.3504
vt 0.5488 0.3378
vt 0.5493 0.3382
vt 0.5574 0.4319
vt 0.5535 0.4319
vt 0.5524 0.4462
vt 0.5533 0.4461
vt 0.5613 0.4101
vt 0.5533 0.4103
vt 0.5605 0.3774
vt 0.5523 0.3776
vt 0.5598 0.3503
vt 0.5517 0.3504
vt 0.5596 0.3376
vt 0.5515 0.3378
vt 0.5543 0.446
vt 0.5611 0.4317
vt 0.5709 0.4099
vt 0.57 0.3772
vt 0.5693 0.35
vt 0.569 0.3374
vt 0.5554 0.4455
vt 0.5651 0.4316
vt 0.5805 0.4096
vt 0.5795 0.377
vt 0.5789 0.3498
vt 0.5786 0.3372
vt 0.5565 0.4442
vt 0.5691 0.4315
vt 0.5905 0.4094
vt 0.5891 0.3767
vt 0.5886 0.3496
vt 0.5886 0.3371
vt 0.5515 0.4448
vt 0.5524 0.4462
vt 0.5535 0.4319
vt 0.5517 0.4318
vt 0.5533 0.4103
vt 0.5513 0.4101
vt 0.5523 0.3776
vt 0.5508 0.3775
vt 0.5517 0.3504
vt 0.5499 0.3506
vt 0.5493 0.3382
vt 0.5515 0.3378
vt 0.5906 0.4485
vt 0.5907 0.4481
vt 0.589 0.4482
vt 0.589 0.4484
vt 0.5801 0.2991
vt 0.5804 0.2997
vt 0.5826 0.3002
vt 0.5823 0.2988
vt 0.5908 0.4462
vt 0.5908 0.445
vt 0.5908 0.4434
vt 0.5906 0.4312
vt 0.5905 0.4094
vt 0.5905 0.4094
vt 0.5891 0.3767
vt 0.5886 0.3496
vt 0.5886 0.3371
vt 0.5871 0.3276
vt 0.5886 0.3371
vt 0.5856 0.318
vt 0.584 0.3084
vt 0.5908 0.4472
vt 0.5907 0.4481
vt 0.5909 0.4481
vt 0.5908 0.4486
vt 0.5906 0.4485
vt 0.5909 0.4485
vt 0.5908 0.4486
vn -0.874 0.481 0.064
vn -0.881 0.472 0.03
vn -0.881 0.472 0.031
vn -0.874 0.481 0.064
vn -0.887 0.461 0.008
vn -0.887 0.461 0.008
vn -0.889 0.457 0.003
vn -0.889 0.457 0.003
vn -0.89 0.457 0.001
vn -0.89 0.457 0.001
vn -0.89 0.457 -0.008
vn -0.89 0.457 -0.008
vn -0.722 0.692 0.003
vn -0.729 0.685 0.02
vn -0.742 0.67 0.026
vn -0.737 0.676 0.007
vn -0.73 0.683 0.013
vn -0.717 0.697 0.012
vn -0.728 0.685 0.008
vn -0.717 0.697 0.008
vn -0.726 0.687 -0.015
vn -0.716 0.698 -0.014
vn -0.714 0.699 -0.034
vn -0.722 0.691 -0.037
vn -0.707 0.707 0
vn -0.707 0.707 0.009
vn -0.707 0.707 0.012
vn -0.707 0.707 0.008
vn -0.707 0.707 -0.013
vn -0.707 0.707 -0.032
vn -0.707 0.707 0
vn -0.708 0.707 0.009
vn -0.707 0.707 0.012
vn -0.707 0.707 0.008
vn -0.707 0.707 -0.013
vn -0.707 0.707 -0.032
vn -0.707 0.707 -0.001
vn -0.709 0.705 0.011
vn -0.707 0.707 0.015
vn -0.707 0.707 0.008
vn -0.707 0.707 -0.013
vn -0.707 0.707 -0.032
vn -0.947 -0.315 0.067
vn -0.953 -0.301 0.021
vn -0.953 -0.301 0.021
vn -0.947 -0.315 0.067
vn -0.956 -0.293 0.003
vn -0.956 -0.293 0.003
vn -0.961 -0.276 0.003
vn -0.961 -0.276 0.003
vn -0.959 -0.282 -0.004
vn -0.959 -0.282 -0.004
vn -0.943 -0.334 -0.01
vn -0.943 -0.334 -0.01
vn -0.582 0.495 0.645
vn -0.582 0.495 0.645
vn -0.582 0.495 0.645
vn -0.582 0.495 0.645
vn 0.001 0 -1
vn 0.001 0 -1
vn 0.001 0 -1
vn 0.001 0 -1
vn -0.142 -0.142 0.98
vn -0.375 -0.376 0.847
vn -0.376 -0.375 0.847
vn -0.142 -0.142 0.98
vn -0.5 -0.5 0.707
vn -0.5 -0.5 0.707
vn -0.497 -0.497 0.711
vn -0.497 -0.497 0.711
vn -0.495 -0.495 0.714
vn -0.495 -0.495 0.714
vn -0.707 -0.707 0
vn -0.707 -0.707 0
vn -0.707 -0.707 0
vn -0.707 -0.707 0
vn -0.707 -0.707 0
vn -0.707 -0.707 0
vn -0.707 -0.707 -0.001
vn -0.707 -0.707 -0.001
vn 0 0 -1
vn 0 0 -1
vn 0 0 -1
vn 0 0 -1
vn 0 0 -1
vn 0 0 -1
vn 0 0 -1
vn 0 0 -1
vn 0 0 -1
vn 0 0 -1
vn -0.021 -0.022 1
vn -0.022 -0.022 1
vn 0 0 1
vn 0 0 1
vn -0.022 -0.022 1
vn 0.481 -0.874 0.064
vn 0.481 -0.874 0.064
vn 0.472 -0.881 0.031
vn 0.472 -0.881 0.03
vn 0.461 -0.887 0.008
vn 0.461 -0.887 0.008
vn 0.457 -0.889 0.003
vn 0.457 -0.889 0.003
vn 0.457 -0.89 0.001
vn 0.457 -0.89 0.001
vn 0.457 -0.89 -0.008
vn 0.457 -0.89 -0.008
vn 0.692 -0.722 0.003
vn 0.676 -0.737 0.007
vn 0.67 -0.742 0.026
vn 0.685 -0.729 0.02
vn 0.697 -0.717 0.012
vn 0.683 -0.73 0.013
vn 0.697 -0.717 0.008
vn 0.685 -0.728 0.008
vn 0.698 -0.716 -0.014
vn 0.687 -0.726 -0.015
vn 0.699 -0.714 -0.034
vn 0.691 -0.722 -0.037
vn 0.707 -0.707 0.009
vn 0.707 -0.707 0
vn 0.707 -0.707 0.012
vn 0.707 -0.707 0.008
vn 0.707 -0.707 -0.013
vn 0.707 -0.707 -0.032
vn 0.707 -0.708 0.009
vn 0.707 -0.707 0
vn 0.707 -0.707 0.012
vn 0.707 -0.707 0.008
vn 0.707 -0.707 -0.013
vn 0.707 -0.707 -0.032
vn 0.705 -0.709 0.011
vn 0.707 -0.707 -0.001
vn 0.707 -0.707 0.015
vn 0.707 -0.707 0.008
vn 0.707 -0.707 -0.013
vn 0.707 -0.707 -0.032
vn -0.315 -0.947 0.067
vn -0.315 -0.947 0.067
vn -0.301 -0.953 0.021
vn -0.301 -0.953 0.021
vn -0.293 -0.956 0.003
vn -0.293 -0.956 0.003
vn -0.276 -0.961 0.003
vn -0.276 -0.961 0.003
vn -0.282 -0.959 -0.004
vn -0.282 -0.959 -0.004
vn -0.334 -0.943 -0.01
vn -0.334 -0.943 -0.01
vn 0.495 -0.582 0.645
vn 0.495 -0.582 0.645
vn 0.495 -0.582 0.645
vn 0.495 -0.582 0.645
vn 0 0.001 -1
vn 0 0.001 -1
vn 0 0.001 -1
vn 0 0.001 -1
vn -0.142 -0.142 0.98
vn -0.376 -0.375 0.847
vn -0.5 -0.5 0.707
vn -0.497 -0.497 0.711
vn -0.495 -0.495 0.714
vn -0.707 -0.707 0
vn -0.707 -0.707 0
vn -0.707 -0.707 0
vn -0.707 -0.707 -0.001
vn 0 0 -1
vn 0 0 -1
vn 0 0 -1
vn 0 0 -1
vn -0.022 -0.021 1
vn 0 0 1
vn 0 0 1
vn 0 0 1
vn 0 0 1
vn 0 0 1
vn 0 0 1
f 759/759/759 756/756/756 757/757/757
f 757/757/757 758/758/758 759/759/759
f 761/761/761 758/758/758 757/757/757
f 757/757/757 760/760/760 761/761/761
f 763/763/763 761/761/761 760/760/760
f 760/760/760 762/762/762 763/763/763
f 765/765/765 763/763/763 762/762/762
f 762/762/762 764/764/764 765/765/765
f 764/764/764 766/766/766 767/767/767
f 767/767/767 765/765/765 764/764/764
f 771/771/771 768/768/768 769/769/769
f 769/769/769 770/770/770 771/771/771
f 771/771/771 772/772/772 773/773/773
f 773/773/773 768/768/768 771/771/771
f 772/772/772 774/774/774 775/775/775
f 775/775/775 773/773/773 772/772/772
f 774/774/774 776/776/776 777/777/777
f 777/777/777 775/775/775 774/774/774
f 779/779/779 778/778/778 777/777/777
f 777/777/777 776/776/776 779/779/779
f 781/781/781 769/769/769 768/768/768
f 768/768/768 780/780/780 781/781/781
f 782/782/782 780/780/780 768/768/768
f 768/768/768 773/773/773 782/782/782
f 783/783/783 782/782/782 773/773/773
f 773/773/773 775/775/775 783/783/783
f 784/784/784 783/783/783 775/775/775
f 775/775/775 777/777/777 784/784/784
f 784/784/784 777/777/777 778/778/778
f 778/778/778 785/785/785 784/784/784
f 787/787/787 781/781/781 780/780/780
f 780/780/780 786/786/786 787/787/787
f 788/788/788 786/786/786 780/780/780
f 780/780/780 782/782/782 788/788/788
f 789/789/789 788/788/788 782/782/782
f 782/782/782 783/783/783 789/789/789
f 790/790/790 789/789/789 783/783/783
f 783/783/783 784/784/784 790/790/790
f 790/790/790 784/784/784 785/785/785
f 785/785/785 791/791/791 790/790/790
f 793/793/793 787/787/787 786/786/786
f 786/786/786 792/792/792 793/793/793
f 794/794/794 792/792/792 786/786/786
f 786/786/786 788/788/788 794/794/794
f 795/795/795 794/794/794 788/788/788
f 788/788/788 789/789/789 795/795/795
f 796/796/796 795/795/795 789/789/789
f 789/789/789 790/790/790 796/796/796
f 796/796/796 790/790/790 791/791/791
f 791/791/791 797/797/797 796/796/796
f 801/801/801 798/798/798 799/799/799
f 799/799/799 800/800/800 801/801/801
f 803/803/803 802/802/802 800/800/800
f 800/800/800 799/799/799 803/803/803
f 805/805/805 804/804/804 802/802/802
f 802/802/802 803/803/803 805/805/805
f 807/807/807 806/806/806 804/804/804
f 804/804/804 805/805/805 807/807/807
f 807/807/807 808/808/808 809/809/809
f 809/809/809 806/806/806 807/807/807
f 813/813/813 810/810/810 811/811/811
f 811/811/811 812/812/812 813/813/813
f 817/817/817 814/814/814 815/815/815
f 815/815/815 816/816/816 817/817/817
f 821/821/821 818/818/818 819/819/819
f 819/819/819 820/820/820 821/821/821
f 820/820/820 819/819/819 822/822/822
f 822/822/822 823/823/823 820/820/820
f 825/825/825 824/824/824 823/823/823
f 823/823/823 822/822/822 825/825/825
f 824/824/824 825/825/825 826/826/826
f 826/826/826 827/827/827 824/824/824
f 831/831/831 828/828/828 829/829/829
f 829/829/829 830/830/830 831/831/831
f 830/830/830 829/829/829 832/832/832
f 832/832/832 833/833/833 830/830/830
f 835/835/835 834/834/834 833/833/833
f 833/833/833 832/832/832 835/835/835
f 839/839/839 836/836/836 837/837/837
f 837/837/837 838/838/838 839/839/839
f 836/836/836 840/840/840 841/841/841
f 841/841/841 837/837/837 836/836/836
f 840/840/840 842/842/842 843/843/843
f 843/843/843 841/841/841 840/840/840
f 816/816/816 844/844/844 843/843/843
f 843/843/843 842/842/842 816/816/816
f 816/816/816 815/815/815 845/845/845
f 845/845/845 844/844/844 816/816/816
f 849/849/849 846/846/846 847/847/847
f 847/847/847 848/848/848 849/849/849
f 850/850/850 846/846/846 818/818/818
f 818/818/818 821/821/821 850/850/850
f 854/854/854 851/851/851 852/852/852
f 852/852/852 853/853/853 854/854/854
f 854/854/854 853/853/853 855/855/855
f 855/855/855 856/856/856 854/854/854
f 856/856/856 855/855/855 857/857/857
f 857/857/857 858/858/858 856/856/856
f 858/858/858 857/857/857 859/859/859
f 859/859/859 860/860/860 858/858/858
f 862/862/862 861/861/861 860/860/860
f 860/860/860 859/859/859 862/862/862
f 866/866/866 863/863/863 864/864/864
f 864/864/864 865/865/865 866/866/866
f 868/868/868 864/864/864 863/863/863
f 863/863/863 867/867/867 868/868/868
f 870/870/870 868/868/868 867/867/867
f 867/867/867 869/869/869 870/870/870
f 872/872/872 870/870/870 869/869/869
f 869/869/869 871/871/871 872/872/872
f 871/871/871 873/873/873 874/874/874
f 874/874/874 872/872/872 871/871/871
f 863/863/863 866/866/866 875/875/875
f 875/875/875 876/876/876 863/863/863
f 863/863/863 876/876/876 877/877/877
f 877/877/877 867/867/867 863/863/863
f 867/867/867 877/877/877 878/878/878
f 878/878/878 869/869/869 867/867/867
f 869/869/869 878/878/878 879/879/879
f 879/879/879 871/871/871 869/869/869
f 873/873/873 871/871/871 879/879/879
f 879/879/879 880/880/880 873/873/873
f 876/876/876 875/875/875 881/881/881
f 881/881/881 882/882/882 876/876/876
f 876/876/876 882/882/882 883/883/883
f 883/883/883 877/877/877 876/876/876
f 877/877/877 883/883/883 884/884/884
f 884/884/884 878/878/878 877/877/877
f 878/878/878 884/884/884 885/885/885
f 885/885/885 879/879/879 878/878/878
f 880/880/880 879/879/879 885/885/885
f 885/885/885 886/886/886 880/880/880
f 882/882/882 881/881/881 887/887/887
f 887/887/887 888/888/888 882/882/882
f 882/882/882 888/888/888 889/889/889
f 889/889/889 883/883/883 882/882/882
f 883/883/883 889/889/889 890/890/890
f 890/890/890 884/884/884 883/883/883
f 884/884/884 890/890/890 891/891/891
f 891/891/891 885/885/885 884/884/884
f 886/886/886 885/885/885 891/891/891
f 891/891/891 892/892/892 886/886/886
f 896/896/896 893/893/893 894/894/894
f 894/894/894 895/895/895 896/896/896
f 896/896/896 895/895/895 897/897/897
f 897/897/897 898/898/898 896/896/896
f 898/898/898 897/897/897 899/899/899
f 899/899/899 900/900/900 898/898/898
f 900/900/900 899/899/899 901/901/901
f 901/901/901 902/902/902 900/900/900
f 904/904/904 903/903/903 902/902/902
f 902/902/902 901/901/901 904/904/904
f 908/908/908 905/905/905 906/906/906
f 906/906/906 907/907/907 908/908/908
f 912/912/912 909/909/909 910/910/910
f 910/910/910 911/911/911 912/912/912
f 914/914/914 913/913/913 821/821/821
f 821/821/821 820/820/820 914/914/914
f 915/915/915 914/914/914 820/820/820
f 820/820/820 823/823/823 915/915/915
f 823/823/823 824/824/824 916/916/916
f 916/916/916 915/915/915 823/823/823
f 917/917/917 916/916/916 824/824/824
f 824/824/824 827/827/827 917/917/917
f 919/919/919 918/918/918 831/831/831
f 831/831/831 830/830/830 919/919/919
f 920/920/920 919/919/919 830/830/830
f 830/830/830 833/833/833 920/920/920
f 833/833/833 834/834/834 921/921/921
f 921/921/921 920/920/920 833/833/833
f 837/837/837 922/922/922 923/923/923
f 923/923/923 838/838/838 837/837/837
f 841/841/841 924/924/924 922/922/922
f 922/922/922 837/837/837 841/841/841
f 843/843/843 925/925/925 924/924/924
f 924/924/924 841/841/841 843/843/843
f 843/843/843 844/844/844 911/911/911
f 911/911/911 925/925/925 843/843/843
f 845/845/845 912/912/912 911/911/911
f 911/911/911 844/844/844 845/845/845
f 850/850/850 926/926/926 927/927/927
f 927/927/927 928/928/928 850/850/850
f 913/913/913 926/926/926 850/850/850
f 850/850/850 821/821/821 913/913/913
f 930/930/930 929/929/929 928/928/928
f 928/928/928 927/927/927 930/930/930
f 932/932/932 931/931/931 849/849/849
f 849/849/849 848/848/848 932/932/932
o front_body
g front_body
usemtl lambert1
v 0.029855 0.027202 0.977615
v 0.018313 0.035323 0.977615
v 0.016798 0.032035 0.983424
v 0.027299 0.024646 0.983424
v 0.004744 0.039046 0.977615
v 0.004452 0.035421 0.983424
v -0.009216 0.037919 0.977615
v -0.008249 0.034397 0.983424
v -0.021883 0.03208 0.977615
v -0.019776 0.029084 0.983424
v -0.031731 0.022233 0.977615
v -0.028735 0.020125 0.983424
v -0.03757 0.009565 0.977615
v -0.034047 0.008599 0.983424
v -0.038697 -0.004395 0.977615
v -0.035072 -0.004103 0.983424
v -0.034974 -0.017964 0.977615
v -0.031686 -0.016448 0.983424
v -0.026853 -0.029505 0.977615
v -0.024296 -0.026949 0.983424
v -0.015312 -0.037627 0.977615
v -0.013796 -0.034338 0.983424
v -0.001742 -0.041349 0.977615
v -0.00145 -0.037725 0.983424
v 0.012218 -0.040223 0.977615
v 0.011252 -0.0367 0.983424
v 0.024886 -0.034383 0.977615
v 0.022777 -0.031388 0.983424
v 0.034733 -0.024536 0.977615
v 0.031737 -0.022428 0.983424
v 0.040572 -0.011869 0.977615
v 0.037049 -0.010902 0.983424
v 0.041699 0.002092 0.977615
v 0.038074 0.001799 0.983424
v 0.037976 0.015661 0.977615
v 0.034688 0.014145 0.983424
v 0.015186 0.026413 0.989938
v 0.024121 0.020127 0.989938
v 0.004682 0.029295 0.989938
v -0.006124 0.028423 0.989938
v -0.015931 0.023903 0.989938
v -0.023553 0.01628 0.989938
v -0.028073 0.006474 0.989938
v -0.028945 -0.004333 0.989938
v -0.026064 -0.014837 0.989938
v -0.019777 -0.023771 0.989938
v -0.010843 -0.030058 0.989938
v -0.000339 -0.032939 0.989938
v 0.010468 -0.032067 0.989938
v 0.020274 -0.027547 0.989938
v 0.027896 -0.019925 0.989938
v 0.032417 -0.010118 0.989938
v 0.033289 0.000688 0.989938
v 0.030408 0.011192 0.989938
v 0.011671 0.018787 0.995424
v 0.018192 0.014198 0.995424
v 0.004004 0.02089 0.995424
v -0.003884 0.020254 0.995424
v -0.011041 0.016955 0.995424
v -0.016605 0.011391 0.995424
v -0.019904 0.004233 0.995424
v -0.02054 -0.003655 0.995424
v -0.018438 -0.011322 0.995424
v -0.013849 -0.017843 0.995424
v -0.007328 -0.022432 0.995424
v 0.000339 -0.024535 0.995424
v 0.008227 -0.023898 0.995424
v 0.015385 -0.020599 0.995424
v 0.020949 -0.015035 0.995424
v 0.024247 -0.007878 0.995424
v 0.024884 0.00001 0.995424
v 0.022781 0.007677 0.995424
v 0.00859 0.012102 0.998204
v 0.012996 0.009002 0.998204
v 0.00341 0.013523 0.998204
v -0.00192 0.013093 0.998204
v -0.006755 0.010864 0.998204
v -0.010515 0.007105 0.998204
v -0.012744 0.002269 0.998204
v -0.013174 -0.003061 0.998204
v -0.011753 -0.008241 0.998204
v -0.008653 -0.012647 0.998204
v -0.004246 -0.015747 0.998204
v 0.000933 -0.017168 0.998204
v 0.006263 -0.016738 0.998204
v 0.011099 -0.014509 0.998204
v 0.014858 -0.01075 0.998204
v 0.017087 -0.005914 0.998204
v 0.017517 -0.000584 0.998204
v 0.016096 0.004596 0.998204
v 0.003959 0.002055 1
v 0.005186 0.001192 1
v 0.002517 0.002451 1
v 0.001033 0.002331 1
v -0.000314 0.00171 1
v -0.001361 0.000663 1
v -0.001981 -0.000683 1
v -0.002101 -0.002167 1
v -0.001705 -0.003609 1
v -0.000841 -0.004835 1
v 0.000385 -0.0057 1
v 0.001827 -0.006095 1
v 0.003311 -0.005976 1
v 0.004658 -0.005355 1
v 0.005704 -0.004308 1
v 0.006325 -0.002962 1
v 0.006445 -0.001478 1
v 0.006049 -0.000035 1
v 0.002172 -0.001822 1
vt 0.3511 0.4586
vt 0.3145 0.4638
vt 0.3202 0.4798
vt 0.3504 0.4753
vt 0.2826 0.4825
vt 0.2938 0.4952
vt 0.2605 0.5114
vt 0.2753 0.5189
vt 0.2507 0.5451
vt 0.2668 0.5469
vt 0.2531 0.5789
vt 0.2685 0.5754
vt 0.2661 0.6093
vt 0.2793 0.6011
vt 0.288 0.6337
vt 0.2978 0.6218
vt 0.3169 0.6499
vt 0.3221 0.6353
vt 0.3498 0.6556
vt 0.3498 0.6401
vt 0.3828 0.6499
vt 0.3775 0.6353
vt 0.4118 0.6334
vt 0.4018 0.6214
vt 0.4334 0.608
vt 0.4199 0.6002
vt 0.4449 0.577
vt 0.4296 0.5742
vt 0.4454 0.5442
vt 0.4301 0.5465
vt 0.4352 0.513
vt 0.4213 0.5202
vt 0.415 0.4861
vt 0.4041 0.4977
vt 0.3861 0.4669
vt 0.3796 0.4819
vt 0.3286 0.4974
vt 0.3518 0.4943
vt 0.308 0.5091
vt 0.2936 0.5273
vt 0.2866 0.5491
vt 0.2876 0.5715
vt 0.296 0.592
vt 0.3106 0.6083
vt 0.3299 0.6189
vt 0.3516 0.6224
vt 0.3732 0.6184
vt 0.392 0.6075
vt 0.4059 0.591
vt 0.4135 0.5708
vt 0.4138 0.5493
vt 0.4069 0.5288
vt 0.3934 0.5114
vt 0.3744 0.4993
vt 0.3356 0.5172
vt 0.3513 0.5149
vt 0.3218 0.5251
vt 0.3119 0.5373
vt 0.3069 0.552
vt 0.3073 0.5674
vt 0.313 0.5816
vt 0.3231 0.593
vt 0.3364 0.6003
vt 0.3514 0.6028
vt 0.3663 0.6001
vt 0.3793 0.5927
vt 0.3889 0.5812
vt 0.3942 0.5672
vt 0.3944 0.5523
vt 0.3895 0.5381
vt 0.3799 0.5261
vt 0.3667 0.518
vt 0.3409 0.5319
vt 0.3511 0.5303
vt 0.332 0.537
vt 0.3254 0.5449
vt 0.3221 0.5544
vt 0.3223 0.5646
vt 0.3259 0.574
vt 0.3325 0.5815
vt 0.3413 0.5864
vt 0.3512 0.588
vt 0.3611 0.5863
vt 0.3697 0.5814
vt 0.3761 0.5738
vt 0.3796 0.5645
vt 0.3796 0.5546
vt 0.3763 0.5453
vt 0.37 0.5375
vt 0.3612 0.5322
vt 0.3484 0.5521
vt 0.3511 0.5516
vt 0.346 0.5534
vt 0.3442 0.5555
vt 0.3433 0.5581
vt 0.3433 0.5608
vt 0.3443 0.5633
vt 0.3461 0.5654
vt 0.3484 0.5667
vt 0.3511 0.5673
vt 0.3538 0.5668
vt 0.3562 0.5655
vt 0.3579 0.5634
vt 0.3589 0.5608
vt 0.3589 0.5581
vt 0.3579 0.5556
vt 0.3562 0.5535
vt 0.3538 0.5521
vt 0.3511 0.5595
vn 0.6 0.6 0.528
vn 0.362 0.768 0.529
vn 0.338 0.727 0.598
vn 0.57 0.577 0.586
vn 0.079 0.844 0.53
vn 0.071 0.79 0.609
vn -0.215 0.819 0.532
vn -0.201 0.76 0.618
vn -0.484 0.694 0.533
vn -0.448 0.641 0.623
vn -0.694 0.484 0.533
vn -0.641 0.448 0.623
vn -0.819 0.215 0.532
vn -0.76 0.201 0.618
vn -0.844 -0.079 0.53
vn -0.79 -0.071 0.61
vn -0.768 -0.362 0.529
vn -0.727 -0.338 0.598
vn -0.6 -0.6 0.528
vn -0.577 -0.57 0.586
vn -0.362 -0.768 0.529
vn -0.354 -0.739 0.574
vn -0.079 -0.844 0.53
vn -0.082 -0.822 0.564
vn 0.215 -0.819 0.532
vn 0.208 -0.804 0.557
vn 0.484 -0.694 0.533
vn 0.475 -0.684 0.553
vn 0.694 -0.484 0.533
vn 0.684 -0.475 0.553
vn 0.819 -0.215 0.532
vn 0.804 -0.208 0.557
vn 0.844 0.079 0.531
vn 0.822 0.082 0.564
vn 0.768 0.362 0.529
vn 0.739 0.354 0.574
vn 0.288 0.601 0.745
vn 0.483 0.476 0.735
vn 0.065 0.653 0.755
vn -0.162 0.627 0.762
vn -0.367 0.528 0.766
vn -0.528 0.367 0.766
vn -0.627 0.162 0.762
vn -0.653 -0.065 0.755
vn -0.601 -0.288 0.745
vn -0.476 -0.483 0.735
vn -0.289 -0.624 0.726
vn -0.061 -0.693 0.719
vn 0.18 -0.677 0.713
vn 0.403 -0.577 0.711
vn 0.577 -0.403 0.711
vn 0.677 -0.18 0.713
vn 0.693 0.061 0.719
vn 0.624 0.289 0.726
vn 0.209 0.442 0.872
vn 0.346 0.346 0.872
vn 0.046 0.485 0.873
vn -0.123 0.47 0.874
vn -0.277 0.398 0.875
vn -0.398 0.277 0.875
vn -0.47 0.123 0.874
vn -0.485 -0.046 0.873
vn -0.442 -0.209 0.872
vn -0.346 -0.346 0.872
vn -0.209 -0.442 0.872
vn -0.046 -0.485 0.873
vn 0.123 -0.47 0.874
vn 0.277 -0.398 0.875
vn 0.398 -0.277 0.875
vn 0.47 -0.123 0.874
vn 0.485 0.046 0.873
vn 0.442 0.209 0.872
vn 0.121 0.256 0.959
vn 0.2 0.2 0.959
vn 0.027 0.28 0.959
vn -0.071 0.272 0.96
vn -0.16 0.23 0.96
vn -0.23 0.16 0.96
vn -0.272 0.071 0.96
vn -0.28 -0.027 0.959
vn -0.256 -0.121 0.959
vn -0.2 -0.2 0.959
vn -0.121 -0.256 0.959
vn -0.027 -0.28 0.959
vn 0.071 -0.272 0.96
vn 0.16 -0.23 0.96
vn 0.23 -0.16 0.96
vn 0.272 -0.071 0.96
vn 0.28 0.027 0.959
vn 0.256 0.121 0.959
vn 0.061 0.128 0.99
vn 0.1 0.1 0.99
vn 0.013 0.14 0.99
vn -0.035 0.136 0.99
vn -0.082 0.118 0.99
vn -0.118 0.082 0.99
vn -0.136 0.035 0.99
vn -0.14 -0.013 0.99
vn -0.128 -0.061 0.99
vn -0.1 -0.1 0.99
vn -0.061 -0.128 0.99
vn -0.013 -0.14 0.99
vn 0.035 -0.136 0.99
vn 0.082 -0.118 0.99
vn 0.118 -0.082 0.99
vn 0.136 -0.035 0.99
vn 0.14 0.013 0.99
vn 0.128 0.061 0.99
vn 0 0 1
f 936/936/936 933/933/933 934/934/934
f 934/934/934 935/935/935 936/936/936
f 935/935/935 934/934/934 937/937/937
f 937/937/937 938/938/938 935/935/935
f 938/938/938 937/937/937 939/939/939
f 939/939/939 940/940/940 938/938/938
f 940/940/940 939/939/939 941/941/941
f 941/941/941 942/942/942 940/940/940
f 942/942/942 941/941/941 943/943/943
f 943/943/943 944/944/944 942/942/942
f 944/944/944 943/943/943 945/945/945
f 945/945/945 946/946/946 944/944/944
f 946/946/946 945/945/945 947/947/947
f 947/947/947 948/948/948 946/946/946
f 948/948/948 947/947/947 949/949/949
f 949/949/949 950/950/950 948/948/948
f 950/950/950 949/949/949 951/951/951
f 951/951/951 952/952/952 950/950/950
f 952/952/952 951/951/951 953/953/953
f 953/953/953 954/954/954 952/952/952
f 954/954/954 953/953/953 955/955/955
f 955/955/955 956/956/956 954/954/954
f 956/956/956 955/955/955 957/957/957
f 957/957/957 958/958/958 956/956/956
f 958/958/958 957/957/957 959/959/959
f 959/959/959 960/960/960 958/958/958
f 960/960/960 959/959/959 961/961/961
f 961/961/961 962/962/962 960/960/960
f 962/962/962 961/961/961 963/963/963
f 963/963/963 964/964/964 962/962/962
f 964/964/964 963/963/963 965/965/965
f 965/965/965 966/966/966 964/964/964
f 966/966/966 965/965/965 967/967/967
f 967/967/967 968/968/968 966/966/966
f 968/968/968 967/967/967 933/933/933
f 933/933/933 936/936/936 968/968/968
f 970/970/970 936/936/936 935/935/935
f 935/935/935 969/969/969 970/970/970
f 969/969/969 935/935/935 938/938/938
f 938/938/938 971/971/971 969/969/969
f 971/971/971 938/938/938 940/940/940
f 940/940/940 972/972/972 971/971/971
f 972/972/972 940/940/940 942/942/942
f 942/942/942 973/973/973 972/972/972
f 973/973/973 942/942/942 944/944/944
f 944/944/944 974/974/974 973/973/973
f 974/974/974 944/944/944 946/946/946
f 946/946/946 975/975/975 974/974/974
f 975/975/975 946/946/946 948/948/948
f 948/948/948 976/976/976 975/975/975
f 976/976/976 948/948/948 950/950/950
f 950/950/950 977/977/977 976/976/976
f 977/977/977 950/950/950 952/952/952
f 952/952/952 978/978/978 977/977/977
f 978/978/978 952/952/952 954/954/954
f 954/954/954 979/979/979 978/978/978
f 979/979/979 954/954/954 956/956/956
f 956/956/956 980/980/980 979/979/979
f 980/980/980 956/956/956 958/958/958
f 958/958/958 981/981/981 980/980/980
f 981/981/981 958/958/958 960/960/960
f 960/960/960 982/982/982 981/981/981
f 982/982/982 960/960/960 962/962/962
f 962/962/962 983/983/983 982/982/982
f 983/983/983 962/962/962 964/964/964
f 964/964/964 984/984/984 983/983/983
f 984/984/984 964/964/964 966/966/966
f 966/966/966 985/985/985 984/984/984
f 985/985/985 966/966/966 968/968/968
f 968/968/968 986/986/986 985/985/985
f 986/986/986 968/968/968 936/936/936
f 936/936/936 970/970/970 986/986/986
f 988/988/988 970/970/970 969/969/969
f 969/969/969 987/987/987 988/988/988
f 987/987/987 969/969/969 971/971/971
f 971/971/971 989/989/989 987/987/987
f 989/989/989 971/971/971 972/972/972
f 972/972/972 990/990/990 989/989/989
f 990/990/990 972/972/972 973/973/973
f 973/973/973 991/991/991 990/990/990
f 991/991/991 973/973/973 974/974/974
f 974/974/974 992/992/992 991/991/991
f 992/992/992 974/974/974 975/975/975
f 975/975/975 993/993/993 992/992/992
f 993/993/993 975/975/975 976/976/976
f 976/976/976 994/994/994 993/993/993
f 994/994/994 976/976/976 977/977/977
f 977/977/977 995/995/995 994/994/994
f 995/995/995 977/977/977 978/978/978
f 978/978/978 996/996/996 995/995/995
f 996/996/996 978/978/978 979/979/979
f 979/979/979 997/997/997 996/996/996
f 997/997/997 979/979/979 980/980/980
f 980/980/980 998/998/998 997/997/997
f 998/998/998 980/980/980 981/981/981
f 981/981/981 999/999/999 998/998/998
f 999/999/999 981/981/981 982/982/982
f 982/982/982 1000/1000/1000 999/999/999
f 1000/1000/1000 982/982/982 983/983/983
f 983/983/983 1001/1001/1001 1000/1000/1000
f 1001/1001/1001 983/983/983 984/984/984
f 984/984/984 1002/1002/1002 1001/1001/1001
f 1002/1002/1002 984/984/984 985/985/985
f 985/985/985 1003/1003/1003 1002/1002/1002
f 1003/1003/1003 985/985/985 986/986/986
f 986/986/986 1004/1004/1004 1003/1003/1003
f 1004/1004/1004 986/986/986 970/970/970
f 970/970/970 988/988/988 1004/1004/1004
f 1006/1006/1006 988/988/988 987/987/987
f 987/987/987 1005/1005/1005 1006/1006/1006
f 1005/1005/1005 987/987/987 989/989/989
f 989/989/989 1007/1007/1007 1005/1005/1005
f 1007/1007/1007 989/989/989 990/990/990
f 990/990/990 1008/1008/1008 1007/1007/1007
f 1008/1008/1008 990/990/990 991/991/991
f 991/991/991 1009/1009/1009 1008/1008/1008
f 1009/1009/1009 991/991/991 992/992/992
f 992/992/992 1010/1010/1010 1009/1009/1009
f 1010/1010/1010 992/992/992 993/993/993
f 993/993/993 1011/1011/1011 1010/1010/1010
f 1011/1011/1011 993/993/993 994/994/994
f 994/994/994 1012/1012/1012 1011/1011/1011
f 1012/1012/1012 994/994/994 995/995/995
f 995/995/995 1013/1013/1013 1012/1012/1012
f 1013/1013/1013 995/995/995 996/996/996
f 996/996/996 1014/1014/1014 1013/1013/1013
f 1014/1014/1014 996/996/996 997/997/997
f 997/997/997 1015/1015/1015 1014/1014/1014
f 1015/1015/1015 997/997/997 998/998/998
f 998/998/998 1016/1016/1016 1015/1015/1015
f 1016/1016/1016 998/998/998 999/999/999
f 999/999/999 1017/1017/1017 1016/1016/1016
f 1017/1017/1017 999/999/999 1000/1000/1000
f 1000/1000/1000 1018/1018/1018 1017/1017/1017
f 1018/1018/1018 1000/1000/1000 1001/1001/1001
f 1001/1001/1001 1019/1019/1019 1018/1018/1018
f 1019/1019/1019 1001/1001/1001 1002/1002/1002
f 1002/1002/1002 1020/1020/1020 1019/1019/1019
f 1020/1020/1020 1002/1002/1002 1003/1003/1003
f 1003/1003/1003 1021/1021/1021 1020/1020/1020
f 1021/1021/1021 1003/1003/1003 1004/1004/1004
f 1004/1004/1004 1022/1022/1022 1021/1021/1021
f 1022/1022/1022 1004/1004/1004 988/988/988
f 988/988/988 1006/1006/1006 1022/1022/1022
f 1024/1024/1024 1006/1006/1006 1005/1005/1005
f 1005/1005/1005 1023/1023/1023 1024/1024/1024
f 1023/1023/1023 1005/1005/1005 1007/1007/1007
f 1007/1007/1007 1025/1025/1025 1023/1023/1023
f 1025/1025/1025 1007/1007/1007 1008/1008/1008
f 1008/1008/1008 1026/1026/1026 1025/1025/1025
f 1026/1026/1026 1008/1008/1008 1009/1009/1009
f 1009/1009/1009 1027/1027/1027 1026/1026/1026
f 1027/1027/1027 1009/1009/1009 1010/1010/1010
f 1010/1010/1010 1028/1028/1028 1027/1027/1027
f 1028/1028/1028 1010/1010/1010 1011/1011/1011
f 1011/1011/1011 1029/1029/1029 1028/1028/1028
f 1029/1029/1029 1011/1011/1011 1012/1012/1012
f 1012/1012/1012 1030/1030/1030 1029/1029/1029
f 1030/1030/1030 1012/1012/1012 1013/1013/1013
f 1013/1013/1013 1031/1031/1031 1030/1030/1030
f 1031/1031/1031 1013/1013/1013 1014/1014/1014
f 1014/1014/1014 1032/1032/1032 1031/1031/1031
f 1032/1032/1032 1014/1014/1014 1015/1015/1015
f 1015/1015/1015 1033/1033/1033 1032/1032/1032
f 1033/1033/1033 1015/1015/1015 1016/1016/1016
f 1016/1016/1016 1034/1034/1034 1033/1033/1033
f 1034/1034/1034 1016/1016/1016 1017/1017/1017
f 1017/1017/1017 1035/1035/1035 1034/1034/1034
f 1035/1035/1035 1017/1017/1017 1018/1018/1018
f 1018/1018/1018 1036/1036/1036 1035/1035/1035
f 1036/1036/1036 1018/1018/1018 1019/1019/1019
f 1019/1019/1019 1037/1037/1037 1036/1036/1036
f 1037/1037/1037 1019/1019/1019 1020/1020/1020
f 1020/1020/1020 1038/1038/1038 1037/1037/1037
f 1038/1038/1038 1020/1020/1020 1021/1021/1021
f 1021/1021/1021 1039/1039/1039 1038/1038/1038
f 1039/1039/1039 1021/1021/1021 1022/1022/1022
f 1022/1022/1022 1040/1040/1040 1039/1039/1039
f 1040/1040/1040 1022/1022/1022 1006/1006/1006
f 1006/1006/1006 1024/1024/1024 1040/1040/1040
f 1027/1027/1027 1028/1028/1028 1041/1041/1041
f 1041/1041/1041 1036/1036/1036 1037/1037/1037
f 1028/1028/1028 1029/1029/1029 1030/1030/1030
f 1030/1030/1030 1041/1041/1041 1028/1028/1028
f 1041/1041/1041 1025/1025/1025 1026/1026/1026
f 1026/1026/1026 1027/1027/1027 1041/1041/1041
f 1041/1041/1041 1024/1024/1024 1023/1023/1023
f 1023/1023/1023 1025/1025/1025 1041/1041/1041
f 1041/1041/1041 1039/1039/1039 1040/1040/1040
f 1040/1040/1040 1024/1024/1024 1041/1041/1041
f 1037/1037/1037 1038/1038/1038 1039/1039/1039
f 1039/1039/1039 1041/1041/1041 1037/1037/1037
f 1041/1041/1041 1034/1034/1034 1035/1035/1035
f 1035/1035/1035 1036/1036/1036 1041/1041/1041
f 1041/1041/1041 1032/1032/1032 1033/1033/1033
f 1033/1033/1033 1034/1034/1034 1041/1041/1041
f 1030/1030/1030 1031/1031/1031 1032/1032/1032
f 1032/1032/1032 1041/1041/1041 1030/1030/1030
o body
g body
usemtl lambert1
v 0.030066 0.027364 0.976959
v 0.038185 0.015782 0.976959
v 0.049886 0.021224 0.93872
v 0.039187 0.036487 0.93872
v 0.041862 0.002132 0.976959
v 0.054731 0.003239 0.93872
v 0.040652 -0.011937 0.976959
v 0.053137 -0.0153 0.93872
v 0.040652 -0.011937 0.976959
v 0.034702 -0.02473 0.976959
v 0.045297 -0.032157 0.93872
v 0.053137 -0.0153 0.93872
v 0.02473 -0.034702 0.976959
v 0.032157 -0.045297 0.93872
v 0.011937 -0.040652 0.976959
v 0.0153 -0.053137 0.93872
v -0.002132 -0.041862 0.976959
v -0.003238 -0.054731 0.93872
v -0.002132 -0.041862 0.976959
v -0.015782 -0.038185 0.976959
v -0.021224 -0.049886 0.93872
v -0.003238 -0.054731 0.93872
v -0.027364 -0.030065 0.976959
v -0.036487 -0.039188 0.93872
v -0.035484 -0.018483 0.976959
v -0.047185 -0.023925 0.93872
v -0.039161 -0.004833 0.976959
v -0.05203 -0.00594 0.93872
v -0.037951 0.009236 0.976959
v -0.050437 0.012599 0.93872
v -0.037951 0.009236 0.976959
v -0.032001 0.022029 0.976959
v -0.042596 0.029456 0.93872
v -0.050437 0.012599 0.93872
v -0.022029 0.032001 0.976959
v -0.029455 0.042596 0.93872
v -0.009236 0.037951 0.976959
v -0.012599 0.050437 0.93872
v -0.009236 0.037951 0.976959
v 0.004833 0.039161 0.976959
v 0.00594 0.05203 0.93872
v -0.012599 0.050437 0.93872
v 0.018483 0.035484 0.976959
v 0.023925 0.047186 0.93872
v 0.05204 0.05204 0.798107
v 0.066755 0.031048 0.798107
v 0.065488 0.030459 0.708201
v 0.051052 0.051052 0.708201
v 0.073418 0.006312 0.798107
v 0.072024 0.006192 0.708201
v 0.071226 -0.019186 0.798107
v 0.069874 -0.018822 0.708201
v 0.060443 -0.04237 0.798107
v 0.059296 -0.041566 0.708201
v 0.04237 -0.060443 0.798107
v 0.041565 -0.059296 0.708201
v 0.019186 -0.071226 0.798107
v 0.018822 -0.069874 0.708201
v -0.006312 -0.073418 0.798107
v -0.006192 -0.072024 0.708201
v -0.006312 -0.073418 0.798107
v -0.031048 -0.066755 0.798107
v -0.030459 -0.065488 0.708201
v -0.006192 -0.072024 0.708201
v -0.05204 -0.05204 0.798107
v -0.051052 -0.051052 0.708201
v -0.066754 -0.031048 0.798107
v -0.065488 -0.030459 0.708201
v -0.073418 -0.006312 0.798107
v -0.072024 -0.006192 0.708201
v -0.071225 0.019186 0.798107
v -0.069874 0.018822 0.708201
v -0.060443 0.042369 0.798107
v -0.059295 0.041565 0.708201
v -0.042369 0.060443 0.798107
v -0.041565 0.059295 0.708201
v -0.019186 0.071226 0.798107
v -0.018822 0.069874 0.708201
v 0.006312 0.073418 0.798107
v 0.006192 0.072024 0.708201
v 0.031049 0.066755 0.798107
v 0.030459 0.065487 0.708201
v 0.065488 0.030459 0.438485
v 0.051052 0.051052 0.438485
v 0.072024 0.006192 0.438485
v 0.069874 -0.018822 0.438485
v 0.059296 -0.041566 0.438485
v 0.041565 -0.059296 0.438485
v 0.018822 -0.069874 0.438485
v -0.006192 -0.072024 0.438485
v -0.030459 -0.065488 0.438485
v -0.006192 -0.072024 0.438485
v -0.051052 -0.051052 0.438485
v -0.065488 -0.030459 0.438485
v -0.072024 -0.006192 0.438485
v -0.069874 0.018822 0.438485
v -0.059295 0.041565 0.438485
v -0.041565 0.059295 0.438485
v -0.018822 0.069874 0.438485
v 0.006192 0.072024 0.438485
v 0.030459 0.065487 0.438485
v 0.065488 0.030459 0.078864
v 0.051052 0.051052 0.078864
v 0.072024 0.006192 0.078864
v 0.069874 -0.018822 0.078864
v 0.059296 -0.041566 0.078864
v 0.041565 -0.059296 0.078864
v 0.018822 -0.069874 0.078864
v -0.006192 -0.072024 0.078864
v -0.030459 -0.065488 0.078864
v -0.006192 -0.072024 0.078864
v -0.051052 -0.051052 0.078864
v -0.065488 -0.030459 0.078864
v -0.072024 -0.006192 0.078864
v -0.069874 0.018822 0.078864
v -0.059295 0.041565 0.078864
v -0.041565 0.059295 0.078864
v -0.018822 0.069874 0.078864
v 0.006192 0.072024 0.078864
v 0.030459 0.065487 0.078864
v 0.065488 0.030459 -0.280757
v 0.051052 0.051052 -0.280757
v 0.072024 0.006192 -0.280757
v 0.069874 -0.018822 -0.280757
v 0.059296 -0.041566 -0.280757
v 0.041565 -0.059296 -0.280757
v 0.018822 -0.069874 -0.280757
v -0.006192 -0.072024 -0.280757
v -0.030459 -0.065488 -0.280757
v -0.006192 -0.072024 -0.280757
v -0.051052 -0.051052 -0.280757
v -0.065488 -0.030459 -0.280757
v -0.072024 -0.006192 -0.280757
v -0.069874 0.018822 -0.280757
v -0.059295 0.041565 -0.280757
v -0.041565 0.059295 -0.280757
v -0.018822 0.069874 -0.280757
v 0.006192 0.072024 -0.280757
v 0.030459 0.065487 -0.280757
v 0.065488 0.030459 -0.640378
v 0.051052 0.051052 -0.640378
v 0.072024 0.006192 -0.640378
v 0.069874 -0.018822 -0.640378
v 0.059296 -0.041566 -0.640378
v 0.041565 -0.059296 -0.640378
v 0.018822 -0.069874 -0.640378
v -0.006192 -0.072024 -0.640378
v -0.030459 -0.065488 -0.640378
v -0.006192 -0.072024 -0.640378
v -0.051052 -0.051052 -0.640378
v -0.065488 -0.030459 -0.640378
v -0.072024 -0.006192 -0.640378
v -0.069874 0.018822 -0.640378
v -0.059295 0.041565 -0.640378
v -0.041565 0.059295 -0.640378
v -0.018822 0.069874 -0.640378
v 0.006192 0.072024 -0.640378
v 0.030459 0.065487 -0.640378
v 0.065488 0.030459 -1
v 0.051052 0.051052 -1
v 0.072024 0.006192 -1
v 0.069874 -0.018822 -1
v 0.059296 -0.041565 -1
v 0.041565 -0.059296 -1
v 0.018822 -0.069874 -1
v -0.006192 -0.072024 -1
v -0.030459 -0.065488 -1
v -0.006192 -0.072024 -1
v -0.051052 -0.051052 -1
v -0.065488 -0.030459 -1
v -0.072024 -0.006192 -1
v -0.069874 0.018822 -1
v -0.059295 0.041565 -1
v -0.041565 0.059296 -1
v -0.018822 0.069874 -1
v 0.006192 0.072024 -1
v 0.030459 0.065488 -1
v 0.044582 0.044582 0.888012
v 0.057188 0.026599 0.888012
v 0.062897 0.005407 0.888012
v 0.061019 -0.016437 0.888012
v 0.061019 -0.016437 0.888012
v 0.051781 -0.036298 0.888012
v 0.036298 -0.051781 0.888012
v 0.016437 -0.061019 0.888012
v -0.005407 -0.062897 0.888012
v -0.005407 -0.062897 0.888012
v -0.026599 -0.057188 0.888012
v -0.044582 -0.044582 0.888012
v -0.057188 -0.026599 0.888012
v -0.062896 -0.005408 0.888012
v -0.061019 0.016436 0.888012
v -0.061019 0.016436 0.888012
v -0.051781 0.036297 0.888012
v -0.036298 0.051781 0.888012
v -0.016436 0.061018 0.888012
v -0.016436 0.061018 0.888012
v 0.005407 0.062896 0.888012
v 0.026599 0.057188 0.888012
v 0.051052 0.051052 -1
v 0.065488 0.030459 -1
v 0.062718 0.028965 -1
v 0.048808 0.048808 -1
v 0.072024 0.006192 -1
v 0.069002 0.005637 -1
v 0.069874 -0.018822 -1
v 0.066943 -0.018309 -1
v 0.059296 -0.041565 -1
v 0.056859 -0.039989 -1
v 0.041565 -0.059296 -1
v 0.039989 -0.056859 -1
v 0.018822 -0.069874 -1
v 0.018309 -0.066943 -1
v -0.006192 -0.072024 -1
v -0.005637 -0.069002 -1
v -0.030459 -0.065488 -1
v -0.028965 -0.062718 -1
v -0.051052 -0.051052 -1
v -0.048808 -0.048808 -1
v -0.065488 -0.030459 -1
v -0.062718 -0.028965 -1
v -0.072024 -0.006192 -1
v -0.069001 -0.005637 -1
v -0.069874 0.018822 -1
v -0.066943 0.018309 -1
v -0.059295 0.041565 -1
v -0.056859 0.039989 -1
v -0.041565 0.059296 -1
v -0.039989 0.056859 -1
v -0.018822 0.069874 -1
v -0.018309 0.066943 -1
v 0.006192 0.072024 -1
v 0.005637 0.069002 -1
v 0.030459 0.065488 -1
v 0.028965 0.062718 -1
v 0.048808 0.048808 -1
v 0.062718 0.028965 -1
v 0.060721 0.027887 -0.982097
v 0.04719 0.04719 -0.982097
v 0.069002 0.005637 -1
v 0.066822 0.005237 -0.982097
v 0.066943 -0.018309 -1
v 0.06483 -0.017939 -0.982097
v 0.056859 -0.039989 -1
v 0.055103 -0.038853 -0.982097
v 0.039989 -0.056859 -1
v 0.038853 -0.055102 -0.982097
v 0.018309 -0.066943 -1
v 0.017939 -0.064829 -0.982097
v -0.005637 -0.069002 -1
v -0.005236 -0.066822 -0.982097
v -0.028965 -0.062718 -1
v -0.027887 -0.06072 -0.982097
v -0.048808 -0.048808 -1
v -0.04719 -0.047189 -0.982097
v -0.062718 -0.028965 -1
v -0.06072 -0.027887 -0.982097
v -0.069001 -0.005637 -1
v -0.066822 -0.005237 -0.982097
v -0.066943 0.018309 -1
v -0.064829 0.017939 -0.982097
v -0.056859 0.039989 -1
v -0.055102 0.038853 -0.982097
v -0.039989 0.056859 -1
v -0.038852 0.055102 -0.982097
v -0.039989 0.056859 -1
v -0.018309 0.066943 -1
v -0.017939 0.064829 -0.982097
v -0.038852 0.055102 -0.982097
v 0.005637 0.069002 -1
v 0.005237 0.066822 -0.982097
v 0.028965 0.062718 -1
v 0.027887 0.060721 -0.982097
v 0.04719 0.04719 -0.982097
v 0.060721 0.027887 -0.982097
v 0.048615 0.021355 -0.982097
v 0.037381 0.037381 -0.982097
v 0.066822 0.005237 -0.982097
v 0.053611 0.00281 -0.982097
v 0.06483 -0.017939 -0.982097
v 0.05202 -0.015697 -0.982097
v 0.055103 -0.038853 -0.982097
v 0.044454 -0.031964 -0.982097
v 0.038853 -0.055102 -0.982097
v 0.031964 -0.044454 -0.982097
v 0.017939 -0.064829 -0.982097
v 0.015697 -0.05202 -0.982097
v -0.005236 -0.066822 -0.982097
v -0.00281 -0.053611 -0.982097
v -0.027887 -0.06072 -0.982097
v -0.021355 -0.048615 -0.982097
v -0.04719 -0.047189 -0.982097
v -0.037381 -0.037381 -0.982097
v -0.06072 -0.027887 -0.982097
v -0.048615 -0.021355 -0.982097
v -0.066822 -0.005237 -0.982097
v -0.053611 -0.00281 -0.982097
v -0.064829 0.017939 -0.982097
v -0.052019 0.015697 -0.982097
v -0.055102 0.038853 -0.982097
v -0.044454 0.031963 -0.982097
v -0.038852 0.055102 -0.982097
v -0.031963 0.044454 -0.982097
v -0.017939 0.064829 -0.982097
v -0.015697 0.05202 -0.982097
v 0.005237 0.066822 -0.982097
v 0.00281 0.053611 -0.982097
v 0.027887 0.060721 -0.982097
v 0.021355 0.048615 -0.982097
v 0.037381 0.037381 -0.982097
v 0.048615 0.021355 -0.982097
v 0.045846 0.01986 -1
v 0.035137 0.035137 -1
v 0.053611 0.00281 -0.982097
v 0.050588 0.002255 -1
v 0.05202 -0.015697 -0.982097
v 0.049089 -0.015185 -1
v 0.044454 -0.031964 -0.982097
v 0.042018 -0.030388 -1
v 0.031964 -0.044454 -0.982097
v 0.030388 -0.042018 -1
v 0.015697 -0.05202 -0.982097
v 0.015184 -0.049089 -1
v -0.00281 -0.053611 -0.982097
v -0.002255 -0.050588 -1
v -0.00281 -0.053611 -0.982097
v -0.021355 -0.048615 -0.982097
v -0.01986 -0.045846 -1
v -0.002255 -0.050588 -1
v -0.037381 -0.037381 -0.982097
v -0.035137 -0.035137 -1
v -0.048615 -0.021355 -0.982097
v -0.045846 -0.01986 -1
v -0.053611 -0.00281 -0.982097
v -0.050588 -0.002255 -1
v -0.052019 0.015697 -0.982097
v -0.049089 0.015185 -1
v -0.044454 0.031963 -0.982097
v -0.042018 0.030388 -1
v -0.031963 0.044454 -0.982097
v -0.030388 0.042018 -1
v -0.015697 0.05202 -0.982097
v -0.015184 0.049089 -1
v 0.00281 0.053611 -0.982097
v 0.002255 0.050588 -1
v 0.021355 0.048615 -0.982097
v 0.019861 0.045845 -1
v 0.035137 0.035137 -1
v 0.045846 0.01986 -1
v 0.04363 0.018665 -1
v 0.033342 0.033342 -1
v 0.050588 0.002255 -1
v 0.04817 0.001811 -1
v 0.049089 -0.015185 -1
v 0.046744 -0.014775 -1
v 0.042018 -0.030388 -1
v 0.040069 -0.029126 -1
v 0.030388 -0.042018 -1
v 0.029127 -0.040068 -1
v 0.015184 -0.049089 -1
v 0.014775 -0.046744 -1
v -0.002255 -0.050588 -1
v -0.001811 -0.04817 -1
v -0.01986 -0.045846 -1
v -0.018665 -0.04363 -1
v -0.035137 -0.035137 -1
v -0.033342 -0.033342 -1
v -0.045846 -0.01986 -1
v -0.04363 -0.018665 -1
v -0.050588 -0.002255 -1
v -0.04817 -0.001811 -1
v -0.049089 0.015185 -1
v -0.046744 0.014774 -1
v -0.042018 0.030388 -1
v -0.040068 0.029127 -1
v -0.030388 0.042018 -1
v -0.029127 0.040068 -1
v -0.015184 0.049089 -1
v -0.014774 0.046744 -1
v 0.002255 0.050588 -1
v 0.001811 0.04817 -1
v 0.019861 0.045845 -1
v 0.018665 0.04363 -1
v 0.033342 0.033342 -1
v 0.04363 0.018665 -1
v 0.041415 0.017469 -0.981406
v 0.031546 0.031547 -0.981406
v 0.04817 0.001811 -1
v 0.045752 0.001367 -0.981406
v 0.046744 -0.014775 -1
v 0.044399 -0.014364 -0.981406
v 0.040069 -0.029126 -1
v 0.03812 -0.027866 -0.981406
v 0.029127 -0.040068 -1
v 0.027866 -0.03812 -0.981406
v 0.014775 -0.046744 -1
v 0.014364 -0.044399 -0.981406
v -0.001811 -0.04817 -1
v -0.001367 -0.045752 -0.981406
v -0.001811 -0.04817 -1
v -0.018665 -0.04363 -1
v -0.017469 -0.041414 -0.981406
v -0.001367 -0.045752 -0.981406
v -0.033342 -0.033342 -1
v -0.031546 -0.031546 -0.981406
v -0.04363 -0.018665 -1
v -0.041414 -0.017469 -0.981406
v -0.04817 -0.001811 -1
v -0.045751 -0.001367 -0.981406
v -0.046744 0.014774 -1
v -0.044399 0.014364 -0.981406
v -0.040068 0.029127 -1
v -0.038119 0.027866 -0.981406
v -0.029127 0.040068 -1
v -0.027866 0.03812 -0.981406
v -0.014774 0.046744 -1
v -0.014364 0.044399 -0.981406
v 0.001811 0.04817 -1
v 0.001367 0.045752 -0.981406
v 0.018665 0.04363 -1
v 0.017469 0.041414 -0.981406
v 0 0 -0.981406
v -0.038119 0.027866 -0.981406
v -0.027866 0.03812 -0.981406
v 0.03812 -0.027866 -0.981406
v 0.027866 -0.03812 -0.981406
v -0.014364 0.044399 -0.981406
v 0.001367 0.045752 -0.981406
v -0.045751 -0.001367 -0.981406
v -0.044399 0.014364 -0.981406
v 0.014364 -0.044399 -0.981406
v -0.001367 -0.045752 -0.981406
v 0.045752 0.001367 -0.981406
v 0.044399 -0.014364 -0.981406
v -0.017469 -0.041414 -0.981406
v -0.031546 -0.031546 -0.981406
v -0.041414 -0.017469 -0.981406
v 0.017469 0.041414 -0.981406
v 0.031546 0.031547 -0.981406
v 0.041415 0.017469 -0.981406
vt 0.0976 0.005
vt 0.0903 0.0046
vt 0.0883 0.0247
vt 0.0975 0.0251
vt 0.0831 0.0037
vt 0.0791 0.0236
vt 0.0761 0.002
vt 0.0699 0.0218
vt 0.0495 0.0026
vt 0.0424 0.0036
vt 0.0444 0.0236
vt 0.0536 0.0226
vt 0.0353 0.0039
vt 0.0352 0.024
vt 0.0281 0.0035
vt 0.026 0.0236
vt 0.0211 0.0024
vt 0.0168 0.0225
vt 0.225 0.0026
vt 0.218 0.0039
vt 0.221 0.0239
vt 0.2302 0.0224
vt 0.2109 0.0045
vt 0.2118 0.0246
vt 0.2036 0.0045
vt 0.2025 0.0246
vt 0.1965 0.0038
vt 0.1932 0.0238
vt 0.1895 0.0024
vt 0.1841 0.0222
vt 0.1659 0.0025
vt 0.1589 0.0032
vt 0.16 0.0234
vt 0.1692 0.0226
vt 0.1518 0.0032
vt 0.1507 0.0234
vt 0.1447 0.0024
vt 0.1414 0.0225
vt 0.119 0.0023
vt 0.1121 0.0039
vt 0.1159 0.0237
vt 0.125 0.0219
vt 0.1049 0.0048
vt 0.1068 0.0248
vt 0.0982 0.0954
vt 0.0856 0.0952
vt 0.0856 0.1398
vt 0.0982 0.1399
vt 0.073 0.0948
vt 0.0729 0.1397
vt 0.0603 0.0941
vt 0.0603 0.1396
vt 0.0476 0.0945
vt 0.0477 0.1396
vt 0.0349 0.0946
vt 0.0351 0.1395
vt 0.0222 0.0944
vt 0.0224 0.1395
vt 0.0094 0.094
vt 0.0099 0.1394
vt 0.238 0.0945
vt 0.2252 0.095
vt 0.2247 0.1401
vt 0.2373 0.1401
vt 0.2124 0.0952
vt 0.212 0.14
vt 0.1997 0.0952
vt 0.1993 0.14
vt 0.187 0.0949
vt 0.1867 0.1399
vt 0.1743 0.0943
vt 0.1741 0.1398
vt 0.1616 0.0945
vt 0.1615 0.1398
vt 0.1489 0.0945
vt 0.1488 0.1398
vt 0.1362 0.0942
vt 0.1362 0.1398
vt 0.1235 0.0948
vt 0.1236 0.1398
vt 0.1109 0.0952
vt 0.1109 0.1399
vt 0.0853 0.2749
vt 0.0979 0.2749
vt 0.0727 0.2748
vt 0.0601 0.2748
vt 0.0475 0.2748
vt 0.0349 0.2747
vt 0.0223 0.2747
vt 0.0098 0.2746
vt 0.2239 0.2753
vt 0.2365 0.2754
vt 0.2113 0.2753
vt 0.1987 0.2752
vt 0.1861 0.2752
vt 0.1735 0.2752
vt 0.1609 0.2751
vt 0.1483 0.2751
vt 0.1357 0.275
vt 0.1231 0.275
vt 0.1105 0.275
vt 0.0847 0.4551
vt 0.0973 0.4552
vt 0.0721 0.4551
vt 0.0595 0.455
vt 0.0469 0.455
vt 0.0343 0.455
vt 0.0218 0.4549
vt 0.0092 0.4549
vt 0.2232 0.4556
vt 0.2358 0.4557
vt 0.2106 0.4556
vt 0.198 0.4555
vt 0.1854 0.4555
vt 0.1728 0.4555
vt 0.1602 0.4554
vt 0.1476 0.4554
vt 0.1351 0.4553
vt 0.1225 0.4553
vt 0.1099 0.4552
vt 0.084 0.6354
vt 0.0966 0.6355
vt 0.0714 0.6354
vt 0.0588 0.6353
vt 0.0462 0.6353
vt 0.0337 0.6352
vt 0.0211 0.6352
vt 0.0085 0.6351
vt 0.2225 0.6359
vt 0.2351 0.636
vt 0.2099 0.6359
vt 0.1973 0.6358
vt 0.1847 0.6358
vt 0.1721 0.6357
vt 0.1595 0.6357
vt 0.147 0.6356
vt 0.1344 0.6356
vt 0.1218 0.6355
vt 0.1092 0.6355
vt 0.0833 0.8157
vt 0.0959 0.8157
vt 0.0707 0.8156
vt 0.0581 0.8156
vt 0.0456 0.8155
vt 0.033 0.8155
vt 0.0204 0.8154
vt 0.0078 0.8154
vt 0.2218 0.8162
vt 0.2344 0.8162
vt 0.2092 0.8161
vt 0.1966 0.8161
vt 0.184 0.8161
vt 0.1714 0.816
vt 0.1589 0.816
vt 0.1463 0.8159
vt 0.1337 0.8159
vt 0.1211 0.8158
vt 0.1085 0.8158
vt 0.0827 0.996
vt 0.0953 0.996
vt 0.0701 0.9959
vt 0.0575 0.9959
vt 0.0449 0.9958
vt 0.0323 0.9958
vt 0.0198 0.9957
vt 0.0072 0.9957
vt 0.2212 0.9965
vt 0.2338 0.9965
vt 0.2086 0.9964
vt 0.196 0.9964
vt 0.1834 0.9963
vt 0.1708 0.9963
vt 0.1582 0.9962
vt 0.1456 0.9962
vt 0.133 0.9961
vt 0.1205 0.9961
vt 0.1079 0.996
vt 0.0983 0.0506
vt 0.0873 0.0502
vt 0.0763 0.0494
vt 0.0654 0.048
vt 0.057 0.0485
vt 0.046 0.0492
vt 0.035 0.0495
vt 0.024 0.0492
vt 0.013 0.0483
vt 0.2336 0.0486
vt 0.2227 0.0497
vt 0.2117 0.0502
vt 0.2007 0.0502
vt 0.1897 0.0496
vt 0.1788 0.0484
vt 0.1717 0.0487
vt 0.1608 0.0493
vt 0.1498 0.0493
vt 0.1388 0.0487
vt 0.1311 0.0481
vt 0.1202 0.0495
vt 0.1093 0.0503
vt 0.4976 0.499
vt 0.484 0.5185
vt 0.4866 0.5199
vt 0.4997 0.5012
vt 0.4778 0.5414
vt 0.4807 0.5419
vt 0.4798 0.565
vt 0.4826 0.5645
vt 0.4898 0.5865
vt 0.4921 0.585
vt 0.5066 0.6032
vt 0.508 0.6009
vt 0.528 0.6132
vt 0.5285 0.6104
vt 0.5516 0.6152
vt 0.5511 0.6123
vt 0.5745 0.609
vt 0.5731 0.6064
vt 0.594 0.5954
vt 0.5919 0.5933
vt 0.6076 0.576
vt 0.605 0.5746
vt 0.6138 0.5531
vt 0.6109 0.5525
vt 0.6117 0.5295
vt 0.609 0.5299
vt 0.6018 0.508
vt 0.5995 0.5095
vt 0.585 0.4913
vt 0.5835 0.4936
vt 0.5635 0.4813
vt 0.5631 0.484
vt 0.5399 0.4792
vt 0.5405 0.4821
vt 0.517 0.4854
vt 0.5184 0.488
vt 0.3893 0.681
vt 0.3704 0.6939
vt 0.3802 0.7078
vt 0.3986 0.6953
vt 0.3521 0.7075
vt 0.3624 0.721
vt 0.3344 0.7218
vt 0.3455 0.7349
vt 0.3166 0.7368
vt 0.3287 0.748
vt 0.3023 0.7562
vt 0.3167 0.7647
vt 0.2933 0.7782
vt 0.3095 0.7847
vt 0.2855 0.7997
vt 0.3017 0.8051
vt 0.2784 0.8214
vt 0.2948 0.8262
vt 0.2723 0.8434
vt 0.2888 0.8476
vt 0.2672 0.8657
vt 0.2838 0.8693
vt 0.263 0.8881
vt 0.2798 0.8911
vt 0.2598 0.9106
vt 0.2767 0.9128
vt 0.2576 0.9331
vt 0.2745 0.9345
vt 0.2562 0.9556
vt 0.2732 0.9562
vt 0.4696 0.6383
vt 0.449 0.6477
vt 0.4565 0.663
vt 0.4763 0.654
vt 0.4287 0.6579
vt 0.4369 0.6728
vt 0.4088 0.669
vt 0.4176 0.6836
vt 0.4096 0.7415
vt 0.3896 0.7318
vt 0.3854 0.7441
vt 0.402 0.7521
vt 0.3673 0.7296
vt 0.3672 0.7423
vt 0.3455 0.7349
vt 0.3502 0.7466
vt 0.3287 0.748
vt 0.3366 0.7563
vt 0.3167 0.7647
vt 0.3271 0.7696
vt 0.3095 0.7847
vt 0.3221 0.7856
vt 0.311 0.8071
vt 0.323 0.8032
vt 0.32 0.8275
vt 0.3304 0.8197
vt 0.3354 0.8436
vt 0.3432 0.833
vt 0.3555 0.8534
vt 0.3598 0.8412
vt 0.3776 0.8558
vt 0.3779 0.8431
vt 0.399 0.8505
vt 0.395 0.8389
vt 0.4171 0.8382
vt 0.4091 0.8293
vt 0.4298 0.8206
vt 0.4189 0.8158
vt 0.4358 0.7996
vt 0.4235 0.7994
vt 0.4342 0.7777
vt 0.4223 0.7819
vt 0.4251 0.7574
vt 0.4149 0.7654
vt 0.5375 0.7676
vt 0.5343 0.7494
vt 0.5175 0.7527
vt 0.5205 0.7701
vt 0.5301 0.7318
vt 0.5135 0.736
vt 0.5251 0.715
vt 0.5088 0.7202
vt 0.5193 0.6991
vt 0.5034 0.7053
vt 0.5128 0.6838
vt 0.4972 0.691
vt 0.5052 0.6686
vt 0.4902 0.6769
vt 0.4966 0.6534
vt 0.4821 0.6625
vt 0.5034 0.9567
vt 0.5116 0.9405
vt 0.496 0.9334
vt 0.4883 0.9487
vt 0.519 0.9236
vt 0.5031 0.9172
vt 0.5253 0.9062
vt 0.5091 0.9007
vt 0.5305 0.8888
vt 0.514 0.8842
vt 0.5345 0.8718
vt 0.5178 0.8681
vt 0.5374 0.8551
vt 0.5205 0.8525
vt 0.5394 0.8385
vt 0.5223 0.8371
vt 0.5404 0.8216
vt 0.5233 0.8213
vt 0.5405 0.8041
vt 0.5234 0.8048
vt 0.5396 0.786
vt 0.5225 0.7876
vt 0.4636 0.8616
vt 0.4492 0.8514
vt 0.4481 0.8535
vt 0.4619 0.8632
vt 0.4326 0.847
vt 0.4322 0.8493
vt 0.4161 0.8484
vt 0.4165 0.8506
vt 0.4018 0.8551
vt 0.403 0.8569
vt 0.3908 0.866
vt 0.3926 0.8672
vt 0.3841 0.8804
vt 0.3863 0.8808
vt 0.3827 0.8968
vt 0.385 0.8964
vt 0.3872 0.9135
vt 0.3893 0.9123
vt 0.3973 0.9279
vt 0.399 0.9262
vt 0.4117 0.938
vt 0.4128 0.9359
vt 0.4283 0.9425
vt 0.4287 0.9402
vt 0.4448 0.941
vt 0.4444 0.9388
vt 0.4591 0.9344
vt 0.4579 0.9325
vt 0.4701 0.9234
vt 0.4683 0.9222
vt 0.4768 0.9091
vt 0.4746 0.9087
vt 0.4782 0.8926
vt 0.4759 0.893
vt 0.4737 0.876
vt 0.4716 0.8771
vt 0.5916 0.7846
vt 0.5894 0.7679
vt 0.5719 0.7705
vt 0.574 0.7866
vt 0.5864 0.7516
vt 0.569 0.755
vt 0.5829 0.7363
vt 0.5657 0.7405
vt 0.579 0.7219
vt 0.562 0.7269
vt 0.5745 0.708
vt 0.5578 0.7139
vt 0.5693 0.694
vt 0.5529 0.7007
vt 0.5632 0.6795
vt 0.5471 0.687
vt 0.5674 0.9572
vt 0.5733 0.9418
vt 0.5565 0.936
vt 0.5509 0.9507
vt 0.5785 0.9257
vt 0.5616 0.9206
vt 0.5831 0.9094
vt 0.5659 0.905
vt 0.5868 0.8934
vt 0.5695 0.8896
vt 0.5896 0.8779
vt 0.5721 0.8749
vt 0.5916 0.8631
vt 0.574 0.861
vt 0.5929 0.8486
vt 0.5753 0.8474
vt 0.5937 0.8336
vt 0.576 0.8334
vt 0.5937 0.8179
vt 0.576 0.8185
vt 0.5931 0.8015
vt 0.5754 0.8027
vt 0.5478 0.5478
vt 0.5838 0.5215
vt 0.5741 0.5118
vt 0.5119 0.5741
vt 0.5215 0.5838
vt 0.5614 0.5059
vt 0.5465 0.5046
vt 0.591 0.5491
vt 0.5897 0.5342
vt 0.5343 0.5897
vt 0.5491 0.591
vt 0.5046 0.5465
vt 0.5059 0.5614
vt 0.5643 0.5869
vt 0.5776 0.5776
vt 0.5869 0.5643
vt 0.5313 0.5087
vt 0.5181 0.518
vt 0.5087 0.5313
vn 0.67 0.67 0.32
vn 0.858 0.401 0.32
vn 0.883 0.41 0.228
vn 0.689 0.685 0.236
vn 0.944 0.084 0.32
vn 0.971 0.085 0.222
vn 0.915 -0.244 0.32
vn 0.943 -0.253 0.217
vn 0.915 -0.244 0.32
vn 0.776 -0.543 0.321
vn 0.8 -0.56 0.215
vn 0.943 -0.253 0.217
vn 0.543 -0.776 0.321
vn 0.56 -0.8 0.215
vn 0.244 -0.915 0.32
vn 0.253 -0.943 0.217
vn -0.084 -0.944 0.32
vn -0.085 -0.971 0.222
vn -0.084 -0.944 0.32
vn -0.401 -0.858 0.32
vn -0.41 -0.883 0.228
vn -0.085 -0.971 0.222
vn -0.67 -0.67 0.32
vn -0.685 -0.689 0.236
vn -0.858 -0.401 0.32
vn -0.878 -0.413 0.243
vn -0.944 -0.084 0.32
vn -0.964 -0.088 0.25
vn -0.915 0.244 0.32
vn -0.935 0.248 0.255
vn -0.915 0.244 0.32
vn -0.776 0.543 0.321
vn -0.792 0.553 0.258
vn -0.935 0.248 0.255
vn -0.543 0.776 0.321
vn -0.553 0.792 0.258
vn -0.244 0.915 0.32
vn -0.248 0.935 0.255
vn -0.244 0.915 0.32
vn 0.084 0.944 0.32
vn 0.088 0.964 0.25
vn -0.248 0.935 0.255
vn 0.401 0.858 0.32
vn 0.413 0.878 0.243
vn 0.706 0.706 0.048
vn 0.905 0.423 0.048
vn 0.906 0.424 -0.004
vn 0.707 0.707 -0.004
vn 0.995 0.089 0.048
vn 0.996 0.089 -0.004
vn 0.965 -0.257 0.048
vn 0.966 -0.258 -0.004
vn 0.818 -0.572 0.048
vn 0.819 -0.573 -0.004
vn 0.572 -0.818 0.048
vn 0.573 -0.819 -0.004
vn 0.257 -0.965 0.048
vn 0.258 -0.966 -0.004
vn -0.089 -0.995 0.048
vn -0.089 -0.996 -0.004
vn -0.089 -0.995 0.048
vn -0.423 -0.905 0.048
vn -0.423 -0.906 -0.004
vn -0.089 -0.996 -0.004
vn -0.706 -0.706 0.048
vn -0.707 -0.707 -0.004
vn -0.905 -0.423 0.048
vn -0.906 -0.423 -0.004
vn -0.995 -0.089 0.048
vn -0.996 -0.089 -0.004
vn -0.965 0.257 0.048
vn -0.966 0.258 -0.004
vn -0.818 0.572 0.048
vn -0.819 0.573 -0.004
vn -0.572 0.818 0.048
vn -0.573 0.819 -0.004
vn -0.257 0.965 0.048
vn -0.258 0.966 -0.004
vn 0.089 0.995 0.048
vn 0.089 0.996 -0.004
vn 0.423 0.905 0.048
vn 0.424 0.906 -0.004
vn 0.906 0.424 0
vn 0.707 0.707 0
vn 0.996 0.089 0
vn 0.966 -0.258 0
vn 0.819 -0.573 0
vn 0.573 -0.819 0
vn 0.258 -0.966 0
vn -0.089 -0.996 0
vn -0.423 -0.906 0
vn -0.089 -0.996 0
vn -0.707 -0.707 0
vn -0.906 -0.423 0
vn -0.996 -0.089 0
vn -0.966 0.258 0
vn -0.819 0.573 0
vn -0.573 0.819 0
vn -0.258 0.966 0
vn 0.089 0.996 0
vn 0.424 0.906 0
vn 0.906 0.424 0
vn 0.707 0.707 0
vn 0.996 0.089 0
vn 0.966 -0.258 0
vn 0.819 -0.573 0
vn 0.573 -0.819 0
vn 0.258 -0.966 0
vn -0.089 -0.996 0
vn -0.423 -0.906 0
vn -0.089 -0.996 0
vn -0.707 -0.707 0
vn -0.906 -0.423 0
vn -0.996 -0.089 0
vn -0.966 0.258 0
vn -0.819 0.573 0
vn -0.573 0.819 0
vn -0.258 0.966 0
vn 0.089 0.996 0
vn 0.424 0.906 0
vn 0.906 0.424 0
vn 0.707 0.707 0
vn 0.996 0.089 0
vn 0.966 -0.258 0
vn 0.819 -0.573 0
vn 0.573 -0.819 0
vn 0.258 -0.966 0
vn -0.089 -0.996 0
vn -0.423 -0.906 0
vn -0.089 -0.996 0
vn -0.707 -0.707 0
vn -0.906 -0.423 0
vn -0.996 -0.089 0
vn -0.966 0.258 0
vn -0.819 0.573 0
vn -0.573 0.819 0
vn -0.258 0.966 0
vn 0.089 0.996 0
vn 0.424 0.906 0
vn 0.906 0.424 0
vn 0.707 0.707 0
vn 0.996 0.089 0
vn 0.966 -0.258 0
vn 0.819 -0.573 0
vn 0.573 -0.819 0
vn 0.258 -0.966 0
vn -0.089 -0.996 0
vn -0.423 -0.906 0
vn -0.089 -0.996 0
vn -0.707 -0.707 0
vn -0.906 -0.423 0
vn -0.996 -0.089 0
vn -0.966 0.258 0
vn -0.819 0.573 0
vn -0.573 0.819 0
vn -0.258 0.966 0
vn 0.089 0.996 0
vn 0.424 0.906 0
vn 0.906 0.424 0
vn 0.707 0.707 0
vn 0.996 0.089 0
vn 0.966 -0.258 0
vn 0.819 -0.573 0
vn 0.573 -0.819 0
vn 0.258 -0.966 0
vn -0.089 -0.996 0
vn -0.423 -0.906 0
vn -0.089 -0.996 0
vn -0.707 -0.707 0
vn -0.906 -0.423 0
vn -0.996 -0.089 0
vn -0.966 0.258 0
vn -0.819 0.573 0
vn -0.573 0.819 0
vn -0.258 0.966 0
vn 0.089 0.996 0
vn 0.424 0.906 0
vn 0.699 0.701 0.139
vn 0.897 0.421 0.135
vn 0.987 0.089 0.131
vn 0.958 -0.255 0.129
vn 0.958 -0.255 0.129
vn 0.813 -0.568 0.127
vn 0.568 -0.813 0.127
vn 0.255 -0.958 0.129
vn -0.089 -0.987 0.131
vn -0.089 -0.987 0.131
vn -0.421 -0.897 0.135
vn -0.701 -0.699 0.139
vn -0.897 -0.418 0.142
vn -0.985 -0.087 0.146
vn -0.955 0.255 0.149
vn -0.955 0.255 0.149
vn -0.81 0.567 0.15
vn -0.567 0.81 0.15
vn -0.255 0.955 0.149
vn -0.255 0.955 0.149
vn 0.087 0.985 0.146
vn 0.418 0.897 0.142
vn 0 0 -1
vn 0 0 -1
vn 0 0 -1
vn 0 0 -1
vn 0 0 -1
vn 0 0 -1
vn 0 0 -1
vn 0 0 -1
vn 0 0 -1
vn 0 0 -1
vn 0 0 -1
vn 0 0 -1
vn 0 0 -1
vn 0 0 -1
vn 0 0 -1
vn 0 0 -1
vn 0 0 -1
vn 0 0 -1
vn 0 0 -1
vn 0 0 -1
vn 0 0 -1
vn 0 0 -1
vn 0 0 -1
vn 0 0 -1
vn 0 0 -1
vn 0 0 -1
vn 0 0 -1
vn 0 0 -1
vn 0 0 -1
vn 0 0 -1
vn 0 0 -1
vn 0 0 -1
vn 0 0 -1
vn 0 0 -1
vn 0 0 -1
vn 0 0 -1
vn -0.701 -0.701 -0.127
vn -0.898 -0.421 -0.126
vn -0.899 -0.42 -0.126
vn -0.701 -0.701 -0.127
vn -0.988 -0.09 -0.122
vn -0.989 -0.087 -0.122
vn -0.96 0.254 -0.119
vn -0.959 0.256 -0.119
vn -0.814 0.569 -0.116
vn -0.814 0.569 -0.116
vn -0.569 0.814 -0.116
vn -0.569 0.814 -0.116
vn -0.254 0.96 -0.119
vn -0.256 0.959 -0.119
vn 0.09 0.988 -0.122
vn 0.087 0.989 -0.122
vn 0.421 0.898 -0.126
vn 0.42 0.899 -0.126
vn 0.701 0.701 -0.127
vn 0.701 0.701 -0.127
vn 0.898 0.421 -0.126
vn 0.899 0.42 -0.126
vn 0.988 0.09 -0.122
vn 0.989 0.087 -0.122
vn 0.96 -0.254 -0.119
vn 0.959 -0.256 -0.119
vn 0.814 -0.569 -0.116
vn 0.814 -0.569 -0.116
vn 0.569 -0.814 -0.116
vn 0.569 -0.814 -0.116
vn 0.569 -0.814 -0.116
vn 0.254 -0.96 -0.119
vn 0.256 -0.959 -0.119
vn 0.569 -0.814 -0.116
vn -0.09 -0.988 -0.122
vn -0.087 -0.989 -0.122
vn -0.421 -0.898 -0.126
vn -0.42 -0.899 -0.126
vn 0 0 -1
vn 0 0 -1
vn 0 0 -1
vn 0 0 -1
vn 0 0 -1
vn 0 0 -1
vn 0 0 -1
vn 0 0 -1
vn 0 0 -1
vn 0 0 -1
vn 0 0 -1
vn 0 0 -1
vn 0 0 -1
vn 0 0 -1
vn 0 0 -1
vn 0 0 -1
vn 0 0 -1
vn 0 0 -1
vn 0 0 -1
vn 0 0 -1
vn 0 0 -1
vn 0 0 -1
vn 0 0 -1
vn 0 0 -1
vn 0 0 -1
vn 0 0 -1
vn 0 0 -1
vn 0 0 -1
vn 0 0 -1
vn 0 0 -1
vn 0 0 -1
vn 0 0 -1
vn 0 0 -1
vn 0 0 -1
vn 0 0 -1
vn 0 0 -1
vn 0.696 0.696 -0.175
vn 0.891 0.42 -0.173
vn 0.892 0.418 -0.173
vn 0.696 0.696 -0.175
vn 0.981 0.092 -0.169
vn 0.982 0.089 -0.169
vn 0.955 -0.249 -0.163
vn 0.954 -0.252 -0.163
vn 0.81 -0.564 -0.16
vn 0.809 -0.565 -0.16
vn 0.564 -0.81 -0.16
vn 0.565 -0.809 -0.16
vn 0.249 -0.955 -0.163
vn 0.252 -0.954 -0.163
vn -0.092 -0.981 -0.169
vn -0.089 -0.982 -0.169
vn -0.092 -0.981 -0.169
vn -0.42 -0.891 -0.173
vn -0.418 -0.892 -0.173
vn -0.089 -0.982 -0.169
vn -0.696 -0.696 -0.175
vn -0.696 -0.696 -0.175
vn -0.891 -0.42 -0.173
vn -0.892 -0.418 -0.173
vn -0.981 -0.092 -0.169
vn -0.982 -0.089 -0.169
vn -0.955 0.249 -0.163
vn -0.954 0.252 -0.163
vn -0.81 0.564 -0.16
vn -0.809 0.565 -0.16
vn -0.564 0.81 -0.16
vn -0.565 0.809 -0.16
vn -0.249 0.955 -0.163
vn -0.252 0.954 -0.163
vn 0.092 0.981 -0.169
vn 0.089 0.982 -0.169
vn 0.42 0.891 -0.173
vn 0.418 0.892 -0.173
vn 0 0 -1
vn 0 0 -1
vn 0 0 -1
vn 0 0 -1
vn 0 0 -1
vn 0 0 -1
vn 0 0 -1
vn 0 0 -1
vn 0 0 -1
vn 0 0 -1
vn 0 0 -1
vn 0 0 -1
vn 0 0 -1
vn 0 0 -1
vn 0 0 -1
vn 0 0 -1
vn 0 0 -1
vn 0 0 -1
vn 0 0 -1
vn 0 0 -1
vn 0 0 -1
vn 0 0 -1
vn 0 0 -1
vn 0 0 -1
vn 0 0 -1
vn 0 0 -1
vn 0 0 -1
vn 0 0 -1
vn 0 0 -1
vn 0 0 -1
vn 0 0 -1
vn 0 0 -1
vn 0 0 -1
vn 0 0 -1
vn 0 0 -1
vn 0 0 -1
vn -0.701 -0.701 -0.135
vn -0.896 -0.423 -0.134
vn -0.897 -0.421 -0.134
vn -0.701 -0.701 -0.135
vn -0.987 -0.094 -0.131
vn -0.987 -0.091 -0.131
vn -0.96 0.25 -0.127
vn -0.959 0.252 -0.127
vn -0.815 0.567 -0.124
vn -0.814 0.567 -0.124
vn -0.567 0.815 -0.124
vn -0.567 0.814 -0.124
vn -0.25 0.96 -0.127
vn -0.252 0.959 -0.127
vn 0.094 0.987 -0.131
vn 0.091 0.987 -0.131
vn 0.094 0.987 -0.131
vn 0.423 0.896 -0.134
vn 0.421 0.897 -0.134
vn 0.091 0.987 -0.131
vn 0.701 0.701 -0.135
vn 0.701 0.701 -0.135
vn 0.896 0.423 -0.134
vn 0.897 0.421 -0.134
vn 0.987 0.094 -0.131
vn 0.987 0.091 -0.131
vn 0.96 -0.25 -0.127
vn 0.959 -0.252 -0.127
vn 0.815 -0.567 -0.124
vn 0.814 -0.567 -0.124
vn 0.567 -0.815 -0.124
vn 0.567 -0.814 -0.124
vn 0.25 -0.96 -0.127
vn 0.252 -0.959 -0.127
vn -0.094 -0.987 -0.131
vn -0.091 -0.987 -0.131
vn -0.423 -0.896 -0.134
vn -0.421 -0.897 -0.134
vn 0 0 -1
vn 0 0 -1
vn 0 0 -1
vn 0 0 -1
vn 0 0 -1
vn 0 0 -1
vn 0 0 -1
vn 0 0 -1
vn 0 0 -1
vn 0 0 -1
vn 0 0 -1
vn 0 0 -1
vn 0 0 -1
vn 0 0 -1
vn 0 0 -1
vn 0 0 -1
vn 0 0 -1
vn 0 0 -1
vn 0 0 -1
f 1045/1045/1045 1042/1042/1042 1043/1043/1043
f 1043/1043/1043 1044/1044/1044 1045/1045/1045
f 1044/1044/1044 1043/1043/1043 1046/1046/1046
f 1046/1046/1046 1047/1047/1047 1044/1044/1044
f 1047/1047/1047 1046/1046/1046 1048/1048/1048
f 1048/1048/1048 1049/1049/1049 1047/1047/1047
f 1053/1053/1053 1050/1050/1050 1051/1051/1051
f 1051/1051/1051 1052/1052/1052 1053/1053/1053
f 1052/1052/1052 1051/1051/1051 1054/1054/1054
f 1054/1054/1054 1055/1055/1055 1052/1052/1052
f 1055/1055/1055 1054/1054/1054 1056/1056/1056
f 1056/1056/1056 1057/1057/1057 1055/1055/1055
f 1057/1057/1057 1056/1056/1056 1058/1058/1058
f 1058/1058/1058 1059/1059/1059 1057/1057/1057
f 1063/1063/1063 1060/1060/1060 1061/1061/1061
f 1061/1061/1061 1062/1062/1062 1063/1063/1063
f 1062/1062/1062 1061/1061/1061 1064/1064/1064
f 1064/1064/1064 1065/1065/1065 1062/1062/1062
f 1065/1065/1065 1064/1064/1064 1066/1066/1066
f 1066/1066/1066 1067/1067/1067 1065/1065/1065
f 1067/1067/1067 1066/1066/1066 1068/1068/1068
f 1068/1068/1068 1069/1069/1069 1067/1067/1067
f 1069/1069/1069 1068/1068/1068 1070/1070/1070
f 1070/1070/1070 1071/1071/1071 1069/1069/1069
f 1075/1075/1075 1072/1072/1072 1073/1073/1073
f 1073/1073/1073 1074/1074/1074 1075/1075/1075
f 1074/1074/1074 1073/1073/1073 1076/1076/1076
f 1076/1076/1076 1077/1077/1077 1074/1074/1074
f 1077/1077/1077 1076/1076/1076 1078/1078/1078
f 1078/1078/1078 1079/1079/1079 1077/1077/1077
f 1083/1083/1083 1080/1080/1080 1081/1081/1081
f 1081/1081/1081 1082/1082/1082 1083/1083/1083
f 1082/1082/1082 1081/1081/1081 1084/1084/1084
f 1084/1084/1084 1085/1085/1085 1082/1082/1082
f 1085/1085/1085 1084/1084/1084 1042/1042/1042
f 1042/1042/1042 1045/1045/1045 1085/1085/1085
f 1089/1089/1089 1086/1086/1086 1087/1087/1087
f 1087/1087/1087 1088/1088/1088 1089/1089/1089
f 1088/1088/1088 1087/1087/1087 1090/1090/1090
f 1090/1090/1090 1091/1091/1091 1088/1088/1088
f 1091/1091/1091 1090/1090/1090 1092/1092/1092
f 1092/1092/1092 1093/1093/1093 1091/1091/1091
f 1093/1093/1093 1092/1092/1092 1094/1094/1094
f 1094/1094/1094 1095/1095/1095 1093/1093/1093
f 1095/1095/1095 1094/1094/1094 1096/1096/1096
f 1096/1096/1096 1097/1097/1097 1095/1095/1095
f 1097/1097/1097 1096/1096/1096 1098/1098/1098
f 1098/1098/1098 1099/1099/1099 1097/1097/1097
f 1099/1099/1099 1098/1098/1098 1100/1100/1100
f 1100/1100/1100 1101/1101/1101 1099/1099/1099
f 1105/1105/1105 1102/1102/1102 1103/1103/1103
f 1103/1103/1103 1104/1104/1104 1105/1105/1105
f 1104/1104/1104 1103/1103/1103 1106/1106/1106
f 1106/1106/1106 1107/1107/1107 1104/1104/1104
f 1107/1107/1107 1106/1106/1106 1108/1108/1108
f 1108/1108/1108 1109/1109/1109 1107/1107/1107
f 1109/1109/1109 1108/1108/1108 1110/1110/1110
f 1110/1110/1110 1111/1111/1111 1109/1109/1109
f 1111/1111/1111 1110/1110/1110 1112/1112/1112
f 1112/1112/1112 1113/1113/1113 1111/1111/1111
f 1113/1113/1113 1112/1112/1112 1114/1114/1114
f 1114/1114/1114 1115/1115/1115 1113/1113/1113
f 1115/1115/1115 1114/1114/1114 1116/1116/1116
f 1116/1116/1116 1117/1117/1117 1115/1115/1115
f 1117/1117/1117 1116/1116/1116 1118/1118/1118
f 1118/1118/1118 1119/1119/1119 1117/1117/1117
f 1119/1119/1119 1118/1118/1118 1120/1120/1120
f 1120/1120/1120 1121/1121/1121 1119/1119/1119
f 1121/1121/1121 1120/1120/1120 1122/1122/1122
f 1122/1122/1122 1123/1123/1123 1121/1121/1121
f 1123/1123/1123 1122/1122/1122 1086/1086/1086
f 1086/1086/1086 1089/1089/1089 1123/1123/1123
f 1088/1088/1088 1124/1124/1124 1125/1125/1125
f 1125/1125/1125 1089/1089/1089 1088/1088/1088
f 1091/1091/1091 1126/1126/1126 1124/1124/1124
f 1124/1124/1124 1088/1088/1088 1091/1091/1091
f 1093/1093/1093 1127/1127/1127 1126/1126/1126
f 1126/1126/1126 1091/1091/1091 1093/1093/1093
f 1095/1095/1095 1128/1128/1128 1127/1127/1127
f 1127/1127/1127 1093/1093/1093 1095/1095/1095
f 1097/1097/1097 1129/1129/1129 1128/1128/1128
f 1128/1128/1128 1095/1095/1095 1097/1097/1097
f 1099/1099/1099 1130/1130/1130 1129/1129/1129
f 1129/1129/1129 1097/1097/1097 1099/1099/1099
f 1101/1101/1101 1131/1131/1131 1130/1130/1130
f 1130/1130/1130 1099/1099/1099 1101/1101/1101
f 1104/1104/1104 1132/1132/1132 1133/1133/1133
f 1133/1133/1133 1105/1105/1105 1104/1104/1104
f 1107/1107/1107 1134/1134/1134 1132/1132/1132
f 1132/1132/1132 1104/1104/1104 1107/1107/1107
f 1109/1109/1109 1135/1135/1135 1134/1134/1134
f 1134/1134/1134 1107/1107/1107 1109/1109/1109
f 1111/1111/1111 1136/1136/1136 1135/1135/1135
f 1135/1135/1135 1109/1109/1109 1111/1111/1111
f 1113/1113/1113 1137/1137/1137 1136/1136/1136
f 1136/1136/1136 1111/1111/1111 1113/1113/1113
f 1115/1115/1115 1138/1138/1138 1137/1137/1137
f 1137/1137/1137 1113/1113/1113 1115/1115/1115
f 1117/1117/1117 1139/1139/1139 1138/1138/1138
f 1138/1138/1138 1115/1115/1115 1117/1117/1117
f 1119/1119/1119 1140/1140/1140 1139/1139/1139
f 1139/1139/1139 1117/1117/1117 1119/1119/1119
f 1121/1121/1121 1141/1141/1141 1140/1140/1140
f 1140/1140/1140 1119/1119/1119 1121/1121/1121
f 1123/1123/1123 1142/1142/1142 1141/1141/1141
f 1141/1141/1141 1121/1121/1121 1123/1123/1123
f 1089/1089/1089 1125/1125/1125 1142/1142/1142
f 1142/1142/1142 1123/1123/1123 1089/1089/1089
f 1144/1144/1144 1125/1125/1125 1124/1124/1124
f 1124/1124/1124 1143/1143/1143 1144/1144/1144
f 1143/1143/1143 1124/1124/1124 1126/1126/1126
f 1126/1126/1126 1145/1145/1145 1143/1143/1143
f 1145/1145/1145 1126/1126/1126 1127/1127/1127
f 1127/1127/1127 1146/1146/1146 1145/1145/1145
f 1146/1146/1146 1127/1127/1127 1128/1128/1128
f 1128/1128/1128 1147/1147/1147 1146/1146/1146
f 1147/1147/1147 1128/1128/1128 1129/1129/1129
f 1129/1129/1129 1148/1148/1148 1147/1147/1147
f 1148/1148/1148 1129/1129/1129 1130/1130/1130
f 1130/1130/1130 1149/1149/1149 1148/1148/1148
f 1149/1149/1149 1130/1130/1130 1131/1131/1131
f 1131/1131/1131 1150/1150/1150 1149/1149/1149
f 1152/1152/1152 1133/1133/1133 1132/1132/1132
f 1132/1132/1132 1151/1151/1151 1152/1152/1152
f 1151/1151/1151 1132/1132/1132 1134/1134/1134
f 1134/1134/1134 1153/1153/1153 1151/1151/1151
f 1153/1153/1153 1134/1134/1134 1135/1135/1135
f 1135/1135/1135 1154/1154/1154 1153/1153/1153
f 1154/1154/1154 1135/1135/1135 1136/1136/1136
f 1136/1136/1136 1155/1155/1155 1154/1154/1154
f 1155/1155/1155 1136/1136/1136 1137/1137/1137
f 1137/1137/1137 1156/1156/1156 1155/1155/1155
f 1156/1156/1156 1137/1137/1137 1138/1138/1138
f 1138/1138/1138 1157/1157/1157 1156/1156/1156
f 1157/1157/1157 1138/1138/1138 1139/1139/1139
f 1139/1139/1139 1158/1158/1158 1157/1157/1157
f 1158/1158/1158 1139/1139/1139 1140/1140/1140
f 1140/1140/1140 1159/1159/1159 1158/1158/1158
f 1159/1159/1159 1140/1140/1140 1141/1141/1141
f 1141/1141/1141 1160/1160/1160 1159/1159/1159
f 1160/1160/1160 1141/1141/1141 1142/1142/1142
f 1142/1142/1142 1161/1161/1161 1160/1160/1160
f 1161/1161/1161 1142/1142/1142 1125/1125/1125
f 1125/1125/1125 1144/1144/1144 1161/1161/1161
f 1163/1163/1163 1144/1144/1144 1143/1143/1143
f 1143/1143/1143 1162/1162/1162 1163/1163/1163
f 1162/1162/1162 1143/1143/1143 1145/1145/1145
f 1145/1145/1145 1164/1164/1164 1162/1162/1162
f 1164/1164/1164 1145/1145/1145 1146/1146/1146
f 1146/1146/1146 1165/1165/1165 1164/1164/1164
f 1165/1165/1165 1146/1146/1146 1147/1147/1147
f 1147/1147/1147 1166/1166/1166 1165/1165/1165
f 1166/1166/1166 1147/1147/1147 1148/1148/1148
f 1148/1148/1148 1167/1167/1167 1166/1166/1166
f 1167/1167/1167 1148/1148/1148 1149/1149/1149
f 1149/1149/1149 1168/1168/1168 1167/1167/1167
f 1168/1168/1168 1149/1149/1149 1150/1150/1150
f 1150/1150/1150 1169/1169/1169 1168/1168/1168
f 1171/1171/1171 1152/1152/1152 1151/1151/1151
f 1151/1151/1151 1170/1170/1170 1171/1171/1171
f 1170/1170/1170 1151/1151/1151 1153/1153/1153
f 1153/1153/1153 1172/1172/1172 1170/1170/1170
f 1172/1172/1172 1153/1153/1153 1154/1154/1154
f 1154/1154/1154 1173/1173/1173 1172/1172/1172
f 1173/1173/1173 1154/1154/1154 1155/1155/1155
f 1155/1155/1155 1174/1174/1174 1173/1173/1173
f 1174/1174/1174 1155/1155/1155 1156/1156/1156
f 1156/1156/1156 1175/1175/1175 1174/1174/1174
f 1175/1175/1175 1156/1156/1156 1157/1157/1157
f 1157/1157/1157 1176/1176/1176 1175/1175/1175
f 1176/1176/1176 1157/1157/1157 1158/1158/1158
f 1158/1158/1158 1177/1177/1177 1176/1176/1176
f 1177/1177/1177 1158/1158/1158 1159/1159/1159
f 1159/1159/1159 1178/1178/1178 1177/1177/1177
f 1178/1178/1178 1159/1159/1159 1160/1160/1160
f 1160/1160/1160 1179/1179/1179 1178/1178/1178
f 1179/1179/1179 1160/1160/1160 1161/1161/1161
f 1161/1161/1161 1180/1180/1180 1179/1179/1179
f 1180/1180/1180 1161/1161/1161 1144/1144/1144
f 1144/1144/1144 1163/1163/1163 1180/1180/1180
f 1182/1182/1182 1163/1163/1163 1162/1162/1162
f 1162/1162/1162 1181/1181/1181 1182/1182/1182
f 1181/1181/1181 1162/1162/1162 1164/1164/1164
f 1164/1164/1164 1183/1183/1183 1181/1181/1181
f 1183/1183/1183 1164/1164/1164 1165/1165/1165
f 1165/1165/1165 1184/1184/1184 1183/1183/1183
f 1184/1184/1184 1165/1165/1165 1166/1166/1166
f 1166/1166/1166 1185/1185/1185 1184/1184/1184
f 1185/1185/1185 1166/1166/1166 1167/1167/1167
f 1167/1167/1167 1186/1186/1186 1185/1185/1185
f 1186/1186/1186 1167/1167/1167 1168/1168/1168
f 1168/1168/1168 1187/1187/1187 1186/1186/1186
f 1187/1187/1187 1168/1168/1168 1169/1169/1169
f 1169/1169/1169 1188/1188/1188 1187/1187/1187
f 1190/1190/1190 1171/1171/1171 1170/1170/1170
f 1170/1170/1170 1189/1189/1189 1190/1190/1190
f 1189/1189/1189 1170/1170/1170 1172/1172/1172
f 1172/1172/1172 1191/1191/1191 1189/1189/1189
f 1191/1191/1191 1172/1172/1172 1173/1173/1173
f 1173/1173/1173 1192/1192/1192 1191/1191/1191
f 1192/1192/1192 1173/1173/1173 1174/1174/1174
f 1174/1174/1174 1193/1193/1193 1192/1192/1192
f 1193/1193/1193 1174/1174/1174 1175/1175/1175
f 1175/1175/1175 1194/1194/1194 1193/1193/1193
f 1194/1194/1194 1175/1175/1175 1176/1176/1176
f 1176/1176/1176 1195/1195/1195 1194/1194/1194
f 1195/1195/1195 1176/1176/1176 1177/1177/1177
f 1177/1177/1177 1196/1196/1196 1195/1195/1195
f 1196/1196/1196 1177/1177/1177 1178/1178/1178
f 1178/1178/1178 1197/1197/1197 1196/1196/1196
f 1197/1197/1197 1178/1178/1178 1179/1179/1179
f 1179/1179/1179 1198/1198/1198 1197/1197/1197
f 1198/1198/1198 1179/1179/1179 1180/1180/1180
f 1180/1180/1180 1199/1199/1199 1198/1198/1198
f 1199/1199/1199 1180/1180/1180 1163/1163/1163
f 1163/1163/1163 1182/1182/1182 1199/1199/1199
f 1201/1201/1201 1182/1182/1182 1181/1181/1181
f 1181/1181/1181 1200/1200/1200 1201/1201/1201
f 1200/1200/1200 1181/1181/1181 1183/1183/1183
f 1183/1183/1183 1202/1202/1202 1200/1200/1200
f 1202/1202/1202 1183/1183/1183 1184/1184/1184
f 1184/1184/1184 1203/1203/1203 1202/1202/1202
f 1203/1203/1203 1184/1184/1184 1185/1185/1185
f 1185/1185/1185 1204/1204/1204 1203/1203/1203
f 1204/1204/1204 1185/1185/1185 1186/1186/1186
f 1186/1186/1186 1205/1205/1205 1204/1204/1204
f 1205/1205/1205 1186/1186/1186 1187/1187/1187
f 1187/1187/1187 1206/1206/1206 1205/1205/1205
f 1206/1206/1206 1187/1187/1187 1188/1188/1188
f 1188/1188/1188 1207/1207/1207 1206/1206/1206
f 1209/1209/1209 1190/1190/1190 1189/1189/1189
f 1189/1189/1189 1208/1208/1208 1209/1209/1209
f 1208/1208/1208 1189/1189/1189 1191/1191/1191
f 1191/1191/1191 1210/1210/1210 1208/1208/1208
f 1210/1210/1210 1191/1191/1191 1192/1192/1192
f 1192/1192/1192 1211/1211/1211 1210/1210/1210
f 1211/1211/1211 1192/1192/1192 1193/1193/1193
f 1193/1193/1193 1212/1212/1212 1211/1211/1211
f 1212/1212/1212 1193/1193/1193 1194/1194/1194
f 1194/1194/1194 1213/1213/1213 1212/1212/1212
f 1213/1213/1213 1194/1194/1194 1195/1195/1195
f 1195/1195/1195 1214/1214/1214 1213/1213/1213
f 1214/1214/1214 1195/1195/1195 1196/1196/1196
f 1196/1196/1196 1215/1215/1215 1214/1214/1214
f 1215/1215/1215 1196/1196/1196 1197/1197/1197
f 1197/1197/1197 1216/1216/1216 1215/1215/1215
f 1216/1216/1216 1197/1197/1197 1198/1198/1198
f 1198/1198/1198 1217/1217/1217 1216/1216/1216
f 1217/1217/1217 1198/1198/1198 1199/1199/1199
f 1199/1199/1199 1218/1218/1218 1217/1217/1217
f 1218/1218/1218 1199/1199/1199 1182/1182/1182
f 1182/1182/1182 1201/1201/1201 1218/1218/1218
f 1086/1086/1086 1219/1219/1219 1220/1220/1220
f 1220/1220/1220 1087/1087/1087 1086/1086/1086
f 1087/1087/1087 1220/1220/1220 1221/1221/1221
f 1221/1221/1221 1090/1090/1090 1087/1087/1087
f 1090/1090/1090 1221/1221/1221 1222/1222/1222
f 1222/1222/1222 1092/1092/1092 1090/1090/1090
f 1092/1092/1092 1223/1223/1223 1224/1224/1224
f 1224/1224/1224 1094/1094/1094 1092/1092/1092
f 1094/1094/1094 1224/1224/1224 1225/1225/1225
f 1225/1225/1225 1096/1096/1096 1094/1094/1094
f 1096/1096/1096 1225/1225/1225 1226/1226/1226
f 1226/1226/1226 1098/1098/1098 1096/1096/1096
f 1098/1098/1098 1226/1226/1226 1227/1227/1227
f 1227/1227/1227 1100/1100/1100 1098/1098/1098
f 1102/1102/1102 1228/1228/1228 1229/1229/1229
f 1229/1229/1229 1103/1103/1103 1102/1102/1102
f 1103/1103/1103 1229/1229/1229 1230/1230/1230
f 1230/1230/1230 1106/1106/1106 1103/1103/1103
f 1106/1106/1106 1230/1230/1230 1231/1231/1231
f 1231/1231/1231 1108/1108/1108 1106/1106/1106
f 1108/1108/1108 1231/1231/1231 1232/1232/1232
f 1232/1232/1232 1110/1110/1110 1108/1108/1108
f 1110/1110/1110 1232/1232/1232 1233/1233/1233
f 1233/1233/1233 1112/1112/1112 1110/1110/1110
f 1112/1112/1112 1234/1234/1234 1235/1235/1235
f 1235/1235/1235 1114/1114/1114 1112/1112/1112
f 1114/1114/1114 1235/1235/1235 1236/1236/1236
f 1236/1236/1236 1116/1116/1116 1114/1114/1114
f 1116/1116/1116 1236/1236/1236 1237/1237/1237
f 1237/1237/1237 1118/1118/1118 1116/1116/1116
f 1118/1118/1118 1238/1238/1238 1239/1239/1239
f 1239/1239/1239 1120/1120/1120 1118/1118/1118
f 1120/1120/1120 1239/1239/1239 1240/1240/1240
f 1240/1240/1240 1122/1122/1122 1120/1120/1120
f 1122/1122/1122 1240/1240/1240 1219/1219/1219
f 1219/1219/1219 1086/1086/1086 1122/1122/1122
f 1044/1044/1044 1220/1220/1220 1219/1219/1219
f 1219/1219/1219 1045/1045/1045 1044/1044/1044
f 1047/1047/1047 1221/1221/1221 1220/1220/1220
f 1220/1220/1220 1044/1044/1044 1047/1047/1047
f 1049/1049/1049 1222/1222/1222 1221/1221/1221
f 1221/1221/1221 1047/1047/1047 1049/1049/1049
f 1052/1052/1052 1224/1224/1224 1223/1223/1223
f 1223/1223/1223 1053/1053/1053 1052/1052/1052
f 1055/1055/1055 1225/1225/1225 1224/1224/1224
f 1224/1224/1224 1052/1052/1052 1055/1055/1055
f 1057/1057/1057 1226/1226/1226 1225/1225/1225
f 1225/1225/1225 1055/1055/1055 1057/1057/1057
f 1059/1059/1059 1227/1227/1227 1226/1226/1226
f 1226/1226/1226 1057/1057/1057 1059/1059/1059
f 1062/1062/1062 1229/1229/1229 1228/1228/1228
f 1228/1228/1228 1063/1063/1063 1062/1062/1062
f 1065/1065/1065 1230/1230/1230 1229/1229/1229
f 1229/1229/1229 1062/1062/1062 1065/1065/1065
f 1067/1067/1067 1231/1231/1231 1230/1230/1230
f 1230/1230/1230 1065/1065/1065 1067/1067/1067
f 1069/1069/1069 1232/1232/1232 1231/1231/1231
f 1231/1231/1231 1067/1067/1067 1069/1069/1069
f 1071/1071/1071 1233/1233/1233 1232/1232/1232
f 1232/1232/1232 1069/1069/1069 1071/1071/1071
f 1074/1074/1074 1235/1235/1235 1234/1234/1234
f 1234/1234/1234 1075/1075/1075 1074/1074/1074
f 1077/1077/1077 1236/1236/1236 1235/1235/1235
f 1235/1235/1235 1074/1074/1074 1077/1077/1077
f 1079/1079/1079 1237/1237/1237 1236/1236/1236
f 1236/1236/1236 1077/1077/1077 1079/1079/1079
f 1082/1082/1082 1239/1239/1239 1238/1238/1238
f 1238/1238/1238 1083/1083/1083 1082/1082/1082
f 1085/1085/1085 1240/1240/1240 1239/1239/1239
f 1239/1239/1239 1082/1082/1082 1085/1085/1085
f 1045/1045/1045 1219/1219/1219 1240/1240/1240
f 1240/1240/1240 1085/1085/1085 1045/1045/1045
f 1244/1244/1244 1241/1241/1241 1242/1242/1242
f 1242/1242/1242 1243/1243/1243 1244/1244/1244
f 1243/1243/1243 1242/1242/1242 1245/1245/1245
f 1245/1245/1245 1246/1246/1246 1243/1243/1243
f 1246/1246/1246 1245/1245/1245 1247/1247/1247
f 1247/1247/1247 1248/1248/1248 1246/1246/1246
f 1248/1248/1248 1247/1247/1247 1249/1249/1249
f 1249/1249/1249 1250/1250/1250 1248/1248/1248
f 1250/1250/1250 1249/1249/1249 1251/1251/1251
f 1251/1251/1251 1252/1252/1252 1250/1250/1250
f 1252/1252/1252 1251/1251/1251 1253/1253/1253
f 1253/1253/1253 1254/1254/1254 1252/1252/1252
f 1254/1254/1254 1253/1253/1253 1255/1255/1255
f 1255/1255/1255 1256/1256/1256 1254/1254/1254
f 1256/1256/1256 1255/1255/1255 1257/1257/1257
f 1257/1257/1257 1258/1258/1258 1256/1256/1256
f 1258/1258/1258 1257/1257/1257 1259/1259/1259
f 1259/1259/1259 1260/1260/1260 1258/1258/1258
f 1260/1260/1260 1259/1259/1259 1261/1261/1261
f 1261/1261/1261 1262/1262/1262 1260/1260/1260
f 1262/1262/1262 1261/1261/1261 1263/1263/1263
f 1263/1263/1263 1264/1264/1264 1262/1262/1262
f 1264/1264/1264 1263/1263/1263 1265/1265/1265
f 1265/1265/1265 1266/1266/1266 1264/1264/1264
f 1266/1266/1266 1265/1265/1265 1267/1267/1267
f 1267/1267/1267 1268/1268/1268 1266/1266/1266
f 1268/1268/1268 1267/1267/1267 1269/1269/1269
f 1269/1269/1269 1270/1270/1270 1268/1268/1268
f 1270/1270/1270 1269/1269/1269 1271/1271/1271
f 1271/1271/1271 1272/1272/1272 1270/1270/1270
f 1272/1272/1272 1271/1271/1271 1273/1273/1273
f 1273/1273/1273 1274/1274/1274 1272/1272/1272
f 1274/1274/1274 1273/1273/1273 1275/1275/1275
f 1275/1275/1275 1276/1276/1276 1274/1274/1274
f 1276/1276/1276 1275/1275/1275 1241/1241/1241
f 1241/1241/1241 1244/1244/1244 1276/1276/1276
f 1280/1280/1280 1277/1277/1277 1278/1278/1278
f 1278/1278/1278 1279/1279/1279 1280/1280/1280
f 1279/1279/1279 1278/1278/1278 1281/1281/1281
f 1281/1281/1281 1282/1282/1282 1279/1279/1279
f 1282/1282/1282 1281/1281/1281 1283/1283/1283
f 1283/1283/1283 1284/1284/1284 1282/1282/1282
f 1284/1284/1284 1283/1283/1283 1285/1285/1285
f 1285/1285/1285 1286/1286/1286 1284/1284/1284
f 1286/1286/1286 1285/1285/1285 1287/1287/1287
f 1287/1287/1287 1288/1288/1288 1286/1286/1286
f 1288/1288/1288 1287/1287/1287 1289/1289/1289
f 1289/1289/1289 1290/1290/1290 1288/1288/1288
f 1290/1290/1290 1289/1289/1289 1291/1291/1291
f 1291/1291/1291 1292/1292/1292 1290/1290/1290
f 1292/1292/1292 1291/1291/1291 1293/1293/1293
f 1293/1293/1293 1294/1294/1294 1292/1292/1292
f 1294/1294/1294 1293/1293/1293 1295/1295/1295
f 1295/1295/1295 1296/1296/1296 1294/1294/1294
f 1296/1296/1296 1295/1295/1295 1297/1297/1297
f 1297/1297/1297 1298/1298/1298 1296/1296/1296
f 1298/1298/1298 1297/1297/1297 1299/1299/1299
f 1299/1299/1299 1300/1300/1300 1298/1298/1298
f 1300/1300/1300 1299/1299/1299 1301/1301/1301
f 1301/1301/1301 1302/1302/1302 1300/1300/1300
f 1302/1302/1302 1301/1301/1301 1303/1303/1303
f 1303/1303/1303 1304/1304/1304 1302/1302/1302
f 1304/1304/1304 1303/1303/1303 1305/1305/1305
f 1305/1305/1305 1306/1306/1306 1304/1304/1304
f 1310/1310/1310 1307/1307/1307 1308/1308/1308
f 1308/1308/1308 1309/1309/1309 1310/1310/1310
f 1309/1309/1309 1308/1308/1308 1311/1311/1311
f 1311/1311/1311 1312/1312/1312 1309/1309/1309
f 1312/1312/1312 1311/1311/1311 1313/1313/1313
f 1313/1313/1313 1314/1314/1314 1312/1312/1312
f 1314/1314/1314 1313/1313/1313 1277/1277/1277
f 1277/1277/1277 1280/1280/1280 1314/1314/1314
f 1318/1318/1318 1315/1315/1315 1316/1316/1316
f 1316/1316/1316 1317/1317/1317 1318/1318/1318
f 1317/1317/1317 1316/1316/1316 1319/1319/1319
f 1319/1319/1319 1320/1320/1320 1317/1317/1317
f 1320/1320/1320 1319/1319/1319 1321/1321/1321
f 1321/1321/1321 1322/1322/1322 1320/1320/1320
f 1322/1322/1322 1321/1321/1321 1323/1323/1323
f 1323/1323/1323 1324/1324/1324 1322/1322/1322
f 1324/1324/1324 1323/1323/1323 1325/1325/1325
f 1325/1325/1325 1326/1326/1326 1324/1324/1324
f 1326/1326/1326 1325/1325/1325 1327/1327/1327
f 1327/1327/1327 1328/1328/1328 1326/1326/1326
f 1328/1328/1328 1327/1327/1327 1329/1329/1329
f 1329/1329/1329 1330/1330/1330 1328/1328/1328
f 1330/1330/1330 1329/1329/1329 1331/1331/1331
f 1331/1331/1331 1332/1332/1332 1330/1330/1330
f 1332/1332/1332 1331/1331/1331 1333/1333/1333
f 1333/1333/1333 1334/1334/1334 1332/1332/1332
f 1334/1334/1334 1333/1333/1333 1335/1335/1335
f 1335/1335/1335 1336/1336/1336 1334/1334/1334
f 1336/1336/1336 1335/1335/1335 1337/1337/1337
f 1337/1337/1337 1338/1338/1338 1336/1336/1336
f 1338/1338/1338 1337/1337/1337 1339/1339/1339
f 1339/1339/1339 1340/1340/1340 1338/1338/1338
f 1340/1340/1340 1339/1339/1339 1341/1341/1341
f 1341/1341/1341 1342/1342/1342 1340/1340/1340
f 1342/1342/1342 1341/1341/1341 1343/1343/1343
f 1343/1343/1343 1344/1344/1344 1342/1342/1342
f 1344/1344/1344 1343/1343/1343 1345/1345/1345
f 1345/1345/1345 1346/1346/1346 1344/1344/1344
f 1346/1346/1346 1345/1345/1345 1347/1347/1347
f 1347/1347/1347 1348/1348/1348 1346/1346/1346
f 1348/1348/1348 1347/1347/1347 1349/1349/1349
f 1349/1349/1349 1350/1350/1350 1348/1348/1348
f 1350/1350/1350 1349/1349/1349 1315/1315/1315
f 1315/1315/1315 1318/1318/1318 1350/1350/1350
f 1354/1354/1354 1351/1351/1351 1352/1352/1352
f 1352/1352/1352 1353/1353/1353 1354/1354/1354
f 1353/1353/1353 1352/1352/1352 1355/1355/1355
f 1355/1355/1355 1356/1356/1356 1353/1353/1353
f 1356/1356/1356 1355/1355/1355 1357/1357/1357
f 1357/1357/1357 1358/1358/1358 1356/1356/1356
f 1358/1358/1358 1357/1357/1357 1359/1359/1359
f 1359/1359/1359 1360/1360/1360 1358/1358/1358
f 1360/1360/1360 1359/1359/1359 1361/1361/1361
f 1361/1361/1361 1362/1362/1362 1360/1360/1360
f 1362/1362/1362 1361/1361/1361 1363/1363/1363
f 1363/1363/1363 1364/1364/1364 1362/1362/1362
f 1364/1364/1364 1363/1363/1363 1365/1365/1365
f 1365/1365/1365 1366/1366/1366 1364/1364/1364
f 1370/1370/1370 1367/1367/1367 1368/1368/1368
f 1368/1368/1368 1369/1369/1369 1370/1370/1370
f 1369/1369/1369 1368/1368/1368 1371/1371/1371
f 1371/1371/1371 1372/1372/1372 1369/1369/1369
f 1372/1372/1372 1371/1371/1371 1373/1373/1373
f 1373/1373/1373 1374/1374/1374 1372/1372/1372
f 1374/1374/1374 1373/1373/1373 1375/1375/1375
f 1375/1375/1375 1376/1376/1376 1374/1374/1374
f 1376/1376/1376 1375/1375/1375 1377/1377/1377
f 1377/1377/1377 1378/1378/1378 1376/1376/1376
f 1378/1378/1378 1377/1377/1377 1379/1379/1379
f 1379/1379/1379 1380/1380/1380 1378/1378/1378
f 1380/1380/1380 1379/1379/1379 1381/1381/1381
f 1381/1381/1381 1382/1382/1382 1380/1380/1380
f 1382/1382/1382 1381/1381/1381 1383/1383/1383
f 1383/1383/1383 1384/1384/1384 1382/1382/1382
f 1384/1384/1384 1383/1383/1383 1385/1385/1385
f 1385/1385/1385 1386/1386/1386 1384/1384/1384
f 1386/1386/1386 1385/1385/1385 1387/1387/1387
f 1387/1387/1387 1388/1388/1388 1386/1386/1386
f 1388/1388/1388 1387/1387/1387 1351/1351/1351
f 1351/1351/1351 1354/1354/1354 1388/1388/1388
f 1392/1392/1392 1389/1389/1389 1390/1390/1390
f 1390/1390/1390 1391/1391/1391 1392/1392/1392
f 1391/1391/1391 1390/1390/1390 1393/1393/1393
f 1393/1393/1393 1394/1394/1394 1391/1391/1391
f 1394/1394/1394 1393/1393/1393 1395/1395/1395
f 1395/1395/1395 1396/1396/1396 1394/1394/1394
f 1396/1396/1396 1395/1395/1395 1397/1397/1397
f 1397/1397/1397 1398/1398/1398 1396/1396/1396
f 1398/1398/1398 1397/1397/1397 1399/1399/1399
f 1399/1399/1399 1400/1400/1400 1398/1398/1398
f 1400/1400/1400 1399/1399/1399 1401/1401/1401
f 1401/1401/1401 1402/1402/1402 1400/1400/1400
f 1402/1402/1402 1401/1401/1401 1403/1403/1403
f 1403/1403/1403 1404/1404/1404 1402/1402/1402
f 1404/1404/1404 1403/1403/1403 1405/1405/1405
f 1405/1405/1405 1406/1406/1406 1404/1404/1404
f 1406/1406/1406 1405/1405/1405 1407/1407/1407
f 1407/1407/1407 1408/1408/1408 1406/1406/1406
f 1408/1408/1408 1407/1407/1407 1409/1409/1409
f 1409/1409/1409 1410/1410/1410 1408/1408/1408
f 1410/1410/1410 1409/1409/1409 1411/1411/1411
f 1411/1411/1411 1412/1412/1412 1410/1410/1410
f 1412/1412/1412 1411/1411/1411 1413/1413/1413
f 1413/1413/1413 1414/1414/1414 1412/1412/1412
f 1414/1414/1414 1413/1413/1413 1415/1415/1415
f 1415/1415/1415 1416/1416/1416 1414/1414/1414
f 1416/1416/1416 1415/1415/1415 1417/1417/1417
f 1417/1417/1417 1418/1418/1418 1416/1416/1416
f 1418/1418/1418 1417/1417/1417 1419/1419/1419
f 1419/1419/1419 1420/1420/1420 1418/1418/1418
f 1420/1420/1420 1419/1419/1419 1421/1421/1421
f 1421/1421/1421 1422/1422/1422 1420/1420/1420
f 1422/1422/1422 1421/1421/1421 1423/1423/1423
f 1423/1423/1423 1424/1424/1424 1422/1422/1422
f 1424/1424/1424 1423/1423/1423 1389/1389/1389
f 1389/1389/1389 1392/1392/1392 1424/1424/1424
f 1428/1428/1428 1425/1425/1425 1426/1426/1426
f 1426/1426/1426 1427/1427/1427 1428/1428/1428
f 1427/1427/1427 1426/1426/1426 1429/1429/1429
f 1429/1429/1429 1430/1430/1430 1427/1427/1427
f 1430/1430/1430 1429/1429/1429 1431/1431/1431
f 1431/1431/1431 1432/1432/1432 1430/1430/1430
f 1432/1432/1432 1431/1431/1431 1433/1433/1433
f 1433/1433/1433 1434/1434/1434 1432/1432/1432
f 1434/1434/1434 1433/1433/1433 1435/1435/1435
f 1435/1435/1435 1436/1436/1436 1434/1434/1434
f 1436/1436/1436 1435/1435/1435 1437/1437/1437
f 1437/1437/1437 1438/1438/1438 1436/1436/1436
f 1438/1438/1438 1437/1437/1437 1439/1439/1439
f 1439/1439/1439 1440/1440/1440 1438/1438/1438
f 1444/1444/1444 1441/1441/1441 1442/1442/1442
f 1442/1442/1442 1443/1443/1443 1444/1444/1444
f 1443/1443/1443 1442/1442/1442 1445/1445/1445
f 1445/1445/1445 1446/1446/1446 1443/1443/1443
f 1446/1446/1446 1445/1445/1445 1447/1447/1447
f 1447/1447/1447 1448/1448/1448 1446/1446/1446
f 1448/1448/1448 1447/1447/1447 1449/1449/1449
f 1449/1449/1449 1450/1450/1450 1448/1448/1448
f 1450/1450/1450 1449/1449/1449 1451/1451/1451
f 1451/1451/1451 1452/1452/1452 1450/1450/1450
f 1452/1452/1452 1451/1451/1451 1453/1453/1453
f 1453/1453/1453 1454/1454/1454 1452/1452/1452
f 1454/1454/1454 1453/1453/1453 1455/1455/1455
f 1455/1455/1455 1456/1456/1456 1454/1454/1454
f 1456/1456/1456 1455/1455/1455 1457/1457/1457
f 1457/1457/1457 1458/1458/1458 1456/1456/1456
f 1458/1458/1458 1457/1457/1457 1459/1459/1459
f 1459/1459/1459 1460/1460/1460 1458/1458/1458
f 1460/1460/1460 1459/1459/1459 1461/1461/1461
f 1461/1461/1461 1462/1462/1462 1460/1460/1460
f 1462/1462/1462 1461/1461/1461 1425/1425/1425
f 1425/1425/1425 1428/1428/1428 1462/1462/1462
f 1463/1463/1463 1464/1464/1464 1465/1465/1465
f 1466/1466/1466 1467/1467/1467 1463/1463/1463
f 1465/1465/1465 1468/1468/1468 1469/1469/1469
f 1469/1469/1469 1463/1463/1463 1465/1465/1465
f 1463/1463/1463 1470/1470/1470 1471/1471/1471
f 1471/1471/1471 1464/1464/1464 1463/1463/1463
f 1467/1467/1467 1472/1472/1472 1473/1473/1473
f 1473/1473/1473 1463/1463/1463 1467/1467/1467
f 1463/1463/1463 1474/1474/1474 1475/1475/1475
f 1475/1475/1475 1466/1466/1466 1463/1463/1463
f 1473/1473/1473 1476/1476/1476 1477/1477/1477
f 1477/1477/1477 1463/1463/1463 1473/1473/1473
f 1463/1463/1463 1477/1477/1477 1478/1478/1478
f 1478/1478/1478 1470/1470/1470 1463/1463/1463
f 1469/1469/1469 1479/1479/1479 1480/1480/1480
f 1480/1480/1480 1463/1463/1463 1469/1469/1469
f 1463/1463/1463 1480/1480/1480 1481/1481/1481
f 1481/1481/1481 1474/1474/1474 1463/1463/1463
