# converted from weapons_pack_ekmek.glb by gltf2obj.py (node transforms baked, V flipped)
mtllib aim9m_ekmek.mtl
o AIM9M_0__AIM9Material
g AIM9M_0__AIM9Material
usemtl AIM9Material
v -0.00319 0.13293 -1.45275
v -0.00319 0.13293 -1.45275
v -0.00319 0.13293 0.89947
v -0.00319 0.13293 0.89947
v 0.0409 0.12416 -1.45275
v 0.0409 0.12416 -1.45275
v 0.0409 0.12416 0.89947
v 0.0409 0.12416 0.89947
v 0.07827 0.09919 -1.45275
v 0.07827 0.09919 -1.45275
v 0.07827 0.09919 0.89947
v 0.07827 0.09919 0.89947
v 0.10325 0.06181 -1.45275
v 0.10325 0.06181 -1.45275
v 0.10325 0.06181 0.89947
v 0.10325 0.06181 0.89947
v 0.11202 0.01772 -1.45275
v 0.11202 0.01772 -1.45275
v 0.11202 0.01772 0.89947
v 0.11202 0.01772 0.89947
v 0.10325 -0.02637 -1.45275
v 0.10325 -0.02637 -1.45275
v 0.10325 -0.02637 0.89947
v 0.10325 -0.02637 0.89947
v 0.07827 -0.06374 -1.45275
v 0.07827 -0.06374 -1.45275
v 0.07827 -0.06374 0.89947
v 0.07827 -0.06374 0.89947
v 0.0409 -0.08872 -1.45275
v 0.0409 -0.08872 -1.45275
v 0.0409 -0.08872 0.89947
v 0.0409 -0.08872 0.89947
v -0.00319 -0.09749 -1.45275
v -0.00319 -0.09749 -1.45275
v -0.00319 -0.09749 0.89947
v -0.00319 -0.09749 0.89947
v -0.04728 -0.08872 -1.45275
v -0.04728 -0.08872 -1.45275
v -0.04728 -0.08872 0.89947
v -0.04728 -0.08872 0.89947
v -0.08466 -0.06374 -1.45275
v -0.08466 -0.06374 -1.45275
v -0.08466 -0.06374 0.89947
v -0.08466 -0.06374 0.89947
v -0.10963 -0.02637 -1.45275
v -0.10963 -0.02637 -1.45275
v -0.10963 -0.02637 0.89947
v -0.10963 -0.02637 0.89947
v -0.1184 0.01772 -1.45275
v -0.1184 0.01772 -1.45275
v -0.1184 0.01772 0.89947
v -0.1184 0.01772 0.89947
v -0.10963 0.06181 -1.45275
v -0.10963 0.06181 -1.45275
v -0.10963 0.06181 0.89947
v -0.10963 0.06181 0.89947
v -0.08466 0.09919 -1.45275
v -0.08466 0.09919 -1.45275
v -0.08466 0.09919 0.89947
v -0.08466 0.09919 0.89947
v -0.04728 0.12416 -1.45275
v -0.04728 0.12416 -1.45275
v -0.04728 0.12416 0.89947
v -0.04728 0.12416 0.89947
v -0.00319 0.13293 0.93458
v -0.00319 0.13293 0.93458
v 0.0409 0.12416 0.93458
v 0.0409 0.12416 0.93458
v 0.07827 0.09919 0.93458
v 0.07827 0.09919 0.93458
v 0.10325 0.06181 0.93458
v 0.10325 0.06181 0.93458
v 0.11202 0.01772 0.93458
v 0.11202 0.01772 0.93458
v 0.10325 -0.02637 0.93458
v 0.10325 -0.02637 0.93458
v 0.07827 -0.06374 0.93458
v 0.07827 -0.06374 0.93458
v 0.0409 -0.08872 0.93458
v 0.0409 -0.08872 0.93458
v -0.00319 -0.09749 0.93458
v -0.00319 -0.09749 0.93458
v -0.04728 -0.08872 0.93458
v -0.04728 -0.08872 0.93458
v -0.08466 -0.06374 0.93458
v -0.08466 -0.06374 0.93458
v -0.10963 -0.02637 0.93458
v -0.10963 -0.02637 0.93458
v -0.1184 0.01772 0.93458
v -0.1184 0.01772 0.93458
v -0.10963 0.06181 0.93458
v -0.10963 0.06181 0.93458
v -0.08466 0.09919 0.93458
v -0.08466 0.09919 0.93458
v -0.04728 0.12416 0.93458
v -0.04728 0.12416 0.93458
v -0.00319 0.13293 1.04752
v -0.00319 0.13293 1.04752
v 0.0409 0.12416 1.04752
v 0.0409 0.12416 1.04752
v 0.07827 0.09919 1.04752
v 0.07827 0.09919 1.04752
v 0.10325 0.06181 1.04752
v 0.10325 0.06181 1.04752
v 0.11202 0.01772 1.04752
v 0.11202 0.01772 1.04752
v 0.10325 -0.02637 1.04752
v 0.10325 -0.02637 1.04752
v 0.07827 -0.06374 1.04752
v 0.07827 -0.06374 1.04752
v 0.0409 -0.08872 1.04752
v 0.0409 -0.08872 1.04752
v -0.00319 -0.09749 1.04752
v -0.00319 -0.09749 1.04752
v -0.04728 -0.08872 1.04752
v -0.04728 -0.08872 1.04752
v -0.08466 -0.06374 1.04752
v -0.08466 -0.06374 1.04752
v -0.10963 -0.02637 1.04752
v -0.10963 -0.02637 1.04752
v -0.1184 0.01772 1.04752
v -0.1184 0.01772 1.04752
v -0.10963 0.06181 1.04752
v -0.10963 0.06181 1.04752
v -0.08466 0.09919 1.04752
v -0.08466 0.09919 1.04752
v -0.04728 0.12416 1.04752
v -0.04728 0.12416 1.04752
v -0.00319 0.13293 1.08416
v -0.00319 0.13293 1.08416
v 0.0409 0.12416 1.08416
v 0.0409 0.12416 1.08416
v 0.07827 0.09919 1.08416
v 0.07827 0.09919 1.08416
v 0.10325 0.06181 1.08416
v 0.10325 0.06181 1.08416
v 0.11202 0.01772 1.08416
v 0.11202 0.01772 1.08416
v 0.10325 -0.02637 1.08416
v 0.10325 -0.02637 1.08416
v 0.07827 -0.06374 1.08416
v 0.07827 -0.06374 1.08416
v 0.0409 -0.08872 1.08416
v 0.0409 -0.08872 1.08416
v -0.00319 -0.09749 1.08416
v -0.00319 -0.09749 1.08416
v -0.04728 -0.08872 1.08416
v -0.04728 -0.08872 1.08416
v -0.08466 -0.06374 1.08416
v -0.08466 -0.06374 1.08416
v -0.10963 -0.02637 1.08416
v -0.10963 -0.02637 1.08416
v -0.1184 0.01772 1.08416
v -0.1184 0.01772 1.08416
v -0.10963 0.06181 1.08416
v -0.10963 0.06181 1.08416
v -0.08466 0.09919 1.08416
v -0.08466 0.09919 1.08416
v -0.04728 0.12416 1.08416
v -0.04728 0.12416 1.08416
v -0.00319 0.13293 1.20321
v -0.00319 0.13293 1.20321
v 0.0409 0.12416 1.20321
v 0.0409 0.12416 1.20321
v 0.07827 0.09919 1.20321
v 0.07827 0.09919 1.20321
v 0.10325 0.06181 1.20321
v 0.10325 0.06181 1.20321
v 0.11202 0.01772 1.20321
v 0.11202 0.01772 1.20321
v 0.10325 -0.02637 1.20321
v 0.10325 -0.02637 1.20321
v 0.07827 -0.06374 1.20321
v 0.07827 -0.06374 1.20321
v 0.0409 -0.08872 1.20321
v 0.0409 -0.08872 1.20321
v -0.00319 -0.09749 1.20321
v -0.00319 -0.09749 1.20321
v -0.04728 -0.08872 1.20321
v -0.04728 -0.08872 1.20321
v -0.08466 -0.06374 1.20321
v -0.08466 -0.06374 1.20321
v -0.10963 -0.02637 1.20321
v -0.10963 -0.02637 1.20321
v -0.1184 0.01772 1.20321
v -0.1184 0.01772 1.20321
v -0.10963 0.06181 1.20321
v -0.10963 0.06181 1.20321
v -0.08466 0.09919 1.20321
v -0.08466 0.09919 1.20321
v -0.04728 0.12416 1.20321
v -0.04728 0.12416 1.20321
v -0.00319 0.13293 1.21847
v -0.00319 0.13293 1.21847
v 0.0409 0.12416 1.21847
v 0.0409 0.12416 1.21847
v 0.07827 0.09919 1.21847
v 0.07827 0.09919 1.21847
v 0.10325 0.06181 1.21847
v 0.10325 0.06181 1.21847
v 0.11202 0.01772 1.21847
v 0.11202 0.01772 1.21847
v 0.10325 -0.02637 1.21847
v 0.10325 -0.02637 1.21847
v 0.07827 -0.06374 1.21847
v 0.07827 -0.06374 1.21847
v 0.0409 -0.08872 1.21847
v 0.0409 -0.08872 1.21847
v -0.00319 -0.09749 1.21847
v -0.00319 -0.09749 1.21847
v -0.04728 -0.08872 1.21847
v -0.04728 -0.08872 1.21847
v -0.08466 -0.06374 1.21847
v -0.08466 -0.06374 1.21847
v -0.10963 -0.02637 1.21847
v -0.10963 -0.02637 1.21847
v -0.1184 0.01772 1.21847
v -0.1184 0.01772 1.21847
v -0.10963 0.06181 1.21847
v -0.10963 0.06181 1.21847
v -0.08466 0.09919 1.21847
v -0.08466 0.09919 1.21847
v -0.04728 0.12416 1.21847
v -0.04728 0.12416 1.21847
v -0.00319 0.13293 1.40927
v -0.00319 0.13293 1.40927
v 0.0409 0.12416 1.40927
v 0.0409 0.12416 1.40927
v 0.07827 0.09919 1.40927
v 0.07827 0.09919 1.40927
v 0.10325 0.06181 1.40927
v 0.10325 0.06181 1.40927
v 0.11202 0.01772 1.40927
v 0.11202 0.01772 1.40927
v 0.10325 -0.02637 1.40927
v 0.10325 -0.02637 1.40927
v 0.07827 -0.06374 1.40927
v 0.07827 -0.06374 1.40927
v 0.0409 -0.08872 1.40927
v 0.0409 -0.08872 1.40927
v -0.00319 -0.09749 1.40927
v -0.00319 -0.09749 1.40927
v -0.04728 -0.08872 1.40927
v -0.04728 -0.08872 1.40927
v -0.08466 -0.06374 1.40927
v -0.08466 -0.06374 1.40927
v -0.10963 -0.02637 1.40927
v -0.10963 -0.02637 1.40927
v -0.1184 0.01772 1.40927
v -0.1184 0.01772 1.40927
v -0.10963 0.06181 1.40927
v -0.10963 0.06181 1.40927
v -0.08466 0.09919 1.40927
v -0.08466 0.09919 1.40927
v -0.04728 0.12416 1.40927
v -0.04728 0.12416 1.40927
v -0.00319 0.13293 1.42453
v -0.00319 0.13293 1.42453
v 0.0409 0.12416 1.42453
v 0.0409 0.12416 1.42453
v 0.07827 0.09919 1.42453
v 0.07827 0.09919 1.42453
v 0.10325 0.06181 1.42453
v 0.10325 0.06181 1.42453
v 0.11202 0.01772 1.42453
v 0.11202 0.01772 1.42453
v 0.10325 -0.02637 1.42453
v 0.10325 -0.02637 1.42453
v 0.07827 -0.06374 1.42453
v 0.07827 -0.06374 1.42453
v 0.0409 -0.08872 1.42453
v 0.0409 -0.08872 1.42453
v -0.00319 -0.09749 1.42453
v -0.00319 -0.09749 1.42453
v -0.04728 -0.08872 1.42453
v -0.04728 -0.08872 1.42453
v -0.08466 -0.06374 1.42453
v -0.08466 -0.06374 1.42453
v -0.10963 -0.02637 1.42453
v -0.10963 -0.02637 1.42453
v -0.1184 0.01772 1.42453
v -0.1184 0.01772 1.42453
v -0.10963 0.06181 1.42453
v -0.10963 0.06181 1.42453
v -0.08466 0.09919 1.42453
v -0.08466 0.09919 1.42453
v -0.04728 0.12416 1.42453
v -0.04728 0.12416 1.42453
v -0.00319 0.13293 1.91906
v -0.00319 0.13293 1.91906
v 0.0409 0.12416 1.91906
v 0.0409 0.12416 1.91906
v 0.07827 0.09918 1.91906
v 0.07827 0.09918 1.91906
v 0.10325 0.06181 1.91906
v 0.10325 0.06181 1.91906
v 0.11202 0.01772 1.91906
v 0.11202 0.01772 1.91906
v 0.10325 -0.02637 1.91906
v 0.10325 -0.02637 1.91906
v 0.07827 -0.06374 1.91906
v 0.07827 -0.06374 1.91906
v 0.0409 -0.08872 1.91906
v 0.0409 -0.08872 1.91906
v -0.00319 -0.09749 1.91906
v -0.00319 -0.09749 1.91906
v -0.04728 -0.08872 1.91906
v -0.04728 -0.08872 1.91906
v -0.08466 -0.06374 1.91906
v -0.08466 -0.06374 1.91906
v -0.10963 -0.02637 1.91906
v -0.10963 -0.02637 1.91906
v -0.1184 0.01772 1.91906
v -0.1184 0.01772 1.91906
v -0.10963 0.06181 1.91906
v -0.10963 0.06181 1.91906
v -0.08466 0.09919 1.91906
v -0.08466 0.09919 1.91906
v -0.04728 0.12416 1.91906
v -0.04728 0.12416 1.91906
v -0.01468 0.13236 -1.43264
v -0.01468 0.13236 -1.43264
v -0.01468 0.13236 -1.43264
v -0.00319 0.13293 1.95417
v -0.00319 0.13293 1.95417
v 0.0409 0.12416 1.95417
v 0.0409 0.12416 1.95417
v 0.07827 0.09918 1.95417
v 0.07827 0.09918 1.95417
v 0.10325 0.06181 1.95417
v 0.10325 0.06181 1.95417
v 0.11202 0.01772 1.95417
v 0.11202 0.01772 1.95417
v 0.10325 -0.02637 1.95417
v 0.10325 -0.02637 1.95417
v 0.07827 -0.06374 1.95417
v 0.07827 -0.06374 1.95417
v 0.0409 -0.08872 1.95417
v 0.0409 -0.08872 1.95417
v -0.00319 -0.09749 1.95417
v -0.00319 -0.09749 1.95417
v -0.04728 -0.08872 1.95417
v -0.04728 -0.08872 1.95417
v -0.08466 -0.06374 1.95417
v -0.08466 -0.06374 1.95417
v -0.10963 -0.02637 1.95417
v -0.10963 -0.02637 1.95417
v -0.1184 0.01772 1.95417
v -0.1184 0.01772 1.95417
v -0.10963 0.06181 1.95417
v -0.10963 0.06181 1.95417
v -0.08466 0.09919 1.95417
v -0.08466 0.09919 1.95417
v -0.04728 0.12416 1.95417
v -0.04728 0.12416 1.95417
v -0.00319 0.13293 1.9847
v -0.00319 0.13293 1.9847
v 0.0409 0.12416 1.9847
v 0.0409 0.12416 1.9847
v 0.07827 0.09918 1.9847
v 0.07827 0.09918 1.9847
v 0.10325 0.06181 1.9847
v 0.10325 0.06181 1.9847
v 0.11202 0.01772 1.9847
v 0.11202 0.01772 1.9847
v 0.10325 -0.02637 1.9847
v 0.10325 -0.02637 1.9847
v 0.07827 -0.06374 1.9847
v 0.07827 -0.06374 1.9847
v 0.0409 -0.08872 1.9847
v 0.0409 -0.08872 1.9847
v -0.00319 -0.09749 1.9847
v -0.00319 -0.09749 1.9847
v -0.04728 -0.08872 1.9847
v -0.04728 -0.08872 1.9847
v -0.08466 -0.06374 1.9847
v -0.08466 -0.06374 1.9847
v -0.10963 -0.02637 1.9847
v -0.10963 -0.02637 1.9847
v -0.1184 0.01772 1.9847
v -0.1184 0.01772 1.9847
v -0.10963 0.06181 1.9847
v -0.10963 0.06181 1.9847
v -0.08466 0.09919 1.9847
v -0.08466 0.09919 1.9847
v -0.04728 0.12416 1.9847
v -0.04728 0.12416 1.9847
v -0.00319 0.13293 2.30039
v -0.00319 0.13293 2.30039
v 0.0409 0.12416 2.30039
v 0.0409 0.12416 2.30039
v 0.07827 0.09918 2.30039
v 0.07827 0.09918 2.30039
v 0.10325 0.06181 2.30039
v 0.10325 0.06181 2.30039
v 0.11202 0.01772 2.30039
v 0.11202 0.01772 2.30039
v 0.10325 -0.02637 2.30039
v 0.10325 -0.02637 2.30039
v 0.07827 -0.06374 2.30039
v 0.07827 -0.06374 2.30039
v 0.0409 -0.08872 2.30039
v 0.0409 -0.08872 2.30039
v -0.00319 -0.09749 2.30039
v -0.00319 -0.09749 2.30039
v -0.04728 -0.08872 2.30039
v -0.04728 -0.08872 2.30039
v -0.08466 -0.06374 2.30039
v -0.08466 -0.06374 2.30039
v -0.10963 -0.02637 2.30039
v -0.10963 -0.02637 2.30039
v -0.1184 0.01772 2.30039
v -0.1184 0.01772 2.30039
v -0.10963 0.06181 2.30039
v -0.10963 0.06181 2.30039
v -0.08466 0.09918 2.30039
v -0.08466 0.09918 2.30039
v -0.04728 0.12416 2.30039
v -0.04728 0.12416 2.30039
v -0.00319 0.13293 -2.32314
v -0.00319 0.13293 -2.32314
v -0.00319 0.13293 -2.32314
v -0.00319 0.13293 -2.32314
v 0.0409 0.12416 -2.32314
v 0.0409 0.12416 -2.32314
v 0.0409 0.12416 -2.32314
v 0.0409 0.12416 -2.32314
v 0.07827 0.09919 -2.32314
v 0.07827 0.09919 -2.32314
v 0.07827 0.09919 -2.32314
v 0.07827 0.09919 -2.32314
v 0.10325 0.06181 -2.32314
v 0.10325 0.06181 -2.32314
v 0.10325 0.06181 -2.32314
v 0.10325 0.06181 -2.32314
v 0.11202 0.01772 -2.32314
v 0.11202 0.01772 -2.32314
v 0.11202 0.01772 -2.32314
v 0.11202 0.01772 -2.32314
v 0.10325 -0.02637 -2.32314
v 0.10325 -0.02637 -2.32314
v 0.10325 -0.02637 -2.32314
v 0.10325 -0.02637 -2.32314
v 0.07827 -0.06374 -2.32314
v 0.07827 -0.06374 -2.32314
v 0.07827 -0.06374 -2.32314
v 0.07827 -0.06374 -2.32314
v 0.0409 -0.08872 -2.32314
v 0.0409 -0.08872 -2.32314
v 0.0409 -0.08872 -2.32314
v 0.0409 -0.08872 -2.32314
v -0.00319 -0.09749 -2.32314
v -0.00319 -0.09749 -2.32314
v -0.00319 -0.09749 -2.32314
v -0.00319 -0.09749 -2.32314
v -0.04728 -0.08872 -2.32314
v -0.04728 -0.08872 -2.32314
v -0.04728 -0.08872 -2.32314
v -0.04728 -0.08872 -2.32314
v -0.08466 -0.06374 -2.32314
v -0.08466 -0.06374 -2.32314
v -0.08466 -0.06374 -2.32314
v -0.08466 -0.06374 -2.32314
v -0.10963 -0.02637 -2.32314
v -0.10963 -0.02637 -2.32314
v -0.10963 -0.02637 -2.32314
v -0.10963 -0.02637 -2.32314
v -0.1184 0.01772 -2.32314
v -0.1184 0.01772 -2.32314
v -0.1184 0.01772 -2.32314
v -0.1184 0.01772 -2.32314
v -0.10963 0.06181 -2.32314
v -0.10963 0.06181 -2.32314
v -0.10963 0.06181 -2.32314
v -0.10963 0.06181 -2.32314
v -0.08466 0.09919 -2.32314
v -0.08466 0.09919 -2.32314
v -0.08466 0.09919 -2.32314
v -0.08466 0.09919 -2.32314
v -0.04728 0.12416 -2.32314
v -0.04728 0.12416 -2.32314
v -0.04728 0.12416 -2.32314
v -0.04728 0.12416 -2.32314
v -0.00319 0.12177 -2.35479
v -0.00319 0.12177 -2.35479
v -0.00319 0.12177 -2.35479
v -0.00319 0.12177 -2.35479
v 0.03662 0.11385 -2.35479
v 0.03662 0.11385 -2.35479
v 0.03662 0.11385 -2.35479
v 0.03662 0.11385 -2.35479
v 0.07038 0.09129 -2.35479
v 0.07038 0.09129 -2.35479
v 0.07038 0.09129 -2.35479
v 0.07038 0.09129 -2.35479
v 0.09293 0.05754 -2.35479
v 0.09293 0.05754 -2.35479
v 0.09293 0.05754 -2.35479
v 0.09293 0.05754 -2.35479
v 0.10085 0.01772 -2.35479
v 0.10085 0.01772 -2.35479
v 0.10085 0.01772 -2.35479
v 0.10085 0.01772 -2.35479
v 0.09293 -0.02209 -2.35479
v 0.09293 -0.02209 -2.35479
v 0.09293 -0.02209 -2.35479
v 0.09293 -0.02209 -2.35479
v 0.07038 -0.05585 -2.35479
v 0.07038 -0.05585 -2.35479
v 0.07038 -0.05585 -2.35479
v 0.07038 -0.05585 -2.35479
v 0.03662 -0.0784 -2.35479
v 0.03662 -0.0784 -2.35479
v 0.03662 -0.0784 -2.35479
v 0.03662 -0.0784 -2.35479
v -0.00319 -0.08632 -2.35479
v -0.00319 -0.08632 -2.35479
v -0.00319 -0.08632 -2.35479
v -0.00319 -0.08632 -2.35479
v -0.04301 -0.0784 -2.35479
v -0.04301 -0.0784 -2.35479
v -0.04301 -0.0784 -2.35479
v -0.04301 -0.0784 -2.35479
v -0.07676 -0.05585 -2.35479
v -0.07676 -0.05585 -2.35479
v -0.07676 -0.05585 -2.35479
v -0.07676 -0.05585 -2.35479
v -0.09932 -0.02209 -2.35479
v -0.09932 -0.02209 -2.35479
v -0.09932 -0.02209 -2.35479
v -0.09932 -0.02209 -2.35479
v -0.10724 0.01772 -2.35479
v -0.10724 0.01772 -2.35479
v -0.10724 0.01772 -2.35479
v -0.10724 0.01772 -2.35479
v -0.09932 0.05754 -2.35479
v -0.09932 0.05754 -2.35479
v -0.09932 0.05754 -2.35479
v -0.09932 0.05754 -2.35479
v -0.07676 0.09129 -2.35479
v -0.07676 0.09129 -2.35479
v -0.07676 0.09129 -2.35479
v -0.07676 0.09129 -2.35479
v -0.04301 0.11385 -2.35479
v -0.04301 0.11385 -2.35479
v -0.04301 0.11385 -2.35479
v -0.04301 0.11385 -2.35479
v -0.00319 0.12177 -2.45237
v -0.00319 0.12177 -2.45237
v -0.00319 0.12177 -2.45237
v -0.00319 0.12177 -2.45237
v 0.03662 0.11385 -2.45237
v 0.03662 0.11385 -2.45237
v 0.03662 0.11385 -2.45237
v 0.03662 0.11385 -2.45237
v 0.07038 0.09129 -2.45237
v 0.07038 0.09129 -2.45237
v 0.07038 0.09129 -2.45237
v 0.07038 0.09129 -2.45237
v 0.09293 0.05754 -2.45237
v 0.09293 0.05754 -2.45237
v 0.09293 0.05754 -2.45237
v 0.09293 0.05754 -2.45237
v 0.10085 0.01772 -2.45237
v 0.10085 0.01772 -2.45237
v 0.10085 0.01772 -2.45237
v 0.10085 0.01772 -2.45237
v 0.09293 -0.02209 -2.45237
v 0.09293 -0.02209 -2.45237
v 0.09293 -0.02209 -2.45237
v 0.09293 -0.02209 -2.45237
v 0.07038 -0.05585 -2.45237
v 0.07038 -0.05585 -2.45237
v 0.07038 -0.05585 -2.45237
v 0.07038 -0.05585 -2.45237
v 0.03662 -0.0784 -2.45237
v 0.03662 -0.0784 -2.45237
v 0.03662 -0.0784 -2.45237
v 0.03662 -0.0784 -2.45237
v -0.00319 -0.08632 -2.45237
v -0.00319 -0.08632 -2.45237
v -0.00319 -0.08632 -2.45237
v -0.00319 -0.08632 -2.45237
v -0.04301 -0.0784 -2.45237
v -0.04301 -0.0784 -2.45237
v -0.04301 -0.0784 -2.45237
v -0.04301 -0.0784 -2.45237
v -0.07676 -0.05585 -2.45237
v -0.07676 -0.05585 -2.45237
v -0.07676 -0.05585 -2.45237
v -0.07676 -0.05585 -2.45237
v -0.09932 -0.02209 -2.45237
v -0.09932 -0.02209 -2.45237
v -0.09932 -0.02209 -2.45237
v -0.09932 -0.02209 -2.45237
v -0.10724 0.01772 -2.45237
v -0.10724 0.01772 -2.45237
v -0.10724 0.01772 -2.45237
v -0.10724 0.01772 -2.45237
v -0.09932 0.05754 -2.45237
v -0.09932 0.05754 -2.45237
v -0.09932 0.05754 -2.45237
v -0.09932 0.05754 -2.45237
v -0.07676 0.09129 -2.45237
v -0.07676 0.09129 -2.45237
v -0.07676 0.09129 -2.45237
v -0.07676 0.09129 -2.45237
v -0.04301 0.11385 -2.45237
v -0.04301 0.11385 -2.45237
v -0.04301 0.11385 -2.45237
v -0.04301 0.11385 -2.45237
v -0.00319 0.11132 -2.47084
v -0.00319 0.11132 -2.47084
v 0.03263 0.1042 -2.47084
v 0.03263 0.1042 -2.47084
v 0.06299 0.08391 -2.47084
v 0.06299 0.08391 -2.47084
v 0.08328 0.05354 -2.47084
v 0.08328 0.05354 -2.47084
v 0.09041 0.01772 -2.47084
v 0.09041 0.01772 -2.47084
v 0.08328 -0.0181 -2.47084
v 0.08328 -0.0181 -2.47084
v 0.06299 -0.04846 -2.47084
v 0.06299 -0.04846 -2.47084
v 0.03263 -0.06875 -2.47084
v 0.03263 -0.06875 -2.47084
v -0.00319 -0.07588 -2.47084
v -0.00319 -0.07588 -2.47084
v -0.03901 -0.06875 -2.47084
v -0.03901 -0.06875 -2.47084
v -0.06938 -0.04846 -2.47084
v -0.06938 -0.04846 -2.47084
v -0.08967 -0.0181 -2.47084
v -0.08967 -0.0181 -2.47084
v -0.09679 0.01772 -2.47084
v -0.09679 0.01772 -2.47084
v -0.08967 0.05354 -2.47084
v -0.08967 0.05354 -2.47084
v -0.06938 0.08391 -2.47084
v -0.06938 0.08391 -2.47084
v -0.03901 0.1042 -2.47084
v -0.03901 0.1042 -2.47084
v -0.01468 0.38679 -1.72057
v -0.01468 0.38679 -1.72057
v -0.01468 0.38679 -1.72057
v -0.01468 0.13236 -2.3224
v -0.01468 0.13236 -2.3224
v -0.01468 0.13236 -2.3224
v -0.01522 0.38408 -2.14988
v -0.01522 0.38408 -2.14988
v -0.01522 0.38408 -2.14988
v 0.01688 0.13236 -1.43264
v 0.01688 0.13236 -1.43264
v 0.01688 0.13236 -1.43264
v 0.01688 0.38679 -1.72057
v 0.01688 0.38679 -1.72057
v 0.01688 0.38679 -1.72057
v 0.01688 0.13236 -2.3224
v 0.01688 0.13236 -2.3224
v 0.01688 0.13236 -2.3224
v -0.01522 0.28257 -2.14988
v -0.01522 0.28257 -2.14988
v -0.01522 0.28257 -2.14988
v -0.01468 0.13236 -1.77401
v -0.01468 0.13236 -1.77401
v -0.01468 0.38679 -1.77401
v -0.01468 0.38679 -1.77401
v 0.01688 0.13236 -1.77401
v 0.01688 0.13236 -1.77401
v 0.01688 0.38679 -1.77401
v 0.01688 0.38679 -1.77401
v -0.01468 0.38679 -2.15023
v -0.01468 0.38679 -2.15023
v -0.01468 0.38679 -2.15023
v 0.01688 0.13236 -2.15024
v 0.01688 0.13236 -2.15024
v -0.01468 0.13236 -2.15024
v -0.01468 0.13236 -2.15024
v 0.01688 0.38679 -2.15023
v 0.01688 0.38679 -2.15023
v 0.01688 0.38679 -2.15023
v -0.01468 0.28077 -1.6006
v -0.01468 0.28077 -1.6006
v -0.01468 0.28077 -2.3224
v -0.01468 0.28077 -2.3224
v -0.01468 0.28077 -2.3224
v 0.01688 0.28077 -2.3224
v 0.01688 0.28077 -2.3224
v 0.01688 0.28077 -2.3224
v 0.01688 0.28077 -1.6006
v 0.01688 0.28077 -1.6006
v 0.01688 0.28077 -1.77401
v -0.01468 0.28077 -1.77401
v 0.01688 0.28077 -2.15024
v 0.01688 0.28077 -2.15024
v 0.01688 0.28077 -2.15024
v -0.01468 0.28077 -2.15024
v -0.01468 0.28077 -2.15024
v -0.01468 0.28077 -2.15024
v -0.01522 0.28257 -2.32309
v -0.01522 0.28257 -2.32309
v -0.01522 0.28257 -2.32309
v -0.01522 0.38408 -2.32309
v -0.01522 0.38408 -2.32309
v -0.01522 0.38408 -2.32309
v 0.01689 0.28257 -2.14988
v 0.01689 0.28257 -2.14988
v 0.01689 0.28257 -2.14988
v 0.01689 0.38408 -2.14988
v 0.01689 0.38408 -2.14988
v 0.01689 0.38408 -2.14988
v 0.01689 0.28257 -2.32309
v 0.01689 0.28257 -2.32309
v 0.01689 0.28257 -2.32309
v 0.01689 0.38408 -2.32309
v 0.01689 0.38408 -2.32309
v 0.01689 0.38408 -2.32309
v -0.01522 0.42088 -2.23649
v -0.01522 0.42088 -2.23649
v -0.01522 0.42088 -2.23649
v -0.01522 0.28257 -2.23649
v -0.01522 0.28257 -2.23649
v 0.01689 0.28257 -2.23649
v 0.01689 0.28257 -2.23649
v 0.01689 0.42088 -2.23649
v 0.01689 0.42088 -2.23649
v 0.01689 0.42088 -2.23649
v -0.01465 -0.13236 -1.42605
v -0.01465 -0.13236 -1.42605
v -0.01465 -0.13236 -1.42605
v -0.01465 -0.38679 -1.71398
v -0.01465 -0.38679 -1.71398
v -0.01465 -0.38679 -1.71398
v -0.01465 -0.13236 -2.31581
v -0.01465 -0.13236 -2.31581
v -0.01518 -0.38408 -2.14329
v -0.01518 -0.38408 -2.14329
v -0.01518 -0.38408 -2.14329
v 0.01691 -0.13236 -1.42605
v 0.01691 -0.13236 -1.42605
v 0.01691 -0.13236 -1.42605
v 0.01691 -0.38679 -1.71398
v 0.01691 -0.38679 -1.71398
v 0.01691 -0.38679 -1.71398
v 0.01691 -0.13236 -2.31581
v 0.01691 -0.13236 -2.31581
v -0.01518 -0.28257 -2.14329
v -0.01518 -0.28257 -2.14329
v -0.01518 -0.28257 -2.14329
v -0.01465 -0.13236 -1.76742
v -0.01465 -0.38679 -1.76742
v -0.01465 -0.38679 -1.76742
v 0.01691 -0.13236 -1.76742
v 0.01691 -0.38679 -1.76742
v 0.01691 -0.38679 -1.76742
v -0.01465 -0.38679 -2.14364
v -0.01465 -0.38679 -2.14364
v -0.01465 -0.38679 -2.14364
v 0.01691 -0.13236 -2.14364
v -0.01465 -0.13236 -2.14364
v 0.01691 -0.38679 -2.14364
v 0.01691 -0.38679 -2.14364
v 0.01691 -0.38679 -2.14364
v -0.01465 -0.28077 -1.59401
v -0.01465 -0.28077 -1.59401
v -0.01465 -0.28077 -2.31581
v -0.01465 -0.28077 -2.31581
v -0.01465 -0.28077 -2.31581
v 0.01691 -0.28077 -2.31581
v 0.01691 -0.28077 -2.31581
v 0.01691 -0.28077 -2.31581
v 0.01691 -0.28077 -1.59401
v 0.01691 -0.28077 -1.59401
v 0.01691 -0.28077 -1.76742
v -0.01465 -0.28077 -1.76742
v 0.01691 -0.28077 -2.14364
v 0.01691 -0.28077 -2.14364
v 0.01691 -0.28077 -2.14364
v -0.01465 -0.28077 -2.14364
v -0.01465 -0.28077 -2.14364
v -0.01465 -0.28077 -2.14364
v -0.01518 -0.28257 -2.3165
v -0.01518 -0.28257 -2.3165
v -0.01518 -0.28257 -2.3165
v -0.01518 -0.38408 -2.3165
v -0.01518 -0.38408 -2.3165
v -0.01518 -0.38408 -2.3165
v 0.01693 -0.28257 -2.14329
v 0.01693 -0.28257 -2.14329
v 0.01693 -0.28257 -2.14329
v 0.01693 -0.38408 -2.14329
v 0.01693 -0.38408 -2.14329
v 0.01693 -0.38408 -2.14329
v 0.01693 -0.28257 -2.3165
v 0.01693 -0.28257 -2.3165
v 0.01693 -0.28257 -2.3165
v 0.01693 -0.38408 -2.3165
v 0.01693 -0.38408 -2.3165
v 0.01693 -0.38408 -2.3165
v -0.01518 -0.42088 -2.22989
v -0.01518 -0.42088 -2.22989
v -0.01518 -0.42088 -2.22989
v -0.01518 -0.28257 -2.22989
v -0.01518 -0.28257 -2.22989
v 0.01693 -0.28257 -2.22989
v 0.01693 -0.28257 -2.22989
v 0.01693 -0.42088 -2.22989
v 0.01693 -0.42088 -2.22989
v 0.01693 -0.42088 -2.22989
v -0.01465 -0.10056 -1.42605
v -0.01465 -0.10056 -1.42605
v -0.01465 -0.10056 -1.42605
v -0.01465 -0.10056 -2.31581
v -0.01465 -0.10056 -2.31581
v -0.01465 -0.10056 -2.31581
v 0.01691 -0.10056 -1.42605
v 0.01691 -0.10056 -1.42605
v 0.01691 -0.10056 -1.42605
v 0.01691 -0.10056 -2.31581
v 0.01691 -0.10056 -2.31581
v 0.01691 -0.10056 -2.31581
v -0.01465 -0.10056 -1.76742
v -0.01465 -0.10056 -1.76742
v 0.01691 -0.10056 -1.76742
v 0.01691 -0.10056 -1.76742
v 0.01691 -0.10056 -2.14364
v 0.01691 -0.10056 -2.14364
v -0.01465 -0.10056 -2.14364
v -0.01465 -0.10056 -2.14364
v 0.1074 0.03185 -1.43264
v 0.1074 0.03185 -1.43264
v 0.1074 0.03185 -1.43264
v 0.36183 0.03185 -1.72057
v 0.36183 0.03185 -1.72057
v 0.36183 0.03185 -1.72057
v 0.1074 0.03185 -2.3224
v 0.1074 0.03185 -2.3224
v 0.1074 0.03185 -2.3224
v 0.35912 0.03239 -2.14988
v 0.35912 0.03239 -2.14988
v 0.35912 0.03239 -2.14988
v 0.1074 0.00029 -1.43264
v 0.1074 0.00029 -1.43264
v 0.1074 0.00029 -1.43264
v 0.36183 0.00029 -1.72057
v 0.36183 0.00029 -1.72057
v 0.36183 0.00029 -1.72057
v 0.1074 0.00029 -2.3224
v 0.1074 0.00029 -2.3224
v 0.1074 0.00029 -2.3224
v 0.25761 0.03239 -2.14988
v 0.25761 0.03239 -2.14988
v 0.25761 0.03239 -2.14988
v 0.1074 0.03185 -1.77401
v 0.1074 0.03185 -1.77401
v 0.36183 0.03185 -1.77401
v 0.36183 0.03185 -1.77401
v 0.1074 0.00029 -1.77401
v 0.1074 0.00029 -1.77401
v 0.36183 0.00029 -1.77401
v 0.36183 0.00029 -1.77401
v 0.36183 0.03185 -2.15024
v 0.36183 0.03185 -2.15024
v 0.36183 0.03185 -2.15024
v 0.1074 0.00029 -2.15024
v 0.1074 0.00029 -2.15024
v 0.1074 0.03185 -2.15024
v 0.1074 0.03185 -2.15024
v 0.36183 0.00029 -2.15024
v 0.36183 0.00029 -2.15024
v 0.36183 0.00029 -2.15024
v 0.25582 0.03185 -1.6006
v 0.25582 0.03185 -1.6006
v 0.25582 0.03185 -2.3224
v 0.25582 0.03185 -2.3224
v 0.25582 0.03185 -2.3224
v 0.25582 0.00029 -2.3224
v 0.25582 0.00029 -2.3224
v 0.25582 0.00029 -2.3224
v 0.25582 0.00029 -1.6006
v 0.25582 0.00029 -1.6006
v 0.25582 0.00029 -1.77401
v 0.25582 0.03185 -1.77401
v 0.25582 0.00029 -2.15024
v 0.25582 0.00029 -2.15024
v 0.25582 0.00029 -2.15024
v 0.25582 0.03185 -2.15024
v 0.25582 0.03185 -2.15024
v 0.25582 0.03185 -2.15024
v 0.25761 0.03239 -2.32309
v 0.25761 0.03239 -2.32309
v 0.25761 0.03239 -2.32309
v 0.35912 0.03239 -2.32309
v 0.35912 0.03239 -2.32309
v 0.35912 0.03239 -2.32309
v 0.25761 0.00028 -2.14988
v 0.25761 0.00028 -2.14988
v 0.25761 0.00028 -2.14988
v 0.35912 0.00028 -2.14988
v 0.35912 0.00028 -2.14988
v 0.35912 0.00028 -2.14988
v 0.25761 0.00028 -2.32309
v 0.25761 0.00028 -2.32309
v 0.25761 0.00028 -2.32309
v 0.35912 0.00028 -2.32309
v 0.35912 0.00028 -2.32309
v 0.35912 0.00028 -2.32309
v 0.39592 0.03239 -2.23649
v 0.39592 0.03239 -2.23649
v 0.39592 0.03239 -2.23649
v 0.25761 0.03239 -2.23649
v 0.25761 0.03239 -2.23649
v 0.25761 0.00028 -2.23649
v 0.25761 0.00028 -2.23649
v 0.39592 0.00028 -2.23649
v 0.39592 0.00028 -2.23649
v 0.39592 0.00028 -2.23649
v -0.1074 0.03185 -1.43264
v -0.1074 0.03185 -1.43264
v -0.1074 0.03185 -1.43264
v -0.36183 0.03185 -1.72057
v -0.36183 0.03185 -1.72057
v -0.36183 0.03185 -1.72057
v -0.1074 0.03185 -2.3224
v -0.1074 0.03185 -2.3224
v -0.1074 0.03185 -2.3224
v -0.35912 0.03239 -2.14988
v -0.35912 0.03239 -2.14988
v -0.35912 0.03239 -2.14988
v -0.1074 0.00029 -1.43264
v -0.1074 0.00029 -1.43264
v -0.1074 0.00029 -1.43264
v -0.36183 0.00029 -1.72057
v -0.36183 0.00029 -1.72057
v -0.36183 0.00029 -1.72057
v -0.1074 0.00029 -2.3224
v -0.1074 0.00029 -2.3224
v -0.1074 0.00029 -2.3224
v -0.25761 0.03239 -2.14988
v -0.25761 0.03239 -2.14988
v -0.25761 0.03239 -2.14988
v -0.1074 0.03185 -1.77401
v -0.1074 0.03185 -1.77401
v -0.36183 0.03185 -1.77401
v -0.36183 0.03185 -1.77401
v -0.1074 0.00029 -1.77401
v -0.1074 0.00029 -1.77401
v -0.36183 0.00029 -1.77401
v -0.36183 0.00029 -1.77401
v -0.36183 0.03185 -2.15024
v -0.36183 0.03185 -2.15024
v -0.36183 0.03185 -2.15024
v -0.1074 0.00029 -2.15024
v -0.1074 0.00029 -2.15024
v -0.1074 0.03185 -2.15024
v -0.1074 0.03185 -2.15024
v -0.36183 0.00029 -2.15024
v -0.36183 0.00029 -2.15024
v -0.36183 0.00029 -2.15024
v -0.25582 0.03185 -1.6006
v -0.25582 0.03185 -1.6006
v -0.25582 0.03185 -2.3224
v -0.25582 0.03185 -2.3224
v -0.25582 0.03185 -2.3224
v -0.25582 0.00029 -2.3224
v -0.25582 0.00029 -2.3224
v -0.25582 0.00029 -2.3224
v -0.25582 0.00029 -1.6006
v -0.25582 0.00029 -1.6006
v -0.25582 0.00029 -1.77401
v -0.25582 0.03185 -1.77401
v -0.25582 0.00029 -2.15024
v -0.25582 0.00029 -2.15024
v -0.25582 0.00029 -2.15024
v -0.25582 0.03185 -2.15024
v -0.25582 0.03185 -2.15024
v -0.25582 0.03185 -2.15024
v -0.25761 0.03239 -2.32309
v -0.25761 0.03239 -2.32309
v -0.25761 0.03239 -2.32309
v -0.35912 0.03239 -2.32309
v -0.35912 0.03239 -2.32309
v -0.35912 0.03239 -2.32309
v -0.25761 0.00028 -2.14988
v -0.25761 0.00028 -2.14988
v -0.25761 0.00028 -2.14988
v -0.35912 0.00028 -2.14988
v -0.35912 0.00028 -2.14988
v -0.35912 0.00028 -2.14988
v -0.25761 0.00028 -2.32309
v -0.25761 0.00028 -2.32309
v -0.25761 0.00028 -2.32309
v -0.35912 0.00028 -2.32309
v -0.35912 0.00028 -2.32309
v -0.35912 0.00028 -2.32309
v -0.39592 0.03239 -2.23649
v -0.39592 0.03239 -2.23649
v -0.39592 0.03239 -2.23649
v -0.25761 0.03239 -2.23649
v -0.25761 0.03239 -2.23649
v -0.25761 0.00028 -2.23649
v -0.25761 0.00028 -2.23649
v -0.39592 0.00028 -2.23649
v -0.39592 0.00028 -2.23649
v -0.39592 0.00028 -2.23649
v -0.01118 0.13091 1.51848
v -0.01118 0.13091 1.51848
v -0.01118 0.13091 1.51848
v -0.01118 0.31437 1.4435
v -0.01118 0.31437 1.4435
v -0.01118 0.31437 1.4435
v -0.01118 0.13091 1.94546
v -0.01118 0.13091 1.94546
v -0.01118 0.13091 1.94546
v 0.00971 0.13091 1.51848
v 0.00971 0.13091 1.51848
v 0.00971 0.13091 1.51848
v 0.00971 0.31437 1.4435
v 0.00971 0.31437 1.4435
v 0.00971 0.31437 1.4435
v 0.00971 0.13091 1.94546
v 0.00971 0.13091 1.94546
v 0.00971 0.13091 1.94546
v -0.01115 -0.09653 1.51848
v -0.01115 -0.09653 1.51848
v -0.01115 -0.09653 1.51848
v -0.01115 -0.27999 1.4435
v -0.01115 -0.27999 1.4435
v -0.01115 -0.27999 1.4435
v -0.01115 -0.09653 1.94546
v -0.01115 -0.09653 1.94546
v -0.01115 -0.09653 1.94546
v 0.00975 -0.09653 1.51848
v 0.00975 -0.09653 1.51848
v 0.00975 -0.09653 1.51848
v 0.00975 -0.27999 1.4435
v 0.00975 -0.27999 1.4435
v 0.00975 -0.27999 1.4435
v 0.00975 -0.09653 1.94546
v 0.00975 -0.09653 1.94546
v 0.00975 -0.09653 1.94546
v 0.10723 0.00656 1.51848
v 0.10723 0.00656 1.51848
v 0.10723 0.00656 1.51848
v 0.29069 0.00656 1.4435
v 0.29069 0.00656 1.4435
v 0.29069 0.00656 1.4435
v 0.10723 0.00656 1.94546
v 0.10723 0.00656 1.94546
v 0.10723 0.00656 1.94546
v 0.10723 0.02645 1.51848
v 0.10723 0.02645 1.51848
v 0.10723 0.02645 1.51848
v 0.29069 0.02645 1.4435
v 0.29069 0.02645 1.4435
v 0.29069 0.02645 1.4435
v 0.10723 0.02645 1.94546
v 0.10723 0.02645 1.94546
v 0.10723 0.02645 1.94546
v -0.11982 0.00656 1.51848
v -0.11982 0.00656 1.51848
v -0.11982 0.00656 1.51848
v -0.30328 0.00656 1.4435
v -0.30328 0.00656 1.4435
v -0.30328 0.00656 1.4435
v -0.11982 0.00656 1.94546
v -0.11982 0.00656 1.94546
v -0.11982 0.00656 1.94546
v -0.11982 0.02645 1.51848
v -0.11982 0.02645 1.51848
v -0.11982 0.02645 1.51848
v -0.30328 0.02645 1.4435
v -0.30328 0.02645 1.4435
v -0.30328 0.02645 1.4435
v -0.11982 0.02645 1.94546
v -0.11982 0.02645 1.94546
v -0.11982 0.02645 1.94546
vt 0.2552 0.6465
vt 0.2552 0.6465
vt 0.2552 0.4073
vt 0.2552 0.4073
vt 0.2451 0.6465
vt 0.2451 0.6465
vt 0.2451 0.4073
vt 0.2451 0.4073
vt 0.2361 0.6465
vt 0.1272 0.6465
vt 0.2361 0.4073
vt 0.1272 0.4073
vt 0.1195 0.6465
vt 0.1195 0.6465
vt 0.1195 0.4073
vt 0.1195 0.4073
vt 0.1099 0.6464
vt 0.1099 0.6464
vt 0.1099 0.4073
vt 0.1099 0.4073
vt 0.0998 0.6465
vt 0.0998 0.6465
vt 0.0998 0.4073
vt 0.0998 0.4073
vt 0.1998 0.6465
vt 0.0908 0.6465
vt 0.1998 0.4073
vt 0.0908 0.4073
vt 0.1922 0.6465
vt 0.1922 0.6465
vt 0.1922 0.4073
vt 0.1922 0.4073
vt 0.1826 0.6465
vt 0.1826 0.6465
vt 0.1826 0.4073
vt 0.1826 0.4073
vt 0.1725 0.6465
vt 0.1725 0.6465
vt 0.1725 0.4073
vt 0.1725 0.4073
vt 0.0545 0.6465
vt 0.1635 0.6465
vt 0.0545 0.4073
vt 0.1635 0.4073
vt 0.0468 0.6465
vt 0.0468 0.6465
vt 0.0468 0.4073
vt 0.0468 0.4073
vt 0.0372 0.6464
vt 0.0372 0.6464
vt 0.0372 0.4073
vt 0.0372 0.4073
vt 0.0272 0.6465
vt 0.0272 0.6465
vt 0.0272 0.4073
vt 0.0272 0.4073
vt 0.0182 0.6465
vt 0.2724 0.6465
vt 0.0182 0.4073
vt 0.2724 0.4073
vt 0.2648 0.6465
vt 0.2648 0.6465
vt 0.2648 0.4073
vt 0.2648 0.4073
vt 0.2552 0.4037
vt 0.2552 0.4037
vt 0.2451 0.4037
vt 0.2451 0.4037
vt 0.2361 0.4037
vt 0.1272 0.4038
vt 0.1195 0.4037
vt 0.1195 0.4037
vt 0.1099 0.4037
vt 0.1099 0.4037
vt 0.0998 0.4037
vt 0.0998 0.4037
vt 0.1998 0.4037
vt 0.0908 0.4038
vt 0.1922 0.4037
vt 0.1922 0.4037
vt 0.1826 0.4037
vt 0.1826 0.4037
vt 0.1725 0.4037
vt 0.1725 0.4037
vt 0.0545 0.4038
vt 0.1635 0.4037
vt 0.0468 0.4037
vt 0.0468 0.4037
vt 0.0372 0.4037
vt 0.0372 0.4037
vt 0.0272 0.4037
vt 0.0272 0.4037
vt 0.0182 0.4038
vt 0.2724 0.4037
vt 0.2648 0.4037
vt 0.2648 0.4037
vt 0.2552 0.3923
vt 0.2552 0.3923
vt 0.2451 0.3923
vt 0.2451 0.3923
vt 0.2361 0.3923
vt 0.1272 0.3923
vt 0.1195 0.3923
vt 0.1195 0.3923
vt 0.1099 0.3922
vt 0.1099 0.3922
vt 0.0998 0.3922
vt 0.0998 0.3922
vt 0.1998 0.3923
vt 0.0908 0.3923
vt 0.1922 0.3923
vt 0.1922 0.3923
vt 0.1826 0.3923
vt 0.1826 0.3923
vt 0.1725 0.3923
vt 0.1725 0.3923
vt 0.0545 0.3923
vt 0.1635 0.3923
vt 0.0468 0.3923
vt 0.0468 0.3923
vt 0.0372 0.3922
vt 0.0372 0.3922
vt 0.0272 0.3922
vt 0.0272 0.3922
vt 0.0182 0.3923
vt 0.2724 0.3923
vt 0.2648 0.3923
vt 0.2648 0.3923
vt 0.2552 0.3885
vt 0.2552 0.3885
vt 0.2451 0.3885
vt 0.2451 0.3885
vt 0.2361 0.3885
vt 0.1272 0.3886
vt 0.1195 0.3885
vt 0.1195 0.3885
vt 0.1099 0.3885
vt 0.1099 0.3885
vt 0.0998 0.3885
vt 0.0998 0.3885
vt 0.1998 0.3885
vt 0.0908 0.3885
vt 0.1922 0.3885
vt 0.1922 0.3885
vt 0.1826 0.3885
vt 0.1826 0.3885
vt 0.1725 0.3885
vt 0.1725 0.3885
vt 0.0545 0.3886
vt 0.1635 0.3885
vt 0.0468 0.3885
vt 0.0468 0.3885
vt 0.0372 0.3885
vt 0.0372 0.3885
vt 0.0272 0.3885
vt 0.0272 0.3885
vt 0.0182 0.3885
vt 0.2724 0.3885
vt 0.2648 0.3885
vt 0.2648 0.3885
vt 0.2552 0.3764
vt 0.2552 0.3764
vt 0.2451 0.3764
vt 0.2451 0.3764
vt 0.2361 0.3764
vt 0.1272 0.3765
vt 0.1195 0.3764
vt 0.1195 0.3764
vt 0.1099 0.3764
vt 0.1099 0.3764
vt 0.0998 0.3764
vt 0.0998 0.3764
vt 0.1998 0.3764
vt 0.0908 0.3764
vt 0.1922 0.3764
vt 0.1922 0.3764
vt 0.1826 0.3764
vt 0.1826 0.3764
vt 0.1725 0.3764
vt 0.1725 0.3764
vt 0.0545 0.3765
vt 0.1635 0.3764
vt 0.0468 0.3764
vt 0.0468 0.3764
vt 0.0372 0.3764
vt 0.0372 0.3764
vt 0.0272 0.3764
vt 0.0272 0.3764
vt 0.0182 0.3764
vt 0.2724 0.3764
vt 0.2648 0.3764
vt 0.2648 0.3764
vt 0.2552 0.3749
vt 0.2552 0.3749
vt 0.2451 0.3749
vt 0.2451 0.3749
vt 0.2361 0.3749
vt 0.1272 0.3749
vt 0.1195 0.3749
vt 0.1195 0.3749
vt 0.1099 0.3749
vt 0.1099 0.3749
vt 0.0998 0.3749
vt 0.0998 0.3749
vt 0.1998 0.3749
vt 0.0908 0.3749
vt 0.1922 0.3749
vt 0.1922 0.3749
vt 0.1826 0.3749
vt 0.1826 0.3749
vt 0.1725 0.3749
vt 0.1725 0.3749
vt 0.0545 0.3749
vt 0.1635 0.3749
vt 0.0468 0.3749
vt 0.0468 0.3749
vt 0.0372 0.3749
vt 0.0372 0.3749
vt 0.0272 0.3749
vt 0.0272 0.3749
vt 0.0182 0.3749
vt 0.2724 0.3749
vt 0.2648 0.3749
vt 0.2648 0.3749
vt 0.2552 0.3555
vt 0.2552 0.3555
vt 0.2451 0.3555
vt 0.2451 0.3555
vt 0.2361 0.3555
vt 0.1272 0.3555
vt 0.1195 0.3555
vt 0.1195 0.3555
vt 0.1099 0.3555
vt 0.1099 0.3555
vt 0.0998 0.3555
vt 0.0998 0.3555
vt 0.1998 0.3555
vt 0.0908 0.3555
vt 0.1922 0.3555
vt 0.1922 0.3555
vt 0.1826 0.3555
vt 0.1826 0.3555
vt 0.1725 0.3555
vt 0.1725 0.3555
vt 0.0545 0.3555
vt 0.1635 0.3555
vt 0.0468 0.3555
vt 0.0468 0.3555
vt 0.0372 0.3555
vt 0.0372 0.3555
vt 0.0272 0.3555
vt 0.0272 0.3555
vt 0.0182 0.3555
vt 0.2724 0.3555
vt 0.2648 0.3555
vt 0.2648 0.3555
vt 0.2552 0.3539
vt 0.2552 0.3539
vt 0.2451 0.3539
vt 0.2451 0.3539
vt 0.2361 0.3539
vt 0.1272 0.354
vt 0.1195 0.3539
vt 0.1195 0.3539
vt 0.1099 0.3539
vt 0.1099 0.3539
vt 0.0998 0.3539
vt 0.0998 0.3539
vt 0.1998 0.3539
vt 0.0908 0.3539
vt 0.1922 0.3539
vt 0.1922 0.3539
vt 0.1826 0.3539
vt 0.1826 0.3539
vt 0.1725 0.3539
vt 0.1725 0.3539
vt 0.0545 0.354
vt 0.1635 0.3539
vt 0.0468 0.3539
vt 0.0468 0.3539
vt 0.0372 0.3539
vt 0.0372 0.3539
vt 0.0272 0.3539
vt 0.0272 0.3539
vt 0.0182 0.3539
vt 0.2724 0.3539
vt 0.2648 0.3539
vt 0.2648 0.3539
vt 0.2552 0.3036
vt 0.2552 0.3036
vt 0.2451 0.3036
vt 0.2451 0.3036
vt 0.2361 0.3036
vt 0.1272 0.3037
vt 0.1195 0.3037
vt 0.1195 0.3037
vt 0.1099 0.3036
vt 0.1099 0.3036
vt 0.0998 0.3036
vt 0.0998 0.3036
vt 0.1998 0.3036
vt 0.0908 0.3037
vt 0.1922 0.3036
vt 0.1922 0.3036
vt 0.1826 0.3036
vt 0.1826 0.3036
vt 0.1725 0.3036
vt 0.1725 0.3036
vt 0.0545 0.3037
vt 0.1635 0.3036
vt 0.0468 0.3037
vt 0.0468 0.3037
vt 0.0372 0.3036
vt 0.0372 0.3036
vt 0.0272 0.3036
vt 0.0272 0.3036
vt 0.0182 0.3037
vt 0.2724 0.3036
vt 0.2648 0.3036
vt 0.2648 0.3036
vt 0.7445 0.8643
vt 0.9815 0.9548
vt 0.9136 0.9633
vt 0.2552 0.3001
vt 0.2552 0.3001
vt 0.2451 0.3001
vt 0.2451 0.3001
vt 0.2361 0.3001
vt 0.1272 0.3001
vt 0.1195 0.3001
vt 0.1195 0.3001
vt 0.1099 0.3001
vt 0.1099 0.3001
vt 0.0998 0.3001
vt 0.0998 0.3001
vt 0.1998 0.3001
vt 0.0908 0.3001
vt 0.1922 0.3001
vt 0.1922 0.3001
vt 0.1826 0.3001
vt 0.1826 0.3001
vt 0.1725 0.3001
vt 0.1725 0.3001
vt 0.0545 0.3001
vt 0.1635 0.3001
vt 0.0468 0.3001
vt 0.0468 0.3001
vt 0.0372 0.3001
vt 0.0372 0.3001
vt 0.0272 0.3001
vt 0.0272 0.3001
vt 0.0182 0.3001
vt 0.2724 0.3001
vt 0.2648 0.3001
vt 0.2648 0.3001
vt 0.2552 0.297
vt 0.2552 0.297
vt 0.2451 0.297
vt 0.2451 0.297
vt 0.2361 0.297
vt 0.1272 0.297
vt 0.1195 0.297
vt 0.1195 0.297
vt 0.1099 0.297
vt 0.1099 0.297
vt 0.0998 0.297
vt 0.0998 0.297
vt 0.1998 0.297
vt 0.0908 0.297
vt 0.1922 0.297
vt 0.1922 0.297
vt 0.1826 0.297
vt 0.1826 0.297
vt 0.1725 0.297
vt 0.1725 0.297
vt 0.0545 0.297
vt 0.1635 0.297
vt 0.0468 0.297
vt 0.0468 0.297
vt 0.0372 0.297
vt 0.0372 0.297
vt 0.0272 0.297
vt 0.0272 0.297
vt 0.0182 0.297
vt 0.2724 0.297
vt 0.2648 0.297
vt 0.2648 0.297
vt 0.2552 0.2649
vt 0.2552 0.2649
vt 0.2451 0.2649
vt 0.2451 0.2649
vt 0.2361 0.2649
vt 0.1272 0.2649
vt 0.1195 0.2649
vt 0.1195 0.2649
vt 0.1099 0.2649
vt 0.1099 0.2649
vt 0.0998 0.2649
vt 0.0998 0.2649
vt 0.1998 0.2649
vt 0.0908 0.2649
vt 0.1922 0.2649
vt 0.1922 0.2649
vt 0.1826 0.2649
vt 0.1826 0.2649
vt 0.1725 0.2649
vt 0.1725 0.2649
vt 0.0545 0.2649
vt 0.1635 0.2649
vt 0.0468 0.2649
vt 0.0468 0.2649
vt 0.0372 0.2649
vt 0.0372 0.2649
vt 0.0272 0.2649
vt 0.0272 0.2649
vt 0.0182 0.2649
vt 0.2724 0.2649
vt 0.2648 0.2649
vt 0.2648 0.2649
vt 0.2552 0.735
vt 0.2552 0.735
vt 0.2552 0.735
vt 0.2552 0.735
vt 0.2451 0.735
vt 0.2451 0.735
vt 0.2451 0.735
vt 0.2451 0.735
vt 0.2361 0.735
vt 0.2361 0.735
vt 0.1272 0.735
vt 0.1272 0.735
vt 0.1195 0.735
vt 0.1195 0.735
vt 0.1195 0.735
vt 0.1195 0.735
vt 0.1099 0.7349
vt 0.1099 0.7349
vt 0.1099 0.7349
vt 0.1099 0.7349
vt 0.0998 0.7349
vt 0.0998 0.7349
vt 0.0998 0.7349
vt 0.0998 0.7349
vt 0.1998 0.735
vt 0.1998 0.735
vt 0.0908 0.735
vt 0.0908 0.735
vt 0.1922 0.735
vt 0.1922 0.735
vt 0.1922 0.735
vt 0.1922 0.735
vt 0.1826 0.735
vt 0.1826 0.735
vt 0.1826 0.735
vt 0.1826 0.735
vt 0.1725 0.735
vt 0.1725 0.735
vt 0.1725 0.735
vt 0.1725 0.735
vt 0.0545 0.735
vt 0.0545 0.735
vt 0.1635 0.735
vt 0.1635 0.735
vt 0.0468 0.735
vt 0.0468 0.735
vt 0.0468 0.735
vt 0.0468 0.735
vt 0.0372 0.7349
vt 0.0372 0.7349
vt 0.0372 0.7349
vt 0.0372 0.7349
vt 0.0272 0.7349
vt 0.0272 0.7349
vt 0.0272 0.7349
vt 0.0272 0.7349
vt 0.0182 0.735
vt 0.0182 0.735
vt 0.2724 0.735
vt 0.2724 0.735
vt 0.2648 0.735
vt 0.2648 0.735
vt 0.2648 0.735
vt 0.2648 0.735
vt 0.2549 0.7382
vt 0.2549 0.7382
vt 0.2549 0.7382
vt 0.2549 0.7382
vt 0.2458 0.7382
vt 0.2458 0.7382
vt 0.2458 0.7382
vt 0.2458 0.7382
vt 0.2376 0.7382
vt 0.2376 0.7382
vt 0.1252 0.7382
vt 0.1252 0.7382
vt 0.1183 0.7382
vt 0.1183 0.7382
vt 0.1183 0.7382
vt 0.1183 0.7382
vt 0.1096 0.7382
vt 0.1096 0.7382
vt 0.1096 0.7382
vt 0.1096 0.7382
vt 0.1005 0.7382
vt 0.1005 0.7382
vt 0.1005 0.7382
vt 0.1005 0.7382
vt 0.1978 0.7382
vt 0.1978 0.7382
vt 0.0924 0.7382
vt 0.0924 0.7382
vt 0.1909 0.7382
vt 0.1909 0.7382
vt 0.1909 0.7382
vt 0.1909 0.7382
vt 0.1823 0.7382
vt 0.1823 0.7382
vt 0.1823 0.7382
vt 0.1823 0.7382
vt 0.1732 0.7382
vt 0.1732 0.7382
vt 0.1732 0.7382
vt 0.1732 0.7382
vt 0.0525 0.7382
vt 0.0525 0.7382
vt 0.165 0.7382
vt 0.165 0.7382
vt 0.0456 0.7382
vt 0.0456 0.7382
vt 0.0456 0.7382
vt 0.0456 0.7382
vt 0.0369 0.7382
vt 0.0369 0.7382
vt 0.0369 0.7382
vt 0.0369 0.7382
vt 0.0278 0.7382
vt 0.0278 0.7382
vt 0.0278 0.7382
vt 0.0278 0.7382
vt 0.0197 0.7382
vt 0.0197 0.7382
vt 0.2704 0.7382
vt 0.2704 0.7382
vt 0.2635 0.7382
vt 0.2635 0.7382
vt 0.2635 0.7382
vt 0.2635 0.7382
vt 0.2549 0.7481
vt 0.2549 0.7481
vt 0.2549 0.7481
vt 0.2549 0.7481
vt 0.2458 0.7481
vt 0.2458 0.7481
vt 0.2458 0.7481
vt 0.2458 0.7481
vt 0.2376 0.7481
vt 0.2376 0.7481
vt 0.1252 0.7481
vt 0.1252 0.7481
vt 0.1183 0.7481
vt 0.1183 0.7481
vt 0.1183 0.7481
vt 0.1183 0.7481
vt 0.1096 0.7481
vt 0.1096 0.7481
vt 0.1096 0.7481
vt 0.1096 0.7481
vt 0.1005 0.7481
vt 0.1005 0.7481
vt 0.1005 0.7481
vt 0.1005 0.7481
vt 0.1978 0.7481
vt 0.1978 0.7481
vt 0.0924 0.7481
vt 0.0924 0.7481
vt 0.1909 0.7481
vt 0.1909 0.7481
vt 0.1909 0.7481
vt 0.1909 0.7481
vt 0.1823 0.7481
vt 0.1823 0.7481
vt 0.1823 0.7481
vt 0.1823 0.7481
vt 0.1732 0.7481
vt 0.1732 0.7481
vt 0.1732 0.7481
vt 0.1732 0.7481
vt 0.0525 0.7481
vt 0.0525 0.7481
vt 0.165 0.7481
vt 0.165 0.7481
vt 0.0456 0.7481
vt 0.0456 0.7481
vt 0.0456 0.7481
vt 0.0456 0.7481
vt 0.0369 0.7481
vt 0.0369 0.7481
vt 0.0369 0.7481
vt 0.0369 0.7481
vt 0.0278 0.7481
vt 0.0278 0.7481
vt 0.0278 0.7481
vt 0.0278 0.7481
vt 0.0197 0.7481
vt 0.0197 0.7481
vt 0.2704 0.7481
vt 0.2704 0.7481
vt 0.2635 0.7481
vt 0.2635 0.7481
vt 0.2635 0.7481
vt 0.2635 0.7481
vt 0.2546 0.75
vt 0.2546 0.75
vt 0.2464 0.75
vt 0.2464 0.75
vt 0.2391 0.75
vt 0.1234 0.75
vt 0.1171 0.75
vt 0.1171 0.75
vt 0.1093 0.75
vt 0.1093 0.75
vt 0.1012 0.75
vt 0.1012 0.75
vt 0.196 0.75
vt 0.0938 0.75
vt 0.1898 0.75
vt 0.1898 0.75
vt 0.182 0.75
vt 0.182 0.75
vt 0.1738 0.75
vt 0.1738 0.75
vt 0.0507 0.75
vt 0.1665 0.75
vt 0.0445 0.75
vt 0.0445 0.75
vt 0.0367 0.75
vt 0.0367 0.75
vt 0.0285 0.75
vt 0.0285 0.75
vt 0.0212 0.75
vt 0.2686 0.75
vt 0.2624 0.75
vt 0.2624 0.75
vt 0.6877 0.8935
vt 0.9093 0.9339
vt 0.9093 0.9339
vt 0.7445 0.9548
vt 0.8661 0.8791
vt 0.9815 0.8643
vt 0.683 0.6117
vt 0.8604 0.8476
vt 0.3649 0.5874
vt 0.9745 0.9548
vt 0.9206 0.9634
vt 0.5743 0.8643
vt 0.9164 0.934
vt 0.9164 0.934
vt 0.631 0.8936
vt 0.859 0.8791
vt 0.9745 0.8643
vt 0.5743 0.9547
vt 0.7056 0.6117
vt 0.4907 0.5941
vt 0.3649 0.5977
vt 0.7445 0.899
vt 0.9815 0.9201
vt 0.6877 0.899
vt 0.9099 0.9285
vt 0.9745 0.9201
vt 0.5743 0.899
vt 0.9169 0.9286
vt 0.631 0.899
vt 0.6877 0.9372
vt 0.3218 0.5975
vt 0.9136 0.8902
vt 0.9745 0.8818
vt 0.5743 0.9372
vt 0.7445 0.9373
vt 0.9815 0.8818
vt 0.3289 0.5975
vt 0.9206 0.8904
vt 0.631 0.9373
vt 0.7114 0.8814
vt 0.9111 0.9461
vt 0.7114 0.9547
vt 0.8661 0.864
vt 0.6111 0.5766
vt 0.859 0.864
vt 0.6181 0.5766
vt 0.6074 0.9548
vt 0.9182 0.9463
vt 0.6074 0.8814
vt 0.6074 0.899
vt 0.7114 0.899
vt 0.3289 0.5867
vt 0.6181 0.5941
vt 0.6074 0.9373
vt 0.7114 0.9372
vt 0.3218 0.5867
vt 0.6111 0.5941
vt 0.7056 0.6293
vt 0.3505 0.5874
vt 0.4907 0.5765
vt 0.683 0.6293
vt 0.3505 0.5977
vt 0.8604 0.83
vt 0.4835 0.5941
vt 0.3721 0.5977
vt 0.5262 0.6293
vt 0.8676 0.8476
vt 0.3721 0.5874
vt 0.5036 0.6293
vt 0.3577 0.5874
vt 0.4835 0.5765
vt 0.5262 0.6117
vt 0.3577 0.5977
vt 0.8676 0.83
vt 0.5036 0.6117
vt 0.6748 0.6205
vt 0.8594 0.8388
vt 0.8594 0.8388
vt 0.7056 0.6205
vt 0.4907 0.5853
vt 0.4835 0.5853
vt 0.5262 0.6205
vt 0.8666 0.8388
vt 0.8666 0.8388
vt 0.4953 0.6205
vt 0.5069 0.8643
vt 0.9432 0.8902
vt 0.7764 0.8615
vt 0.4501 0.8935
vt 0.939 0.9196
vt 0.939 0.9196
vt 0.5069 0.9548
vt 0.7681 0.6257
vt 0.5695 0.6117
vt 0.6199 0.6117
vt 0.5567 0.5977
vt 0.9362 0.8904
vt 0.7835 0.8615
vt 0.3792 0.9548
vt 0.9319 0.9198
vt 0.9319 0.9198
vt 0.3225 0.9254
vt 0.761 0.6257
vt 0.3792 0.8643
vt 0.5922 0.6117
vt 0.505 0.5941
vt 0.5567 0.5874
vt 0.5069 0.899
vt 0.4501 0.899
vt 0.9395 0.9251
vt 0.3792 0.92
vt 0.9325 0.9252
vt 0.3225 0.92
vt 0.4501 0.9372
vt 0.8732 0.8812
vt 0.9432 0.9633
vt 0.3792 0.8818
vt 0.5069 0.9373
vt 0.8803 0.8812
vt 0.9362 0.9634
vt 0.3225 0.8818
vt 0.4738 0.8814
vt 0.9407 0.9074
vt 0.4738 0.9547
vt 0.7681 0.6107
vt 0.5261 0.5766
vt 0.761 0.6107
vt 0.5332 0.5766
vt 0.3461 0.8643
vt 0.9337 0.9075
vt 0.3461 0.9377
vt 0.3461 0.92
vt 0.4738 0.899
vt 0.8803 0.8705
vt 0.5332 0.5941
vt 0.3461 0.8818
vt 0.4738 0.9372
vt 0.8732 0.8705
vt 0.5261 0.5941
vt 0.5922 0.6293
vt 0.6492 0.5977
vt 0.505 0.5765
vt 0.5695 0.6293
vt 0.6492 0.5874
vt 0.6199 0.6293
vt 0.4978 0.5941
vt 0.5495 0.5874
vt 0.4645 0.6293
vt 0.6127 0.6117
vt 0.5495 0.5977
vt 0.4419 0.6293
vt 0.642 0.5977
vt 0.4978 0.5765
vt 0.4645 0.6117
vt 0.642 0.5874
vt 0.6127 0.6293
vt 0.4419 0.6117
vt 0.5613 0.6205
vt 0.6188 0.6205
vt 0.6188 0.6205
vt 0.5922 0.6205
vt 0.505 0.5853
vt 0.4978 0.5853
vt 0.4645 0.6205
vt 0.6117 0.6205
vt 0.6117 0.6205
vt 0.4337 0.6205
vt 0.514 0.8643
vt 0.9886 0.8643
vt 0.7764 0.8648
vt 0.514 0.9548
vt 0.7681 0.629
vt 0.9886 0.9548
vt 0.9956 0.8643
vt 0.7835 0.8648
vt 0.3863 0.9548
vt 0.761 0.629
vt 0.9956 0.9548
vt 0.3863 0.8643
vt 0.514 0.899
vt 0.9886 0.899
vt 0.9956 0.899
vt 0.3863 0.92
vt 0.9956 0.9373
vt 0.3863 0.8818
vt 0.514 0.9373
vt 0.9886 0.9373
vt 0.4075 0.6833
vt 0.5742 0.7738
vt 0.9786 0.6739
vt 0.6309 0.7445
vt 0.9745 0.6448
vt 0.9745 0.6448
vt 0.4075 0.7738
vt 0.8448 0.864
vt 0.5742 0.6833
vt 0.336 0.5874
vt 0.683 0.5765
vt 0.6453 0.6293
vt 0.4145 0.6833
vt 0.4466 0.6834
vt 0.9856 0.674
vt 0.5033 0.7126
vt 0.9815 0.6449
vt 0.9815 0.6449
vt 0.4145 0.7738
vt 0.4466 0.7738
vt 0.8519 0.864
vt 0.8896 0.83
vt 0.336 0.5977
vt 0.7056 0.5765
vt 0.4075 0.718
vt 0.5742 0.7391
vt 0.6309 0.7391
vt 0.975 0.6394
vt 0.4145 0.718
vt 0.4466 0.7181
vt 0.5033 0.7181
vt 0.9821 0.6395
vt 0.9039 0.8374
vt 0.6309 0.7008
vt 0.9786 0.6012
vt 0.4145 0.7563
vt 0.4466 0.7563
vt 0.4075 0.7563
vt 0.5742 0.7008
vt 0.5033 0.7563
vt 0.911 0.8373
vt 0.9856 0.6013
vt 0.6073 0.7567
vt 0.9762 0.6569
vt 0.8448 0.8791
vt 0.6073 0.6833
vt 0.5191 0.5941
vt 0.4797 0.7738
vt 0.8519 0.8791
vt 0.5121 0.5941
vt 0.4797 0.7004
vt 0.9832 0.6571
vt 0.4797 0.7181
vt 0.6073 0.7391
vt 0.4797 0.7563
vt 0.911 0.8266
vt 0.5121 0.5766
vt 0.9039 0.8266
vt 0.6073 0.7008
vt 0.5191 0.5766
vt 0.8896 0.8476
vt 0.6276 0.5874
vt 0.7056 0.5941
vt 0.6276 0.5977
vt 0.683 0.5941
vt 0.6453 0.6117
vt 0.8967 0.83
vt 0.3432 0.5977
vt 0.3984 0.6293
vt 0.3432 0.5874
vt 0.3758 0.6293
vt 0.6524 0.6293
vt 0.8967 0.8476
vt 0.3984 0.6117
vt 0.6348 0.5874
vt 0.3758 0.6117
vt 0.6348 0.5977
vt 0.6524 0.6117
vt 0.6748 0.5853
vt 0.6443 0.6205
vt 0.6443 0.6205
vt 0.8896 0.8388
vt 0.7056 0.5853
vt 0.8967 0.8388
vt 0.3984 0.6205
vt 0.3676 0.6205
vt 0.6515 0.6205
vt 0.6515 0.6205
vt 0.9654 0.8898
vt 0.7444 0.6834
vt 0.5422 0.7738
vt 0.9614 0.9195
vt 0.9614 0.9195
vt 0.6877 0.7126
vt 0.7444 0.7738
vt 0.8377 0.8791
vt 0.5422 0.6834
vt 0.6362 0.6117
vt 0.3142 0.6117
vt 0.3937 0.5874
vt 0.9584 0.8899
vt 0.3756 0.7738
vt 0.5351 0.7738
vt 0.9544 0.9196
vt 0.9544 0.9196
vt 0.3189 0.7445
vt 0.8307 0.8791
vt 0.3756 0.6833
vt 0.5351 0.6834
vt 0.3368 0.6117
vt 0.3937 0.5977
vt 0.8824 0.8476
vt 0.7444 0.7181
vt 0.5422 0.7391
vt 0.9619 0.9249
vt 0.6877 0.7181
vt 0.3756 0.7391
vt 0.5351 0.7391
vt 0.9549 0.9251
vt 0.3189 0.7391
vt 0.9654 0.9631
vt 0.6877 0.7563
vt 0.8874 0.8812
vt 0.3756 0.7008
vt 0.5351 0.7009
vt 0.7444 0.7563
vt 0.5422 0.7009
vt 0.9584 0.9633
vt 0.3189 0.7008
vt 0.8944 0.8812
vt 0.9631 0.9071
vt 0.7113 0.7004
vt 0.8236 0.8827
vt 0.7113 0.7738
vt 0.8377 0.864
vt 0.8166 0.8827
vt 0.8307 0.864
vt 0.3425 0.6833
vt 0.9561 0.9073
vt 0.3425 0.7567
vt 0.3425 0.7391
vt 0.7113 0.7181
vt 0.8166 0.8652
vt 0.3425 0.7008
vt 0.8944 0.8705
vt 0.8236 0.8652
vt 0.7113 0.7563
vt 0.8874 0.8705
vt 0.3368 0.6293
vt 0.3793 0.5874
vt 0.8824 0.83
vt 0.6362 0.6293
vt 0.3142 0.6293
vt 0.3793 0.5977
vt 0.4009 0.5977
vt 0.4645 0.5941
vt 0.8753 0.8476
vt 0.629 0.6117
vt 0.4009 0.5874
vt 0.4418 0.5941
vt 0.3865 0.5874
vt 0.4645 0.5765
vt 0.8753 0.83
vt 0.629 0.6293
vt 0.3865 0.5977
vt 0.4418 0.5765
vt 0.6352 0.6205
vt 0.6352 0.6205
vt 0.306 0.6205
vt 0.3368 0.6205
vt 0.8824 0.8388
vt 0.4645 0.5853
vt 0.8753 0.8388
vt 0.628 0.6205
vt 0.628 0.6205
vt 0.4336 0.5853
vt 0.8545 0.7784
vt 0.307 0.5747
vt 0.7327 0.573
vt 0.8872 0.7919
vt 0.307 0.5935
vt 0.9852 0.7361
vt 0.8872 0.7376
vt 0.7327 0.6164
vt 0.9852 0.7872
vt 0.3023 0.5747
vt 0.7374 0.573
vt 0.7892 0.9321
vt 0.3023 0.5935
vt 0.9806 0.7362
vt 0.822 0.9186
vt 0.7374 0.6164
vt 0.9806 0.7873
vt 0.822 0.9729
vt 0.7891 0.7784
vt 0.2929 0.5935
vt 0.7234 0.573
vt 0.8218 0.7919
vt 0.2929 0.5747
vt 0.9713 0.7872
vt 0.8218 0.7376
vt 0.7234 0.6164
vt 0.9713 0.7361
vt 0.2976 0.5935
vt 0.728 0.573
vt 0.7891 0.6425
vt 0.2976 0.5747
vt 0.9759 0.7873
vt 0.8219 0.629
vt 0.728 0.6164
vt 0.9759 0.7362
vt 0.8219 0.6833
vt 0.7463 0.6164
vt 0.316 0.5747
vt 0.8873 0.6425
vt 0.316 0.5935
vt 0.8546 0.629
vt 0.9934 0.6849
vt 0.7463 0.573
vt 0.8546 0.6833
vt 0.9934 0.634
vt 0.7419 0.6164
vt 0.3116 0.5747
vt 0.9199 0.7511
vt 0.3116 0.5935
vt 0.9526 0.7376
vt 0.9978 0.685
vt 0.7419 0.573
vt 0.9526 0.7919
vt 0.9978 0.6341
vt 0.9199 0.6698
vt 0.5434 0.5747
vt 0.7552 0.6164
vt 0.9942 0.7362
vt 0.9526 0.6833
vt 0.5434 0.5935
vt 0.9942 0.7875
vt 0.9526 0.629
vt 0.7552 0.573
vt 0.8547 0.932
vt 0.5389 0.5747
vt 0.7508 0.6164
vt 0.9898 0.7363
vt 0.8874 0.9186
vt 0.5389 0.5935
vt 0.9898 0.7876
vt 0.8874 0.9729
vt 0.7508 0.573
vn -0.195 0.981 0
vn 0.195 0.981 0
vn -0.195 0.981 0
vn 0.195 0.981 0
vn 0.195 0.981 0
vn 0.556 0.831 0
vn 0.195 0.981 0
vn 0.556 0.831 0
vn 0.556 0.831 0
vn 0.831 0.556 0
vn 0.556 0.831 0
vn 0.831 0.556 0
vn 0.831 0.556 0
vn 0.981 0.195 0
vn 0.831 0.556 0
vn 0.981 0.195 0
vn 0.981 0.195 0
vn 0.981 -0.195 0
vn 0.981 -0.195 0
vn 0.981 0.195 0
vn 0.831 -0.556 0
vn 0.981 -0.195 0
vn 0.831 -0.556 0
vn 0.981 -0.195 0
vn 0.556 -0.831 0
vn 0.831 -0.556 0
vn 0.556 -0.831 0
vn 0.831 -0.556 0
vn 0.195 -0.981 0
vn 0.556 -0.831 0
vn 0.195 -0.981 0
vn 0.556 -0.831 0
vn -0.195 -0.981 0
vn 0.195 -0.981 0
vn -0.195 -0.981 0
vn 0.195 -0.981 0
vn -0.556 -0.831 0
vn -0.195 -0.981 0
vn -0.556 -0.831 0
vn -0.195 -0.981 0
vn -0.831 -0.556 0
vn -0.556 -0.831 0
vn -0.831 -0.556 0
vn -0.556 -0.831 0
vn -0.981 -0.195 0
vn -0.831 -0.556 0
vn -0.981 -0.195 0
vn -0.831 -0.556 0
vn -0.981 -0.195 0
vn -0.981 0.195 0
vn -0.981 0.195 0
vn -0.981 -0.195 0
vn -0.981 0.195 0
vn -0.831 0.556 0
vn -0.981 0.195 0
vn -0.831 0.556 0
vn -0.831 0.556 0
vn -0.556 0.831 0
vn -0.831 0.556 0
vn -0.556 0.831 0
vn -0.556 0.831 0
vn -0.195 0.981 0
vn -0.556 0.831 0
vn -0.195 0.981 0
vn -0.195 0.981 0
vn 0.195 0.981 0
vn 0.195 0.981 0
vn 0.556 0.831 0
vn 0.556 0.831 0
vn 0.831 0.556 0
vn 0.831 0.556 0
vn 0.981 0.195 0
vn 0.981 0.195 0
vn 0.981 -0.195 0
vn 0.831 -0.556 0
vn 0.981 -0.195 0
vn 0.556 -0.831 0
vn 0.831 -0.556 0
vn 0.195 -0.981 0
vn 0.556 -0.831 0
vn -0.195 -0.981 0
vn 0.195 -0.981 0
vn -0.556 -0.831 0
vn -0.195 -0.981 0
vn -0.831 -0.556 0
vn -0.556 -0.831 0
vn -0.981 -0.195 0
vn -0.831 -0.556 0
vn -0.981 0.195 0
vn -0.981 -0.195 0
vn -0.981 0.195 0
vn -0.831 0.556 0
vn -0.831 0.556 0
vn -0.556 0.831 0
vn -0.556 0.831 0
vn -0.195 0.981 0
vn -0.195 0.981 0
vn 0.195 0.981 0
vn 0.195 0.981 0
vn 0.556 0.831 0
vn 0.556 0.831 0
vn 0.831 0.556 0
vn 0.831 0.556 0
vn 0.981 0.195 0
vn 0.981 0.195 0
vn 0.981 -0.195 0
vn 0.831 -0.556 0
vn 0.981 -0.195 0
vn 0.556 -0.831 0
vn 0.831 -0.556 0
vn 0.195 -0.981 0
vn 0.556 -0.831 0
vn -0.195 -0.981 0
vn 0.195 -0.981 0
vn -0.556 -0.831 0
vn -0.195 -0.981 0
vn -0.831 -0.556 0
vn -0.556 -0.831 0
vn -0.981 -0.195 0
vn -0.831 -0.556 0
vn -0.981 0.195 0
vn -0.981 -0.195 0
vn -0.981 0.195 0
vn -0.831 0.556 0
vn -0.831 0.556 0
vn -0.556 0.831 0
vn -0.556 0.831 0
vn -0.195 0.981 0
vn -0.195 0.981 0
vn 0.195 0.981 0
vn 0.195 0.981 0
vn 0.556 0.831 0
vn 0.556 0.831 0
vn 0.831 0.556 0
vn 0.831 0.556 0
vn 0.981 0.195 0
vn 0.981 0.195 0
vn 0.981 -0.195 0
vn 0.831 -0.556 0
vn 0.981 -0.195 0
vn 0.556 -0.831 0
vn 0.831 -0.556 0
vn 0.195 -0.981 0
vn 0.556 -0.831 0
vn -0.195 -0.981 0
vn 0.195 -0.981 0
vn -0.556 -0.831 0
vn -0.195 -0.981 0
vn -0.831 -0.556 0
vn -0.556 -0.831 0
vn -0.981 -0.195 0
vn -0.831 -0.556 0
vn -0.981 0.195 0
vn -0.981 -0.195 0
vn -0.981 0.195 0
vn -0.831 0.556 0
vn -0.831 0.556 0
vn -0.556 0.831 0
vn -0.556 0.831 0
vn -0.195 0.981 0
vn -0.195 0.981 0
vn 0.195 0.981 0
vn 0.195 0.981 0
vn 0.556 0.831 0
vn 0.556 0.831 0
vn 0.831 0.556 0
vn 0.831 0.556 0
vn 0.981 0.195 0
vn 0.981 0.195 0
vn 0.981 -0.195 0
vn 0.831 -0.556 0
vn 0.981 -0.195 0
vn 0.556 -0.831 0
vn 0.831 -0.556 0
vn 0.195 -0.981 0
vn 0.556 -0.831 0
vn -0.195 -0.981 0
vn 0.195 -0.981 0
vn -0.556 -0.831 0
vn -0.195 -0.981 0
vn -0.831 -0.556 0
vn -0.556 -0.831 0
vn -0.981 -0.195 0
vn -0.831 -0.556 0
vn -0.981 0.195 0
vn -0.981 -0.195 0
vn -0.981 0.195 0
vn -0.831 0.556 0
vn -0.831 0.556 0
vn -0.556 0.831 0
vn -0.556 0.831 0
vn -0.195 0.981 0
vn -0.195 0.981 0
vn 0.195 0.981 0
vn 0.195 0.981 0
vn 0.556 0.831 0
vn 0.556 0.831 0
vn 0.831 0.556 0
vn 0.831 0.556 0
vn 0.981 0.195 0
vn 0.981 0.195 0
vn 0.981 -0.195 0
vn 0.831 -0.556 0
vn 0.981 -0.195 0
vn 0.556 -0.831 0
vn 0.831 -0.556 0
vn 0.195 -0.981 0
vn 0.556 -0.831 0
vn -0.195 -0.981 0
vn 0.195 -0.981 0
vn -0.556 -0.831 0
vn -0.195 -0.981 0
vn -0.831 -0.556 0
vn -0.556 -0.831 0
vn -0.981 -0.195 0
vn -0.831 -0.556 0
vn -0.981 0.195 0
vn -0.981 -0.195 0
vn -0.981 0.195 0
vn -0.831 0.556 0
vn -0.831 0.556 0
vn -0.556 0.831 0
vn -0.556 0.831 0
vn -0.195 0.981 0
vn -0.195 0.981 0
vn 0.195 0.981 0
vn 0.195 0.981 0
vn 0.556 0.831 0
vn 0.556 0.831 0
vn 0.831 0.556 0
vn 0.831 0.556 0
vn 0.981 0.195 0
vn 0.981 -0.195 0
vn 0.981 0.195 0
vn 0.831 -0.556 0
vn 0.981 -0.195 0
vn 0.556 -0.831 0
vn 0.831 -0.556 0
vn 0.195 -0.981 0
vn 0.556 -0.831 0
vn -0.195 -0.981 0
vn 0.195 -0.981 0
vn -0.556 -0.831 0
vn -0.195 -0.981 0
vn -0.831 -0.556 0
vn -0.556 -0.831 0
vn -0.981 -0.195 0
vn -0.831 -0.556 0
vn -0.981 0.195 0
vn -0.981 -0.195 0
vn -0.981 0.195 0
vn -0.831 0.556 0
vn -0.831 0.556 0
vn -0.556 0.831 0
vn -0.556 0.831 0
vn -0.195 0.981 0
vn -0.195 0.981 0
vn 0.195 0.981 0
vn 0.195 0.981 0
vn 0.556 0.831 0
vn 0.556 0.831 0
vn 0.831 0.556 0
vn 0.831 0.556 0
vn 0.981 0.195 0
vn 0.981 -0.195 0
vn 0.981 0.195 0
vn 0.831 -0.556 0
vn 0.981 -0.195 0
vn 0.556 -0.831 0
vn 0.831 -0.556 0
vn 0.195 -0.981 0
vn 0.556 -0.831 0
vn -0.195 -0.981 0
vn 0.195 -0.981 0
vn -0.556 -0.831 0
vn -0.195 -0.981 0
vn -0.831 -0.556 0
vn -0.556 -0.831 0
vn -0.981 -0.195 0
vn -0.831 -0.556 0
vn -0.981 0.195 0
vn -0.981 -0.195 0
vn -0.981 0.195 0
vn -0.831 0.556 0
vn -0.831 0.556 0
vn -0.556 0.831 0
vn -0.556 0.831 0
vn -0.195 0.981 0
vn -0.195 0.981 0
vn 0.195 0.981 0
vn 0.195 0.981 0
vn 0.556 0.831 0
vn 0.556 0.831 0
vn 0.831 0.556 0
vn 0.831 0.556 0
vn 0.981 0.195 0
vn 0.981 0.195 0
vn 0.981 -0.195 0
vn 0.831 -0.556 0
vn 0.981 -0.195 0
vn 0.556 -0.831 0
vn 0.831 -0.556 0
vn 0.195 -0.981 0
vn 0.556 -0.831 0
vn -0.195 -0.981 0
vn 0.195 -0.981 0
vn -0.556 -0.831 0
vn -0.195 -0.981 0
vn -0.831 -0.556 0
vn -0.556 -0.831 0
vn -0.981 -0.195 0
vn -0.831 -0.556 0
vn -0.981 -0.195 0
vn -0.981 0.195 0
vn -0.981 0.195 0
vn -0.831 0.556 0
vn -0.831 0.556 0
vn -0.556 0.831 0
vn -0.556 0.831 0
vn -0.195 0.981 0
vn -1 0 0
vn 0 -1 0
vn 0 0.749 0.662
vn -0.195 0.981 0
vn 0.195 0.981 0
vn 0.195 0.981 0
vn 0.556 0.831 0
vn 0.556 0.831 0
vn 0.831 0.556 0
vn 0.831 0.556 0
vn 0.981 0.195 0
vn 0.981 0.195 0
vn 0.981 -0.195 0
vn 0.831 -0.556 0
vn 0.981 -0.195 0
vn 0.556 -0.831 0
vn 0.831 -0.556 0
vn 0.195 -0.981 0
vn 0.556 -0.831 0
vn -0.195 -0.981 0
vn 0.195 -0.981 0
vn -0.556 -0.831 0
vn -0.195 -0.981 0
vn -0.831 -0.556 0
vn -0.556 -0.831 0
vn -0.981 -0.195 0
vn -0.831 -0.556 0
vn -0.981 0.195 0
vn -0.981 -0.195 0
vn -0.981 0.195 0
vn -0.831 0.556 0
vn -0.831 0.556 0
vn -0.556 0.831 0
vn -0.556 0.831 0
vn -0.195 0.981 0
vn -0.195 0.981 0
vn 0.195 0.981 0
vn 0.195 0.981 0
vn 0.556 0.831 0
vn 0.556 0.831 0
vn 0.831 0.556 0
vn 0.831 0.556 0
vn 0.981 0.195 0
vn 0.981 0.195 0
vn 0.981 -0.195 0
vn 0.831 -0.556 0
vn 0.981 -0.195 0
vn 0.556 -0.831 0
vn 0.831 -0.556 0
vn 0.195 -0.981 0
vn 0.556 -0.831 0
vn -0.195 -0.981 0
vn 0.195 -0.981 0
vn -0.556 -0.831 0
vn -0.195 -0.981 0
vn -0.831 -0.556 0
vn -0.556 -0.831 0
vn -0.981 -0.195 0
vn -0.831 -0.556 0
vn -0.981 0.195 0
vn -0.981 -0.195 0
vn -0.981 0.195 0
vn -0.831 0.556 0
vn -0.831 0.556 0
vn -0.556 0.831 0
vn -0.556 0.831 0
vn -0.195 0.981 0
vn -0.195 0.981 0
vn 0.195 0.981 0
vn 0.195 0.981 0
vn 0.556 0.831 0
vn 0.556 0.831 0
vn 0.831 0.556 0
vn 0.831 0.556 0
vn 0.981 0.195 0
vn 0.981 0.195 0
vn 0.981 -0.195 0
vn 0.831 -0.556 0
vn 0.981 -0.195 0
vn 0.556 -0.831 0
vn 0.831 -0.556 0
vn 0.195 -0.981 0
vn 0.556 -0.831 0
vn -0.195 -0.981 0
vn 0.195 -0.981 0
vn -0.556 -0.831 0
vn -0.195 -0.981 0
vn -0.831 -0.556 0
vn -0.556 -0.831 0
vn -0.981 -0.195 0
vn -0.831 -0.556 0
vn -0.981 0.195 0
vn -0.981 -0.195 0
vn -0.981 0.195 0
vn -0.831 0.556 0
vn -0.831 0.556 0
vn -0.556 0.831 0
vn -0.556 0.831 0
vn -0.195 0.981 0
vn -0.195 0.981 0
vn -0.184 0.927 -0.327
vn 0.184 0.927 -0.327
vn 0.195 0.981 0
vn 0.184 0.927 -0.327
vn 0.195 0.981 0
vn 0.525 0.786 -0.327
vn 0.556 0.831 0
vn 0.525 0.786 -0.327
vn 0.556 0.831 0
vn 0.786 0.525 -0.327
vn 0.831 0.556 0
vn 0.786 0.525 -0.327
vn 0.831 0.556 0
vn 0.927 0.184 -0.327
vn 0.981 0.195 0
vn 0.927 0.184 -0.327
vn 0.927 -0.184 -0.327
vn 0.981 0.195 0
vn 0.981 -0.195 0
vn 0.786 -0.525 -0.327
vn 0.831 -0.556 0
vn 0.927 -0.184 -0.327
vn 0.981 -0.195 0
vn 0.525 -0.786 -0.327
vn 0.556 -0.831 0
vn 0.786 -0.525 -0.327
vn 0.831 -0.556 0
vn 0.184 -0.927 -0.327
vn 0.195 -0.981 0
vn 0.525 -0.786 -0.327
vn 0.556 -0.831 0
vn -0.195 -0.981 0
vn -0.184 -0.927 -0.327
vn 0.184 -0.927 -0.327
vn 0.195 -0.981 0
vn -0.556 -0.831 0
vn -0.525 -0.786 -0.327
vn -0.195 -0.981 0
vn -0.184 -0.927 -0.327
vn -0.831 -0.556 0
vn -0.786 -0.525 -0.327
vn -0.556 -0.831 0
vn -0.525 -0.786 -0.327
vn -0.981 -0.195 0
vn -0.927 -0.184 -0.327
vn -0.831 -0.556 0
vn -0.786 -0.525 -0.327
vn -0.981 -0.195 0
vn -0.981 0.195 0
vn -0.927 0.184 -0.327
vn -0.927 -0.184 -0.327
vn -0.981 0.195 0
vn -0.927 0.184 -0.327
vn -0.831 0.556 0
vn -0.786 0.525 -0.327
vn -0.831 0.556 0
vn -0.786 0.525 -0.327
vn -0.556 0.831 0
vn -0.525 0.786 -0.327
vn -0.556 0.831 0
vn -0.525 0.786 -0.327
vn -0.195 0.981 0
vn -0.184 0.927 -0.327
vn -0.195 0.981 0
vn -0.184 0.927 -0.327
vn 0.184 0.927 -0.327
vn 0.195 0.981 0
vn 0.184 0.927 -0.327
vn 0.195 0.981 0
vn 0.525 0.786 -0.327
vn 0.556 0.831 0
vn 0.525 0.786 -0.327
vn 0.556 0.831 0
vn 0.786 0.525 -0.327
vn 0.831 0.556 0
vn 0.786 0.525 -0.327
vn 0.831 0.556 0
vn 0.927 0.184 -0.327
vn 0.981 0.195 0
vn 0.927 0.184 -0.327
vn 0.927 -0.184 -0.327
vn 0.981 0.195 0
vn 0.981 -0.195 0
vn 0.786 -0.525 -0.327
vn 0.831 -0.556 0
vn 0.927 -0.184 -0.327
vn 0.981 -0.195 0
vn 0.525 -0.786 -0.327
vn 0.556 -0.831 0
vn 0.786 -0.525 -0.327
vn 0.831 -0.556 0
vn 0.184 -0.927 -0.327
vn 0.195 -0.981 0
vn 0.525 -0.786 -0.327
vn 0.556 -0.831 0
vn -0.195 -0.981 0
vn -0.184 -0.927 -0.327
vn 0.184 -0.927 -0.327
vn 0.195 -0.981 0
vn -0.556 -0.831 0
vn -0.525 -0.786 -0.327
vn -0.195 -0.981 0
vn -0.184 -0.927 -0.327
vn -0.831 -0.556 0
vn -0.786 -0.525 -0.327
vn -0.556 -0.831 0
vn -0.525 -0.786 -0.327
vn -0.981 -0.195 0
vn -0.927 -0.184 -0.327
vn -0.831 -0.556 0
vn -0.786 -0.525 -0.327
vn -0.981 -0.195 0
vn -0.981 0.195 0
vn -0.927 0.184 -0.327
vn -0.927 -0.184 -0.327
vn -0.981 0.195 0
vn -0.927 0.184 -0.327
vn -0.831 0.556 0
vn -0.786 0.525 -0.327
vn -0.831 0.556 0
vn -0.786 0.525 -0.327
vn -0.556 0.831 0
vn -0.525 0.786 -0.327
vn -0.556 0.831 0
vn -0.525 0.786 -0.327
vn -0.195 0.981 0
vn -0.184 0.927 -0.327
vn -0.195 0.981 0
vn -0.171 0.858 -0.485
vn 0.171 0.858 -0.485
vn 0.195 0.981 0
vn 0.171 0.858 -0.485
vn 0.195 0.981 0
vn 0.486 0.727 -0.485
vn 0.556 0.831 0
vn 0.486 0.727 -0.485
vn 0.556 0.831 0
vn 0.727 0.486 -0.485
vn 0.831 0.556 0
vn 0.727 0.486 -0.485
vn 0.831 0.556 0
vn 0.858 0.171 -0.485
vn 0.981 0.195 0
vn 0.858 0.171 -0.485
vn 0.858 -0.171 -0.485
vn 0.981 0.195 0
vn 0.981 -0.195 0
vn 0.727 -0.486 -0.485
vn 0.831 -0.556 0
vn 0.858 -0.171 -0.485
vn 0.981 -0.195 0
vn 0.486 -0.727 -0.485
vn 0.556 -0.831 0
vn 0.727 -0.486 -0.485
vn 0.831 -0.556 0
vn 0.171 -0.858 -0.485
vn 0.195 -0.981 0
vn 0.486 -0.727 -0.485
vn 0.556 -0.831 0
vn -0.195 -0.981 0
vn -0.171 -0.858 -0.485
vn 0.171 -0.858 -0.485
vn 0.195 -0.981 0
vn -0.556 -0.831 0
vn -0.486 -0.727 -0.485
vn -0.195 -0.981 0
vn -0.171 -0.858 -0.485
vn -0.831 -0.556 0
vn -0.727 -0.486 -0.485
vn -0.556 -0.831 0
vn -0.486 -0.727 -0.485
vn -0.981 -0.195 0
vn -0.858 -0.171 -0.485
vn -0.831 -0.556 0
vn -0.727 -0.486 -0.485
vn -0.981 -0.195 0
vn -0.981 0.195 0
vn -0.858 0.171 -0.485
vn -0.858 -0.171 -0.485
vn -0.981 0.195 0
vn -0.858 0.171 -0.485
vn -0.831 0.556 0
vn -0.727 0.486 -0.485
vn -0.831 0.556 0
vn -0.727 0.486 -0.485
vn -0.556 0.831 0
vn -0.486 0.727 -0.485
vn -0.556 0.831 0
vn -0.486 0.727 -0.485
vn -0.195 0.981 0
vn -0.171 0.858 -0.485
vn -0.171 0.858 -0.485
vn 0.171 0.858 -0.485
vn 0.171 0.858 -0.485
vn 0.486 0.727 -0.485
vn 0.486 0.727 -0.485
vn 0.727 0.486 -0.485
vn 0.727 0.486 -0.485
vn 0.858 0.171 -0.485
vn 0.858 0.171 -0.485
vn 0.858 -0.171 -0.485
vn 0.727 -0.486 -0.485
vn 0.858 -0.171 -0.485
vn 0.486 -0.727 -0.485
vn 0.727 -0.486 -0.485
vn 0.171 -0.858 -0.485
vn 0.486 -0.727 -0.485
vn -0.171 -0.858 -0.485
vn 0.171 -0.858 -0.485
vn -0.486 -0.727 -0.485
vn -0.171 -0.858 -0.485
vn -0.727 -0.486 -0.485
vn -0.486 -0.727 -0.485
vn -0.858 -0.171 -0.485
vn -0.727 -0.486 -0.485
vn -0.858 0.171 -0.485
vn -0.858 -0.171 -0.485
vn -0.858 0.171 -0.485
vn -0.727 0.486 -0.485
vn -0.727 0.486 -0.485
vn -0.486 0.727 -0.485
vn -0.486 0.727 -0.485
vn -0.171 0.858 -0.485
vn -1 0 0
vn 0 1 0
vn 0 0.749 0.662
vn -1 0 0
vn 0 0 -1
vn 0 -1 0
vn -1 0 0
vn 0 0.92 0.391
vn 0 0 1
vn 0 -1 0
vn 0 0.749 0.662
vn 1 0 0
vn 0 1 0
vn 0 0.749 0.662
vn 1 0 0
vn 0 0 -1
vn 0 -1 0
vn 1 0 0
vn -1 0 0
vn 0 -1 0
vn 0 0 1
vn -1 0 0
vn 0 -1 0
vn -1 0 0
vn 0 1 0
vn 0 -1 0
vn 1 0 0
vn 0 1 0
vn 1 0 0
vn -1 0 0
vn 0 0 -1
vn 0 1 0
vn 0 -1 0
vn 1 0 0
vn -1 0 0
vn 0 -1 0
vn 0 0 -1
vn 0 1 0
vn 1 0 0
vn -1 0 0
vn 0 0.749 0.662
vn -1 0 0
vn 0 0 -1
vn 0 1 0
vn 0 0 -1
vn 0 1 0
vn 1 0 0
vn 0 0.749 0.662
vn 1 0 0
vn 1 0 0
vn -1 0 0
vn 0 0 -1
vn 0 1 0
vn 1 0 0
vn -1 0 0
vn 0 0 -1
vn 0 1 0
vn -1 0 0
vn 0 0 -1
vn 0 -1 0
vn -1 0 0
vn 0 0 -1
vn 0 0.92 -0.391
vn 0 -1 0
vn 0 0 1
vn 1 0 0
vn 0 0.92 0.391
vn 0 0 1
vn 1 0 0
vn 0 0 -1
vn 0 -1 0
vn 1 0 0
vn 0 0 -1
vn 0 0.92 -0.391
vn 1 0 0
vn -1 0 0
vn 0 0.92 -0.391
vn 0 0.92 0.391
vn -1 0 0
vn 0 -1 0
vn 0 -1 0
vn 1 0 0
vn 0 0.92 -0.391
vn 0 0.92 0.391
vn 1 0 0
vn -1 0 0
vn 0 -0.749 0.662
vn 0 0 1
vn -1 0 0
vn 0 -1 0
vn 0 -0.749 0.662
vn -1 0 0
vn 0 0 -1
vn -1 0 0
vn 0 -0.92 0.391
vn 0 0 1
vn 0 -0.749 0.662
vn 0 0 1
vn 1 0 0
vn 0 -1 0
vn 0 -0.749 0.662
vn 1 0 0
vn 0 0 -1
vn 1 0 0
vn -1 0 0
vn 0 1 0
vn 0 0 1
vn -1 0 0
vn -1 0 0
vn 0 -1 0
vn 1 0 0
vn 0 -1 0
vn 1 0 0
vn -1 0 0
vn 0 0 -1
vn 0 -1 0
vn 1 0 0
vn -1 0 0
vn 0 0 -1
vn 0 -1 0
vn 1 0 0
vn -1 0 0
vn 0 -0.749 0.662
vn -1 0 0
vn 0 0 -1
vn 0 -1 0
vn 0 0 -1
vn 0 -1 0
vn 1 0 0
vn 0 -0.749 0.662
vn 1 0 0
vn 1 0 0
vn -1 0 0
vn 0 0 -1
vn 0 -1 0
vn 1 0 0
vn -1 0 0
vn 0 0 -1
vn 0 -1 0
vn -1 0 0
vn 0 0 -1
vn 0 1 0
vn -1 0 0
vn 0 0 -1
vn 0 -0.92 -0.391
vn 0 1 0
vn 0 0 1
vn 1 0 0
vn 0 -0.92 0.391
vn 0 0 1
vn 1 0 0
vn 0 0 -1
vn 0 1 0
vn 1 0 0
vn 0 0 -1
vn 0 -0.92 -0.391
vn 1 0 0
vn -1 0 0
vn 0 -0.92 -0.391
vn 0 -0.92 0.391
vn -1 0 0
vn 0 1 0
vn 0 1 0
vn 1 0 0
vn 0 -0.92 -0.391
vn 0 -0.92 0.391
vn 1 0 0
vn -1 0 0
vn 0 1 0
vn 0 0 1
vn -1 0 0
vn 0 0 -1
vn 0 1 0
vn 0 1 0
vn 0 0 1
vn 1 0 0
vn 0 0 -1
vn 0 1 0
vn 1 0 0
vn -1 0 0
vn 0 1 0
vn 0 1 0
vn 1 0 0
vn 0 1 0
vn 1 0 0
vn -1 0 0
vn 0 1 0
vn -1 0 0
vn 0 1 0
vn 0.749 0 0.662
vn 0 1 0
vn 0.749 0 0.662
vn 1 0 0
vn -1 0 0
vn 0 0 -1
vn 0 1 0
vn 0 0 1
vn 0 1 0
vn 0.92 0 0.391
vn -1 0 0
vn 0 -1 0
vn 0.749 0 0.662
vn 0 -1 0
vn 0.749 0 0.662
vn 1 0 0
vn -1 0 0
vn 0 -1 0
vn 0 0 -1
vn -1 0 0
vn 0 0 1
vn 0 1 0
vn -1 0 0
vn 0 1 0
vn 0 1 0
vn 1 0 0
vn -1 0 0
vn 0 -1 0
vn 0 -1 0
vn 1 0 0
vn 0 0 -1
vn 0 1 0
vn 1 0 0
vn -1 0 0
vn 0 -1 0
vn -1 0 0
vn 0 1 0
vn 0 -1 0
vn 0 0 -1
vn 1 0 0
vn 0 1 0
vn 0.749 0 0.662
vn 0 0 -1
vn 0 1 0
vn 1 0 0
vn 0 -1 0
vn 0 0 -1
vn 1 0 0
vn 0 -1 0
vn 0.749 0 0.662
vn 0 -1 0
vn 0 1 0
vn 0 -1 0
vn 0 0 -1
vn 1 0 0
vn 0 0 -1
vn 0 1 0
vn 1 0 0
vn -1 0 0
vn 0 0 -1
vn 0 1 0
vn 0 0 -1
vn 0 1 0
vn 0.92 0 -0.391
vn -1 0 0
vn 0 0 1
vn 0 -1 0
vn 0 0 1
vn 0 -1 0
vn 0.92 0 0.391
vn -1 0 0
vn 0 -1 0
vn 0 0 -1
vn 0 -1 0
vn 0 0 -1
vn 0.92 0 -0.391
vn 0 1 0
vn 0.92 0 0.391
vn 0.92 0 -0.391
vn -1 0 0
vn 0 1 0
vn -1 0 0
vn 0 -1 0
vn 0 -1 0
vn 0.92 0 0.391
vn 0.92 0 -0.391
vn -0.749 0 0.662
vn 0 1 0
vn 1 0 0
vn -1 0 0
vn -0.749 0 0.662
vn 0 1 0
vn 0 1 0
vn 0 0 -1
vn 1 0 0
vn -0.92 0 0.391
vn 0 1 0
vn 0 0 1
vn -0.749 0 0.662
vn 0 -1 0
vn 1 0 0
vn -1 0 0
vn -0.749 0 0.662
vn 0 -1 0
vn 0 0 -1
vn 0 -1 0
vn 1 0 0
vn 0 1 0
vn 0 0 1
vn 1 0 0
vn 0 1 0
vn 1 0 0
vn -1 0 0
vn 0 1 0
vn 0 -1 0
vn 1 0 0
vn -1 0 0
vn 0 -1 0
vn -1 0 0
vn 0 1 0
vn 0 0 -1
vn 0 -1 0
vn 1 0 0
vn 0 1 0
vn 1 0 0
vn -1 0 0
vn 0 -1 0
vn 0 0 -1
vn -0.749 0 0.662
vn 0 1 0
vn -1 0 0
vn 0 1 0
vn 0 0 -1
vn -1 0 0
vn 0 0 -1
vn 0 -1 0
vn -0.749 0 0.662
vn 0 -1 0
vn 0 -1 0
vn 0 1 0
vn -1 0 0
vn 0 -1 0
vn 0 0 -1
vn -1 0 0
vn 0 1 0
vn 0 0 -1
vn 0 1 0
vn 0 0 -1
vn 1 0 0
vn -0.92 0 -0.391
vn 0 1 0
vn 0 0 -1
vn 0 0 1
vn 0 -1 0
vn 1 0 0
vn -0.92 0 0.391
vn 0 0 1
vn 0 -1 0
vn 0 0 -1
vn 0 -1 0
vn 1 0 0
vn -0.92 0 -0.391
vn 0 0 -1
vn 0 -1 0
vn -0.92 0 -0.391
vn -0.92 0 0.391
vn 0 1 0
vn 0 1 0
vn 1 0 0
vn 0 -1 0
vn 1 0 0
vn -0.92 0 -0.391
vn -0.92 0 0.391
vn 0 -1 0
vn -1 0 0
vn 0 -0.378 -0.926
vn 0 -1 0
vn -1 0 0
vn 0 -0.378 -0.926
vn 0 0.939 0.343
vn -1 0 0
vn 0 -1 0
vn 0 0.939 0.343
vn 0 -0.378 -0.926
vn 0 -1 0
vn 1 0 0
vn 0 -0.378 -0.926
vn 0 0.939 0.343
vn 1 0 0
vn 0 -1 0
vn 0 0.939 0.343
vn 1 0 0
vn -1 0 0
vn 0 0.378 -0.926
vn 0 1 0
vn -1 0 0
vn 0 0.378 -0.926
vn 0 -0.939 0.343
vn -1 0 0
vn 0 1 0
vn 0 -0.939 0.343
vn 0 0.378 -0.926
vn 0 1 0
vn 1 0 0
vn 0 0.378 -0.926
vn 0 -0.939 0.343
vn 1 0 0
vn 0 1 0
vn 0 -0.939 0.343
vn 1 0 0
vn -1 0 0
vn -0.378 0 -0.926
vn 0 -1 0
vn -0.378 0 -0.926
vn 0 -1 0
vn 0.939 0 0.343
vn -1 0 0
vn 0 -1 0
vn 0.939 0 0.343
vn -1 0 0
vn -0.378 0 -0.926
vn 0 1 0
vn -0.378 0 -0.926
vn 0 1 0
vn 0.939 0 0.343
vn -1 0 0
vn 0 1 0
vn 0.939 0 0.343
vn 0 -1 0
vn 0.378 0 -0.926
vn 1 0 0
vn -0.939 0 0.343
vn 0 -1 0
vn 0.378 0 -0.926
vn -0.939 0 0.343
vn 0 -1 0
vn 1 0 0
vn 0 1 0
vn 0.378 0 -0.926
vn 1 0 0
vn -0.939 0 0.343
vn 0 1 0
vn 0.378 0 -0.926
vn -0.939 0 0.343
vn 0 1 0
vn 1 0 0
f 1007/1007/1007 1013/1013/1013 1010/1010/1010
f 1018/1018/1018 1021/1021/1021 1024/1024/1024
f 1025/1025/1025 1028/1028/1028 1031/1031/1031
f 1036/1036/1036 1042/1042/1042 1039/1039/1039
f 1045/1045/1045 1047/1047/1047 1050/1050/1050
f 1054/1054/1054 1059/1059/1059 1056/1056/1056
f 1061/1061/1061 1068/1068/1068 1065/1065/1065
f 1070/1070/1070 1074/1074/1074 1077/1077/1077
f 54/54/54 57/57/57 476/476/476
f 54/54/54 476/476/476 474/474/474
f 63/63/63 60/60/60 94/94/94
f 63/63/63 94/94/94 95/95/95
f 2/2/2 4/4/4 7/7/7
f 2/2/2 7/7/7 5/5/5
f 41/41/41 46/46/46 466/466/466
f 41/41/41 466/466/466 460/460/460
f 52/52/52 47/47/47 87/87/87
f 52/52/52 87/87/87 90/90/90
f 6/6/6 8/8/8 11/11/11
f 6/6/6 11/11/11 9/9/9
f 2/2/2 5/5/5 425/425/425
f 2/2/2 425/425/425 423/423/423
f 40/40/40 35/35/35 81/81/81
f 40/40/40 81/81/81 84/84/84
f 10/10/10 12/12/12 15/15/15
f 10/10/10 15/15/15 13/13/13
f 29/29/29 34/34/34 455/455/455
f 29/29/29 455/455/455 449/449/449
f 28/28/28 23/23/23 75/75/75
f 28/28/28 75/75/75 78/78/78
f 14/14/14 16/16/16 20/20/20
f 14/14/14 20/20/20 17/17/17
f 18/18/18 22/22/22 443/443/443
f 18/18/18 443/443/443 439/439/439
f 15/15/15 12/12/12 70/70/70
f 15/15/15 70/70/70 71/71/71
f 18/18/18 19/19/19 24/24/24
f 18/18/18 24/24/24 22/22/22
f 6/6/6 9/9/9 429/429/429
f 6/6/6 429/429/429 427/427/427
f 55/55/55 51/51/51 89/89/89
f 55/55/55 89/89/89 91/91/91
f 21/21/21 23/23/23 28/28/28
f 21/21/21 28/28/28 26/26/26
f 58/58/58 61/61/61 480/480/480
f 58/58/58 480/480/480 478/478/478
f 44/44/44 39/39/39 83/83/83
f 44/44/44 83/83/83 86/86/86
f 25/25/25 27/27/27 32/32/32
f 25/25/25 32/32/32 30/30/30
f 45/45/45 49/49/49 468/468/468
f 45/45/45 468/468/468 464/464/464
f 32/32/32 27/27/27 77/77/77
f 32/32/32 77/77/77 80/80/80
f 29/29/29 31/31/31 36/36/36
f 29/29/29 36/36/36 34/34/34
f 33/33/33 38/38/38 458/458/458
f 33/33/33 458/458/458 452/452/452
f 20/20/20 16/16/16 72/72/72
f 20/20/20 72/72/72 73/73/73
f 33/33/33 35/35/35 40/40/40
f 33/33/33 40/40/40 38/38/38
f 21/21/21 26/26/26 447/447/447
f 21/21/21 447/447/447 441/441/441
f 7/7/7 4/4/4 66/66/66
f 7/7/7 66/66/66 67/67/67
f 37/37/37 39/39/39 44/44/44
f 37/37/37 44/44/44 42/42/42
f 10/10/10 13/13/13 433/433/433
f 10/10/10 433/433/433 431/431/431
f 3/3/3 64/64/64 96/96/96
f 3/3/3 96/96/96 65/65/65
f 41/41/41 43/43/43 48/48/48
f 41/41/41 48/48/48 46/46/46
f 50/50/50 53/53/53 472/472/472
f 50/50/50 472/472/472 469/469/469
f 59/59/59 56/56/56 92/92/92
f 59/59/59 92/92/92 93/93/93
f 45/45/45 47/47/47 52/52/52
f 45/45/45 52/52/52 49/49/49
f 37/37/37 42/42/42 462/462/462
f 37/37/37 462/462/462 456/456/456
f 48/48/48 43/43/43 85/85/85
f 48/48/48 85/85/85 88/88/88
f 50/50/50 51/51/51 55/55/55
f 50/50/50 55/55/55 53/53/53
f 25/25/25 30/30/30 451/451/451
f 25/25/25 451/451/451 445/445/445
f 36/36/36 31/31/31 79/79/79
f 36/36/36 79/79/79 82/82/82
f 54/54/54 56/56/56 59/59/59
f 54/54/54 59/59/59 57/57/57
f 14/14/14 17/17/17 438/438/438
f 14/14/14 438/438/438 435/435/435
f 24/24/24 19/19/19 74/74/74
f 24/24/24 74/74/74 76/76/76
f 58/58/58 60/60/60 63/63/63
f 58/58/58 63/63/63 61/61/61
f 62/62/62 1/1/1 420/420/420
f 62/62/62 420/420/420 482/482/482
f 11/11/11 8/8/8 68/68/68
f 11/11/11 68/68/68 69/69/69
f 62/62/62 64/64/64 3/3/3
f 62/62/62 3/3/3 1/1/1
f 69/69/69 68/68/68 100/100/100
f 69/69/69 100/100/100 101/101/101
f 91/91/91 89/89/89 121/121/121
f 91/91/91 121/121/121 123/123/123
f 84/84/84 81/81/81 113/113/113
f 84/84/84 113/113/113 116/116/116
f 76/76/76 74/74/74 106/106/106
f 76/76/76 106/106/106 108/108/108
f 67/67/67 66/66/66 98/98/98
f 67/67/67 98/98/98 99/99/99
f 90/90/90 87/87/87 119/119/119
f 90/90/90 119/119/119 122/122/122
f 65/65/65 96/96/96 128/128/128
f 65/65/65 128/128/128 97/97/97
f 82/82/82 79/79/79 111/111/111
f 82/82/82 111/111/111 114/114/114
f 73/73/73 72/72/72 104/104/104
f 73/73/73 104/104/104 105/105/105
f 95/95/95 94/94/94 126/126/126
f 95/95/95 126/126/126 127/127/127
f 88/88/88 85/85/85 117/117/117
f 88/88/88 117/117/117 120/120/120
f 80/80/80 77/77/77 109/109/109
f 80/80/80 109/109/109 112/112/112
f 71/71/71 70/70/70 102/102/102
f 71/71/71 102/102/102 103/103/103
f 93/93/93 92/92/92 124/124/124
f 93/93/93 124/124/124 125/125/125
f 86/86/86 83/83/83 115/115/115
f 86/86/86 115/115/115 118/118/118
f 78/78/78 75/75/75 107/107/107
f 78/78/78 107/107/107 110/110/110
f 99/99/99 98/98/98 130/130/130
f 99/99/99 130/130/130 131/131/131
f 122/122/122 119/119/119 151/151/151
f 122/122/122 151/151/151 154/154/154
f 97/97/97 128/128/128 160/160/160
f 97/97/97 160/160/160 129/129/129
f 114/114/114 111/111/111 143/143/143
f 114/114/114 143/143/143 146/146/146
f 105/105/105 104/104/104 136/136/136
f 105/105/105 136/136/136 137/137/137
f 127/127/127 126/126/126 158/158/158
f 127/127/127 158/158/158 159/159/159
f 120/120/120 117/117/117 149/149/149
f 120/120/120 149/149/149 152/152/152
f 112/112/112 109/109/109 141/141/141
f 112/112/112 141/141/141 144/144/144
f 103/103/103 102/102/102 134/134/134
f 103/103/103 134/134/134 135/135/135
f 125/125/125 124/124/124 156/156/156
f 125/125/125 156/156/156 157/157/157
f 118/118/118 115/115/115 147/147/147
f 118/118/118 147/147/147 150/150/150
f 110/110/110 107/107/107 139/139/139
f 110/110/110 139/139/139 142/142/142
f 101/101/101 100/100/100 132/132/132
f 101/101/101 132/132/132 133/133/133
f 123/123/123 121/121/121 153/153/153
f 123/123/123 153/153/153 155/155/155
f 116/116/116 113/113/113 145/145/145
f 116/116/116 145/145/145 148/148/148
f 108/108/108 106/106/106 138/138/138
f 108/108/108 138/138/138 140/140/140
f 144/144/144 141/141/141 173/173/173
f 144/144/144 173/173/173 176/176/176
f 135/135/135 134/134/134 166/166/166
f 135/135/135 166/166/166 167/167/167
f 157/157/157 156/156/156 188/188/188
f 157/157/157 188/188/188 189/189/189
f 150/150/150 147/147/147 179/179/179
f 150/150/150 179/179/179 182/182/182
f 142/142/142 139/139/139 171/171/171
f 142/142/142 171/171/171 174/174/174
f 133/133/133 132/132/132 164/164/164
f 133/133/133 164/164/164 165/165/165
f 155/155/155 153/153/153 185/185/185
f 155/155/155 185/185/185 187/187/187
f 148/148/148 145/145/145 177/177/177
f 148/148/148 177/177/177 180/180/180
f 140/140/140 138/138/138 170/170/170
f 140/140/140 170/170/170 172/172/172
f 131/131/131 130/130/130 162/162/162
f 131/131/131 162/162/162 163/163/163
f 154/154/154 151/151/151 183/183/183
f 154/154/154 183/183/183 186/186/186
f 129/129/129 160/160/160 192/192/192
f 129/129/129 192/192/192 161/161/161
f 146/146/146 143/143/143 175/175/175
f 146/146/146 175/175/175 178/178/178
f 137/137/137 136/136/136 168/168/168
f 137/137/137 168/168/168 169/169/169
f 159/159/159 158/158/158 190/190/190
f 159/159/159 190/190/190 191/191/191
f 152/152/152 149/149/149 181/181/181
f 152/152/152 181/181/181 184/184/184
f 174/174/174 171/171/171 203/203/203
f 174/174/174 203/203/203 206/206/206
f 165/165/165 164/164/164 196/196/196
f 165/165/165 196/196/196 197/197/197
f 187/187/187 185/185/185 217/217/217
f 187/187/187 217/217/217 219/219/219
f 180/180/180 177/177/177 209/209/209
f 180/180/180 209/209/209 212/212/212
f 172/172/172 170/170/170 202/202/202
f 172/172/172 202/202/202 204/204/204
f 163/163/163 162/162/162 194/194/194
f 163/163/163 194/194/194 195/195/195
f 186/186/186 183/183/183 215/215/215
f 186/186/186 215/215/215 218/218/218
f 161/161/161 192/192/192 224/224/224
f 161/161/161 224/224/224 193/193/193
f 178/178/178 175/175/175 207/207/207
f 178/178/178 207/207/207 210/210/210
f 169/169/169 168/168/168 200/200/200
f 169/169/169 200/200/200 201/201/201
f 191/191/191 190/190/190 222/222/222
f 191/191/191 222/222/222 223/223/223
f 184/184/184 181/181/181 213/213/213
f 184/184/184 213/213/213 216/216/216
f 176/176/176 173/173/173 205/205/205
f 176/176/176 205/205/205 208/208/208
f 167/167/167 166/166/166 198/198/198
f 167/167/167 198/198/198 199/199/199
f 189/189/189 188/188/188 220/220/220
f 189/189/189 220/220/220 221/221/221
f 182/182/182 179/179/179 211/211/211
f 182/182/182 211/211/211 214/214/214
f 195/195/195 194/194/194 226/226/226
f 195/195/195 226/226/226 227/227/227
f 218/218/218 215/215/215 247/247/247
f 218/218/218 247/247/247 250/250/250
f 193/193/193 224/224/224 256/256/256
f 193/193/193 256/256/256 225/225/225
f 210/210/210 207/207/207 239/239/239
f 210/210/210 239/239/239 242/242/242
f 201/201/201 200/200/200 232/232/232
f 201/201/201 232/232/232 234/234/234
f 223/223/223 222/222/222 254/254/254
f 223/223/223 254/254/254 255/255/255
f 216/216/216 213/213/213 245/245/245
f 216/216/216 245/245/245 248/248/248
f 208/208/208 205/205/205 237/237/237
f 208/208/208 237/237/237 240/240/240
f 199/199/199 198/198/198 230/230/230
f 199/199/199 230/230/230 231/231/231
f 221/221/221 220/220/220 252/252/252
f 221/221/221 252/252/252 253/253/253
f 214/214/214 211/211/211 243/243/243
f 214/214/214 243/243/243 246/246/246
f 206/206/206 203/203/203 235/235/235
f 206/206/206 235/235/235 238/238/238
f 197/197/197 196/196/196 228/228/228
f 197/197/197 228/228/228 229/229/229
f 219/219/219 217/217/217 249/249/249
f 219/219/219 249/249/249 251/251/251
f 212/212/212 209/209/209 241/241/241
f 212/212/212 241/241/241 244/244/244
f 204/204/204 202/202/202 233/233/233
f 204/204/204 233/233/233 236/236/236
f 248/248/248 245/245/245 277/277/277
f 248/248/248 277/277/277 280/280/280
f 240/240/240 237/237/237 269/269/269
f 240/240/240 269/269/269 272/272/272
f 231/231/231 230/230/230 262/262/262
f 231/231/231 262/262/262 263/263/263
f 253/253/253 252/252/252 284/284/284
f 253/253/253 284/284/284 285/285/285
f 246/246/246 243/243/243 275/275/275
f 246/246/246 275/275/275 278/278/278
f 238/238/238 235/235/235 267/267/267
f 238/238/238 267/267/267 270/270/270
f 229/229/229 228/228/228 260/260/260
f 229/229/229 260/260/260 261/261/261
f 251/251/251 249/249/249 281/281/281
f 251/251/251 281/281/281 283/283/283
f 244/244/244 241/241/241 273/273/273
f 244/244/244 273/273/273 276/276/276
f 236/236/236 233/233/233 265/265/265
f 236/236/236 265/265/265 268/268/268
f 227/227/227 226/226/226 258/258/258
f 227/227/227 258/258/258 259/259/259
f 250/250/250 247/247/247 279/279/279
f 250/250/250 279/279/279 282/282/282
f 225/225/225 256/256/256 288/288/288
f 225/225/225 288/288/288 257/257/257
f 242/242/242 239/239/239 271/271/271
f 242/242/242 271/271/271 274/274/274
f 234/234/234 232/232/232 264/264/264
f 234/234/234 264/264/264 266/266/266
f 255/255/255 254/254/254 286/286/286
f 255/255/255 286/286/286 287/287/287
f 270/270/270 267/267/267 299/299/299
f 270/270/270 299/299/299 302/302/302
f 261/261/261 260/260/260 292/292/292
f 261/261/261 292/292/292 293/293/293
f 283/283/283 281/281/281 314/314/314
f 283/283/283 314/314/314 315/315/315
f 276/276/276 273/273/273 305/305/305
f 276/276/276 305/305/305 308/308/308
f 268/268/268 265/265/265 298/298/298
f 268/268/268 298/298/298 300/300/300
f 259/259/259 258/258/258 290/290/290
f 259/259/259 290/290/290 291/291/291
f 282/282/282 279/279/279 311/311/311
f 282/282/282 311/311/311 313/313/313
f 257/257/257 288/288/288 320/320/320
f 257/257/257 320/320/320 289/289/289
f 274/274/274 271/271/271 303/303/303
f 274/274/274 303/303/303 306/306/306
f 266/266/266 264/264/264 296/296/296
f 266/266/266 296/296/296 297/297/297
f 287/287/287 286/286/286 318/318/318
f 287/287/287 318/318/318 319/319/319
f 280/280/280 277/277/277 309/309/309
f 280/280/280 309/309/309 312/312/312
f 272/272/272 269/269/269 301/301/301
f 272/272/272 301/301/301 304/304/304
f 263/263/263 262/262/262 294/294/294
f 263/263/263 294/294/294 295/295/295
f 285/285/285 284/284/284 316/316/316
f 285/285/285 316/316/316 317/317/317
f 278/278/278 275/275/275 307/307/307
f 278/278/278 307/307/307 310/310/310
f 291/291/291 290/290/290 325/325/325
f 291/291/291 325/325/325 326/326/326
f 313/313/313 311/311/311 346/346/346
f 313/313/313 346/346/346 349/349/349
f 289/289/289 320/320/320 355/355/355
f 289/289/289 355/355/355 324/324/324
f 306/306/306 303/303/303 338/338/338
f 306/306/306 338/338/338 341/341/341
f 297/297/297 296/296/296 331/331/331
f 297/297/297 331/331/331 332/332/332
f 319/319/319 318/318/318 353/353/353
f 319/319/319 353/353/353 354/354/354
f 312/312/312 309/309/309 344/344/344
f 312/312/312 344/344/344 347/347/347
f 304/304/304 301/301/301 336/336/336
f 304/304/304 336/336/336 339/339/339
f 295/295/295 294/294/294 329/329/329
f 295/295/295 329/329/329 330/330/330
f 317/317/317 316/316/316 351/351/351
f 317/317/317 351/351/351 352/352/352
f 310/310/310 307/307/307 342/342/342
f 310/310/310 342/342/342 345/345/345
f 302/302/302 299/299/299 334/334/334
f 302/302/302 334/334/334 337/337/337
f 293/293/293 292/292/292 327/327/327
f 293/293/293 327/327/327 328/328/328
f 315/315/315 314/314/314 348/348/348
f 315/315/315 348/348/348 350/350/350
f 308/308/308 305/305/305 340/340/340
f 308/308/308 340/340/340 343/343/343
f 300/300/300 298/298/298 333/333/333
f 300/300/300 333/333/333 335/335/335
f 347/347/347 344/344/344 376/376/376
f 347/347/347 376/376/376 379/379/379
f 339/339/339 336/336/336 368/368/368
f 339/339/339 368/368/368 371/371/371
f 330/330/330 329/329/329 361/361/361
f 330/330/330 361/361/361 362/362/362
f 352/352/352 351/351/351 383/383/383
f 352/352/352 383/383/383 384/384/384
f 345/345/345 342/342/342 374/374/374
f 345/345/345 374/374/374 377/377/377
f 337/337/337 334/334/334 366/366/366
f 337/337/337 366/366/366 369/369/369
f 328/328/328 327/327/327 359/359/359
f 328/328/328 359/359/359 360/360/360
f 350/350/350 348/348/348 380/380/380
f 350/350/350 380/380/380 382/382/382
f 343/343/343 340/340/340 372/372/372
f 343/343/343 372/372/372 375/375/375
f 335/335/335 333/333/333 365/365/365
f 335/335/335 365/365/365 367/367/367
f 326/326/326 325/325/325 357/357/357
f 326/326/326 357/357/357 358/358/358
f 349/349/349 346/346/346 378/378/378
f 349/349/349 378/378/378 381/381/381
f 324/324/324 355/355/355 387/387/387
f 324/324/324 387/387/387 356/356/356
f 341/341/341 338/338/338 370/370/370
f 341/341/341 370/370/370 373/373/373
f 332/332/332 331/331/331 363/363/363
f 332/332/332 363/363/363 364/364/364
f 354/354/354 353/353/353 385/385/385
f 354/354/354 385/385/385 386/386/386
f 369/369/369 366/366/366 398/398/398
f 369/369/369 398/398/398 401/401/401
f 360/360/360 359/359/359 391/391/391
f 360/360/360 391/391/391 392/392/392
f 382/382/382 380/380/380 412/412/412
f 382/382/382 412/412/412 414/414/414
f 375/375/375 372/372/372 404/404/404
f 375/375/375 404/404/404 407/407/407
f 367/367/367 365/365/365 397/397/397
f 367/367/367 397/397/397 399/399/399
f 358/358/358 357/357/357 389/389/389
f 358/358/358 389/389/389 390/390/390
f 381/381/381 378/378/378 410/410/410
f 381/381/381 410/410/410 413/413/413
f 356/356/356 387/387/387 419/419/419
f 356/356/356 419/419/419 388/388/388
f 373/373/373 370/370/370 402/402/402
f 373/373/373 402/402/402 405/405/405
f 364/364/364 363/363/363 395/395/395
f 364/364/364 395/395/395 396/396/396
f 386/386/386 385/385/385 417/417/417
f 386/386/386 417/417/417 418/418/418
f 379/379/379 376/376/376 408/408/408
f 379/379/379 408/408/408 411/411/411
f 371/371/371 368/368/368 400/400/400
f 371/371/371 400/400/400 403/403/403
f 362/362/362 361/361/361 393/393/393
f 362/362/362 393/393/393 394/394/394
f 384/384/384 383/383/383 415/415/415
f 384/384/384 415/415/415 416/416/416
f 377/377/377 374/374/374 406/406/406
f 377/377/377 406/406/406 409/409/409
f 479/479/479 481/481/481 545/545/545
f 479/479/479 545/545/545 543/543/543
f 461/461/461 467/467/467 531/531/531
f 461/461/461 531/531/531 525/525/525
f 444/444/444 450/450/450 514/514/514
f 444/444/444 514/514/514 508/508/508
f 430/430/430 432/432/432 496/496/496
f 430/430/430 496/496/496 494/494/494
f 475/475/475 477/477/477 541/541/541
f 475/475/475 541/541/541 539/539/539
f 457/457/457 463/463/463 527/527/527
f 457/457/457 527/527/527 521/521/521
f 440/440/440 446/446/446 510/510/510
f 440/440/440 510/510/510 504/504/504
f 426/426/426 428/428/428 492/492/492
f 426/426/426 492/492/492 490/490/490
f 470/470/470 473/473/473 537/537/537
f 470/470/470 537/537/537 534/534/534
f 453/453/453 459/459/459 523/523/523
f 453/453/453 523/523/523 517/517/517
f 437/437/437 442/442/442 506/506/506
f 437/437/437 506/506/506 501/501/501
f 422/422/422 424/424/424 488/488/488
f 422/422/422 488/488/488 486/486/486
f 465/465/465 471/471/471 535/535/535
f 465/465/465 535/535/535 529/529/529
f 483/483/483 421/421/421 485/485/485
f 483/483/483 485/485/485 547/547/547
f 448/448/448 454/454/454 518/518/518
f 448/448/448 518/518/518 512/512/512
f 434/434/434 436/436/436 500/500/500
f 434/434/434 500/500/500 498/498/498
f 520/520/520 526/526/526 590/590/590
f 520/520/520 590/590/590 584/584/584
f 505/505/505 511/511/511 575/575/575
f 505/505/505 575/575/575 569/569/569
f 491/491/491 493/493/493 557/557/557
f 491/491/491 557/557/557 555/555/555
f 533/533/533 536/536/536 600/600/600
f 533/533/533 600/600/600 597/597/597
f 516/516/516 522/522/522 586/586/586
f 516/516/516 586/586/586 580/580/580
f 503/503/503 507/507/507 571/571/571
f 503/503/503 571/571/571 567/567/567
f 487/487/487 489/489/489 553/553/553
f 487/487/487 553/553/553 551/551/551
f 528/528/528 532/532/532 596/596/596
f 528/528/528 596/596/596 592/592/592
f 546/546/546 484/484/484 548/548/548
f 546/546/546 548/548/548 610/610/610
f 513/513/513 519/519/519 583/583/583
f 513/513/513 583/583/583 577/577/577
f 499/499/499 502/502/502 566/566/566
f 499/499/499 566/566/566 563/563/563
f 542/542/542 544/544/544 608/608/608
f 542/542/542 608/608/608 606/606/606
f 524/524/524 530/530/530 594/594/594
f 524/524/524 594/594/594 588/588/588
f 509/509/509 515/515/515 579/579/579
f 509/509/509 579/579/579 573/573/573
f 495/495/495 497/497/497 561/561/561
f 495/495/495 561/561/561 559/559/559
f 538/538/538 540/540/540 604/604/604
f 538/538/538 604/604/604 602/602/602
f 565/565/565 570/570/570 623/623/623
f 565/565/565 623/623/623 621/621/621
f 550/550/550 552/552/552 614/614/614
f 550/550/550 614/614/614 613/613/613
f 593/593/593 599/599/599 637/637/637
f 593/593/593 637/637/637 634/634/634
f 611/611/611 549/549/549 612/612/612
f 611/611/611 612/612/612 643/643/643
f 576/576/576 582/582/582 629/629/629
f 576/576/576 629/629/629 626/626/626
f 562/562/562 564/564/564 620/620/620
f 562/562/562 620/620/620 619/619/619
f 607/607/607 609/609/609 642/642/642
f 607/607/607 642/642/642 641/641/641
f 589/589/589 595/595/595 635/635/635
f 589/589/589 635/635/635 632/632/632
f 572/572/572 578/578/578 627/627/627
f 572/572/572 627/627/627 624/624/624
f 558/558/558 560/560/560 618/618/618
f 558/558/558 618/618/618 617/617/617
f 603/603/603 605/605/605 640/640/640
f 603/603/603 640/640/640 639/639/639
f 585/585/585 591/591/591 633/633/633
f 585/585/585 633/633/633 630/630/630
f 568/568/568 574/574/574 625/625/625
f 568/568/568 625/625/625 622/622/622
f 554/554/554 556/556/556 616/616/616
f 554/554/554 616/616/616 615/615/615
f 598/598/598 601/601/601 638/638/638
f 598/598/598 638/638/638 636/636/636
f 581/581/581 587/587/587 631/631/631
f 581/581/581 631/631/631 628/628/628
f 702/702/702 705/705/705 716/716/716
f 702/702/702 716/716/716 713/713/713
f 722/722/722 719/719/719 704/704/704
f 722/722/722 704/704/704 701/701/701
f 693/693/693 672/672/672 658/658/658
f 693/693/693 658/658/658 692/692/692
f 691/691/691 657/657/657 646/646/646
f 691/691/691 646/646/646 684/684/684
f 666/666/666 669/669/669 653/653/653
f 666/666/666 653/653/653 322/322/322
f 671/671/671 668/668/668 645/645/645
f 671/671/671 645/645/645 656/656/656
f 681/681/681 675/675/675 668/668/668
f 681/681/681 668/668/668 671/671/671
f 679/679/679 676/676/676 669/669/669
f 679/679/679 669/669/669 666/666/666
f 697/697/697 682/682/682 672/672/672
f 697/697/697 672/672/672 693/693/693
f 683/683/683 644/644/644 667/667/667
f 683/683/683 667/667/667 694/694/694
f 696/696/696 689/689/689 687/687/687
f 696/696/696 687/687/687 700/700/700
f 649/649/649 660/660/660 676/676/676
f 649/649/649 676/676/676 679/679/679
f 674/674/674 680/680/680 695/695/695
f 674/674/674 695/695/695 699/699/699
f 694/694/694 667/667/667 673/673/673
f 694/694/694 673/673/673 698/698/698
f 665/665/665 694/694/694 698/698/698
f 665/665/665 698/698/698 678/678/678
f 661/661/661 690/690/690 697/697/697
f 661/661/661 697/697/697 677/677/677
f 321/321/321 683/683/683 694/694/694
f 321/321/321 694/694/694 665/665/665
f 677/677/677 697/697/697 693/693/693
f 677/677/677 693/693/693 670/670/670
f 654/654/654 691/691/691 684/684/684
f 654/654/654 684/684/684 323/323/323
f 670/670/670 693/693/693 692/692/692
f 670/670/670 692/692/692 655/655/655
f 648/648/648 686/686/686 688/688/688
f 648/648/648 688/688/688 659/659/659
f 678/678/678 698/698/698 685/685/685
f 678/678/678 685/685/685 647/647/647
f 725/725/725 728/728/728 712/712/712
f 725/725/725 712/712/712 709/709/709
f 708/708/708 711/711/711 652/652/652
f 708/708/708 652/652/652 664/664/664
f 723/723/723 724/724/724 707/707/707
f 723/723/723 707/707/707 663/663/663
f 727/727/727 721/721/721 651/651/651
f 727/727/727 651/651/651 710/710/710
f 717/717/717 706/706/706 720/720/720
f 717/717/717 720/720/720 726/726/726
f 703/703/703 714/714/714 724/724/724
f 703/703/703 724/724/724 723/723/723
f 715/715/715 718/718/718 728/728/728
f 715/715/715 728/728/728 725/725/725
f 662/662/662 650/650/650 719/719/719
f 662/662/662 719/719/719 722/722/722
f 784/784/784 795/795/795 798/798/798
f 784/784/784 798/798/798 787/787/787
f 804/804/804 783/783/783 786/786/786
f 804/804/804 786/786/786 801/801/801
f 775/775/775 774/774/774 745/745/745
f 775/775/775 745/745/745 756/756/756
f 773/773/773 766/766/766 734/734/734
f 773/773/773 734/734/734 744/744/744
f 736/736/736 815/815/815 820/820/820
f 736/736/736 820/820/820 746/746/746
f 755/755/755 743/743/743 733/733/733
f 755/755/755 733/733/733 753/753/753
f 763/763/763 755/755/755 753/753/753
f 763/763/763 753/753/753 759/759/759
f 741/741/741 818/818/818 813/813/813
f 741/741/741 813/813/813 731/731/731
f 779/779/779 775/775/775 756/756/756
f 779/779/779 756/756/756 764/764/764
f 765/765/765 776/776/776 752/752/752
f 765/765/765 752/752/752 732/732/732
f 778/778/778 782/782/782 769/769/769
f 778/778/778 769/769/769 771/771/771
f 760/760/760 828/828/828 826/826/826
f 760/760/760 826/826/826 754/754/754
f 758/758/758 781/781/781 777/777/777
f 758/758/758 777/777/777 762/762/762
f 776/776/776 780/780/780 757/757/757
f 776/776/776 757/757/757 752/752/752
f 751/751/751 761/761/761 780/780/780
f 751/751/751 780/780/780 776/776/776
f 747/747/747 760/760/760 779/779/779
f 747/747/747 779/779/779 772/772/772
f 729/729/729 751/751/751 776/776/776
f 729/729/729 776/776/776 765/765/765
f 760/760/760 754/754/754 775/775/775
f 760/760/760 775/775/775 779/779/779
f 740/740/740 730/730/730 766/766/766
f 740/740/740 766/766/766 773/773/773
f 754/754/754 742/742/742 774/774/774
f 754/754/754 774/774/774 775/775/775
f 736/736/736 746/746/746 770/770/770
f 736/736/736 770/770/770 768/768/768
f 761/761/761 735/735/735 767/767/767
f 761/761/761 767/767/767 780/780/780
f 807/807/807 791/791/791 794/794/794
f 807/807/807 794/794/794 810/810/810
f 790/790/790 750/750/750 739/739/739
f 790/790/790 739/739/739 793/793/793
f 805/805/805 749/749/749 789/789/789
f 805/805/805 789/789/789 806/806/806
f 809/809/809 792/792/792 738/738/738
f 809/809/809 738/738/738 803/803/803
f 799/799/799 808/808/808 802/802/802
f 799/799/799 802/802/802 788/788/788
f 785/785/785 805/805/805 806/806/806
f 785/785/785 806/806/806 796/796/796
f 797/797/797 807/807/807 810/810/810
f 797/797/797 810/810/810 800/800/800
f 748/748/748 804/804/804 801/801/801
f 748/748/748 801/801/801 737/737/737
f 824/824/824 812/812/812 817/817/817
f 824/824/824 817/817/817 825/825/825
f 830/830/830 824/824/824 825/825/825
f 830/830/830 825/825/825 827/827/827
f 816/816/816 830/830/830 827/827/827
f 816/816/816 827/827/827 821/821/821
f 761/761/761 829/829/829 814/814/814
f 761/761/761 814/814/814 735/735/735
f 729/729/729 811/811/811 823/823/823
f 729/729/729 823/823/823 751/751/751
f 747/747/747 822/822/822 828/828/828
f 747/747/747 828/828/828 760/760/760
f 754/754/754 826/826/826 819/819/819
f 754/754/754 819/819/819 742/742/742
f 751/751/751 823/823/823 829/829/829
f 751/751/751 829/829/829 761/761/761
f 892/892/892 894/894/894 907/907/907
f 892/892/892 907/907/907 905/905/905
f 913/913/913 909/909/909 895/895/895
f 913/913/913 895/895/895 893/893/893
f 883/883/883 861/861/861 846/846/846
f 883/883/883 846/846/846 881/881/881
f 882/882/882 847/847/847 835/835/835
f 882/882/882 835/835/835 874/874/874
f 855/855/855 859/859/859 843/843/843
f 855/855/855 843/843/843 831/831/831
f 862/862/862 858/858/858 836/836/836
f 862/862/862 836/836/836 848/848/848
f 872/872/872 865/865/865 858/858/858
f 872/872/872 858/858/858 862/862/862
f 868/868/868 866/866/866 859/859/859
f 868/868/868 859/859/859 855/855/855
f 885/885/885 870/870/870 861/861/861
f 885/885/885 861/861/861 883/883/883
f 873/873/873 834/834/834 857/857/857
f 873/873/873 857/857/857 884/884/884
f 887/887/887 880/880/880 877/877/877
f 887/887/887 877/877/877 890/890/890
f 837/837/837 849/849/849 866/866/866
f 837/837/837 866/866/866 868/868/868
f 863/863/863 871/871/871 886/886/886
f 863/863/863 886/886/886 888/888/888
f 884/884/884 857/857/857 864/864/864
f 884/884/884 864/864/864 889/889/889
f 856/856/856 884/884/884 889/889/889
f 856/856/856 889/889/889 869/869/869
f 850/850/850 878/878/878 885/885/885
f 850/850/850 885/885/885 867/867/867
f 832/832/832 873/873/873 884/884/884
f 832/832/832 884/884/884 856/856/856
f 867/867/867 885/885/885 883/883/883
f 867/867/867 883/883/883 860/860/860
f 845/845/845 882/882/882 874/874/874
f 845/845/845 874/874/874 833/833/833
f 860/860/860 883/883/883 881/881/881
f 860/860/860 881/881/881 844/844/844
f 838/838/838 875/875/875 879/879/879
f 838/838/838 879/879/879 851/851/851
f 869/869/869 889/889/889 876/876/876
f 869/869/869 876/876/876 839/839/839
f 915/915/915 916/916/916 901/901/901
f 915/915/915 901/901/901 899/899/899
f 898/898/898 900/900/900 840/840/840
f 898/898/898 840/840/840 853/853/853
f 912/912/912 914/914/914 897/897/897
f 912/912/912 897/897/897 852/852/852
f 917/917/917 910/910/910 842/842/842
f 917/917/917 842/842/842 902/902/902
f 908/908/908 896/896/896 911/911/911
f 908/908/908 911/911/911 918/918/918
f 891/891/891 903/903/903 914/914/914
f 891/891/891 914/914/914 912/912/912
f 904/904/904 906/906/906 916/916/916
f 904/904/904 916/916/916 915/915/915
f 854/854/854 841/841/841 909/909/909
f 854/854/854 909/909/909 913/913/913
f 980/980/980 991/991/991 995/995/995
f 980/980/980 995/995/995 984/984/984
f 1000/1000/1000 979/979/979 983/983/983
f 1000/1000/1000 983/983/983 999/999/999
f 971/971/971 970/970/970 936/936/936
f 971/971/971 936/936/936 950/950/950
f 969/969/969 961/961/961 923/923/923
f 969/969/969 923/923/923 935/935/935
f 944/944/944 921/921/921 933/933/933
f 944/944/944 933/933/933 948/948/948
f 949/949/949 934/934/934 922/922/922
f 949/949/949 922/922/922 945/945/945
f 958/958/958 949/949/949 945/945/945
f 958/958/958 945/945/945 951/951/951
f 957/957/957 944/944/944 948/948/948
f 957/957/957 948/948/948 955/955/955
f 974/974/974 971/971/971 950/950/950
f 974/974/974 950/950/950 959/959/959
f 962/962/962 972/972/972 946/946/946
f 962/962/962 946/946/946 924/924/924
f 973/973/973 976/976/976 963/963/963
f 973/973/973 963/963/963 966/966/966
f 927/927/927 957/957/957 955/955/955
f 927/927/927 955/955/955 939/939/939
f 953/953/953 978/978/978 975/975/975
f 953/953/953 975/975/975 960/960/960
f 972/972/972 977/977/977 952/952/952
f 972/972/972 952/952/952 946/946/946
f 943/943/943 956/956/956 977/977/977
f 943/943/943 977/977/977 972/972/972
f 938/938/938 954/954/954 974/974/974
f 938/938/938 974/974/974 968/968/968
f 920/920/920 943/943/943 972/972/972
f 920/920/920 972/972/972 962/962/962
f 954/954/954 947/947/947 971/971/971
f 954/954/954 971/971/971 974/974/974
f 931/931/931 919/919/919 961/961/961
f 931/931/931 961/961/961 969/969/969
f 947/947/947 932/932/932 970/970/970
f 947/947/947 970/970/970 971/971/971
f 926/926/926 937/937/937 967/967/967
f 926/926/926 967/967/967 965/965/965
f 956/956/956 925/925/925 964/964/964
f 956/956/956 964/964/964 977/977/977
f 1002/1002/1002 986/986/986 990/990/990
f 1002/1002/1002 990/990/990 1006/1006/1006
f 985/985/985 941/941/941 930/930/930
f 985/985/985 930/930/930 989/989/989
f 1001/1001/1001 942/942/942 987/987/987
f 1001/1001/1001 987/987/987 1003/1003/1003
f 1005/1005/1005 988/988/988 928/928/928
f 1005/1005/1005 928/928/928 998/998/998
f 994/994/994 1004/1004/1004 997/997/997
f 994/994/994 997/997/997 982/982/982
f 981/981/981 1001/1001/1001 1003/1003/1003
f 981/981/981 1003/1003/1003 993/993/993
f 992/992/992 1002/1002/1002 1006/1006/1006
f 992/992/992 1006/1006/1006 996/996/996
f 940/940/940 1000/1000/1000 999/999/999
f 940/940/940 999/999/999 929/929/929
f 1015/1015/1015 1023/1023/1023 1020/1020/1020
f 1015/1015/1015 1020/1020/1020 1012/1012/1012
f 1016/1016/1016 1008/1008/1008 1011/1011/1011
f 1016/1016/1016 1011/1011/1011 1019/1019/1019
f 1014/1014/1014 1009/1009/1009 1017/1017/1017
f 1014/1014/1014 1017/1017/1017 1022/1022/1022
f 1033/1033/1033 1030/1030/1030 1038/1038/1038
f 1033/1033/1033 1038/1038/1038 1041/1041/1041
f 1034/1034/1034 1037/1037/1037 1029/1029/1029
f 1034/1034/1034 1029/1029/1029 1026/1026/1026
f 1032/1032/1032 1040/1040/1040 1035/1035/1035
f 1032/1032/1032 1035/1035/1035 1027/1027/1027
f 1051/1051/1051 1048/1048/1048 1057/1057/1057
f 1051/1051/1051 1057/1057/1057 1060/1060/1060
f 1053/1053/1053 1055/1055/1055 1046/1046/1046
f 1053/1053/1053 1046/1046/1046 1044/1044/1044
f 1049/1049/1049 1058/1058/1058 1052/1052/1052
f 1049/1049/1049 1052/1052/1052 1043/1043/1043
f 1067/1067/1067 1076/1076/1076 1073/1073/1073
f 1067/1067/1067 1073/1073/1073 1064/1064/1064
f 1071/1071/1071 1062/1062/1062 1066/1066/1066
f 1071/1071/1071 1066/1066/1066 1075/1075/1075
f 1069/1069/1069 1063/1063/1063 1072/1072/1072
f 1069/1069/1069 1072/1072/1072 1078/1078/1078
o AIM9M_0__Seeker
g AIM9M_0__Seeker
usemtl Seeker
v -0.00319 0.01772 -2.47084
v -0.00319 0.01772 2.47084
v -0.00319 0.13293 2.30039
v -0.00319 0.13293 2.30039
v 0.0409 0.12416 2.30039
v 0.0409 0.12416 2.30039
v 0.07827 0.09918 2.30039
v 0.07827 0.09918 2.30039
v 0.10325 0.06181 2.30039
v 0.10325 0.06181 2.30039
v 0.11202 0.01772 2.30039
v 0.11202 0.01772 2.30039
v 0.10325 -0.02637 2.30039
v 0.10325 -0.02637 2.30039
v 0.07827 -0.06374 2.30039
v 0.07827 -0.06374 2.30039
v 0.0409 -0.08872 2.30039
v 0.0409 -0.08872 2.30039
v -0.00319 -0.09749 2.30039
v -0.00319 -0.09749 2.30039
v -0.04728 -0.08872 2.30039
v -0.04728 -0.08872 2.30039
v -0.08466 -0.06374 2.30039
v -0.08466 -0.06374 2.30039
v -0.10963 -0.02637 2.30039
v -0.10963 -0.02637 2.30039
v -0.1184 0.01772 2.30039
v -0.1184 0.01772 2.30039
v -0.10963 0.06181 2.30039
v -0.10963 0.06181 2.30039
v -0.08466 0.09918 2.30039
v -0.08466 0.09918 2.30039
v -0.04728 0.12416 2.30039
v -0.04728 0.12416 2.30039
v -0.00319 0.11966 2.36908
v -0.00319 0.11966 2.36908
v -0.00319 0.11966 2.36908
v -0.00319 0.11966 2.36908
v 0.03582 0.1119 2.36908
v 0.03582 0.1119 2.36908
v 0.03582 0.1119 2.36908
v 0.03582 0.1119 2.36908
v 0.06889 0.0898 2.36908
v 0.06889 0.0898 2.36908
v 0.06889 0.0898 2.36908
v 0.06889 0.0898 2.36908
v 0.09099 0.05673 2.36908
v 0.09099 0.05673 2.36908
v 0.09099 0.05673 2.36908
v 0.09099 0.05673 2.36908
v 0.09875 0.01772 2.36908
v 0.09875 0.01772 2.36908
v 0.09875 0.01772 2.36908
v 0.09875 0.01772 2.36908
v 0.09099 -0.02129 2.36908
v 0.09099 -0.02129 2.36908
v 0.09099 -0.02129 2.36908
v 0.09099 -0.02129 2.36908
v 0.06889 -0.05436 2.36908
v 0.06889 -0.05436 2.36908
v 0.06889 -0.05436 2.36908
v 0.06889 -0.05436 2.36908
v 0.03582 -0.07646 2.36908
v 0.03582 -0.07646 2.36908
v 0.03582 -0.07646 2.36908
v 0.03582 -0.07646 2.36908
v -0.00319 -0.08422 2.36908
v -0.00319 -0.08422 2.36908
v -0.00319 -0.08422 2.36908
v -0.00319 -0.08422 2.36908
v -0.0422 -0.07646 2.36908
v -0.0422 -0.07646 2.36908
v -0.0422 -0.07646 2.36908
v -0.0422 -0.07646 2.36908
v -0.07527 -0.05436 2.36908
v -0.07527 -0.05436 2.36908
v -0.07527 -0.05436 2.36908
v -0.07527 -0.05436 2.36908
v -0.09737 -0.02129 2.36908
v -0.09737 -0.02129 2.36908
v -0.09737 -0.02129 2.36908
v -0.09737 -0.02129 2.36908
v -0.10513 0.01772 2.36908
v -0.10513 0.01772 2.36908
v -0.10513 0.01772 2.36908
v -0.10513 0.01772 2.36908
v -0.09737 0.05673 2.36908
v -0.09737 0.05673 2.36908
v -0.09737 0.05673 2.36908
v -0.09737 0.05673 2.36908
v -0.07527 0.0898 2.36908
v -0.07527 0.0898 2.36908
v -0.07527 0.0898 2.36908
v -0.07527 0.0898 2.36908
v -0.0422 0.1119 2.36908
v -0.0422 0.1119 2.36908
v -0.0422 0.1119 2.36908
v -0.0422 0.1119 2.36908
v -0.00319 0.08 2.44667
v -0.00319 0.08 2.44667
v -0.00319 0.08 2.44667
v -0.00319 0.08 2.44667
v 0.0141 0.07526 2.44667
v 0.0141 0.07526 2.44667
v 0.0141 0.07526 2.44667
v 0.0141 0.07526 2.44667
v 0.02877 0.06176 2.44667
v 0.02877 0.06176 2.44667
v 0.02877 0.06176 2.44667
v 0.02877 0.06176 2.44667
v 0.03856 0.04155 2.44667
v 0.03856 0.04155 2.44667
v 0.03856 0.04155 2.44667
v 0.03856 0.04155 2.44667
v 0.042 0.01772 2.44667
v 0.042 0.01772 2.44667
v 0.042 0.01772 2.44667
v 0.042 0.01772 2.44667
v 0.03856 -0.00611 2.44667
v 0.03856 -0.00611 2.44667
v 0.03856 -0.00611 2.44667
v 0.03856 -0.00611 2.44667
v 0.02877 -0.02632 2.44667
v 0.02877 -0.02632 2.44667
v 0.02877 -0.02632 2.44667
v 0.02877 -0.02632 2.44667
v 0.0141 -0.03982 2.44667
v 0.0141 -0.03982 2.44667
v 0.0141 -0.03982 2.44667
v 0.0141 -0.03982 2.44667
v -0.00319 -0.04456 2.44667
v -0.00319 -0.04456 2.44667
v -0.00319 -0.04456 2.44667
v -0.00319 -0.04456 2.44667
v -0.02049 -0.03982 2.44667
v -0.02049 -0.03982 2.44667
v -0.02049 -0.03982 2.44667
v -0.02049 -0.03982 2.44667
v -0.03515 -0.02632 2.44667
v -0.03515 -0.02632 2.44667
v -0.03515 -0.02632 2.44667
v -0.03515 -0.02632 2.44667
v -0.04495 -0.00611 2.44667
v -0.04495 -0.00611 2.44667
v -0.04495 -0.00611 2.44667
v -0.04495 -0.00611 2.44667
v -0.04839 0.01772 2.44667
v -0.04839 0.01772 2.44667
v -0.04839 0.01772 2.44667
v -0.04839 0.01772 2.44667
v -0.04495 0.04155 2.44667
v -0.04495 0.04155 2.44667
v -0.04495 0.04155 2.44667
v -0.04495 0.04155 2.44667
v -0.03515 0.06176 2.44667
v -0.03515 0.06176 2.44667
v -0.03515 0.06176 2.44667
v -0.03515 0.06176 2.44667
v -0.02049 0.07526 2.44667
v -0.02049 0.07526 2.44667
v -0.02049 0.07526 2.44667
v -0.02049 0.07526 2.44667
v -0.00319 0.04795 2.47084
v -0.00319 0.04795 2.47084
v -0.00319 0.04795 2.47084
v 0.00238 0.04565 2.47084
v 0.00238 0.04565 2.47084
v 0.00238 0.04565 2.47084
v 0.00711 0.0391 2.47084
v 0.00711 0.0391 2.47084
v 0.00711 0.0391 2.47084
v 0.01027 0.02929 2.47084
v 0.01027 0.02929 2.47084
v 0.01027 0.02929 2.47084
v 0.01138 0.01772 2.47084
v 0.01138 0.01772 2.47084
v 0.01138 0.01772 2.47084
v 0.01027 0.00615 2.47084
v 0.01027 0.00615 2.47084
v 0.01027 0.00615 2.47084
v 0.00711 -0.00365 2.47084
v 0.00711 -0.00365 2.47084
v 0.00711 -0.00365 2.47084
v 0.00238 -0.01021 2.47084
v 0.00238 -0.01021 2.47084
v 0.00238 -0.01021 2.47084
v -0.00319 -0.01251 2.47084
v -0.00319 -0.01251 2.47084
v -0.00319 -0.01251 2.47084
v -0.00877 -0.01021 2.47084
v -0.00877 -0.01021 2.47084
v -0.00877 -0.01021 2.47084
v -0.01349 -0.00365 2.47084
v -0.01349 -0.00365 2.47084
v -0.01349 -0.00365 2.47084
v -0.01665 0.00615 2.47084
v -0.01665 0.00615 2.47084
v -0.01665 0.00615 2.47084
v -0.01776 0.01772 2.47084
v -0.01776 0.01772 2.47084
v -0.01776 0.01772 2.47084
v -0.01665 0.02929 2.47084
v -0.01665 0.02929 2.47084
v -0.01665 0.02929 2.47084
v -0.01349 0.0391 2.47084
v -0.01349 0.0391 2.47084
v -0.01349 0.0391 2.47084
v -0.00877 0.04565 2.47084
v -0.00877 0.04565 2.47084
v -0.00877 0.04565 2.47084
v -0.00319 0.11132 -2.47084
v 0.03263 0.1042 -2.47084
v 0.06299 0.08391 -2.47084
v 0.08328 0.05354 -2.47084
v 0.09041 0.01772 -2.47084
v 0.08328 -0.0181 -2.47084
v 0.06299 -0.04846 -2.47084
v 0.03263 -0.06875 -2.47084
v -0.00319 -0.07588 -2.47084
v -0.03901 -0.06875 -2.47084
v -0.06938 -0.04846 -2.47084
v -0.08967 -0.0181 -2.47084
v -0.09679 0.01772 -2.47084
v -0.08967 0.05354 -2.47084
v -0.06938 0.08391 -2.47084
v -0.03901 0.1042 -2.47084
v -0.05521 -0.03968 2.40787
v -0.05521 -0.03968 2.40787
v -0.05521 -0.03968 2.40787
v -0.05521 -0.03968 2.40787
v 0.04883 -0.03968 2.40787
v 0.04883 -0.03968 2.40787
v 0.04883 -0.03968 2.40787
v 0.04883 -0.03968 2.40787
v 0.04883 0.07512 2.40787
v 0.04883 0.07512 2.40787
v 0.04883 0.07512 2.40787
v 0.04883 0.07512 2.40787
v -0.07116 0.04879 2.40787
v -0.07116 0.04879 2.40787
v -0.07116 0.04879 2.40787
v -0.07116 0.04879 2.40787
v -0.03134 -0.05727 2.40787
v -0.03134 -0.05727 2.40787
v -0.03134 -0.05727 2.40787
v -0.03134 -0.05727 2.40787
v 0.06478 -0.01334 2.40787
v 0.06478 -0.01334 2.40787
v 0.06478 -0.01334 2.40787
v 0.06478 -0.01334 2.40787
v 0.02496 0.09272 2.40787
v 0.02496 0.09272 2.40787
v 0.02496 0.09272 2.40787
v 0.02496 0.09272 2.40787
v -0.07676 0.01772 2.40787
v -0.07676 0.01772 2.40787
v -0.07676 0.01772 2.40787
v -0.07676 0.01772 2.40787
v -0.07116 -0.01334 2.40787
v -0.07116 -0.01334 2.40787
v -0.07116 -0.01334 2.40787
v -0.07116 -0.01334 2.40787
v -0.00319 0.0989 2.40787
v -0.00319 0.0989 2.40787
v -0.00319 0.0989 2.40787
v -0.00319 0.0989 2.40787
v -0.00319 -0.06345 2.40787
v -0.00319 -0.06345 2.40787
v -0.00319 -0.06345 2.40787
v -0.00319 -0.06345 2.40787
v 0.02496 -0.05727 2.40787
v 0.02496 -0.05727 2.40787
v 0.02496 -0.05727 2.40787
v 0.02496 -0.05727 2.40787
v 0.07038 0.01772 2.40787
v 0.07038 0.01772 2.40787
v 0.07038 0.01772 2.40787
v 0.07038 0.01772 2.40787
v 0.06478 0.04879 2.40787
v 0.06478 0.04879 2.40787
v 0.06478 0.04879 2.40787
v 0.06478 0.04879 2.40787
v -0.03134 0.09272 2.40787
v -0.03134 0.09272 2.40787
v -0.03134 0.09272 2.40787
v -0.03134 0.09272 2.40787
v -0.05521 0.07512 2.40787
v -0.05521 0.07512 2.40787
v -0.05521 0.07512 2.40787
v -0.05521 0.07512 2.40787
vt 0.8141 0.8377
vt 0.7929 0.8789
vt 0.2552 0.2649
vt 0.2552 0.2649
vt 0.2451 0.2649
vt 0.2451 0.2649
vt 0.2361 0.2649
vt 0.1272 0.2649
vt 0.1195 0.2649
vt 0.1195 0.2649
vt 0.1099 0.2649
vt 0.1099 0.2649
vt 0.0998 0.2649
vt 0.0998 0.2649
vt 0.1998 0.2649
vt 0.0908 0.2649
vt 0.1922 0.2649
vt 0.1922 0.2649
vt 0.1826 0.2649
vt 0.1826 0.2649
vt 0.1725 0.2649
vt 0.1725 0.2649
vt 0.0545 0.2649
vt 0.1635 0.2649
vt 0.0468 0.2649
vt 0.0468 0.2649
vt 0.0372 0.2649
vt 0.0372 0.2649
vt 0.0272 0.2649
vt 0.0272 0.2649
vt 0.0182 0.2649
vt 0.2724 0.2649
vt 0.2648 0.2649
vt 0.2648 0.2649
vt 0.2548 0.2579
vt 0.2548 0.2579
vt 0.2548 0.2579
vt 0.2548 0.2579
vt 0.2459 0.2579
vt 0.2459 0.2579
vt 0.2459 0.2579
vt 0.2459 0.2579
vt 0.2379 0.2579
vt 0.2379 0.2579
vt 0.1248 0.2579
vt 0.1248 0.2579
vt 0.118 0.2579
vt 0.118 0.2579
vt 0.118 0.2579
vt 0.118 0.2579
vt 0.1096 0.2579
vt 0.1096 0.2579
vt 0.1096 0.2579
vt 0.1096 0.2579
vt 0.1006 0.2579
vt 0.1006 0.2579
vt 0.1006 0.2579
vt 0.1006 0.2579
vt 0.1974 0.2579
vt 0.1974 0.2579
vt 0.0927 0.2579
vt 0.0927 0.2579
vt 0.1907 0.2579
vt 0.1907 0.2579
vt 0.1907 0.2579
vt 0.1907 0.2579
vt 0.1822 0.2579
vt 0.1822 0.2579
vt 0.1822 0.2579
vt 0.1822 0.2579
vt 0.1733 0.2579
vt 0.1733 0.2579
vt 0.1733 0.2579
vt 0.1733 0.2579
vt 0.0522 0.2579
vt 0.0522 0.2579
vt 0.1653 0.2579
vt 0.1653 0.2579
vt 0.0454 0.2579
vt 0.0454 0.2579
vt 0.0454 0.2579
vt 0.0454 0.2579
vt 0.0369 0.2579
vt 0.0369 0.2579
vt 0.0369 0.2579
vt 0.0369 0.2579
vt 0.028 0.2579
vt 0.028 0.2579
vt 0.028 0.2579
vt 0.028 0.2579
vt 0.02 0.2579
vt 0.02 0.2579
vt 0.2701 0.2579
vt 0.2701 0.2579
vt 0.2633 0.2579
vt 0.2633 0.2579
vt 0.2633 0.2579
vt 0.2633 0.2579
vt 0.2537 0.25
vt 0.7949 0.8852
vt 0.7949 0.8852
vt 0.2537 0.25
vt 0.791 0.885
vt 0.2497 0.25
vt 0.791 0.885
vt 0.2497 0.25
vt 0.7873 0.8838
vt 0.2461 0.25
vt 0.7873 0.8838
vt 0.1175 0.2501
vt 0.7844 0.8819
vt 0.7844 0.8819
vt 0.1133 0.2501
vt 0.1133 0.2501
vt 0.7829 0.8796
vt 0.7829 0.8796
vt 0.108 0.2501
vt 0.108 0.2501
vt 0.7829 0.8771
vt 0.7829 0.8771
vt 0.1026 0.2501
vt 0.1026 0.2501
vt 0.7844 0.875
vt 0.0979 0.2501
vt 0.7844 0.875
vt 0.0979 0.2501
vt 0.7873 0.8734
vt 0.1848 0.25
vt 0.7873 0.8734
vt 0.0945 0.2501
vt 0.1811 0.25
vt 0.791 0.8727
vt 0.791 0.8727
vt 0.1811 0.25
vt 0.1771 0.25
vt 0.7949 0.8729
vt 0.1771 0.25
vt 0.7949 0.8729
vt 0.0449 0.2501
vt 0.7986 0.874
vt 0.1735 0.25
vt 0.7986 0.874
vt 0.0406 0.2501
vt 0.0406 0.2501
vt 0.8015 0.8759
vt 0.8015 0.8759
vt 0.0354 0.2501
vt 0.0354 0.2501
vt 0.803 0.8783
vt 0.803 0.8783
vt 0.03 0.2501
vt 0.03 0.2501
vt 0.803 0.8807
vt 0.803 0.8807
vt 0.0252 0.2501
vt 0.8015 0.8829
vt 0.0252 0.2501
vt 0.8015 0.8829
vt 0.0218 0.2501
vt 0.7986 0.8845
vt 0.2574 0.25
vt 0.7986 0.8845
vt 0.7938 0.8819
vt 0.7938 0.8819
vt 0.7938 0.8819
vt 0.7925 0.8818
vt 0.7925 0.8818
vt 0.7925 0.8818
vt 0.7913 0.8812
vt 0.7913 0.8812
vt 0.7913 0.8812
vt 0.7902 0.8803
vt 0.7902 0.8803
vt 0.7902 0.8803
vt 0.7896 0.8791
vt 0.7896 0.8791
vt 0.7896 0.8791
vt 0.7895 0.8779
vt 0.7895 0.8779
vt 0.7895 0.8779
vt 0.7899 0.8769
vt 0.7899 0.8769
vt 0.7899 0.8769
vt 0.7907 0.8762
vt 0.7907 0.8762
vt 0.7907 0.8762
vt 0.7919 0.8759
vt 0.7919 0.8759
vt 0.7919 0.8759
vt 0.7932 0.876
vt 0.7932 0.876
vt 0.7932 0.876
vt 0.7945 0.8766
vt 0.7945 0.8766
vt 0.7945 0.8766
vt 0.7955 0.8775
vt 0.7955 0.8775
vt 0.7955 0.8775
vt 0.7961 0.8787
vt 0.7961 0.8787
vt 0.7961 0.8787
vt 0.7962 0.8799
vt 0.7962 0.8799
vt 0.7962 0.8799
vt 0.7958 0.8809
vt 0.7958 0.8809
vt 0.7958 0.8809
vt 0.795 0.8816
vt 0.795 0.8816
vt 0.795 0.8816
vt 0.8024 0.8457
vt 0.81 0.8471
vt 0.8182 0.8471
vt 0.8258 0.8457
vt 0.8316 0.843
vt 0.8347 0.8396
vt 0.8347 0.8359
vt 0.8316 0.8325
vt 0.8258 0.8298
vt 0.8182 0.8284
vt 0.81 0.8284
vt 0.8024 0.8298
vt 0.7966 0.8325
vt 0.7935 0.8359
vt 0.7935 0.8396
vt 0.7966 0.843
vt 0.0484 0.254
vt 0.0484 0.254
vt 0.1694 0.2539
vt 0.1694 0.2539
vt 0.1926 0.2539
vt 0.0954 0.254
vt 0.0954 0.254
vt 0.0954 0.254
vt 0.242 0.2539
vt 0.242 0.2539
vt 0.121 0.254
vt 0.121 0.254
vt 0.0291 0.254
vt 0.0291 0.254
vt 0.0291 0.254
vt 0.0291 0.254
vt 0.1752 0.2539
vt 0.1752 0.2539
vt 0.1752 0.2539
vt 0.1752 0.2539
vt 0.1017 0.254
vt 0.1017 0.254
vt 0.1017 0.254
vt 0.1017 0.254
vt 0.2478 0.2539
vt 0.2478 0.2539
vt 0.2478 0.2539
vt 0.2478 0.2539
vt 0.0361 0.254
vt 0.0361 0.254
vt 0.0361 0.254
vt 0.0361 0.254
vt 0.0429 0.254
vt 0.0429 0.254
vt 0.0429 0.254
vt 0.0429 0.254
vt 0.2542 0.2539
vt 0.2542 0.2539
vt 0.2542 0.2539
vt 0.2542 0.2539
vt 0.1816 0.2539
vt 0.1816 0.2539
vt 0.1816 0.2539
vt 0.1816 0.2539
vt 0.1877 0.2539
vt 0.1877 0.2539
vt 0.1877 0.2539
vt 0.0909 0.254
vt 0.1088 0.254
vt 0.1088 0.254
vt 0.1088 0.254
vt 0.1088 0.254
vt 0.1156 0.254
vt 0.1156 0.254
vt 0.1156 0.254
vt 0.1156 0.254
vt 0.0182 0.254
vt 0.2603 0.2539
vt 0.2603 0.2539
vt 0.2603 0.2539
vt 0.0228 0.254
vt 0.0228 0.254
vt 0.0228 0.254
vt 0.2652 0.2539
vn 0 0 -1
vn 0 0 1
vn -0.192 0.964 0.186
vn 0.192 0.964 0.186
vn 0.192 0.964 0.186
vn 0.546 0.817 0.186
vn 0.546 0.817 0.186
vn 0.817 0.546 0.186
vn 0.817 0.546 0.186
vn 0.964 0.192 0.186
vn 0.964 0.192 0.186
vn 0.964 -0.192 0.186
vn 0.817 -0.546 0.186
vn 0.964 -0.192 0.186
vn 0.546 -0.817 0.186
vn 0.817 -0.546 0.186
vn 0.192 -0.964 0.186
vn 0.546 -0.817 0.186
vn -0.192 -0.964 0.186
vn 0.192 -0.964 0.186
vn -0.546 -0.817 0.186
vn -0.192 -0.964 0.186
vn -0.817 -0.546 0.186
vn -0.546 -0.817 0.186
vn -0.964 -0.192 0.186
vn -0.817 -0.546 0.186
vn -0.964 -0.192 0.186
vn -0.964 0.192 0.186
vn -0.964 0.192 0.186
vn -0.817 0.546 0.186
vn -0.817 0.546 0.186
vn -0.546 0.817 0.186
vn -0.546 0.817 0.186
vn -0.192 0.964 0.186
vn -0.192 0.964 0.186
vn -0.179 0.864 0.47
vn 0.179 0.864 0.47
vn 0.192 0.964 0.186
vn 0.179 0.864 0.47
vn 0.192 0.964 0.186
vn 0.493 0.708 0.506
vn 0.546 0.817 0.186
vn 0.493 0.708 0.506
vn 0.546 0.817 0.186
vn 0.703 0.45 0.551
vn 0.817 0.546 0.186
vn 0.703 0.45 0.551
vn 0.801 0.153 0.579
vn 0.817 0.546 0.186
vn 0.964 0.192 0.186
vn 0.801 0.153 0.579
vn 0.801 -0.153 0.579
vn 0.964 0.192 0.186
vn 0.964 -0.192 0.186
vn 0.703 -0.45 0.551
vn 0.801 -0.153 0.579
vn 0.817 -0.546 0.186
vn 0.964 -0.192 0.186
vn 0.493 -0.708 0.506
vn 0.546 -0.817 0.186
vn 0.703 -0.45 0.551
vn 0.817 -0.546 0.186
vn 0.179 -0.864 0.47
vn 0.192 -0.964 0.186
vn 0.493 -0.708 0.506
vn 0.546 -0.817 0.186
vn -0.192 -0.964 0.186
vn -0.179 -0.864 0.47
vn 0.179 -0.864 0.47
vn 0.192 -0.964 0.186
vn -0.546 -0.817 0.186
vn -0.493 -0.708 0.506
vn -0.192 -0.964 0.186
vn -0.179 -0.864 0.47
vn -0.817 -0.546 0.186
vn -0.703 -0.45 0.551
vn -0.546 -0.817 0.186
vn -0.493 -0.708 0.506
vn -0.964 -0.192 0.186
vn -0.817 -0.546 0.186
vn -0.801 -0.153 0.579
vn -0.703 -0.45 0.551
vn -0.964 -0.192 0.186
vn -0.964 0.192 0.186
vn -0.801 0.153 0.579
vn -0.801 -0.153 0.579
vn -0.964 0.192 0.186
vn -0.817 0.546 0.186
vn -0.801 0.153 0.579
vn -0.703 0.45 0.551
vn -0.817 0.546 0.186
vn -0.703 0.45 0.551
vn -0.546 0.817 0.186
vn -0.493 0.708 0.506
vn -0.546 0.817 0.186
vn -0.493 0.708 0.506
vn -0.192 0.964 0.186
vn -0.179 0.864 0.47
vn -0.21 0.874 0.439
vn -0.18 0.585 0.79
vn 0.18 0.585 0.79
vn 0.21 0.874 0.439
vn 0.18 0.585 0.79
vn 0.21 0.874 0.439
vn 0.45 0.435 0.78
vn 0.548 0.679 0.488
vn 0.45 0.435 0.78
vn 0.548 0.679 0.488
vn 0.578 0.249 0.777
vn 0.734 0.406 0.545
vn 0.578 0.249 0.777
vn 0.622 0.08 0.779
vn 0.734 0.406 0.545
vn 0.805 0.133 0.579
vn 0.622 -0.08 0.779
vn 0.622 0.08 0.779
vn 0.805 -0.133 0.579
vn 0.805 0.133 0.579
vn 0.578 -0.249 0.777
vn 0.622 -0.08 0.779
vn 0.734 -0.406 0.545
vn 0.805 -0.133 0.579
vn 0.45 -0.435 0.78
vn 0.548 -0.679 0.488
vn 0.578 -0.249 0.777
vn 0.734 -0.406 0.545
vn 0.18 -0.585 0.79
vn 0.21 -0.874 0.439
vn 0.45 -0.435 0.78
vn 0.548 -0.679 0.488
vn -0.21 -0.874 0.439
vn -0.18 -0.585 0.79
vn 0.18 -0.585 0.79
vn 0.21 -0.874 0.439
vn -0.548 -0.679 0.488
vn -0.45 -0.435 0.78
vn -0.21 -0.874 0.439
vn -0.18 -0.585 0.79
vn -0.734 -0.406 0.545
vn -0.578 -0.249 0.777
vn -0.548 -0.679 0.488
vn -0.45 -0.435 0.78
vn -0.805 -0.133 0.579
vn -0.734 -0.406 0.545
vn -0.622 -0.08 0.779
vn -0.578 -0.249 0.777
vn -0.805 -0.133 0.579
vn -0.805 0.133 0.579
vn -0.622 -0.08 0.779
vn -0.622 0.08 0.779
vn -0.805 0.133 0.579
vn -0.734 0.406 0.545
vn -0.622 0.08 0.779
vn -0.578 0.249 0.777
vn -0.734 0.406 0.545
vn -0.578 0.249 0.777
vn -0.548 0.679 0.488
vn -0.45 0.435 0.78
vn -0.548 0.679 0.488
vn -0.45 0.435 0.78
vn -0.21 0.874 0.439
vn -0.18 0.585 0.79
vn -0.18 0.585 0.79
vn 0 0 1
vn 0.18 0.585 0.79
vn 0 0 1
vn 0.18 0.585 0.79
vn 0.45 0.435 0.78
vn 0 0 1
vn 0.45 0.435 0.78
vn 0.578 0.249 0.777
vn 0 0 1
vn 0.578 0.249 0.777
vn 0.622 0.08 0.779
vn 0 0 1
vn 0.622 -0.08 0.779
vn 0.622 0.08 0.779
vn 0 0 1
vn 0.578 -0.249 0.777
vn 0.622 -0.08 0.779
vn 0 0 1
vn 0.45 -0.435 0.78
vn 0.578 -0.249 0.777
vn 0 0 1
vn 0.18 -0.585 0.79
vn 0.45 -0.435 0.78
vn -0.18 -0.585 0.79
vn 0 0 1
vn 0.18 -0.585 0.79
vn -0.45 -0.435 0.78
vn -0.18 -0.585 0.79
vn 0 0 1
vn -0.578 -0.249 0.777
vn -0.45 -0.435 0.78
vn 0 0 1
vn -0.622 -0.08 0.779
vn -0.578 -0.249 0.777
vn 0 0 1
vn -0.622 -0.08 0.779
vn -0.622 0.08 0.779
vn 0 0 1
vn -0.622 0.08 0.779
vn -0.578 0.249 0.777
vn 0 0 1
vn -0.578 0.249 0.777
vn -0.45 0.435 0.78
vn 0 0 1
vn -0.45 0.435 0.78
vn -0.18 0.585 0.79
vn 0 0 1
vn 0 0 -1
vn 0 0 -1
vn 0 0 -1
vn 0 0 -1
vn 0 0 -1
vn 0 0 -1
vn 0 0 -1
vn 0 0 -1
vn 0 0 -1
vn 0 0 -1
vn 0 0 -1
vn 0 0 -1
vn 0 0 -1
vn 0 0 -1
vn 0 0 -1
vn 0 0 -1
vn -0.734 -0.406 0.545
vn -0.703 -0.45 0.551
vn -0.548 -0.679 0.488
vn -0.493 -0.708 0.506
vn 0.493 -0.708 0.506
vn 0.548 -0.679 0.488
vn 0.703 -0.45 0.551
vn 0.734 -0.406 0.545
vn 0.493 0.708 0.506
vn 0.548 0.679 0.488
vn 0.703 0.45 0.551
vn 0.734 0.406 0.545
vn -0.805 0.133 0.579
vn -0.801 0.153 0.579
vn -0.734 0.406 0.545
vn -0.703 0.45 0.551
vn -0.548 -0.679 0.488
vn -0.493 -0.708 0.506
vn -0.21 -0.874 0.439
vn -0.179 -0.864 0.47
vn 0.703 -0.45 0.551
vn 0.734 -0.406 0.545
vn 0.801 -0.153 0.579
vn 0.805 -0.133 0.579
vn 0.179 0.864 0.47
vn 0.21 0.874 0.439
vn 0.493 0.708 0.506
vn 0.548 0.679 0.488
vn -0.805 -0.133 0.579
vn -0.805 0.133 0.579
vn -0.801 0.153 0.579
vn -0.801 -0.153 0.579
vn -0.805 -0.133 0.579
vn -0.801 -0.153 0.579
vn -0.734 -0.406 0.545
vn -0.703 -0.45 0.551
vn -0.21 0.874 0.439
vn -0.179 0.864 0.47
vn 0.179 0.864 0.47
vn 0.21 0.874 0.439
vn -0.21 -0.874 0.439
vn -0.179 -0.864 0.47
vn 0.179 -0.864 0.47
vn 0.21 -0.874 0.439
vn 0.179 -0.864 0.47
vn 0.21 -0.874 0.439
vn 0.493 -0.708 0.506
vn 0.548 -0.679 0.488
vn 0.801 0.153 0.579
vn 0.801 -0.153 0.579
vn 0.805 -0.133 0.579
vn 0.805 0.133 0.579
vn 0.703 0.45 0.551
vn 0.734 0.406 0.545
vn 0.801 0.153 0.579
vn 0.805 0.133 0.579
vn -0.548 0.679 0.488
vn -0.493 0.708 0.506
vn -0.21 0.874 0.439
vn -0.179 0.864 0.47
vn -0.734 0.406 0.545
vn -0.703 0.45 0.551
vn -0.548 0.679 0.488
vn -0.493 0.708 0.506
f 1080/1080/1080 1244/1244/1244 1242/1242/1242
f 1080/1080/1080 1247/1247/1247 1244/1244/1244
f 1080/1080/1080 1250/1250/1250 1247/1247/1247
f 1080/1080/1080 1253/1253/1253 1250/1250/1250
f 1080/1080/1080 1256/1256/1256 1253/1253/1253
f 1080/1080/1080 1259/1259/1259 1256/1256/1256
f 1080/1080/1080 1262/1262/1262 1259/1259/1259
f 1080/1080/1080 1266/1266/1266 1262/1262/1262
f 1080/1080/1080 1270/1270/1270 1266/1266/1266
f 1080/1080/1080 1273/1273/1273 1270/1270/1270
f 1080/1080/1080 1276/1276/1276 1273/1273/1273
f 1080/1080/1080 1279/1279/1279 1276/1276/1276
f 1080/1080/1080 1282/1282/1282 1279/1279/1279
f 1080/1080/1080 1285/1285/1285 1282/1282/1282
f 1080/1080/1080 1288/1288/1288 1285/1285/1285
f 1080/1080/1080 1242/1242/1242 1288/1288/1288
f 1079/1079/1079 1289/1289/1289 1290/1290/1290
f 1079/1079/1079 1290/1290/1290 1291/1291/1291
f 1079/1079/1079 1291/1291/1291 1292/1292/1292
f 1079/1079/1079 1292/1292/1292 1293/1293/1293
f 1079/1079/1079 1293/1293/1293 1294/1294/1294
f 1079/1079/1079 1294/1294/1294 1295/1295/1295
f 1079/1079/1079 1295/1295/1295 1296/1296/1296
f 1079/1079/1079 1296/1296/1296 1297/1297/1297
f 1079/1079/1079 1297/1297/1297 1298/1298/1298
f 1079/1079/1079 1298/1298/1298 1299/1299/1299
f 1079/1079/1079 1299/1299/1299 1300/1300/1300
f 1079/1079/1079 1300/1300/1300 1301/1301/1301
f 1079/1079/1079 1301/1301/1301 1302/1302/1302
f 1079/1079/1079 1302/1302/1302 1303/1303/1303
f 1079/1079/1079 1303/1303/1303 1304/1304/1304
f 1079/1079/1079 1304/1304/1304 1289/1289/1289
f 1092/1092/1092 1090/1090/1090 1132/1132/1132
f 1092/1092/1092 1132/1132/1132 1136/1136/1136
f 1083/1083/1083 1082/1082/1082 1116/1116/1116
f 1083/1083/1083 1116/1116/1116 1118/1118/1118
f 1105/1105/1105 1103/1103/1103 1157/1157/1157
f 1105/1105/1105 1157/1157/1157 1161/1161/1161
f 1081/1081/1081 1112/1112/1112 1175/1175/1175
f 1081/1081/1081 1175/1175/1175 1113/1113/1113
f 1098/1098/1098 1095/1095/1095 1142/1142/1142
f 1098/1098/1098 1142/1142/1142 1148/1148/1148
f 1089/1089/1089 1088/1088/1088 1128/1128/1128
f 1089/1089/1089 1128/1128/1128 1131/1131/1131
f 1111/1111/1111 1110/1110/1110 1171/1171/1171
f 1111/1111/1111 1171/1171/1171 1173/1173/1173
f 1104/1104/1104 1101/1101/1101 1153/1153/1153
f 1104/1104/1104 1153/1153/1153 1158/1158/1158
f 1096/1096/1096 1093/1093/1093 1138/1138/1138
f 1096/1096/1096 1138/1138/1138 1144/1144/1144
f 1087/1087/1087 1086/1086/1086 1124/1124/1124
f 1087/1087/1087 1124/1124/1124 1127/1127/1127
f 1109/1109/1109 1108/1108/1108 1166/1166/1166
f 1109/1109/1109 1166/1166/1166 1169/1169/1169
f 1102/1102/1102 1099/1099/1099 1149/1149/1149
f 1102/1102/1102 1149/1149/1149 1155/1155/1155
f 1094/1094/1094 1091/1091/1091 1135/1135/1135
f 1094/1094/1094 1135/1135/1135 1140/1140/1140
f 1085/1085/1085 1084/1084/1084 1120/1120/1120
f 1085/1085/1085 1120/1120/1120 1122/1122/1122
f 1107/1107/1107 1106/1106/1106 1162/1162/1162
f 1107/1107/1107 1162/1162/1162 1165/1165/1165
f 1100/1100/1100 1097/1097/1097 1145/1145/1145
f 1100/1100/1100 1145/1145/1145 1151/1151/1151
f 1339/1339/1339 1305/1305/1305 1217/1217/1217
f 1339/1339/1339 1217/1217/1217 1222/1222/1222
f 1352/1352/1352 1310/1310/1310 1202/1202/1202
f 1352/1352/1352 1202/1202/1202 1208/1208/1208
f 1358/1358/1358 1316/1316/1316 1188/1188/1188
f 1358/1358/1358 1188/1188/1188 1191/1191/1191
f 1365/1365/1365 1319/1319/1319 1230/1230/1230
f 1365/1365/1365 1230/1230/1230 1233/1233/1233
f 1307/1307/1307 1321/1321/1321 1213/1213/1213
f 1307/1307/1307 1213/1213/1213 1219/1219/1219
f 1312/1312/1312 1326/1326/1326 1199/1199/1199
f 1312/1312/1312 1199/1199/1199 1204/1204/1204
f 1314/1314/1314 1332/1332/1332 1184/1184/1184
f 1314/1314/1314 1184/1184/1184 1186/1186/1186
f 1317/1317/1317 1334/1334/1334 1226/1226/1226
f 1317/1317/1317 1226/1226/1226 1229/1229/1229
f 1323/1323/1323 1345/1345/1345 1209/1209/1209
f 1323/1323/1323 1209/1209/1209 1215/1215/1215
f 1328/1328/1328 1355/1355/1355 1195/1195/1195
f 1328/1328/1328 1195/1195/1195 1200/1200/1200
f 1330/1330/1330 1344/1344/1344 1180/1180/1180
f 1330/1330/1330 1180/1180/1180 1182/1182/1182
f 1333/1333/1333 1337/1337/1337 1221/1221/1221
f 1333/1333/1333 1221/1221/1221 1225/1225/1225
f 1341/1341/1341 1363/1363/1363 1239/1239/1239
f 1341/1341/1341 1239/1239/1239 1177/1177/1177
f 1348/1348/1348 1350/1350/1350 1206/1206/1206
f 1348/1348/1348 1206/1206/1206 1212/1212/1212
f 1356/1356/1356 1360/1360/1360 1192/1192/1192
f 1356/1356/1356 1192/1192/1192 1196/1196/1196
f 1361/1361/1361 1367/1367/1367 1235/1235/1235
f 1361/1361/1361 1235/1235/1235 1237/1237/1237
f 1220/1220/1220 1214/1214/1214 1268/1268/1268
f 1220/1220/1220 1268/1268/1268 1272/1272/1272
f 1203/1203/1203 1197/1197/1197 1257/1257/1257
f 1203/1203/1203 1257/1257/1257 1261/1261/1261
f 1185/1185/1185 1183/1183/1183 1246/1246/1246
f 1185/1185/1185 1246/1246/1246 1248/1248/1248
f 1231/1231/1231 1228/1228/1228 1278/1278/1278
f 1231/1231/1231 1278/1278/1278 1280/1280/1280
f 1216/1216/1216 1210/1210/1210 1265/1265/1265
f 1216/1216/1216 1265/1265/1265 1269/1269/1269
f 1198/1198/1198 1193/1193/1193 1254/1254/1254
f 1198/1198/1198 1254/1254/1254 1258/1258/1258
f 1181/1181/1181 1179/1179/1179 1243/1243/1243
f 1181/1181/1181 1243/1243/1243 1245/1245/1245
f 1227/1227/1227 1223/1223/1223 1274/1274/1274
f 1227/1227/1227 1274/1274/1274 1277/1277/1277
f 1178/1178/1178 1240/1240/1240 1287/1287/1287
f 1178/1178/1178 1287/1287/1287 1241/1241/1241
f 1211/1211/1211 1205/1205/1205 1263/1263/1263
f 1211/1211/1211 1263/1263/1263 1267/1267/1267
f 1194/1194/1194 1190/1190/1190 1252/1252/1252
f 1194/1194/1194 1252/1252/1252 1255/1255/1255
f 1238/1238/1238 1236/1236/1236 1284/1284/1284
f 1238/1238/1238 1284/1284/1284 1286/1286/1286
f 1224/1224/1224 1218/1218/1218 1271/1271/1271
f 1224/1224/1224 1271/1271/1271 1275/1275/1275
f 1207/1207/1207 1201/1201/1201 1260/1260/1260
f 1207/1207/1207 1260/1260/1260 1264/1264/1264
f 1189/1189/1189 1187/1187/1187 1249/1249/1249
f 1189/1189/1189 1249/1249/1249 1251/1251/1251
f 1234/1234/1234 1232/1232/1232 1281/1281/1281
f 1234/1234/1234 1281/1281/1281 1283/1283/1283
f 1174/1174/1174 1172/1172/1172 1368/1368/1368
f 1174/1174/1174 1368/1368/1368 1362/1362/1362
f 1129/1129/1129 1126/1126/1126 1359/1359/1359
f 1129/1129/1129 1359/1359/1359 1353/1353/1353
f 1147/1147/1147 1141/1141/1141 1349/1349/1349
f 1147/1147/1147 1349/1349/1349 1347/1347/1347
f 1114/1114/1114 1176/1176/1176 1364/1364/1364
f 1114/1114/1114 1364/1364/1364 1342/1342/1342
f 1164/1164/1164 1159/1159/1159 1338/1338/1338
f 1164/1164/1164 1338/1338/1338 1336/1336/1336
f 1117/1117/1117 1115/1115/1115 1343/1343/1343
f 1117/1117/1117 1343/1343/1343 1329/1329/1329
f 1134/1134/1134 1130/1130/1130 1354/1354/1354
f 1134/1134/1134 1354/1354/1354 1327/1327/1327
f 1152/1152/1152 1146/1146/1146 1346/1346/1346
f 1152/1152/1152 1346/1346/1346 1324/1324/1324
f 1167/1167/1167 1163/1163/1163 1335/1335/1335
f 1167/1167/1167 1335/1335/1335 1318/1318/1318
f 1121/1121/1121 1119/1119/1119 1331/1331/1331
f 1121/1121/1121 1331/1331/1331 1313/1313/1313
f 1139/1139/1139 1133/1133/1133 1325/1325/1325
f 1139/1139/1139 1325/1325/1325 1311/1311/1311
f 1156/1156/1156 1150/1150/1150 1322/1322/1322
f 1156/1156/1156 1322/1322/1322 1308/1308/1308
f 1170/1170/1170 1168/1168/1168 1320/1320/1320
f 1170/1170/1170 1320/1320/1320 1366/1366/1366
f 1125/1125/1125 1123/1123/1123 1315/1315/1315
f 1125/1125/1125 1315/1315/1315 1357/1357/1357
f 1143/1143/1143 1137/1137/1137 1309/1309/1309
f 1143/1143/1143 1309/1309/1309 1351/1351/1351
f 1160/1160/1160 1154/1154/1154 1306/1306/1306
f 1160/1160/1160 1306/1306/1306 1340/1340/1340
