# converted from agm154_rickslash.glb by gltf2obj.py (node transforms baked, V flipped)
mtllib agm154_jsow_rickslash.mtl
o plane130
g plane130
usemtl lambert1
v 0.049393 0.063938 -0.840765
v 0.046795 0.065439 -0.840765
v 0.008173 -0.001457 -0.781173
v 0.010771 -0.002957 -0.781173
v 0.010771 -0.002957 -0.886178
v 0.008173 -0.001457 -0.886178
v 0.046795 0.065439 -0.945771
v 0.049393 0.063938 -0.945771
v 0.049393 0.063938 -0.945771
v 0.046795 0.065439 -0.945771
v 0.046795 0.065439 -0.840765
v 0.049393 0.063938 -0.840765
v 0.046795 0.065439 -0.840765
v 0.046795 0.065439 -0.945771
v 0.008173 -0.001457 -0.886178
v 0.008173 -0.001457 -0.781173
v 0.049393 0.063938 -0.945771
v 0.049393 0.063938 -0.840765
v 0.010771 -0.002957 -0.781173
v 0.010771 -0.002957 -0.886178
vt 0.8294 0.6212
vt 0.8306 0.6212
vt 0.8303 0.5903
vt 0.8294 0.5903
vt 0.8304 0.7065
vt 0.8313 0.7065
vt 0.831 0.6756
vt 0.8298 0.6756
vt 0.8298 0.6756
vt 0.831 0.6756
vt 0.8306 0.6212
vt 0.8294 0.6212
vt 0.8306 0.6212
vt 0.831 0.6756
vt 0.8709 0.6446
vt 0.8706 0.5902
vt 0.8298 0.6756
vt 0.8294 0.6212
vt 0.7891 0.5905
vt 0.7893 0.645
vn 0.305 0.529 0.792
vn 0.305 0.529 0.792
vn 0.305 0.529 0.792
vn 0.305 0.529 0.792
vn -0.305 -0.529 -0.792
vn -0.305 -0.529 -0.792
vn -0.305 -0.529 -0.792
vn -0.305 -0.529 -0.792
vn 0.5 0.866 0
vn 0.5 0.866 0
vn 0.5 0.866 0
vn 0.5 0.866 0
vn -0.866 0.5 0
vn -0.866 0.5 0
vn -0.866 0.5 0
vn -0.866 0.5 0
vn 0.866 -0.5 0
vn 0.866 -0.5 0
vn 0.866 -0.5 0
vn 0.866 -0.5 0
f 4/4/4 1/1/1 2/2/2
f 2/2/2 3/3/3 4/4/4
f 8/8/8 5/5/5 6/6/6
f 6/6/6 7/7/7 8/8/8
f 12/12/12 9/9/9 10/10/10
f 10/10/10 11/11/11 12/12/12
f 16/16/16 13/13/13 14/14/14
f 14/14/14 15/15/15 16/16/16
f 20/20/20 17/17/17 18/18/18
f 18/18/18 19/19/19 20/20/20
o plane129
g plane129
usemtl lambert1
v 0.046912 -0.102865 -0.840765
v 0.049511 -0.101365 -0.840765
v 0.010889 -0.034469 -0.781173
v 0.00829 -0.035969 -0.781173
v 0.00829 -0.035969 -0.886178
v 0.010889 -0.034469 -0.886178
v 0.049511 -0.101365 -0.945771
v 0.046912 -0.102865 -0.945771
v 0.046912 -0.102865 -0.945771
v 0.049511 -0.101365 -0.945771
v 0.049511 -0.101365 -0.840765
v 0.046912 -0.102865 -0.840765
v 0.049511 -0.101365 -0.840765
v 0.049511 -0.101365 -0.945771
v 0.010889 -0.034469 -0.886178
v 0.010889 -0.034469 -0.781173
v 0.046912 -0.102865 -0.945771
v 0.046912 -0.102865 -0.840765
v 0.00829 -0.035969 -0.781173
v 0.00829 -0.035969 -0.886178
vt 0.9226 0.6232
vt 0.9239 0.6232
vt 0.9235 0.5923
vt 0.9226 0.5923
vt 0.9236 0.7084
vt 0.9245 0.7084
vt 0.9243 0.6775
vt 0.923 0.6775
vt 0.923 0.6775
vt 0.9243 0.6775
vt 0.9239 0.6232
vt 0.9226 0.6232
vt 0.9239 0.6232
vt 0.9243 0.6775
vt 0.9641 0.6465
vt 0.9639 0.5921
vt 0.923 0.6775
vt 0.9226 0.6232
vt 0.8823 0.5925
vt 0.8826 0.6469
vn 0.305 -0.529 0.792
vn 0.305 -0.529 0.792
vn 0.305 -0.529 0.792
vn 0.305 -0.529 0.792
vn -0.305 0.529 -0.792
vn -0.305 0.529 -0.792
vn -0.305 0.529 -0.792
vn -0.305 0.529 -0.792
vn 0.5 -0.866 0
vn 0.5 -0.866 0
vn 0.5 -0.866 0
vn 0.5 -0.866 0
vn 0.866 0.5 0
vn 0.866 0.5 0
vn 0.866 0.5 0
vn 0.866 0.5 0
vn -0.866 -0.5 0
vn -0.866 -0.5 0
vn -0.866 -0.5 0
vn -0.866 -0.5 0
f 24/24/24 21/21/21 22/22/22
f 22/22/22 23/23/23 24/24/24
f 28/28/28 25/25/25 26/26/26
f 26/26/26 27/27/27 28/28/28
f 32/32/32 29/29/29 30/30/30
f 30/30/30 31/31/31 32/32/32
f 36/36/36 33/33/33 34/34/34
f 34/34/34 35/35/35 36/36/36
f 40/40/40 37/37/37 38/38/38
f 38/38/38 39/39/39 40/40/40
o plane128
g plane128
usemtl lambert1
v -0.046911 0.065371 -0.840765
v -0.049509 0.063871 -0.840765
v -0.010886 -0.003025 -0.781173
v -0.008288 -0.001525 -0.781173
v -0.008288 -0.001525 -0.886178
v -0.010886 -0.003025 -0.886178
v -0.049509 0.063871 -0.945771
v -0.046911 0.065371 -0.945771
v -0.046911 0.065371 -0.945771
v -0.049509 0.063871 -0.945771
v -0.049509 0.063871 -0.840765
v -0.046911 0.065371 -0.840765
v -0.049509 0.063871 -0.840765
v -0.049509 0.063871 -0.945771
v -0.010886 -0.003025 -0.886178
v -0.010886 -0.003025 -0.781173
v -0.046911 0.065371 -0.945771
v -0.046911 0.065371 -0.840765
v -0.008288 -0.001525 -0.781173
v -0.008288 -0.001525 -0.886178
vt 0.8291 0.7543
vt 0.8304 0.7543
vt 0.8301 0.7234
vt 0.8291 0.7234
vt 0.8301 0.8395
vt 0.8311 0.8395
vt 0.8308 0.8086
vt 0.8295 0.8087
vt 0.8295 0.8087
vt 0.8308 0.8086
vt 0.8304 0.7543
vt 0.8291 0.7543
vt 0.8304 0.7543
vt 0.8308 0.8086
vt 0.8706 0.7776
vt 0.8704 0.7232
vt 0.8295 0.8087
vt 0.8291 0.7543
vt 0.7888 0.7236
vt 0.7891 0.778
vn -0.305 0.529 0.792
vn -0.305 0.529 0.792
vn -0.305 0.529 0.792
vn -0.305 0.529 0.792
vn 0.305 -0.529 -0.792
vn 0.305 -0.529 -0.792
vn 0.305 -0.529 -0.792
vn 0.305 -0.529 -0.792
vn -0.5 0.866 0
vn -0.5 0.866 0
vn -0.5 0.866 0
vn -0.5 0.866 0
vn -0.866 -0.5 0
vn -0.866 -0.5 0
vn -0.866 -0.5 0
vn -0.866 -0.5 0
vn 0.866 0.5 0
vn 0.866 0.5 0
vn 0.866 0.5 0
vn 0.866 0.5 0
f 44/44/44 41/41/41 42/42/42
f 42/42/42 43/43/43 44/44/44
f 48/48/48 45/45/45 46/46/46
f 46/46/46 47/47/47 48/48/48
f 52/52/52 49/49/49 50/50/50
f 50/50/50 51/51/51 52/52/52
f 56/56/56 53/53/53 54/54/54
f 54/54/54 55/55/55 56/56/56
f 60/60/60 57/57/57 58/58/58
f 58/58/58 59/59/59 60/60/60
o plane127
g plane127
usemtl lambert1
v -0.049391 -0.101432 -0.840765
v -0.046794 -0.102933 -0.840765
v -0.00817 -0.036037 -0.781173
v -0.01077 -0.034537 -0.781173
v -0.01077 -0.034537 -0.886178
v -0.00817 -0.036037 -0.886178
v -0.046794 -0.102933 -0.945771
v -0.049391 -0.101432 -0.945771
v -0.049391 -0.101432 -0.945771
v -0.046794 -0.102933 -0.945771
v -0.046794 -0.102933 -0.840765
v -0.049391 -0.101432 -0.840765
v -0.046794 -0.102933 -0.840765
v -0.046794 -0.102933 -0.945771
v -0.00817 -0.036037 -0.886178
v -0.00817 -0.036037 -0.781173
v -0.049391 -0.101432 -0.945771
v -0.049391 -0.101432 -0.840765
v -0.01077 -0.034537 -0.781173
v -0.01077 -0.034537 -0.886178
vt 0.9223 0.759
vt 0.9236 0.7589
vt 0.9233 0.728
vt 0.9224 0.728
vt 0.9233 0.8442
vt 0.9243 0.8442
vt 0.924 0.8133
vt 0.9227 0.8133
vt 0.9227 0.8133
vt 0.924 0.8133
vt 0.9236 0.7589
vt 0.9223 0.759
vt 0.9236 0.7589
vt 0.924 0.8133
vt 0.9639 0.7823
vt 0.9636 0.7279
vt 0.9227 0.8133
vt 0.9223 0.759
vt 0.882 0.7282
vt 0.8823 0.7827
vn -0.305 -0.529 0.792
vn -0.305 -0.529 0.792
vn -0.305 -0.529 0.792
vn -0.305 -0.529 0.792
vn 0.305 0.529 -0.792
vn 0.305 0.529 -0.792
vn 0.305 0.529 -0.792
vn 0.305 0.529 -0.792
vn -0.5 -0.866 0
vn -0.5 -0.866 0
vn -0.5 -0.866 0
vn -0.5 -0.866 0
vn 0.866 -0.5 0
vn 0.866 -0.5 0
vn 0.866 -0.5 0
vn 0.866 -0.5 0
vn -0.866 0.5 0
vn -0.866 0.5 0
vn -0.866 0.5 0
vn -0.866 0.5 0
f 64/64/64 61/61/61 62/62/62
f 62/62/62 63/63/63 64/64/64
f 68/68/68 65/65/65 66/66/66
f 66/66/66 67/67/67 68/68/68
f 72/72/72 69/69/69 70/70/70
f 70/70/70 71/71/71 72/72/72
f 76/76/76 73/73/73 74/74/74
f 74/74/74 75/75/75 76/76/76
f 80/80/80 77/77/77 78/78/78
f 78/78/78 79/79/79 80/80/80
o plane126
g plane126
usemtl lambert1
v 0.096305 -0.02018 -0.840765
v 0.096305 -0.017179 -0.840765
v 0.01906 -0.017179 -0.781173
v 0.01906 -0.02018 -0.781173
v 0.01906 -0.02018 -0.886178
v 0.01906 -0.017179 -0.886178
v 0.096305 -0.017179 -0.945771
v 0.096305 -0.02018 -0.945771
v 0.096305 -0.02018 -0.945771
v 0.096305 -0.017179 -0.945771
v 0.096305 -0.017179 -0.840765
v 0.096305 -0.02018 -0.840765
v 0.096305 -0.017179 -0.840765
v 0.096305 -0.017179 -0.945771
v 0.01906 -0.017179 -0.886178
v 0.01906 -0.017179 -0.781173
v 0.096305 -0.02018 -0.945771
v 0.096305 -0.02018 -0.840765
v 0.01906 -0.02018 -0.781173
v 0.01906 -0.02018 -0.886178
vt 0.8257 0.8877
vt 0.827 0.8877
vt 0.8267 0.8568
vt 0.8257 0.8568
vt 0.8267 0.9729
vt 0.8276 0.9729
vt 0.8274 0.942
vt 0.8261 0.9421
vt 0.8261 0.9421
vt 0.8274 0.942
vt 0.827 0.8877
vt 0.8257 0.8877
vt 0.827 0.8877
vt 0.8274 0.942
vt 0.8672 0.911
vt 0.867 0.8566
vt 0.8261 0.9421
vt 0.8257 0.8877
vt 0.7854 0.857
vt 0.7857 0.9114
vn 0.611 0 0.792
vn 0.611 0 0.792
vn 0.611 0 0.792
vn 0.611 0 0.792
vn -0.611 0 -0.792
vn -0.611 0 -0.792
vn -0.611 0 -0.792
vn -0.611 0 -0.792
vn 1 0 0
vn 1 0 0
vn 1 0 0
vn 1 0 0
vn 0 1 0
vn 0 1 0
vn 0 1 0
vn 0 1 0
vn 0 -1 0
vn 0 -1 0
vn 0 -1 0
vn 0 -1 0
f 84/84/84 81/81/81 82/82/82
f 82/82/82 83/83/83 84/84/84
f 88/88/88 85/85/85 86/86/86
f 86/86/86 87/87/87 88/88/88
f 92/92/92 89/89/89 90/90/90
f 90/90/90 91/91/91 92/92/92
f 96/96/96 93/93/93 94/94/94
f 94/94/94 95/95/95 96/96/96
f 100/100/100 97/97/97 98/98/98
f 98/98/98 99/99/99 100/100/100
o plane125
g plane125
usemtl lambert1
v -0.096304 -0.017314 -0.840765
v -0.096304 -0.020315 -0.840765
v -0.019058 -0.020315 -0.781173
v -0.019058 -0.017314 -0.781173
v -0.019058 -0.017314 -0.886178
v -0.019058 -0.020315 -0.886178
v -0.096304 -0.020315 -0.945771
v -0.096304 -0.017314 -0.945771
v -0.096304 -0.017314 -0.945771
v -0.096304 -0.020315 -0.945771
v -0.096304 -0.020315 -0.840765
v -0.096304 -0.017314 -0.840765
v -0.096304 -0.020315 -0.840765
v -0.096304 -0.020315 -0.945771
v -0.019058 -0.020315 -0.886178
v -0.019058 -0.020315 -0.781173
v -0.096304 -0.017314 -0.945771
v -0.096304 -0.017314 -0.840765
v -0.019058 -0.017314 -0.781173
v -0.019058 -0.017314 -0.886178
vt 0.9209 0.8861
vt 0.9222 0.8861
vt 0.9219 0.8552
vt 0.921 0.8552
vt 0.9219 0.9714
vt 0.9229 0.9714
vt 0.9226 0.9405
vt 0.9213 0.9405
vt 0.9213 0.9405
vt 0.9226 0.9405
vt 0.9222 0.8861
vt 0.9209 0.8861
vt 0.9222 0.8861
vt 0.9226 0.9405
vt 0.9625 0.9094
vt 0.9622 0.855
vt 0.9213 0.9405
vt 0.9209 0.8861
vt 0.8806 0.8554
vt 0.8809 0.9098
vn -0.611 0 0.792
vn -0.611 0 0.792
vn -0.611 0 0.792
vn -0.611 0 0.792
vn 0.611 0 -0.792
vn 0.611 0 -0.792
vn 0.611 0 -0.792
vn 0.611 0 -0.792
vn -1 0 0
vn -1 0 0
vn -1 0 0
vn -1 0 0
vn 0 -1 0
vn 0 -1 0
vn 0 -1 0
vn 0 -1 0
vn 0 1 0
vn 0 1 0
vn 0 1 0
vn 0 1 0
f 104/104/104 101/101/101 102/102/102
f 102/102/102 103/103/103 104/104/104
f 108/108/108 105/105/105 106/106/106
f 106/106/106 107/107/107 108/108/108
f 112/112/112 109/109/109 110/110/110
f 110/110/110 111/111/111 112/112/112
f 116/116/116 113/113/113 114/114/114
f 114/114/114 115/115/115 116/116/116
f 120/120/120 117/117/117 118/118/118
f 118/118/118 119/119/119 120/120/120
o polySurface265
g polySurface265
usemtl lambert1
v 0.138224 0.078019 0.202942
v 0.132733 0.078019 -0.480088
v 0.103218 0.081009 -0.487928
v 0.10154 0.081578 0.234237
v 0.127023 0.076463 -0.483345
v 0.127023 0.072538 -0.483345
v 0.104136 0.069118 -0.489968
v 0.104136 0.079884 -0.489968
v 0.132733 0.070982 -0.480088
v 0.138224 0.070982 0.202941
v 0.10154 0.067424 0.234237
v 0.103218 0.067993 -0.487928
v 0.138224 0.070982 0.202941
v 0.138224 0.078019 0.202942
v 0.10154 0.081578 0.234237
v 0.10154 0.067424 0.234237
v 0.006636 0.075468 0.21396
v 0.00442 0.075468 -0.513026
v 0.00442 0.073533 -0.513026
v 0.006636 0.073533 0.21396
v 0.138224 0.070982 0.202941
v 0.132733 0.070982 -0.480088
v 0.132733 0.078019 -0.480088
v 0.138224 0.078019 0.202942
v 0.10154 0.081578 0.234237
v 0.067386 0.079711 0.227291
v 0.067383 0.06929 0.227291
v 0.10154 0.067424 0.234237
v 0.067383 0.06929 0.227291
v 0.067819 0.06929 -0.497127
v 0.068608 0.070566 -0.498877
v 0.068608 0.078435 -0.498877
v 0.067819 0.079711 -0.497127
v 0.067386 0.079711 0.227291
v 0.034903 0.077331 0.220163
v 0.034903 0.07167 0.220163
v 0.034903 0.07167 0.220163
v 0.034059 0.07167 -0.505927
v 0.034842 0.072388 -0.507679
v 0.034842 0.076614 -0.507679
v 0.034059 0.077331 -0.505927
v 0.034903 0.077331 0.220163
v 0.006636 0.075468 0.21396
v 0.006636 0.073533 0.21396
v 0.006636 0.073533 0.21396
v 0.00442 0.073533 -0.513026
v 0.011297 0.073778 -0.513455
v 0.011297 0.075223 -0.513455
v 0.00442 0.075468 -0.513026
v 0.006636 0.075468 0.21396
v 0.132733 0.078019 -0.480088
v 0.127023 0.076463 -0.483345
v 0.104136 0.079884 -0.489968
v 0.103218 0.081009 -0.487928
v 0.132733 0.070982 -0.480088
v 0.127023 0.072538 -0.483345
v 0.127023 0.076463 -0.483345
v 0.132733 0.078019 -0.480088
v 0.127023 0.072538 -0.483345
v 0.132733 0.070982 -0.480088
v 0.103218 0.067993 -0.487928
v 0.104136 0.069118 -0.489968
v 0.068608 0.070566 -0.498877
v 0.034842 0.072388 -0.507679
v 0.011297 0.073778 -0.513455
v 0.00442 0.075468 -0.513026
v 0.00442 0.073533 -0.513026
v 0.034842 0.076614 -0.507679
v 0.011297 0.075223 -0.513455
v 0.068608 0.078435 -0.498877
vt 0.5438 0.5908
vt 0.5426 0.9513
vt 0.5582 0.9557
vt 0.5634 0.5745
vt 0.5369 0.9556
vt 0.5361 0.9536
vt 0.5238 0.9567
vt 0.5254 0.9621
vt 0.5388 0.9513
vt 0.5401 0.5908
vt 0.5205 0.5744
vt 0.5232 0.9555
vt 0.5401 0.5908
vt 0.5438 0.5908
vt 0.5456 0.5654
vt 0.5381 0.5654
vt 0.6135 0.5858
vt 0.6102 0.9695
vt 0.6113 0.9695
vt 0.6145 0.5858
vt 0.5401 0.5908
vt 0.5388 0.9513
vt 0.5426 0.9513
vt 0.5438 0.5908
vt 0.5186 0.5671
vt 0.5009 0.5729
vt 0.5025 0.5782
vt 0.5205 0.5744
vt 0.5025 0.5782
vt 0.5046 0.9605
vt 0.505 0.9616
vt 0.5059 0.9657
vt 0.5768 0.9607
vt 0.5814 0.5784
vt 0.4845 0.5792
vt 0.4853 0.582
vt 0.4853 0.582
vt 0.4868 0.9653
vt 0.4872 0.9663
vt 0.4876 0.9685
vt 0.5946 0.9656
vt 0.5986 0.5824
vt 0.4701 0.5844
vt 0.4704 0.5854
vt 0.4704 0.5854
vt 0.4711 0.9691
vt 0.4748 0.9694
vt 0.4749 0.9701
vt 0.6102 0.9695
vt 0.6135 0.5858
vt 0.5426 0.9513
vt 0.5453 0.9536
vt 0.5576 0.9569
vt 0.5582 0.9557
vt 0.5388 0.9513
vt 0.5395 0.9548
vt 0.5416 0.9548
vt 0.5426 0.9513
vt 0.5361 0.9536
vt 0.5388 0.9513
vt 0.5232 0.9555
vt 0.5238 0.9567
vt 0.505 0.9616
vt 0.4872 0.9663
vt 0.4748 0.9694
vt 0.4712 0.9708
vt 0.471 0.9697
vt 0.5942 0.9666
vt 0.6066 0.9697
vt 0.5764 0.9619
vn 0.098 0.995 -0.001
vn 0.098 0.995 -0.001
vn 0.012 1 -0.001
vn 0.008 1 -0.001
vn 0.318 0 -0.948
vn 0.318 0 -0.948
vn 0.255 0 -0.967
vn 0.255 0 -0.967
vn 0.098 -0.995 -0.001
vn 0.098 -0.995 -0.001
vn 0.008 -1 -0.001
vn 0.012 -1 -0.001
vn 0.649 0 0.761
vn 0.649 0 0.761
vn 0.649 0 0.761
vn 0.649 0 0.761
vn -1 0 0.003
vn -1 0 0.003
vn -1 0 0.003
vn -1 0 0.003
vn 1 0 -0.008
vn 1 0 -0.008
vn 1 0 -0.008
vn 1 0 -0.008
vn -0.199 0 0.98
vn -0.205 0 0.979
vn -0.205 0 0.979
vn -0.199 0 0.98
vn -0.056 -0.998 0
vn -0.06 -0.998 -0.002
vn 0.247 0 -0.969
vn 0.247 0 -0.969
vn -0.06 0.998 -0.002
vn -0.056 0.998 0
vn -0.214 0 0.977
vn -0.214 0 0.977
vn -0.069 -0.998 0
vn -0.067 -0.998 -0.001
vn 0.249 0 -0.969
vn 0.249 0 -0.969
vn -0.067 0.998 -0.001
vn -0.069 0.998 0
vn -0.214 0 0.977
vn -0.214 0 0.977
vn -0.064 -0.998 0
vn -0.064 -0.998 0
vn 0.196 0 -0.981
vn 0.196 0 -0.981
vn -0.064 0.998 0
vn -0.064 0.998 0
vn 0.26 0.746 -0.613
vn 0.26 0.746 -0.613
vn 0.178 0.809 -0.561
vn 0.161 0.82 -0.549
vn 0.495 0 -0.869
vn 0.318 0 -0.948
vn 0.318 0 -0.948
vn 0.495 0 -0.869
vn 0.26 -0.746 -0.613
vn 0.26 -0.746 -0.613
vn 0.161 -0.82 -0.549
vn 0.178 -0.809 -0.561
vn 0.083 -0.869 -0.488
vn 0.051 -0.907 -0.419
vn 0.023 -0.942 -0.334
vn -0.062 0 -0.998
vn -0.062 0 -0.998
vn 0.051 0.907 -0.419
vn 0.023 0.942 -0.334
vn 0.083 0.869 -0.488
f 124/124/124 121/121/121 122/122/122
f 122/122/122 123/123/123 124/124/124
f 128/128/128 125/125/125 126/126/126
f 126/126/126 127/127/127 128/128/128
f 132/132/132 129/129/129 130/130/130
f 130/130/130 131/131/131 132/132/132
f 136/136/136 133/133/133 134/134/134
f 134/134/134 135/135/135 136/136/136
f 140/140/140 137/137/137 138/138/138
f 138/138/138 139/139/139 140/140/140
f 144/144/144 141/141/141 142/142/142
f 142/142/142 143/143/143 144/144/144
f 148/148/148 145/145/145 146/146/146
f 146/146/146 147/147/147 148/148/148
f 132/132/132 131/131/131 149/149/149
f 149/149/149 150/150/150 132/132/132
f 128/128/128 127/127/127 151/151/151
f 151/151/151 152/152/152 128/128/128
f 123/123/123 153/153/153 154/154/154
f 154/154/154 124/124/124 123/123/123
f 147/147/147 146/146/146 155/155/155
f 155/155/155 156/156/156 147/147/147
f 150/150/150 149/149/149 157/157/157
f 157/157/157 158/158/158 150/150/150
f 152/152/152 151/151/151 159/159/159
f 159/159/159 160/160/160 152/152/152
f 154/154/154 153/153/153 161/161/161
f 161/161/161 162/162/162 154/154/154
f 156/156/156 155/155/155 163/163/163
f 163/163/163 164/164/164 156/156/156
f 158/158/158 157/157/157 165/165/165
f 165/165/165 166/166/166 158/158/158
f 160/160/160 159/159/159 167/167/167
f 167/167/167 168/168/168 160/160/160
f 162/162/162 161/161/161 169/169/169
f 169/169/169 170/170/170 162/162/162
f 174/174/174 171/171/171 172/172/172
f 172/172/172 173/173/173 174/174/174
f 178/178/178 175/175/175 176/176/176
f 176/176/176 177/177/177 178/178/178
f 182/182/182 179/179/179 180/180/180
f 180/180/180 181/181/181 182/182/182
f 181/181/181 150/150/150 183/183/183
f 183/183/183 182/182/182 181/181/181
f 150/150/150 158/158/158 184/184/184
f 184/184/184 183/183/183 150/150/150
f 158/158/158 166/166/166 185/185/185
f 185/185/185 184/184/184 158/158/158
f 187/187/187 186/186/186 168/168/168
f 168/168/168 167/167/167 187/187/187
f 161/161/161 188/188/188 189/189/189
f 189/189/189 169/169/169 161/161/161
f 153/153/153 190/190/190 188/188/188
f 188/188/188 161/161/161 153/153/153
f 174/174/174 173/173/173 190/190/190
f 190/190/190 153/153/153 174/174/174
o polySurface266
g polySurface266
usemtl lambert1
v -0.138224 0.078019 0.202942
v -0.101536 0.081578 0.234237
v -0.103215 0.081009 -0.487928
v -0.132728 0.078019 -0.480088
v -0.127023 0.076463 -0.483345
v -0.104134 0.079884 -0.489968
v -0.104134 0.069118 -0.489968
v -0.127023 0.072538 -0.483345
v -0.132728 0.070982 -0.480088
v -0.103215 0.067993 -0.487928
v -0.101536 0.067424 0.234237
v -0.138224 0.070982 0.202941
v -0.138224 0.070982 0.202941
v -0.101536 0.067424 0.234237
v -0.101536 0.081578 0.234237
v -0.138224 0.078019 0.202942
v -0.006632 0.075468 0.21396
v -0.006632 0.073533 0.21396
v -0.004419 0.073533 -0.513026
v -0.004419 0.075468 -0.513026
v -0.138224 0.070982 0.202941
v -0.138224 0.078019 0.202942
v -0.132728 0.078019 -0.480088
v -0.132728 0.070982 -0.480088
v -0.101536 0.081578 0.234237
v -0.101536 0.067424 0.234237
v -0.06738 0.06929 0.227291
v -0.067382 0.079711 0.227291
v -0.067821 0.06929 -0.497127
v -0.06738 0.06929 0.227291
v -0.068609 0.078435 -0.498877
v -0.068609 0.070566 -0.498877
v -0.067821 0.079711 -0.497127
v -0.067382 0.079711 0.227291
v -0.034901 0.07167 0.220163
v -0.034901 0.077331 0.220163
v -0.034054 0.07167 -0.505927
v -0.034901 0.07167 0.220163
v -0.034843 0.076614 -0.507679
v -0.034843 0.072388 -0.507679
v -0.034901 0.077331 0.220163
v -0.034054 0.077331 -0.505927
v -0.006632 0.073533 0.21396
v -0.006632 0.075468 0.21396
v -0.004419 0.073533 -0.513026
v -0.006632 0.073533 0.21396
v -0.011298 0.075223 -0.513455
v -0.011298 0.073778 -0.513455
v -0.006632 0.075468 0.21396
v -0.004419 0.075468 -0.513026
v -0.132728 0.078019 -0.480088
v -0.103215 0.081009 -0.487928
v -0.104134 0.079884 -0.489968
v -0.127023 0.076463 -0.483345
v -0.132728 0.070982 -0.480088
v -0.132728 0.078019 -0.480088
v -0.127023 0.076463 -0.483345
v -0.127023 0.072538 -0.483345
v -0.127023 0.072538 -0.483345
v -0.104134 0.069118 -0.489968
v -0.103215 0.067993 -0.487928
v -0.132728 0.070982 -0.480088
v -0.068609 0.070566 -0.498877
v -0.034843 0.072388 -0.507679
v -0.011298 0.073778 -0.513455
v -0.004419 0.075468 -0.513026
v -0.004419 0.073533 -0.513026
v -0.034843 0.076614 -0.507679
v -0.011298 0.075223 -0.513455
v -0.068609 0.078435 -0.498877
vt 0.7021 0.5924
vt 0.6825 0.576
vt 0.6859 0.9575
vt 0.7015 0.9533
vt 0.7072 0.9576
vt 0.7188 0.9642
vt 0.7204 0.9587
vt 0.708 0.9556
vt 0.7053 0.9533
vt 0.7209 0.9575
vt 0.7254 0.5761
vt 0.7058 0.5924
vt 0.7058 0.5924
vt 0.7077 0.5672
vt 0.7003 0.5672
vt 0.7021 0.5924
vt 0.6323 0.5871
vt 0.6313 0.5871
vt 0.6327 0.971
vt 0.6337 0.971
vt 0.7058 0.5924
vt 0.7021 0.5924
vt 0.7015 0.9533
vt 0.7053 0.9533
vt 0.7273 0.5689
vt 0.7254 0.5761
vt 0.7435 0.5799
vt 0.745 0.5746
vt 0.7396 0.9626
vt 0.7435 0.5799
vt 0.7382 0.9678
vt 0.7391 0.9637
vt 0.6672 0.9624
vt 0.6644 0.5798
vt 0.7606 0.5839
vt 0.7615 0.581
vt 0.7574 0.9674
vt 0.7606 0.5839
vt 0.7565 0.9706
vt 0.757 0.9684
vt 0.6473 0.5837
vt 0.6494 0.9672
vt 0.7756 0.5873
vt 0.7759 0.5863
vt 0.773 0.9713
vt 0.7756 0.5873
vt 0.7692 0.9723
vt 0.7694 0.9716
vt 0.6323 0.5871
vt 0.6337 0.971
vt 0.7015 0.9533
vt 0.6859 0.9575
vt 0.6864 0.9587
vt 0.6988 0.9555
vt 0.7053 0.9533
vt 0.7015 0.9533
vt 0.7025 0.9567
vt 0.7045 0.9567
vt 0.708 0.9556
vt 0.7204 0.9587
vt 0.7209 0.9575
vt 0.7053 0.9533
vt 0.7391 0.9637
vt 0.757 0.9684
vt 0.7694 0.9716
vt 0.7729 0.9731
vt 0.773 0.9721
vt 0.6498 0.9682
vt 0.6373 0.9713
vt 0.6676 0.9636
vn -0.098 0.995 -0.001
vn -0.008 1 -0.001
vn -0.012 1 -0.001
vn -0.098 0.995 -0.001
vn -0.318 0 -0.948
vn -0.255 0 -0.967
vn -0.255 0 -0.967
vn -0.318 0 -0.948
vn -0.098 -0.995 -0.001
vn -0.012 -1 -0.001
vn -0.008 -1 -0.001
vn -0.098 -0.995 -0.001
vn -0.649 0 0.761
vn -0.649 0 0.761
vn -0.649 0 0.761
vn -0.649 0 0.761
vn 1 0 0.003
vn 1 0 0.003
vn 1 0 0.003
vn 1 0 0.003
vn -1 0 -0.008
vn -1 0 -0.008
vn -1 0 -0.008
vn -1 0 -0.008
vn 0.199 0 0.98
vn 0.199 0 0.98
vn 0.205 0 0.979
vn 0.205 0 0.979
vn 0.06 -0.998 -0.002
vn 0.056 -0.998 0
vn -0.247 0 -0.969
vn -0.247 0 -0.969
vn 0.06 0.998 -0.002
vn 0.056 0.998 0
vn 0.214 0 0.977
vn 0.214 0 0.977
vn 0.067 -0.998 -0.001
vn 0.069 -0.998 0
vn -0.249 0 -0.969
vn -0.249 0 -0.969
vn 0.069 0.998 0
vn 0.067 0.998 -0.001
vn 0.214 0 0.977
vn 0.214 0 0.977
vn 0.064 -0.998 0
vn 0.064 -0.998 0
vn -0.196 0 -0.981
vn -0.196 0 -0.981
vn 0.064 0.998 0
vn 0.064 0.998 0
vn -0.26 0.746 -0.613
vn -0.161 0.82 -0.549
vn -0.178 0.809 -0.561
vn -0.26 0.746 -0.613
vn -0.496 0 -0.868
vn -0.496 0 -0.868
vn -0.318 0 -0.948
vn -0.318 0 -0.948
vn -0.26 -0.746 -0.613
vn -0.178 -0.809 -0.561
vn -0.161 -0.82 -0.549
vn -0.26 -0.746 -0.613
vn -0.083 -0.869 -0.488
vn -0.051 -0.907 -0.419
vn -0.023 -0.942 -0.334
vn 0.062 0 -0.998
vn 0.062 0 -0.998
vn -0.051 0.907 -0.419
vn -0.023 0.942 -0.334
vn -0.083 0.869 -0.488
f 194/194/194 191/191/191 192/192/192
f 192/192/192 193/193/193 194/194/194
f 198/198/198 195/195/195 196/196/196
f 196/196/196 197/197/197 198/198/198
f 202/202/202 199/199/199 200/200/200
f 200/200/200 201/201/201 202/202/202
f 206/206/206 203/203/203 204/204/204
f 204/204/204 205/205/205 206/206/206
f 210/210/210 207/207/207 208/208/208
f 208/208/208 209/209/209 210/210/210
f 214/214/214 211/211/211 212/212/212
f 212/212/212 213/213/213 214/214/214
f 218/218/218 215/215/215 216/216/216
f 216/216/216 217/217/217 218/218/218
f 220/220/220 201/201/201 200/200/200
f 200/200/200 219/219/219 220/220/220
f 222/222/222 197/197/197 196/196/196
f 196/196/196 221/221/221 222/222/222
f 224/224/224 223/223/223 193/193/193
f 193/193/193 192/192/192 224/224/224
f 226/226/226 218/218/218 217/217/217
f 217/217/217 225/225/225 226/226/226
f 228/228/228 220/220/220 219/219/219
f 219/219/219 227/227/227 228/228/228
f 230/230/230 222/222/222 221/221/221
f 221/221/221 229/229/229 230/230/230
f 232/232/232 223/223/223 224/224/224
f 224/224/224 231/231/231 232/232/232
f 234/234/234 226/226/226 225/225/225
f 225/225/225 233/233/233 234/234/234
f 236/236/236 228/228/228 227/227/227
f 227/227/227 235/235/235 236/236/236
f 238/238/238 230/230/230 229/229/229
f 229/229/229 237/237/237 238/238/238
f 240/240/240 232/232/232 231/231/231
f 231/231/231 239/239/239 240/240/240
f 244/244/244 241/241/241 242/242/242
f 242/242/242 243/243/243 244/244/244
f 248/248/248 245/245/245 246/246/246
f 246/246/246 247/247/247 248/248/248
f 252/252/252 249/249/249 250/250/250
f 250/250/250 251/251/251 252/252/252
f 253/253/253 219/219/219 251/251/251
f 251/251/251 250/250/250 253/253/253
f 254/254/254 227/227/227 219/219/219
f 219/219/219 253/253/253 254/254/254
f 255/255/255 235/235/235 227/227/227
f 227/227/227 254/254/254 255/255/255
f 237/237/237 256/256/256 257/257/257
f 257/257/257 238/238/238 237/237/237
f 259/259/259 258/258/258 232/232/232
f 232/232/232 240/240/240 259/259/259
f 258/258/258 260/260/260 223/223/223
f 223/223/223 232/232/232 258/258/258
f 260/260/260 243/243/243 242/242/242
f 242/242/242 223/223/223 260/260/260
o body
g body
usemtl lambert1
v 0.000001 0.105562 0.051491
v 0.040493 0.105562 0.051491
v 0.03748 0.105562 -0.016828
v 0.000001 0.105562 -0.016828
v 0.000001 0.105563 0.26894
v 0.041614 0.105563 0.26894
v 0.075779 0.105562 0.051491
v 0.070137 0.105562 -0.016828
v 0.027063 0.105562 -0.215686
v 0.000001 0.105562 -0.215686
v 0.077874 0.105563 0.26894
v 0.000001 0.105564 0.663236
v 0.041614 0.105563 0.663236
v 0.074496 0.094508 -0.016828
v 0.070137 0.105562 -0.016828
v 0.075779 0.105562 0.051491
v 0.08049 0.094508 0.051491
v 0.050644 0.105562 -0.215686
v 0.018933 0.103648 -0.246089
v 0.000001 0.103648 -0.246089
v 0.077874 0.105563 0.26894
v 0.082714 0.094507 0.26894
v 0.077874 0.105563 0.663236
v 0.05379 0.094508 -0.215686
v 0.050644 0.105562 -0.215686
v 0.035426 0.103648 -0.246089
v 0.002524 0.098022 -0.281172
v 0.000001 0.098022 -0.281172
v 0.040484 0.101812 0.704275
v 0.000001 0.101813 0.704275
v 0.072587 0.081689 -0.016828
v 0.052414 0.081689 -0.215686
v 0.078428 0.081686 0.051491
v 0.037626 0.093312 -0.246089
v 0.035426 0.103648 -0.246089
v 0.004715 0.098022 -0.281172
v 0.000001 0.098022 -0.281172
v 0.002524 0.098022 -0.281172
v 0.002507 0.092116 -0.282526
v 0.000001 0.092116 -0.282526
v 0.08373 0.081686 0.26894
v 0.077874 0.105563 0.663236
v 0.082714 0.094507 0.663236
v 0.073177 0.098918 0.704275
v 0.036663 0.081551 -0.246089
v 0.004715 0.098022 -0.281172
v 0.005006 0.092116 -0.282526
v 0.004715 0.098022 -0.281172
v 0.005006 0.092116 -0.282526
v 0.002524 0.082096 -0.281172
v 0.000001 0.082096 -0.281172
v 0.073177 0.098918 0.704275
v 0.078559 0.0908 0.704275
v 0.067506 0.092701 0.732053
v 0.037809 0.098116 0.732035
v 0.000001 0.098116 0.732035
v 0.03748 0.081689 -0.016828
v 0.072587 0.081689 -0.016828
v 0.078428 0.081686 0.051491
v 0.040493 0.081686 0.051491
v 0.027063 0.081689 -0.215686
v 0.052414 0.081689 -0.215686
v 0.004879 0.082096 -0.281172
v 0.000001 0.082096 -0.281172
v 0.002524 0.082096 -0.281172
v 0.018933 0.081551 -0.246089
v 0.000001 0.081551 -0.246089
v 0.08373 0.081686 0.26894
v 0.043232 0.081686 0.26894
v 0.08373 0.081686 0.663236
v 0.073443 0.08507 0.732046
v 0.067506 0.092701 0.732053
v 0.000001 0.081689 -0.016828
v 0.000001 0.081686 0.051491
v 0.000001 0.081689 -0.215686
v 0.036663 0.081551 -0.246089
v 0.004879 0.082096 -0.281172
v 0.004879 0.082096 -0.281172
v 0.000001 0.081686 0.26894
v 0.08373 0.081686 0.26894
v 0.08373 0.066899 0.26894
v 0.042549 0.066899 0.26894
v 0.043232 0.081686 0.26894
v 0.081179 0.079755 0.704275
v 0.076167 0.076148 0.732046
v 0.066814 0.078199 0.756726
v 0.061515 0.085936 0.756726
v 0.061515 0.085936 0.756726
v 0.034751 0.093892 0.756726
v 0.000001 0.093892 0.756726
v 0.000001 0.066899 0.26894
v 0.000001 0.081686 0.26894
v 0.08373 0.0669 0.663235
v 0.08373 0.066899 0.26894
v 0.042549 0.066899 0.26894
v 0.08373 0.066899 0.26894
v 0.072044 0.066899 -0.275827
v 0.042549 0.066899 -0.275827
v 0.070199 0.071404 0.756726
v 0.000001 0.066899 0.26894
v 0.000001 0.066899 -0.275827
v 0.081457 0.066486 0.704274
v 0.08373 0.034403 0.663235
v 0.08373 0.034404 0.26894
v 0.08373 0.034404 -0.275827
v 0.072044 0.066899 -0.275827
v 0.077714 0.065026 0.732053
v 0.060781 0.068475 0.78964
v 0.054743 0.07572 0.78964
v 0.054743 0.07572 0.78964
v 0.029108 0.084289 0.78964
v 0.000001 0.084289 0.78964
v 0.081857 0.034378 0.704274
v 0.08373 -0.012258 0.663235
v 0.08373 -0.012258 0.26894
v 0.08373 -0.012258 -0.275827
v 0.065008 0.062345 0.78964
v 0.073515 0.060982 0.756726
v 0.023704 0.06933 0.826772
v 0.000001 0.070437 0.826772
v 0.081457 -0.012258 0.704274
v 0.08373 -0.050381 0.26894
v 0.08373 -0.050381 0.663235
v 0.08373 -0.043969 -0.275827
v 0.07863 0.033239 0.732053
v 0.053911 0.054618 0.826772
v 0.04833 0.061156 0.826772
v 0.04833 0.061156 0.826772
v 0.08373 -0.076443 0.26894
v 0.08373 -0.076443 0.663235
v 0.081857 -0.050361 0.704274
v 0.08373 -0.076443 -0.275827
v 0.05773 0.049075 0.826772
v 0.068207 0.052174 0.78964
v 0.075617 0.030502 0.756726
v 0.019047 0.05224 0.863125
v 0.000001 0.053024 0.863125
v 0.040604 0.044674 0.863125
v 0.079184 -0.012258 0.732053
v 0.08373 -0.091604 0.663236
v 0.08373 -0.091553 0.26894
v 0.081457 -0.076111 0.704274
v 0.083382 -0.091581 -0.275827
v 0.045699 0.041499 0.863125
v 0.040604 0.044674 0.863125
v 0.07863 -0.049448 0.732053
v 0.081179 -0.090056 0.704275
v 0.082714 -0.098584 0.663236
v 0.082714 -0.098584 0.26894
v 0.077714 -0.074941 0.732053
v 0.082714 -0.098584 -0.275827
v 0.050343 0.03635 0.863125
v 0.062222 0.03968 0.826772
v 0.071414 0.025456 0.78964
v 0.076774 -0.012258 0.756726
v 0.013945 0.034754 0.89912
v 0.000001 0.035724 0.89912
v 0.032042 0.027919 0.89912
v 0.036198 0.025049 0.89912
v 0.032042 0.027919 0.89912
v 0.081179 -0.090056 0.704275
v 0.078559 -0.096583 0.704275
v 0.076167 -0.085747 0.732046
v 0.077874 -0.105563 0.26894
v 0.077874 -0.105563 -0.275827
v 0.039714 0.021593 0.89912
v 0.075617 -0.047252 0.756726
v 0.073515 -0.071697 0.756726
v 0.073443 -0.092473 0.732046
v 0.076167 -0.085747 0.732046
v 0.077874 -0.105563 0.663236
v 0.073177 -0.101393 0.704275
v 0.070199 -0.080055 0.756726
v 0.077874 -0.105563 0.26894
v 0.041511 -0.105563 0.26894
v 0.041511 -0.105563 -0.275827
v 0.077874 -0.105563 -0.275827
v 0.055545 0.029414 0.863125
v 0.067124 0.020278 0.826772
v 0.074322 -0.012258 0.78964
v 0.008339 0.014843 0.942402
v 0.000001 0.015674 0.942402
v 0.017683 0.01076 0.942402
v 0.021721 0.008175 0.942402
v 0.017683 0.01076 0.942402
v 0.025844 0.005206 0.942402
v 0.000001 -0.105563 0.26894
v 0.000001 -0.105563 -0.275827
v 0.067506 -0.096407 0.732053
v 0.066814 -0.085505 0.756726
v 0.070199 -0.080055 0.756726
v 0.077874 -0.105563 0.663236
v 0.041614 -0.105563 0.663236
v 0.044407 0.015428 0.89912
v 0.071414 -0.043206 0.78964
v 0.029558 0.001525 0.942402
v 0.000001 -0.105564 0.663236
v 0.068207 -0.064634 0.78964
v 0.065008 -0.072791 0.78964
v 0.073177 -0.101393 0.704275
v 0.040484 -0.104442 0.704275
v 0.061515 -0.090252 0.756726
v 0.060781 -0.077706 0.78964
v 0.065008 -0.072791 0.78964
v 0.061012 0.013073 0.863125
v 0.070481 -0.012258 0.826772
v 0.001518 -0.00612 0.991612
v 0.000001 -0.00612 0.991612
v 0.004158 -0.006927 0.991612
v 0.005233 -0.007547 0.991612
v 0.004158 -0.006927 0.991612
v 0.006124 -0.008306 0.991612
v 0.007074 -0.009422 0.991612
v 0.037809 -0.101478 0.732035
v 0.054743 -0.081573 0.78964
v 0.000001 -0.104442 0.704275
v 0.033907 -0.005623 0.942402
v 0.050259 0.002923 0.89912
v 0.067124 -0.039053 0.826772
v 0.062222 -0.054613 0.826772
v 0.008209 -0.011675 0.991612
v 0.05773 -0.062147 0.826772
v 0.053911 -0.066593 0.826772
v 0.05773 -0.062147 0.826772
v 0.034751 -0.09809 0.756726
v 0.063458 -0.012258 0.863125
v 0.000001 -0.013132 1
v 0.000001 -0.013132 1
v 0.04833 -0.070378 0.826772
v 0.000001 -0.101478 0.732035
v 0.029108 -0.090389 0.78964
v 0.0085 -0.012411 0.991612
v 0.035771 -0.012411 0.942402
v 0.052719 -0.012258 0.89912
v 0.061012 -0.033273 0.863125
v 0.055545 -0.04638 0.863125
v 0.050343 -0.051942 0.863125
v 0.008209 -0.013707 0.991612
v 0.045699 -0.056071 0.863125
v 0.050343 -0.051942 0.863125
v 0.000001 -0.09809 0.756726
v 0.040604 -0.058618 0.863125
v 0.023704 -0.078392 0.826772
v 0.000001 -0.090389 0.78964
v 0.033907 -0.019085 0.942402
v 0.050259 -0.025134 0.89912
v 0.044407 -0.035163 0.89912
v 0.039714 -0.040107 0.89912
v 0.039714 -0.040107 0.89912
v 0.036198 -0.042879 0.89912
v 0.007074 -0.015709 0.991612
v 0.006124 -0.0167 0.991612
v 0.000001 -0.07928 0.826772
v 0.029558 -0.025439 0.942402
v 0.032042 -0.045181 0.89912
v 0.019047 -0.064686 0.863125
v 0.025844 -0.028712 0.942402
v 0.025844 -0.028712 0.942402
v 0.021721 -0.03135 0.942402
v 0.005233 -0.017376 0.991612
v 0.006124 -0.0167 0.991612
v 0.000001 -0.013132 1
v 0.004158 -0.017927 0.991612
v 0.000001 -0.065315 0.863125
v 0.013945 -0.050662 0.89912
v 0.017683 -0.033648 0.942402
v 0.001518 -0.018644 0.991612
v 0.000001 -0.018644 0.991612
v 0.000001 -0.05144 0.89912
v 0.008339 -0.037277 0.942402
v 0.000001 -0.038015 0.942402
v 0.034828 0.005299 -0.953615
v 0.040962 -0.006445 -0.953614
v 0.032189 -0.008963 -0.971466
v 0.027368 0.000084 -0.971466
v 0.043076 -0.019143 -0.953614
v 0.033851 -0.018991 -0.971466
v 0.017096 -0.013664 -0.988415
v 0.014534 -0.008858 -0.988415
v 0.064768 -0.02907 -0.535902
v 0.051141 -0.022969 -0.738532
v 0.048639 -0.007957 -0.738532
v 0.064837 -0.008711 -0.535902
v 0.019856 0.007263 -0.971466
v 0.010545 -0.005044 -0.988415
v 0.017979 -0.018991 -0.988415
v 0.002609 -0.017916 -1
v 0.00222 -0.017166 -1
v 0.041374 0.013131 -0.738532
v 0.055301 0.023395 -0.535902
v 0.061968 -0.047341 -0.535902
v 0.048639 -0.035829 -0.738532
v 0.010394 0.011873 -0.971466
v 0.019856 0.007263 -0.971466
v 0.010545 -0.005044 -0.988415
v 0.005516 -0.002595 -0.988415
v 0.001613 -0.016571 -1
v 0.032189 -0.029019 -0.971466
v 0.017096 -0.024318 -0.988415
v 0.002744 -0.018747 -1
v 0.03006 0.025208 -0.738532
v 0.041389 0.040838 -0.535903
v 0.074022 -0.059984 -0.394749
v 0.075703 -0.036986 -0.394749
v 0.074022 -0.008831 -0.394749
v 0.000001 0.013461 -0.971466
v 0.000001 -0.001752 -0.988415
v 0.001613 -0.016571 -1
v 0.000848 -0.016189 -1
v 0.028885 -0.035215 -0.971466
v 0.015341 -0.02761 -0.988415
v 0.002609 -0.019578 -1
v 0.002609 -0.017916 -1
v 0.002744 -0.018747 -1
v 0.000001 -0.018747 -1
v 0.00222 -0.017166 -1
v 0.071614 0.031361 -0.394749
v 0.072373 -0.073539 -0.394749
v 0.058149 -0.058287 -0.535902
v 0.043662 -0.046253 -0.738532
v 0.000001 -0.016057 -1
v 0.041389 0.040838 -0.535903
v 0.03006 0.025208 -0.738532
v 0.015804 0.032962 -0.738532
v 0.024505 0.048863 -0.535902
v 0.001613 -0.016571 -1
v 0.026343 -0.039048 -0.971466
v 0.019856 -0.045244 -0.971466
v 0.010545 -0.032937 -0.988415
v 0.014534 -0.029123 -0.988415
v 0.002343 -0.020092 -1
v 0.002609 -0.019578 -1
v 0.057223 0.051651 -0.394764
v 0.000848 -0.016189 -1
v 0.010394 -0.049853 -0.971466
v 0.005516 -0.035386 -0.988415
v 0.001613 -0.020923 -1
v 0.00222 -0.020328 -1
v 0.002343 -0.020092 -1
v 0.00222 -0.020328 -1
v 0.032047 0.059033 -0.394748
v 0.057223 0.051651 -0.394764
v 0.069512 -0.082996 -0.394749
v 0.061761 -0.090922 -0.394749
v 0.054235 -0.06717 -0.535901
v 0.043584 -0.075848 -0.535903
v 0.038998 -0.053584 -0.738532
v 0.03006 -0.063125 -0.738532
v 0.000001 0.035634 -0.738532
v 0.000001 0.052294 -0.535902
v 0.000001 -0.016057 -1
v 0.000001 -0.051442 -0.971466
v 0.000001 -0.036229 -0.988415
v 0.000848 -0.021305 -1
v 0.001613 -0.020923 -1
v 0.000001 0.060983 -0.394749
v 0.024073 -0.083895 -0.535902
v 0.015804 -0.070879 -0.738532
v 0.000001 -0.021437 -1
v 0.000848 -0.021305 -1
v 0.031846 -0.096192 -0.394749
v 0.000001 -0.087921 -0.535902
v 0.000001 -0.073551 -0.738532
v 0.000001 -0.021437 -1
v 0.000001 -0.098872 -0.394749
v 0.072373 -0.073539 -0.394749
v 0.058149 -0.058287 -0.535902
v 0.043662 -0.046253 -0.738532
v 0.015341 -0.02761 -0.988415
v 0.028885 -0.035215 -0.971466
v 0.002343 -0.020092 -1
v -0.037477 0.105562 -0.016828
v -0.040491 0.105562 0.051491
v -0.041612 0.105563 0.26894
v -0.070135 0.105562 -0.016828
v -0.075777 0.105562 0.051491
v -0.027062 0.105562 -0.215686
v -0.077873 0.105563 0.26894
v -0.041612 0.105563 0.663236
v -0.074495 0.094508 -0.016828
v -0.080489 0.094508 0.051491
v -0.075777 0.105562 0.051491
v -0.070135 0.105562 -0.016828
v -0.050642 0.105562 -0.215686
v -0.018931 0.103648 -0.246089
v -0.082713 0.094507 0.26894
v -0.077873 0.105563 0.26894
v -0.077873 0.105563 0.663236
v -0.050642 0.105562 -0.215686
v -0.053789 0.094508 -0.215686
v -0.035424 0.103648 -0.246089
v -0.002521 0.098022 -0.281172
v -0.040482 0.101812 0.704275
v -0.052412 0.081689 -0.215686
v -0.072585 0.081689 -0.016828
v -0.078426 0.081686 0.051491
v -0.035424 0.103648 -0.246089
v -0.037623 0.093312 -0.246089
v -0.004714 0.098022 -0.281172
v 0.000001 0.098022 -0.281172
v 0.000001 0.092116 -0.282526
v -0.002506 0.092116 -0.282526
v -0.002521 0.098022 -0.281172
v -0.083728 0.081686 0.26894
v -0.082713 0.094507 0.663236
v -0.077873 0.105563 0.663236
v -0.073175 0.098918 0.704275
v -0.036663 0.081551 -0.246089
v -0.004714 0.098022 -0.281172
v -0.005005 0.092116 -0.282526
v -0.005005 0.092116 -0.282526
v -0.004714 0.098022 -0.281172
v 0.000001 0.082096 -0.281172
v -0.002521 0.082096 -0.281172
v -0.078557 0.0908 0.704275
v -0.073175 0.098918 0.704275
v -0.067503 0.092701 0.732053
v -0.037806 0.098116 0.732035
v -0.037477 0.081689 -0.016828
v -0.040491 0.081686 0.051491
v -0.078426 0.081686 0.051491
v -0.072585 0.081689 -0.016828
v -0.027062 0.081689 -0.215686
v -0.052412 0.081689 -0.215686
v -0.004878 0.082096 -0.281172
v -0.018931 0.081551 -0.246089
v -0.002521 0.082096 -0.281172
v -0.04323 0.081686 0.26894
v -0.083728 0.081686 0.26894
v -0.083728 0.081686 0.663236
v -0.073443 0.08507 0.732046
v -0.067503 0.092701 0.732053
v -0.036663 0.081551 -0.246089
v -0.004878 0.082096 -0.281172
v -0.004878 0.082096 -0.281172
v -0.083728 0.081686 0.26894
v -0.04323 0.081686 0.26894
v -0.042547 0.066899 0.26894
v -0.083728 0.066899 0.26894
v -0.081178 0.079755 0.704275
v -0.076165 0.076148 0.732046
v -0.066813 0.078199 0.756726
v -0.061514 0.085936 0.756726
v -0.061514 0.085936 0.756726
v -0.034749 0.093892 0.756726
v -0.083728 0.066899 0.26894
v -0.083728 0.0669 0.663235
v -0.042547 0.066899 0.26894
v -0.042547 0.066899 -0.275827
v -0.072042 0.066899 -0.275827
v -0.083728 0.066899 0.26894
v -0.070198 0.071404 0.756726
v -0.081455 0.066486 0.704274
v -0.083728 0.034404 0.26894
v -0.083728 0.034403 0.663235
v -0.072042 0.066899 -0.275827
v -0.083728 0.034404 -0.275827
v -0.077712 0.065026 0.732053
v -0.060779 0.068475 0.78964
v -0.05474 0.07572 0.78964
v -0.05474 0.07572 0.78964
v -0.029106 0.084289 0.78964
v -0.081855 0.034378 0.704274
v -0.083728 -0.012258 0.26894
v -0.083728 -0.012258 0.663235
v -0.083728 -0.012258 -0.275827
v -0.065006 0.062345 0.78964
v -0.073514 0.060982 0.756726
v -0.023703 0.06933 0.826772
v -0.081455 -0.012258 0.704274
v -0.083728 -0.050381 0.26894
v -0.083728 -0.050381 0.663235
v -0.083728 -0.043969 -0.275827
v -0.078629 0.033239 0.732053
v -0.05391 0.054618 0.826772
v -0.048328 0.061156 0.826772
v -0.048328 0.061156 0.826772
v -0.083728 -0.076443 0.26894
v -0.083728 -0.076443 0.663235
v -0.081855 -0.050361 0.704274
v -0.083728 -0.076443 -0.275827
v -0.057727 0.049075 0.826772
v -0.068206 0.052174 0.78964
v -0.075616 0.030502 0.756726
v -0.019046 0.05224 0.863125
v -0.040602 0.044674 0.863125
v -0.079183 -0.012258 0.732053
v -0.083728 -0.091604 0.663236
v -0.083728 -0.091553 0.26894
v -0.081455 -0.076111 0.704274
v -0.08338 -0.091581 -0.275827
v -0.045697 0.041499 0.863125
v -0.040602 0.044674 0.863125
v -0.078629 -0.049448 0.732053
v -0.081178 -0.090056 0.704275
v -0.083728 -0.091553 0.26894
v -0.082713 -0.098584 0.26894
v -0.082713 -0.098584 0.663236
v -0.083728 -0.091604 0.663236
v -0.077712 -0.074941 0.732053
v -0.08338 -0.091581 -0.275827
v -0.082713 -0.098584 -0.275827
v -0.050341 0.03635 0.863125
v -0.062222 0.03968 0.826772
v -0.071412 0.025456 0.78964
v -0.076773 -0.012258 0.756726
v -0.013943 0.034754 0.89912
v -0.03204 0.027919 0.89912
v -0.036196 0.025049 0.89912
v -0.03204 0.027919 0.89912
v -0.078557 -0.096583 0.704275
v -0.081178 -0.090056 0.704275
v -0.076165 -0.085747 0.732046
v -0.077873 -0.105563 -0.275827
v -0.077873 -0.105563 0.26894
v -0.039712 0.021593 0.89912
v -0.075616 -0.047252 0.756726
v -0.073514 -0.071697 0.756726
v -0.073443 -0.092473 0.732046
v -0.076165 -0.085747 0.732046
v -0.077873 -0.105563 0.663236
v -0.073175 -0.101393 0.704275
v -0.070198 -0.080055 0.756726
v -0.077873 -0.105563 0.26894
v -0.077873 -0.105563 -0.275827
v -0.041511 -0.105563 -0.275827
v -0.041511 -0.105563 0.26894
v -0.055543 0.029414 0.863125
v -0.067122 0.020278 0.826772
v -0.074322 -0.012258 0.78964
v -0.008339 0.014843 0.942402
v -0.017681 0.01076 0.942402
v -0.021718 0.008175 0.942402
v -0.017681 0.01076 0.942402
v -0.025843 0.005206 0.942402
v -0.067503 -0.096407 0.732053
v -0.066813 -0.085505 0.756726
v -0.070198 -0.080055 0.756726
v -0.041612 -0.105563 0.663236
v -0.077873 -0.105563 0.663236
v -0.044407 0.015428 0.89912
v -0.071412 -0.043206 0.78964
v -0.029557 0.001525 0.942402
v -0.068206 -0.064634 0.78964
v -0.065006 -0.072791 0.78964
v -0.040482 -0.104442 0.704275
v -0.073175 -0.101393 0.704275
v -0.061514 -0.090252 0.756726
v -0.060779 -0.077706 0.78964
v -0.065006 -0.072791 0.78964
v -0.061012 0.013073 0.863125
v -0.070478 -0.012258 0.826772
v -0.001516 -0.00612 0.991612
v -0.004157 -0.006927 0.991612
v -0.005231 -0.007547 0.991612
v -0.004157 -0.006927 0.991612
v -0.006123 -0.008306 0.991612
v -0.007071 -0.009422 0.991612
v -0.037806 -0.101478 0.732035
v -0.05474 -0.081573 0.78964
v -0.050257 0.002923 0.89912
v -0.033905 -0.005623 0.942402
v -0.067122 -0.039053 0.826772
v -0.062222 -0.054613 0.826772
v -0.008206 -0.011675 0.991612
v -0.057727 -0.062147 0.826772
v -0.05391 -0.066593 0.826772
v -0.057727 -0.062147 0.826772
v -0.034749 -0.09809 0.756726
v -0.063456 -0.012258 0.863125
v 0.000001 -0.013132 1
v -0.048328 -0.070378 0.826772
v -0.029106 -0.090389 0.78964
v -0.035769 -0.012411 0.942402
v -0.008498 -0.012411 0.991612
v -0.052718 -0.012258 0.89912
v -0.061012 -0.033273 0.863125
v -0.055543 -0.04638 0.863125
v -0.050341 -0.051942 0.863125
v -0.008206 -0.013707 0.991612
v -0.045697 -0.056071 0.863125
v -0.050341 -0.051942 0.863125
v -0.040602 -0.058618 0.863125
v -0.023703 -0.078392 0.826772
v -0.033905 -0.019085 0.942402
v -0.050257 -0.025134 0.89912
v -0.044407 -0.035163 0.89912
v -0.039712 -0.040107 0.89912
v -0.036196 -0.042879 0.89912
v -0.039712 -0.040107 0.89912
v -0.007071 -0.015709 0.991612
v -0.006123 -0.0167 0.991612
v -0.029557 -0.025439 0.942402
v -0.03204 -0.045181 0.89912
v -0.019046 -0.064686 0.863125
v -0.025843 -0.028712 0.942402
v -0.021718 -0.03135 0.942402
v -0.025843 -0.028712 0.942402
v -0.005231 -0.017376 0.991612
v -0.004157 -0.017927 0.991612
v -0.006123 -0.0167 0.991612
v -0.013943 -0.050662 0.89912
v -0.017681 -0.033648 0.942402
v -0.001516 -0.018644 0.991612
v -0.008339 -0.037277 0.942402
v -0.027365 0.000084 -0.971466
v -0.014533 -0.008858 -0.988415
v -0.017095 -0.013664 -0.988415
v -0.032188 -0.008963 -0.971466
v -0.064766 -0.02907 -0.535902
v -0.064834 -0.008711 -0.535902
v -0.048637 -0.007957 -0.738532
v -0.051139 -0.022969 -0.738532
v -0.019855 0.007263 -0.971466
v -0.010543 -0.005044 -0.988415
v -0.017977 -0.018991 -0.988415
v -0.03385 -0.018991 -0.971466
v -0.002218 -0.017166 -1
v -0.002608 -0.017916 -1
v -0.0553 0.023395 -0.535902
v -0.041372 0.013131 -0.738532
v -0.034825 0.005299 -0.953615
v -0.02527 0.014441 -0.953615
v -0.048637 -0.035829 -0.738532
v -0.061966 -0.047341 -0.535902
v -0.032188 -0.029019 -0.971466
v -0.04096 -0.031759 -0.953614
v -0.043075 -0.019143 -0.953614
v -0.010392 0.011873 -0.971466
v -0.005515 -0.002595 -0.988415
v -0.010543 -0.005044 -0.988415
v -0.019855 0.007263 -0.971466
v -0.001612 -0.016571 -1
v -0.017095 -0.024318 -0.988415
v -0.002743 -0.018747 -1
v -0.041387 0.040838 -0.535903
v -0.030059 0.025208 -0.738532
v -0.07402 -0.059984 -0.394749
v -0.075702 -0.036986 -0.394749
v -0.07402 -0.008831 -0.394749
v -0.02527 0.014441 -0.953615
v -0.01323 0.020311 -0.953615
v -0.000847 -0.016189 -1
v -0.001612 -0.016571 -1
v -0.015339 -0.02761 -0.988415
v -0.028884 -0.035215 -0.971466
v -0.002608 -0.019578 -1
v -0.002608 -0.017916 -1
v -0.002743 -0.018747 -1
v -0.002218 -0.017166 -1
v -0.071612 0.031361 -0.394749
v -0.058147 -0.058287 -0.535902
v -0.07237 -0.073539 -0.394749
v -0.04366 -0.046253 -0.738532
v -0.036758 -0.039649 -0.953614
v 0.000001 0.022333 -0.953615
v -0.041387 0.040838 -0.535903
v -0.024504 0.048863 -0.535902
v -0.015803 0.032962 -0.738532
v -0.030059 0.025208 -0.738532
v -0.001612 -0.016571 -1
v -0.026341 -0.039048 -0.971466
v -0.014533 -0.029123 -0.988415
v -0.010543 -0.032937 -0.988415
v -0.019855 -0.045244 -0.971466
v -0.002341 -0.020092 -1
v -0.002608 -0.019578 -1
v -0.057222 0.051651 -0.394764
v -0.000847 -0.016189 -1
v -0.02527 -0.05242 -0.953614
v -0.033201 -0.044839 -0.953614
v -0.005515 -0.035386 -0.988415
v -0.010392 -0.049853 -0.971466
v -0.002218 -0.020328 -1
v -0.001612 -0.020923 -1
v -0.002218 -0.020328 -1
v -0.002341 -0.020092 -1
v -0.032045 0.059033 -0.394748
v -0.057222 0.051651 -0.394764
v -0.06951 -0.082996 -0.394749
v -0.061761 -0.090922 -0.394749
v -0.054233 -0.06717 -0.535901
v -0.043583 -0.075848 -0.535903
v -0.038997 -0.053584 -0.738532
v -0.030059 -0.063125 -0.738532
v -0.01323 -0.058289 -0.953614
v -0.000847 -0.021305 -1
v -0.001612 -0.020923 -1
v -0.015803 -0.070879 -0.738532
v -0.024071 -0.083895 -0.535902
v 0.000001 -0.060312 -0.953614
v -0.000847 -0.021305 -1
v -0.031846 -0.096192 -0.394749
v -0.07237 -0.073539 -0.394749
v -0.058147 -0.058287 -0.535902
v -0.04366 -0.046253 -0.738532
v -0.036758 -0.039649 -0.953614
v -0.028884 -0.035215 -0.971466
v -0.015339 -0.02761 -0.988415
v -0.002341 -0.020092 -1
v 0.025272 0.014441 -0.953615
v 0.040962 -0.031759 -0.953614
v 0.036759 -0.039649 -0.953614
v 0.033201 -0.044839 -0.953614
v 0.036759 -0.039649 -0.953614
v 0.025272 -0.05242 -0.953614
v 0.013232 -0.058289 -0.953614
v -0.04096 -0.006445 -0.953614
v 0.013232 0.020311 -0.953615
v 0.025272 0.014441 -0.953615
vt 0.2353 0.4715
vt 0.2156 0.4716
vt 0.2171 0.505
vt 0.2355 0.5049
vt 0.2346 0.3655
vt 0.2145 0.3656
vt 0.1984 0.4717
vt 0.201 0.5051
vt 0.2229 0.6031
vt 0.2363 0.603
vt 0.1969 0.3656
vt 0.2343 0.1747
vt 0.2141 0.1747
vt 0.1952 0.5054
vt 0.201 0.5051
vt 0.1984 0.4717
vt 0.1925 0.4718
vt 0.2112 0.6032
vt 0.227 0.6182
vt 0.2364 0.6181
vt 0.1969 0.3656
vt 0.191 0.3656
vt 0.1966 0.1748
vt 0.2056 0.6036
vt 0.2112 0.6032
vt 0.2189 0.6182
vt 0.2353 0.6357
vt 0.2365 0.6357
vt 0.2147 0.1548
vt 0.2342 0.1548
vt 0.1889 0.5062
vt 0.1994 0.6043
vt 0.1862 0.4722
vt 0.2072 0.6204
vt 0.2125 0.6203
vt 0.2342 0.6357
vt 0.2134 0.6465
vt 0.2131 0.6451
vt 0.2101 0.6459
vt 0.2102 0.6472
vt 0.1848 0.3657
vt 0.1966 0.1748
vt 0.1907 0.1748
vt 0.1988 0.1546
vt 0.2015 0.6214
vt 0.2128 0.6439
vt 0.2099 0.6447
vt 0.2128 0.6439
vt 0.2099 0.6447
vt 0.2051 0.6461
vt 0.2052 0.6474
vt 0.1937 0.1545
vt 0.189 0.1549
vt 0.2015 0.1408
vt 0.216 0.1413
vt 0.2342 0.1413
vt 0.4037 0.2206
vt 0.3867 0.2206
vt 0.3838 0.2538
vt 0.4023 0.2538
vt 0.4088 0.124
vt 0.3965 0.124
vt 0.205 0.6449
vt 0.4219 0.0922
vt 0.4207 0.0922
vt 0.4127 0.1093
vt 0.4219 0.1093
vt 0.3813 0.3594
vt 0.4009 0.3594
vt 0.1845 0.1748
vt 0.1864 0.1412
vt 0.191 0.1405
vt 0.4219 0.2206
vt 0.4219 0.2538
vt 0.4219 0.124
vt 0.4041 0.1093
vt 0.205 0.6449
vt 0.4195 0.0922
vt 0.4219 0.3594
vt 0.3813 0.3594
vt 0.3813 0.3666
vt 0.4013 0.3666
vt 0.4009 0.3594
vt 0.1835 0.155
vt 0.1819 0.1414
vt 0.1835 0.1287
vt 0.188 0.128
vt 0.2042 0.1283
vt 0.2176 0.1294
vt 0.2342 0.1293
vt 0.4219 0.3666
vt 0.4219 0.3594
vt 0.1773 0.1749
vt 0.1777 0.3657
vt 0.4013 0.3666
vt 0.3813 0.3666
vt 0.3869 0.6311
vt 0.4013 0.6311
vt 0.1798 0.1291
vt 0.4219 0.3666
vt 0.4219 0.6311
vt 0.1771 0.155
vt 0.1616 0.1749
vt 0.162 0.3658
vt 0.1634 0.6293
vt 0.1802 0.6293
vt 0.1764 0.1415
vt 0.1789 0.1125
vt 0.1833 0.1117
vt 0.2074 0.1116
vt 0.2203 0.113
vt 0.2341 0.113
vt 0.1616 0.155
vt 0.139 0.1749
vt 0.1394 0.3659
vt 0.1408 0.6295
vt 0.1753 0.113
vt 0.1745 0.1294
vt 0.2227 0.0939
vt 0.2341 0.0941
vt 0.139 0.155
vt 0.1209 0.3659
vt 0.1205 0.1749
vt 0.1255 0.6296
vt 0.1611 0.1415
vt 0.1724 0.0943
vt 0.1764 0.0935
vt 0.2104 0.0924
vt 0.1083 0.366
vt 0.1079 0.175
vt 0.1206 0.155
vt 0.1098 0.6297
vt 0.1692 0.0948
vt 0.1702 0.1133
vt 0.1598 0.1295
vt 0.2249 0.0746
vt 0.234 0.0748
vt 0.214 0.0731
vt 0.1391 0.1415
vt 0.1005 0.175
vt 0.101 0.366
vt 0.1081 0.1549
vt 0.1024 0.6298
vt 0.1664 0.0765
vt 0.1691 0.0755
vt 0.1211 0.1414
vt 0.1013 0.1549
vt 0.0971 0.175
vt 0.0976 0.366
vt 0.1087 0.1413
vt 0.099 0.6297
vt 0.1632 0.0773
vt 0.1642 0.0954
vt 0.1573 0.1136
vt 0.1392 0.1296
vt 0.2272 0.0553
vt 0.234 0.0555
vt 0.218 0.0539
vt 0.1589 0.0588
vt 0.1611 0.0579
vt 0.0981 0.1542
vt 0.0946 0.1548
vt 0.1034 0.1411
vt 0.0935 0.3661
vt 0.0949 0.6296
vt 0.1567 0.0595
vt 0.1223 0.1294
vt 0.1104 0.1291
vt 0.0921 0.1408
vt 0.0956 0.1398
vt 0.093 0.1751
vt 0.0911 0.1552
vt 0.1061 0.1288
vt 0.0935 0.3661
vt 0.0759 0.3661
vt 0.0774 0.6298
vt 0.0949 0.6296
vt 0.1592 0.078
vt 0.1548 0.0959
vt 0.1393 0.1137
vt 0.2298 0.0324
vt 0.2339 0.0325
vt 0.225 0.0316
vt 0.1513 0.0372
vt 0.1534 0.0363
vt 0.1491 0.0382
vt 0.0558 0.3662
vt 0.0573 0.6299
vt 0.0886 0.1412
vt 0.0895 0.1278
vt 0.0926 0.1269
vt 0.093 0.1751
vt 0.0754 0.1751
vt 0.1532 0.0603
vt 0.1244 0.1134
vt 0.1468 0.0389
vt 0.0553 0.1752
vt 0.114 0.1131
vt 0.1098 0.1127
vt 0.0911 0.1552
vt 0.075 0.1551
vt 0.086 0.1285
vt 0.0862 0.111
vt 0.0893 0.1101
vt 0.1513 0.0787
vt 0.1394 0.0961
vt 0.233 0.0067
vt 0.2337 0.0067
vt 0.2316 0.0065
vt 0.1429 0.0134
vt 0.1434 0.0131
vt 0.1424 0.0136
vt 0.1418 0.0138
vt 0.0737 0.1415
vt 0.0827 0.1116
vt 0.0552 0.1551
vt 0.1431 0.0398
vt 0.1468 0.0612
vt 0.1267 0.0957
vt 0.119 0.0952
vt 0.1406 0.0141
vt 0.1148 0.0946
vt 0.0829 0.0918
vt 0.0856 0.091
vt 0.0722 0.1293
vt 0.1395 0.0789
vt 0.2337 0.0014
vt 0.1403 0.0085
vt 0.0796 0.0924
vt 0.0552 0.1415
vt 0.0695 0.1128
vt 0.1403 0.0141
vt 0.1399 0.0401
vt 0.1397 0.0615
vt 0.1297 0.0785
vt 0.1232 0.0777
vt 0.1197 0.0769
vt 0.1397 0.0141
vt 0.0785 0.0731
vt 0.0815 0.0724
vt 0.0552 0.1293
vt 0.0758 0.0736
vt 0.0669 0.0937
vt 0.0552 0.1128
vt 0.1367 0.0397
vt 0.1336 0.0611
vt 0.1283 0.06
vt 0.1252 0.0591
vt 0.0763 0.0536
vt 0.0741 0.0541
vt 0.1386 0.0137
vt 0.138 0.0135
vt 0.0553 0.0938
vt 0.1333 0.0387
vt 0.0718 0.0545
vt 0.0648 0.0746
vt 0.1311 0.0379
vt 0.0693 0.0316
vt 0.0669 0.032
vt 0.0585 0.0069
vt 0.059 0.0068
vt 0.0558 0.0022
vt 0.0579 0.007
vt 0.0554 0.0746
vt 0.0625 0.0554
vt 0.0646 0.0324
vt 0.0566 0.0072
vt 0.0558 0.0072
vt 0.0555 0.0555
vt 0.0598 0.033
vt 0.0556 0.0331
vt 0.1588 0.9578
vt 0.1525 0.9578
vt 0.1525 0.967
vt 0.1576 0.9675
vt 0.1464 0.9579
vt 0.1474 0.9672
vt 0.1522 0.9789
vt 0.1551 0.9794
vt 0.1355 0.7562
vt 0.1415 0.8545
vt 0.1489 0.8543
vt 0.1453 0.7559
vt 0.1625 0.9687
vt 0.1576 0.9803
vt 0.1493 0.9791
vt 0.1519 0.9894
vt 0.1524 0.9895
vt 0.1597 0.8542
vt 0.1616 0.7557
vt 0.1265 0.7565
vt 0.1352 0.8547
vt 0.4168 0.9705
vt 0.4118 0.9716
vt 0.4166 0.9821
vt 0.4192 0.9813
vt 0.1528 0.9896
vt 0.1423 0.9682
vt 0.1464 0.9799
vt 0.1514 0.9894
vt 0.1677 0.8544
vt 0.1724 0.756
vt 0.1186 0.6878
vt 0.1298 0.6875
vt 0.1435 0.6873
vt 0.4219 0.9701
vt 0.4219 0.981
vt 0.4211 0.9901
vt 0.4215 0.99
vt 0.1387 0.9695
vt 0.1446 0.9809
vt 0.151 0.9896
vt 0.317 0.9932
vt 0.3174 0.9934
vt 0.3179 0.9919
vt 0.3166 0.9929
vt 0.163 0.6869
vt 0.112 0.688
vt 0.1209 0.7568
vt 0.1296 0.855
vt 0.4219 0.9899
vt 0.4008 0.7581
vt 0.4062 0.8568
vt 0.4141 0.8565
vt 0.4099 0.7578
vt 0.3165 0.9925
vt 0.0794 0.976
vt 0.0747 0.9747
vt 0.0705 0.9869
vt 0.0735 0.9884
vt 0.1507 0.9897
vt 0.3179 0.9935
vt 0.1751 0.6874
vt 0.3164 0.992
vt 0.0692 0.974
vt 0.0674 0.9861
vt 0.0655 0.9974
vt 0.066 0.9976
vt 0.3183 0.9934
vt 0.3184 0.9934
vt 0.4063 0.689
vt 0.3936 0.6894
vt 0.0942 0.6885
vt 0.0887 0.688
vt 0.0884 0.7588
vt 0.0816 0.7585
vt 0.0834 0.8594
vt 0.077 0.8592
vt 0.4219 0.8564
vt 0.4219 0.7576
vt 0.3165 0.9915
vt 0.0638 0.9739
vt 0.0642 0.9859
vt 0.065 0.9972
vt 0.3188 0.9931
vt 0.4219 0.689
vt 0.0711 0.7584
vt 0.069 0.8591
vt 0.0645 0.9972
vt 0.3192 0.9928
vt 0.0737 0.688
vt 0.059 0.7584
vt 0.061 0.8592
vt 0.3194 0.9923
vt 0.0579 0.6882
vt 0.099 0.6893
vt 0.0931 0.7593
vt 0.0877 0.8596
vt 0.0743 0.989
vt 0.0819 0.977
vt 0.0661 0.9978
vt 0.254 0.5048
vt 0.255 0.4714
vt 0.2548 0.3654
vt 0.27 0.5046
vt 0.2722 0.4712
vt 0.2497 0.6029
vt 0.2724 0.3654
vt 0.2544 0.1747
vt 0.2759 0.5049
vt 0.278 0.4712
vt 0.2722 0.4712
vt 0.27 0.5046
vt 0.2613 0.6028
vt 0.2458 0.618
vt 0.2782 0.3654
vt 0.2724 0.3654
vt 0.272 0.1746
vt 0.2613 0.6028
vt 0.267 0.6031
vt 0.2539 0.6179
vt 0.2378 0.6357
vt 0.2538 0.1547
vt 0.2732 0.6038
vt 0.2822 0.5054
vt 0.2843 0.4713
vt 0.2604 0.6199
vt 0.2657 0.6199
vt 0.2389 0.6357
vt 0.2599 0.646
vt 0.2631 0.6467
vt 0.2633 0.6454
vt 0.2602 0.6447
vt 0.2844 0.3654
vt 0.2779 0.1746
vt 0.272 0.1746
vt 0.2697 0.1545
vt 0.2714 0.6209
vt 0.2605 0.6435
vt 0.2634 0.6442
vt 0.2634 0.6442
vt 0.2605 0.6435
vt 0.2682 0.6468
vt 0.2683 0.6455
vt 0.2795 0.1547
vt 0.2748 0.1543
vt 0.2669 0.1406
vt 0.2524 0.1412
vt 0.4401 0.2206
vt 0.4416 0.2538
vt 0.46 0.2538
vt 0.4572 0.2206
vt 0.4351 0.124
vt 0.4474 0.124
vt 0.2683 0.6444
vt 0.4311 0.1093
vt 0.4231 0.0922
vt 0.4429 0.3594
vt 0.4626 0.3594
vt 0.2841 0.1746
vt 0.2821 0.141
vt 0.2774 0.1403
vt 0.4397 0.1093
vt 0.2683 0.6444
vt 0.4243 0.0922
vt 0.4626 0.3594
vt 0.4429 0.3594
vt 0.4426 0.3666
vt 0.4626 0.3666
vt 0.285 0.1548
vt 0.2866 0.1412
vt 0.2849 0.1285
vt 0.2804 0.1278
vt 0.2641 0.1282
vt 0.2508 0.1293
vt 0.2916 0.3653
vt 0.2912 0.1746
vt 0.4426 0.3666
vt 0.4426 0.6311
vt 0.4569 0.6311
vt 0.4626 0.3666
vt 0.2886 0.1288
vt 0.2914 0.1548
vt 0.3073 0.3654
vt 0.307 0.1746
vt 0.2894 0.6293
vt 0.3062 0.6293
vt 0.292 0.1413
vt 0.2894 0.1122
vt 0.2849 0.1115
vt 0.2609 0.1115
vt 0.248 0.1129
vt 0.3069 0.1547
vt 0.3299 0.3655
vt 0.3296 0.1745
vt 0.3288 0.6295
vt 0.2929 0.1127
vt 0.2939 0.1291
vt 0.2454 0.0938
vt 0.3295 0.1546
vt 0.3484 0.3655
vt 0.348 0.1745
vt 0.3442 0.6296
vt 0.3074 0.1412
vt 0.2958 0.0939
vt 0.2917 0.0932
vt 0.2578 0.0922
vt 0.361 0.3655
vt 0.3607 0.1745
vt 0.3479 0.1546
vt 0.3599 0.6297
vt 0.2989 0.0944
vt 0.2981 0.113
vt 0.3087 0.1292
vt 0.2432 0.0746
vt 0.2541 0.073
vt 0.3294 0.1411
vt 0.368 0.1744
vt 0.3683 0.3655
vt 0.3604 0.1545
vt 0.3673 0.6298
vt 0.3015 0.0759
vt 0.2988 0.075
vt 0.3474 0.141
vt 0.3672 0.1545
vt 0.0105 0.3664
vt 0.0139 0.3664
vt 0.0135 0.1752
vt 0.01 0.1752
vt 0.3598 0.1409
vt 0.0122 0.6304
vt 0.0156 0.6302
vt 0.3048 0.0766
vt 0.3039 0.0949
vt 0.311 0.1132
vt 0.3293 0.1291
vt 0.2407 0.0553
vt 0.2499 0.0538
vt 0.3088 0.0579
vt 0.3066 0.0571
vt 0.0158 0.155
vt 0.0123 0.1544
vt 0.3651 0.1408
vt 0.0197 0.6301
vt 0.018 0.3664
vt 0.3111 0.0586
vt 0.3463 0.129
vt 0.3582 0.1287
vt 0.0183 0.1409
vt 0.0148 0.1398
vt 0.0176 0.1753
vt 0.0194 0.1553
vt 0.3626 0.1284
vt 0.018 0.3664
vt 0.0197 0.6301
vt 0.0372 0.63
vt 0.0356 0.3663
vt 0.3088 0.0774
vt 0.3135 0.0953
vt 0.3292 0.1132
vt 0.2379 0.0323
vt 0.2427 0.0315
vt 0.3162 0.036
vt 0.3141 0.0351
vt 0.3184 0.0369
vt 0.0218 0.1413
vt 0.0209 0.1278
vt 0.0178 0.1269
vt 0.0351 0.1752
vt 0.0176 0.1753
vt 0.3147 0.0594
vt 0.3442 0.1129
vt 0.3207 0.0377
vt 0.3547 0.1126
vt 0.3589 0.1122
vt 0.0355 0.1552
vt 0.0194 0.1553
vt 0.0244 0.1285
vt 0.0242 0.1108
vt 0.021 0.11
vt 0.3168 0.0779
vt 0.329 0.0954
vt 0.2344 0.0067
vt 0.2357 0.0065
vt 0.3242 0.0118
vt 0.3237 0.0115
vt 0.3247 0.012
vt 0.3254 0.0122
vt 0.0367 0.1415
vt 0.0277 0.1115
vt 0.3211 0.0602
vt 0.3246 0.0385
vt 0.3418 0.0949
vt 0.3497 0.0944
vt 0.3265 0.0124
vt 0.3539 0.0938
vt 0.0277 0.0916
vt 0.0249 0.0907
vt 0.0382 0.1293
vt 0.3287 0.078
vt 0.3268 0.0068
vt 0.031 0.0922
vt 0.041 0.1127
vt 0.3278 0.0387
vt 0.3269 0.0125
vt 0.3283 0.0604
vt 0.3386 0.0775
vt 0.3453 0.0767
vt 0.3488 0.0758
vt 0.3275 0.0124
vt 0.0322 0.0729
vt 0.0292 0.0721
vt 0.035 0.0734
vt 0.0437 0.0936
vt 0.331 0.0383
vt 0.3345 0.0599
vt 0.3399 0.0587
vt 0.343 0.0578
vt 0.0369 0.0539
vt 0.0347 0.0534
vt 0.3285 0.0121
vt 0.3291 0.0118
vt 0.3345 0.0372
vt 0.0392 0.0543
vt 0.046 0.0745
vt 0.3366 0.0364
vt 0.0444 0.0319
vt 0.0421 0.0314
vt 0.0531 0.0069
vt 0.0537 0.007
vt 0.0526 0.0067
vt 0.0485 0.0553
vt 0.0467 0.0323
vt 0.0551 0.0071
vt 0.0515 0.033
vt 0.3121 0.9685
vt 0.3147 0.9804
vt 0.3176 0.98
vt 0.3173 0.968
vt 0.3343 0.7565
vt 0.3244 0.7562
vt 0.3209 0.855
vt 0.3283 0.8551
vt 0.3073 0.9698
vt 0.3121 0.9814
vt 0.3205 0.9802
vt 0.3224 0.9683
vt 0.3173 0.9905
vt 0.3178 0.9904
vt 0.3081 0.7561
vt 0.3101 0.8548
vt 0.311 0.9588
vt 0.3046 0.9589
vt 0.3346 0.8554
vt 0.3433 0.7569
vt 0.3275 0.9692
vt 0.3295 0.9592
vt 0.3234 0.9589
vt 0.427 0.9705
vt 0.4247 0.9813
vt 0.4272 0.9821
vt 0.4321 0.9716
vt 0.3169 0.9906
vt 0.3233 0.981
vt 0.3182 0.9904
vt 0.2973 0.7565
vt 0.302 0.8549
vt 0.3511 0.6879
vt 0.3399 0.6876
vt 0.3262 0.6874
vt 0.4349 0.9616
vt 0.4284 0.961
vt 0.4223 0.99
vt 0.4227 0.9901
vt 0.3251 0.982
vt 0.3311 0.9706
vt 0.3187 0.9906
vt 0.3178 0.9904
vt 0.3182 0.9904
vt 0.3173 0.9905
vt 0.3066 0.6871
vt 0.3489 0.7572
vt 0.3578 0.6881
vt 0.3402 0.8557
vt 0.3339 0.9595
vt 0.4219 0.9608
vt 0.443 0.7581
vt 0.4339 0.7578
vt 0.4297 0.8565
vt 0.4376 0.8568
vt 0.3169 0.9906
vt 0.0484 0.9768
vt 0.055 0.9889
vt 0.0579 0.9873
vt 0.0531 0.9753
vt 0.319 0.9908
vt 0.3187 0.9906
vt 0.2945 0.6876
vt 0.3167 0.991
vt 0.0507 0.9654
vt 0.0454 0.9659
vt 0.061 0.9863
vt 0.0585 0.9743
vt 0.063 0.9977
vt 0.0634 0.9974
vt 0.3191 0.9909
vt 0.319 0.9908
vt 0.4375 0.689
vt 0.4503 0.6894
vt 0.0215 0.6894
vt 0.027 0.6887
vt 0.0295 0.7599
vt 0.0363 0.7593
vt 0.0387 0.8604
vt 0.0451 0.8599
vt 0.0572 0.9649
vt 0.0639 0.9972
vt 0.3193 0.9913
vt 0.0531 0.8594
vt 0.0468 0.7588
vt 0.0636 0.9647
vt 0.3194 0.9918
vt 0.0421 0.6884
vt 0.0167 0.6903
vt 0.0248 0.7606
vt 0.0344 0.8608
vt 0.0423 0.9663
vt 0.0459 0.978
vt 0.0542 0.9896
vt 0.0629 0.9978
vt 0.1652 0.9584
vt 0.1403 0.9582
vt 0.136 0.9585
vt 0.0819 0.965
vt 0.085 0.9652
vt 0.0765 0.9648
vt 0.07 0.9646
vt 0.3173 0.9588
vt 0.4155 0.961
vt 0.409 0.9616
vn 0 1 0
vn 0 1 0
vn 0 1 0
vn 0 1 0
vn 0 1 0
vn 0 1 0
vn 0 1 0
vn 0 1 0
vn 0 1 -0.006
vn 0 1 -0.006
vn 0 1 0
vn 0 1 0.009
vn 0.002 1 0.01
vn 0.991 0.092 -0.097
vn 0.938 0.335 -0.091
vn 0.919 0.392 -0.026
vn 0.987 0.159 -0.03
vn 0 1 -0.004
vn 0 0.995 -0.096
vn 0 0.995 -0.097
vn 0.917 0.399 -0.003
vn 0.976 0.216 -0.005
vn 0.004 1 0.011
vn 0.985 0.085 -0.151
vn 0.94 0.308 -0.15
vn 0 0.997 -0.081
vn 0 0.987 -0.158
vn 0 0.987 -0.158
vn 0.035 0.991 0.129
vn 0 0.994 0.107
vn 0.986 -0.133 -0.097
vn 0.98 -0.121 -0.155
vn 0.997 -0.068 -0.034
vn 0.818 0.041 -0.574
vn 0.8 0.192 -0.568
vn 0 0.987 -0.158
vn 0 0.223 -0.975
vn 0 0.223 -0.975
vn 0 -0.001 -1
vn 0 0 -1
vn 1 0.021 -0.004
vn 0.913 0.407 0.012
vn 0.97 0.245 0.011
vn 0.072 0.986 0.151
vn 0.809 -0.082 -0.582
vn 0.73 0.167 -0.662
vn 0.742 0.023 -0.67
vn 0 0.223 -0.975
vn 0 -0.005 -1
vn 0 -0.134 -0.991
vn 0 -0.134 -0.991
vn 0.842 0.502 0.197
vn 0.923 0.346 0.169
vn 0.167 0.962 0.216
vn 0.079 0.98 0.181
vn 0 0.989 0.149
vn 0 -1 0
vn 0 -1 0
vn 0 -1 0
vn 0 -1 0
vn 0 -1 0
vn 0 -1 0
vn 0 -0.134 -0.991
vn 0 -1 -0.016
vn 0 -1 -0.016
vn 0 -1 -0.002
vn 0 -1 -0.002
vn 0 -1 0
vn 0 -1 0
vn 0.999 0.04 0.007
vn 0.857 0.431 0.284
vn 0.771 0.558 0.306
vn 0 -1 0
vn 0 -1 0
vn 0 -1 0
vn 0 -1 0.001
vn 0.741 -0.079 -0.667
vn 0 -1 -0.016
vn 0 -1 0
vn 0 0 -1
vn 0 0 -1
vn 0 0 -1
vn 0 0 -1
vn 0.988 0.106 0.116
vn 0.953 0.207 0.222
vn 0.805 0.502 0.316
vn 0.756 0.563 0.333
vn 0.256 0.922 0.29
vn 0.122 0.958 0.26
vn 0 0.973 0.23
vn 0 0 -1
vn 0 0 -1
vn 1 0.001 0.005
vn 0.996 0.087 -0.005
vn 0 1 0
vn 0 1 0
vn 0.018 1 -0.015
vn 0.011 1 -0.013
vn 0.906 0.334 0.26
vn 0 1 0
vn 0 1 -0.009
vn 0.996 0.018 0.085
vn 1 0 0.005
vn 0.999 0.043 -0.003
vn 0.995 0.094 -0.022
vn 0.975 0.22 -0.03
vn 0.986 0.063 0.154
vn 0.764 0.556 0.328
vn 0.409 0.837 0.365
vn 0.409 0.837 0.365
vn 0.144 0.929 0.342
vn 0 0.947 0.321
vn 0.997 0.004 0.074
vn 1 0 0.005
vn 1 0 0
vn 1 0.005 -0.014
vn 0.87 0.404 0.281
vn 0.976 0.126 0.178
vn 0.164 0.898 0.408
vn 0 0.919 0.393
vn 0.998 0 0.07
vn 1 0 0
vn 1 0 0.005
vn 1 0 -0.012
vn 0.993 0.02 0.118
vn 0.71 0.6 0.369
vn 0.391 0.822 0.415
vn 0.391 0.822 0.415
vn 1 -0.002 0
vn 1 -0.001 0.005
vn 0.997 -0.005 0.074
vn 1 -0.011 -0.014
vn 0.822 0.471 0.32
vn 0.963 0.186 0.196
vn 0.99 0.051 0.129
vn 0.183 0.877 0.445
vn 0 0.901 0.434
vn 0.357 0.82 0.448
vn 0.995 0 0.104
vn 0.999 -0.05 0.006
vn 0.999 -0.046 0
vn 0.996 -0.021 0.086
vn 0.998 -0.061 -0.02
vn 0.629 0.654 0.419
vn 0.357 0.82 0.448
vn 0.993 -0.024 0.118
vn 0.985 -0.128 0.113
vn 0.919 -0.395 0.01
vn 0.925 -0.38 0
vn 0.985 -0.074 0.156
vn 0.918 -0.395 -0.032
vn 0.743 0.549 0.383
vn 0.933 0.278 0.229
vn 0.987 0.094 0.133
vn 0.994 0 0.107
vn 0.206 0.872 0.444
vn 0 0.902 0.431
vn 0.359 0.817 0.452
vn 0.556 0.695 0.456
vn 0.359 0.817 0.452
vn 0.985 -0.128 0.113
vn 0.836 -0.524 0.163
vn 0.945 -0.239 0.225
vn 0.822 -0.57 0
vn 0.81 -0.585 -0.035
vn 0.666 0.601 0.441
vn 0.99 -0.063 0.128
vn 0.972 -0.153 0.179
vn 0.75 -0.596 0.285
vn 0.945 -0.239 0.225
vn 0.816 -0.577 0.011
vn 0.692 -0.701 0.175
vn 0.883 -0.392 0.258
vn 0 -1 0
vn 0 -1 0
vn 0.009 -1 -0.015
vn 0.012 -1 -0.017
vn 0.868 0.378 0.321
vn 0.975 0.143 0.167
vn 0.994 0 0.11
vn 0.226 0.876 0.425
vn 0 0.909 0.417
vn 0.379 0.82 0.43
vn 0.527 0.729 0.438
vn 0.379 0.82 0.43
vn 0.625 0.647 0.436
vn 0 -1 0
vn 0 -1 -0.011
vn 0.249 -0.945 0.21
vn 0.698 -0.644 0.312
vn 0.883 -0.392 0.258
vn 0.004 -1 0.006
vn 0.002 -1 0.004
vn 0.799 0.444 0.406
vn 0.984 -0.115 0.133
vn 0.757 0.495 0.428
vn 0 -1 0.003
vn 0.954 -0.23 0.194
vn 0.834 -0.482 0.269
vn 0.073 -0.992 0.099
vn 0.036 -0.996 0.079
vn 0.324 -0.906 0.271
vn 0.647 -0.698 0.308
vn 0.834 -0.482 0.269
vn 0.947 0.189 0.261
vn 0.989 0 0.147
vn 0.221 0.879 0.423
vn 0 0.905 0.425
vn 0.381 0.822 0.424
vn 0.508 0.745 0.433
vn 0.381 0.822 0.424
vn 0.595 0.665 0.452
vn 0.719 0.513 0.469
vn 0.077 -0.985 0.151
vn 0.349 -0.885 0.309
vn 0 -0.998 0.058
vn 0.853 0.32 0.413
vn 0.901 0.248 0.356
vn 0.971 -0.174 0.166
vn 0.913 -0.34 0.225
vn 0.799 0.363 0.479
vn 0.774 -0.556 0.302
vn 0.6 -0.726 0.335
vn 0.774 -0.556 0.302
vn 0.123 -0.968 0.22
vn 0.972 0 0.234
vn 0 -0.01 1
vn 0 -0.01 1
vn 0.333 -0.878 0.343
vn 0 -0.993 0.12
vn 0.147 -0.947 0.285
vn 0.869 0.005 0.495
vn 0.914 0 0.405
vn 0.944 0 0.329
vn 0.939 -0.228 0.257
vn 0.836 -0.453 0.31
vn 0.687 -0.634 0.356
vn 0.797 -0.376 0.473
vn 0.547 -0.749 0.374
vn 0.687 -0.634 0.356
vn 0 -0.983 0.186
vn 0.305 -0.876 0.373
vn 0.159 -0.928 0.336
vn 0 -0.965 0.262
vn 0.843 -0.356 0.403
vn 0.891 -0.292 0.348
vn 0.764 -0.522 0.379
vn 0.619 -0.681 0.392
vn 0.619 -0.681 0.392
vn 0.505 -0.77 0.391
vn 0.694 -0.561 0.451
vn 0.563 -0.709 0.425
vn 0 -0.946 0.325
vn 0.726 -0.56 0.399
vn 0.314 -0.874 0.37
vn 0.161 -0.915 0.369
vn 0.586 -0.712 0.388
vn 0.586 -0.712 0.388
vn 0.488 -0.787 0.378
vn 0.475 -0.784 0.401
vn 0.563 -0.709 0.425
vn 0 -0.01 1
vn 0.351 -0.853 0.387
vn 0 -0.933 0.36
vn 0.178 -0.919 0.352
vn 0.343 -0.872 0.349
vn 0.201 -0.902 0.382
vn 0 -0.925 0.38
vn 0 -0.942 0.336
vn 0.201 -0.921 0.334
vn 0 -0.947 0.321
vn 0.841 0.537 -0.068
vn 0.956 0.288 -0.061
vn 0.789 0.268 -0.553
vn 0.666 0.504 -0.55
vn 0.998 0.002 -0.067
vn 0.831 0 -0.556
vn 0.668 0.228 -0.708
vn 0.565 0.43 -0.704
vn 0.996 -0.037 -0.076
vn 0.998 -0.023 -0.057
vn 0.968 0.243 -0.059
vn 0.983 0.162 -0.08
vn 0.478 0.688 -0.546
vn 0.408 0.588 -0.699
vn 0.704 0 -0.71
vn 0.576 0.197 -0.793
vn 0.49 0.373 -0.788
vn 0.871 0.487 -0.067
vn 0.911 0.401 -0.097
vn 0.974 -0.208 -0.087
vn 0.959 -0.277 -0.061
vn 0.25 0.802 -0.542
vn 0.478 0.688 -0.546
vn 0.408 0.588 -0.699
vn 0.214 0.687 -0.695
vn 0.354 0.512 -0.783
vn 0.795 -0.244 -0.555
vn 0.674 -0.207 -0.709
vn 0.605 0.001 -0.796
vn 0.61 0.789 -0.074
vn 0.609 0.786 -0.104
vn 0.991 -0.094 -0.09
vn 0.997 -0.016 -0.077
vn 0.994 0.069 -0.084
vn 0 0.841 -0.541
vn 0 0.721 -0.693
vn 0.354 0.512 -0.783
vn 0.187 0.599 -0.779
vn 0.723 -0.42 -0.549
vn 0.62 -0.347 -0.704
vn 0.579 -0.177 -0.796
vn 0 0 -1
vn 0 0 -1
vn 0 0 -1
vn 0 0 -1
vn 0.956 0.27 -0.111
vn 0.973 -0.201 -0.116
vn 0.929 -0.356 -0.104
vn 0.889 -0.453 -0.067
vn 0 0.629 -0.777
vn 0.609 0.786 -0.104
vn 0.61 0.789 -0.074
vn 0.301 0.951 -0.075
vn 0.25 0.965 -0.085
vn 0 0 -1
vn 0.622 -0.56 -0.548
vn 0.47 -0.693 -0.547
vn 0.402 -0.588 -0.702
vn 0.53 -0.475 -0.702
vn 0.54 -0.287 -0.792
vn 0 0 -1
vn 0.846 0.516 -0.133
vn 0 0 -1
vn 0.25 -0.802 -0.542
vn 0.213 -0.684 -0.698
vn 0.349 -0.503 -0.791
vn 0.454 -0.408 -0.792
vn 0 0 -1
vn 0 0 -1
vn 0.136 0.987 -0.081
vn 0.231 0.967 -0.105
vn 0.836 -0.526 -0.155
vn 0.322 -0.937 -0.132
vn 0.785 -0.608 -0.119
vn 0.473 -0.874 -0.109
vn 0.767 -0.638 -0.073
vn 0.555 -0.829 -0.072
vn 0 0.997 -0.074
vn 0 0.997 -0.076
vn 0 0 -1
vn 0 -0.841 -0.541
vn 0 -0.718 -0.696
vn 0.183 -0.588 -0.788
vn 0 0 -1
vn 0 0.998 -0.064
vn 0.24 -0.967 -0.088
vn 0.3 -0.951 -0.068
vn 0 -0.617 -0.787
vn 0 0 -1
vn 0.119 -0.989 -0.094
vn 0 -0.997 -0.078
vn 0 -0.998 -0.067
vn 0 0 -1
vn 0 -0.997 -0.077
vn 0.973 -0.201 -0.116
vn 0.929 -0.356 -0.104
vn 0.889 -0.453 -0.067
vn 0.62 -0.347 -0.704
vn 0.723 -0.42 -0.549
vn 0.54 -0.287 -0.792
vn 0 1 0
vn 0 1 0
vn 0 1 0
vn 0 1 0
vn 0 1 0
vn 0 1 -0.006
vn 0 1 0
vn -0.002 1 0.01
vn -0.991 0.092 -0.097
vn -0.987 0.159 -0.03
vn -0.919 0.392 -0.026
vn -0.938 0.335 -0.091
vn 0 1 -0.004
vn 0 0.995 -0.096
vn -0.976 0.216 -0.005
vn -0.917 0.399 -0.003
vn -0.004 1 0.011
vn -0.94 0.308 -0.15
vn -0.985 0.085 -0.151
vn 0 0.997 -0.081
vn 0 0.987 -0.158
vn -0.035 0.991 0.129
vn -0.98 -0.121 -0.155
vn -0.986 -0.133 -0.097
vn -0.997 -0.068 -0.034
vn -0.8 0.192 -0.568
vn -0.818 0.042 -0.574
vn 0 0.987 -0.158
vn 0 0.223 -0.975
vn 0 0 -1
vn 0 -0.001 -1
vn 0 0.223 -0.975
vn -1 0.021 -0.004
vn -0.97 0.245 0.011
vn -0.913 0.407 0.012
vn -0.072 0.986 0.151
vn -0.809 -0.081 -0.582
vn -0.73 0.167 -0.662
vn -0.742 0.023 -0.67
vn 0 -0.005 -1
vn 0 0.223 -0.975
vn 0 -0.134 -0.991
vn 0 -0.134 -0.991
vn -0.923 0.346 0.169
vn -0.842 0.502 0.197
vn -0.167 0.962 0.216
vn -0.079 0.98 0.181
vn 0 -1 0
vn 0 -1 0
vn 0 -1 0
vn 0 -1 0
vn 0 -1 0
vn 0 -1 0
vn 0 -0.134 -0.991
vn 0 -1 -0.002
vn 0 -1 -0.016
vn 0 -1 0
vn 0 -1 0
vn -0.999 0.04 0.007
vn -0.857 0.431 0.284
vn -0.771 0.558 0.306
vn 0 -1 0.001
vn -0.741 -0.078 -0.667
vn 0 -1 -0.016
vn 0 0 -1
vn 0 0 -1
vn 0 0 -1
vn 0 0 -1
vn -0.988 0.106 0.116
vn -0.953 0.207 0.222
vn -0.805 0.502 0.316
vn -0.756 0.563 0.333
vn -0.256 0.922 0.29
vn -0.122 0.958 0.26
vn -0.996 0.087 -0.005
vn -1 0.001 0.005
vn 0 1 0
vn -0.011 1 -0.013
vn -0.018 1 -0.015
vn 0 1 0
vn -0.906 0.334 0.26
vn -0.996 0.018 0.085
vn -0.999 0.043 -0.003
vn -1 0 0.005
vn -0.975 0.22 -0.03
vn -0.995 0.094 -0.022
vn -0.986 0.063 0.154
vn -0.764 0.556 0.328
vn -0.409 0.837 0.365
vn -0.409 0.837 0.365
vn -0.144 0.929 0.342
vn -0.997 0.004 0.074
vn -1 0 0
vn -1 0 0.005
vn -1 0.005 -0.014
vn -0.87 0.404 0.281
vn -0.976 0.126 0.178
vn -0.164 0.898 0.408
vn -0.998 0 0.07
vn -1 0 0
vn -1 0 0.005
vn -1 0 -0.012
vn -0.993 0.02 0.118
vn -0.71 0.6 0.369
vn -0.391 0.822 0.415
vn -0.391 0.822 0.415
vn -1 -0.002 0
vn -1 -0.001 0.005
vn -0.997 -0.005 0.074
vn -1 -0.011 -0.014
vn -0.822 0.471 0.32
vn -0.963 0.186 0.196
vn -0.99 0.051 0.129
vn -0.183 0.877 0.445
vn -0.357 0.82 0.448
vn -0.995 0 0.104
vn -0.999 -0.05 0.006
vn -0.999 -0.046 0
vn -0.996 -0.021 0.086
vn -0.998 -0.06 -0.02
vn -0.629 0.654 0.419
vn -0.357 0.82 0.448
vn -0.993 -0.024 0.118
vn -0.985 -0.128 0.113
vn -0.999 -0.046 0
vn -0.925 -0.38 0
vn -0.919 -0.395 0.01
vn -0.999 -0.05 0.006
vn -0.985 -0.074 0.156
vn -0.998 -0.06 -0.02
vn -0.918 -0.395 -0.032
vn -0.743 0.549 0.383
vn -0.933 0.278 0.229
vn -0.987 0.094 0.133
vn -0.994 0 0.107
vn -0.206 0.872 0.444
vn -0.359 0.817 0.452
vn -0.556 0.695 0.456
vn -0.359 0.817 0.452
vn -0.836 -0.524 0.163
vn -0.985 -0.128 0.113
vn -0.945 -0.239 0.225
vn -0.81 -0.585 -0.035
vn -0.822 -0.57 0
vn -0.666 0.601 0.441
vn -0.99 -0.063 0.128
vn -0.972 -0.153 0.179
vn -0.75 -0.596 0.285
vn -0.945 -0.239 0.225
vn -0.816 -0.578 0.011
vn -0.692 -0.701 0.175
vn -0.883 -0.392 0.258
vn 0 -1 0
vn -0.012 -1 -0.017
vn -0.009 -1 -0.015
vn 0 -1 0
vn -0.868 0.378 0.321
vn -0.975 0.143 0.167
vn -0.994 0 0.11
vn -0.226 0.876 0.425
vn -0.379 0.82 0.43
vn -0.527 0.729 0.438
vn -0.379 0.82 0.43
vn -0.625 0.647 0.436
vn -0.249 -0.945 0.21
vn -0.698 -0.644 0.312
vn -0.883 -0.392 0.258
vn -0.002 -1 0.004
vn -0.004 -1 0.006
vn -0.799 0.444 0.406
vn -0.984 -0.115 0.133
vn -0.757 0.495 0.428
vn -0.954 -0.23 0.194
vn -0.834 -0.482 0.269
vn -0.036 -0.996 0.079
vn -0.073 -0.992 0.099
vn -0.324 -0.906 0.271
vn -0.647 -0.698 0.308
vn -0.834 -0.482 0.269
vn -0.947 0.189 0.261
vn -0.989 0 0.147
vn -0.221 0.879 0.423
vn -0.381 0.822 0.424
vn -0.508 0.745 0.433
vn -0.381 0.822 0.424
vn -0.595 0.665 0.452
vn -0.719 0.513 0.469
vn -0.077 -0.985 0.151
vn -0.349 -0.885 0.309
vn -0.901 0.248 0.356
vn -0.853 0.32 0.413
vn -0.971 -0.174 0.166
vn -0.913 -0.34 0.225
vn -0.799 0.363 0.479
vn -0.774 -0.556 0.302
vn -0.6 -0.726 0.335
vn -0.774 -0.556 0.302
vn -0.123 -0.968 0.22
vn -0.972 0 0.234
vn 0 -0.01 1
vn -0.333 -0.878 0.343
vn -0.147 -0.947 0.285
vn -0.914 0 0.405
vn -0.869 0.005 0.495
vn -0.944 0 0.329
vn -0.939 -0.228 0.257
vn -0.836 -0.453 0.31
vn -0.687 -0.634 0.356
vn -0.797 -0.376 0.473
vn -0.547 -0.749 0.374
vn -0.687 -0.634 0.356
vn -0.305 -0.876 0.373
vn -0.159 -0.928 0.336
vn -0.843 -0.356 0.403
vn -0.891 -0.292 0.348
vn -0.764 -0.522 0.379
vn -0.619 -0.681 0.392
vn -0.505 -0.77 0.391
vn -0.619 -0.681 0.392
vn -0.694 -0.561 0.451
vn -0.563 -0.709 0.425
vn -0.726 -0.56 0.399
vn -0.314 -0.874 0.37
vn -0.161 -0.915 0.369
vn -0.586 -0.712 0.388
vn -0.488 -0.787 0.378
vn -0.586 -0.712 0.388
vn -0.475 -0.784 0.401
vn -0.351 -0.853 0.387
vn -0.563 -0.709 0.425
vn -0.178 -0.919 0.352
vn -0.343 -0.872 0.349
vn -0.201 -0.902 0.382
vn -0.201 -0.921 0.334
vn -0.666 0.504 -0.55
vn -0.565 0.43 -0.704
vn -0.668 0.228 -0.708
vn -0.789 0.268 -0.553
vn -0.996 -0.037 -0.076
vn -0.983 0.162 -0.08
vn -0.968 0.243 -0.059
vn -0.998 -0.023 -0.057
vn -0.478 0.688 -0.546
vn -0.408 0.588 -0.699
vn -0.704 0 -0.71
vn -0.831 0 -0.556
vn -0.49 0.373 -0.788
vn -0.576 0.197 -0.793
vn -0.911 0.401 -0.097
vn -0.871 0.487 -0.067
vn -0.841 0.537 -0.068
vn -0.592 0.802 -0.08
vn -0.959 -0.277 -0.061
vn -0.974 -0.208 -0.087
vn -0.795 -0.244 -0.555
vn -0.952 -0.299 -0.07
vn -0.998 0.002 -0.067
vn -0.25 0.802 -0.542
vn -0.214 0.687 -0.695
vn -0.408 0.588 -0.699
vn -0.478 0.688 -0.546
vn -0.355 0.512 -0.783
vn -0.674 -0.207 -0.709
vn -0.605 0.001 -0.796
vn -0.609 0.786 -0.104
vn -0.61 0.789 -0.074
vn -0.991 -0.094 -0.09
vn -0.997 -0.016 -0.077
vn -0.994 0.069 -0.084
vn -0.592 0.802 -0.08
vn -0.313 0.946 -0.085
vn -0.187 0.599 -0.778
vn -0.355 0.512 -0.783
vn -0.62 -0.347 -0.704
vn -0.723 -0.42 -0.549
vn -0.579 -0.177 -0.796
vn 0 0 -1
vn 0 0 -1
vn 0 0 -1
vn -0.956 0.27 -0.111
vn -0.929 -0.356 -0.104
vn -0.973 -0.201 -0.116
vn -0.889 -0.453 -0.067
vn -0.868 -0.491 -0.069
vn 0 0.996 -0.087
vn -0.609 0.786 -0.104
vn -0.25 0.965 -0.085
vn -0.301 0.951 -0.075
vn -0.61 0.789 -0.074
vn 0 0 -1
vn -0.622 -0.56 -0.548
vn -0.53 -0.475 -0.702
vn -0.402 -0.588 -0.702
vn -0.47 -0.693 -0.547
vn -0.54 -0.287 -0.792
vn 0 0 -1
vn -0.846 0.516 -0.133
vn 0 0 -1
vn -0.578 -0.812 -0.081
vn -0.76 -0.645 -0.075
vn -0.213 -0.684 -0.698
vn -0.25 -0.802 -0.542
vn -0.454 -0.408 -0.792
vn -0.349 -0.503 -0.791
vn 0 0 -1
vn 0 0 -1
vn -0.136 0.987 -0.081
vn -0.231 0.967 -0.105
vn -0.836 -0.526 -0.155
vn -0.322 -0.937 -0.132
vn -0.785 -0.608 -0.119
vn -0.473 -0.874 -0.109
vn -0.767 -0.638 -0.073
vn -0.555 -0.829 -0.072
vn -0.313 -0.946 -0.085
vn -0.183 -0.588 -0.788
vn 0 0 -1
vn -0.3 -0.951 -0.068
vn -0.24 -0.967 -0.088
vn 0 -0.996 -0.087
vn 0 0 -1
vn -0.119 -0.989 -0.094
vn -0.973 -0.201 -0.116
vn -0.929 -0.356 -0.104
vn -0.889 -0.453 -0.067
vn -0.868 -0.491 -0.069
vn -0.723 -0.42 -0.549
vn -0.62 -0.347 -0.704
vn -0.54 -0.287 -0.792
vn 0.592 0.802 -0.08
vn 0.952 -0.299 -0.07
vn 0.868 -0.491 -0.069
vn 0.761 -0.645 -0.075
vn 0.868 -0.491 -0.069
vn 0.578 -0.812 -0.081
vn 0.313 -0.946 -0.085
vn -0.956 0.288 -0.061
vn 0.313 0.946 -0.085
vn 0.592 0.802 -0.08
f 264/264/264 261/261/261 262/262/262
f 262/262/262 263/263/263 264/264/264
f 266/266/266 262/262/262 261/261/261
f 261/261/261 265/265/265 266/266/266
f 263/263/263 262/262/262 267/267/267
f 267/267/267 268/268/268 263/263/263
f 270/270/270 264/264/264 263/263/263
f 263/263/263 269/269/269 270/270/270
f 271/271/271 267/267/267 262/262/262
f 262/262/262 266/266/266 271/271/271
f 273/273/273 266/266/266 265/265/265
f 265/265/265 272/272/272 273/273/273
f 277/277/277 274/274/274 275/275/275
f 275/275/275 276/276/276 277/277/277
f 269/269/269 263/263/263 268/268/268
f 268/268/268 278/278/278 269/269/269
f 280/280/280 270/270/270 269/269/269
f 269/269/269 279/279/279 280/280/280
f 282/282/282 277/277/277 276/276/276
f 276/276/276 281/281/281 282/282/282
f 283/283/283 271/271/271 266/266/266
f 266/266/266 273/273/273 283/283/283
f 285/285/285 275/275/275 274/274/274
f 274/274/274 284/284/284 285/285/285
f 279/279/279 269/269/269 278/278/278
f 278/278/278 286/286/286 279/279/279
f 288/288/288 280/280/280 279/279/279
f 279/279/279 287/287/287 288/288/288
f 290/290/290 289/289/289 273/273/273
f 273/273/273 272/272/272 290/290/290
f 292/292/292 284/284/284 274/274/274
f 274/274/274 291/291/291 292/292/292
f 291/291/291 274/274/274 277/277/277
f 277/277/277 293/293/293 291/291/291
f 295/295/295 285/285/285 284/284/284
f 284/284/284 294/294/294 295/295/295
f 287/287/287 279/279/279 286/286/286
f 286/286/286 296/296/296 287/287/287
f 300/300/300 297/297/297 298/298/298
f 298/298/298 299/299/299 300/300/300
f 301/301/301 293/293/293 277/277/277
f 277/277/277 282/282/282 301/301/301
f 303/303/303 282/282/282 281/281/281
f 281/281/281 302/302/302 303/303/303
f 289/289/289 304/304/304 283/283/283
f 283/283/283 273/273/273 289/289/289
f 305/305/305 294/294/294 284/284/284
f 284/284/284 292/292/292 305/305/305
f 307/307/307 306/306/306 295/295/295
f 295/295/295 294/294/294 307/307/307
f 299/299/299 298/298/298 308/308/308
f 308/308/308 309/309/309 299/299/299
f 311/311/311 300/300/300 299/299/299
f 299/299/299 310/310/310 311/311/311
f 303/303/303 302/302/302 312/312/312
f 312/312/312 313/313/313 303/303/303
f 315/315/315 314/314/314 304/304/304
f 304/304/304 289/289/289 315/315/315
f 316/316/316 315/315/315 289/289/289
f 289/289/289 290/290/290 316/316/316
f 320/320/320 317/317/317 318/318/318
f 318/318/318 319/319/319 320/320/320
f 317/317/317 321/321/321 322/322/322
f 322/322/322 318/318/318 317/317/317
f 310/310/310 299/299/299 309/309/309
f 309/309/309 323/323/323 310/310/310
f 327/327/327 324/324/324 325/325/325
f 325/325/325 326/326/326 327/327/327
f 329/329/329 320/320/320 319/319/319
f 319/319/319 328/328/328 329/329/329
f 330/330/330 301/301/301 282/282/282
f 282/282/282 303/303/303 330/330/330
f 332/332/332 331/331/331 313/313/313
f 313/313/313 312/312/312 332/332/332
f 334/334/334 333/333/333 317/317/317
f 317/317/317 320/320/320 334/334/334
f 333/333/333 335/335/335 321/321/321
f 321/321/321 317/317/317 333/333/333
f 321/321/321 326/326/326 336/336/336
f 336/336/336 322/322/322 321/321/321
f 307/307/307 294/294/294 305/305/305
f 305/305/305 337/337/337 307/307/307
f 326/326/326 325/325/325 338/338/338
f 338/338/338 336/336/336 326/326/326
f 335/335/335 327/327/327 326/326/326
f 326/326/326 321/321/321 335/335/335
f 339/339/339 334/334/334 320/320/320
f 320/320/320 329/329/329 339/339/339
f 343/343/343 340/340/340 341/341/341
f 341/341/341 342/342/342 343/343/343
f 344/344/344 330/330/330 303/303/303
f 303/303/303 313/313/313 344/344/344
f 345/345/345 344/344/344 313/313/313
f 313/313/313 331/331/331 345/345/345
f 347/347/347 346/346/346 331/331/331
f 331/331/331 332/332/332 347/347/347
f 349/349/349 348/348/348 314/314/314
f 314/314/314 315/315/315 349/349/349
f 350/350/350 349/349/349 315/315/315
f 315/315/315 316/316/316 350/350/350
f 352/352/352 343/343/343 342/342/342
f 342/342/342 351/351/351 352/352/352
f 301/301/301 330/330/330 353/353/353
f 353/353/353 354/354/354 301/301/301
f 358/358/358 355/355/355 356/356/356
f 356/356/356 357/357/357 358/358/358
f 359/359/359 345/345/345 331/331/331
f 331/331/331 346/346/346 359/359/359
f 361/361/361 360/360/360 355/355/355
f 355/355/355 358/358/358 361/361/361
f 362/362/362 353/353/353 330/330/330
f 330/330/330 344/344/344 362/362/362
f 364/364/364 354/354/354 353/353/353
f 353/353/353 363/363/363 364/364/364
f 366/366/366 354/354/354 364/364/364
f 364/364/364 365/365/365 366/366/366
f 367/367/367 362/362/362 344/344/344
f 344/344/344 345/345/345 367/367/367
f 369/369/369 368/368/368 346/346/346
f 346/346/346 347/347/347 369/369/369
f 371/371/371 370/370/370 348/348/348
f 348/348/348 349/349/349 371/371/371
f 350/350/350 372/372/372 371/371/371
f 371/371/371 349/349/349 350/350/350
f 373/373/373 363/363/363 353/353/353
f 353/353/353 362/362/362 373/373/373
f 375/375/375 364/364/364 363/363/363
f 363/363/363 374/374/374 375/375/375
f 365/365/365 364/364/364 375/375/375
f 375/375/375 376/376/376 365/365/365
f 377/377/377 359/359/359 346/346/346
f 346/346/346 368/368/368 377/377/377
f 378/378/378 367/367/367 345/345/345
f 345/345/345 359/359/359 378/378/378
f 380/380/380 379/379/379 371/371/371
f 371/371/371 372/372/372 380/380/380
f 381/381/381 374/374/374 363/363/363
f 363/363/363 373/373/373 381/381/381
f 383/383/383 382/382/382 375/375/375
f 375/375/375 374/374/374 383/383/383
f 376/376/376 375/375/375 382/382/382
f 382/382/382 384/384/384 376/376/376
f 385/385/385 373/373/373 362/362/362
f 362/362/362 367/367/367 385/385/385
f 387/387/387 386/386/386 368/368/368
f 368/368/368 369/369/369 387/387/387
f 379/379/379 388/388/388 370/370/370
f 370/370/370 371/371/371 379/379/379
f 390/390/390 389/389/389 382/382/382
f 382/382/382 383/383/383 390/390/390
f 381/381/381 391/391/391 383/383/383
f 383/383/383 374/374/374 381/381/381
f 384/384/384 382/382/382 389/389/389
f 389/389/389 392/392/392 384/384/384
f 393/393/393 377/377/377 368/368/368
f 368/368/368 386/386/386 393/393/393
f 394/394/394 378/378/378 359/359/359
f 359/359/359 377/377/377 394/394/394
f 395/395/395 385/385/385 367/367/367
f 367/367/367 378/378/378 395/395/395
f 397/397/397 396/396/396 379/379/379
f 379/379/379 380/380/380 397/397/397
f 396/396/396 398/398/398 388/388/388
f 388/388/388 379/379/379 396/396/396
f 399/399/399 381/381/381 373/373/373
f 373/373/373 385/385/385 399/399/399
f 390/390/390 400/400/400 401/401/401
f 401/401/401 389/389/389 390/390/390
f 391/391/391 402/402/402 390/390/390
f 390/390/390 383/383/383 391/391/391
f 392/392/392 389/389/389 401/401/401
f 401/401/401 403/403/403 392/392/392
f 405/405/405 404/404/404 386/386/386
f 386/386/386 387/387/387 405/405/405
f 399/399/399 406/406/406 391/391/391
f 391/391/391 381/381/381 399/399/399
f 402/402/402 407/407/407 400/400/400
f 400/400/400 390/390/390 402/402/402
f 409/409/409 401/401/401 400/400/400
f 400/400/400 408/408/408 409/409/409
f 406/406/406 410/410/410 402/402/402
f 402/402/402 391/391/391 406/406/406
f 403/403/403 401/401/401 409/409/409
f 409/409/409 411/411/411 403/403/403
f 412/412/412 393/393/393 386/386/386
f 386/386/386 404/404/404 412/412/412
f 413/413/413 394/394/394 377/377/377
f 377/377/377 393/393/393 413/413/413
f 414/414/414 395/395/395 378/378/378
f 378/378/378 394/394/394 414/414/414
f 415/415/415 399/399/399 385/385/385
f 385/385/385 395/395/395 415/415/415
f 417/417/417 416/416/416 396/396/396
f 396/396/396 397/397/397 417/417/417
f 416/416/416 418/418/418 398/398/398
f 398/398/398 396/396/396 416/416/416
f 420/420/420 419/419/419 404/404/404
f 404/404/404 405/405/405 420/420/420
f 408/408/408 400/400/400 421/421/421
f 421/421/421 422/422/422 408/408/408
f 410/410/410 423/423/423 407/407/407
f 407/407/407 402/402/402 410/410/410
f 411/411/411 409/409/409 424/424/424
f 424/424/424 425/425/425 411/411/411
f 412/412/412 404/404/404 419/419/419
f 419/419/419 426/426/426 412/412/412
f 415/415/415 427/427/427 406/406/406
f 406/406/406 399/399/399 415/415/415
f 427/427/427 428/428/428 410/410/410
f 410/410/410 406/406/406 427/427/427
f 430/430/430 429/429/429 422/422/422
f 422/422/422 421/421/421 430/430/430
f 432/432/432 431/431/431 408/408/408
f 408/408/408 422/422/422 432/432/432
f 424/424/424 409/409/409 408/408/408
f 408/408/408 431/431/431 424/424/424
f 428/428/428 433/433/433 423/423/423
f 423/423/423 410/410/410 428/428/428
f 437/437/437 434/434/434 435/435/435
f 435/435/435 436/436/436 437/437/437
f 438/438/438 413/413/413 393/393/393
f 393/393/393 412/412/412 438/438/438
f 439/439/439 414/414/414 394/394/394
f 394/394/394 413/413/413 439/439/439
f 440/440/440 415/415/415 395/395/395
f 395/395/395 414/414/414 440/440/440
f 442/442/442 441/441/441 416/416/416
f 416/416/416 417/417/417 442/442/442
f 441/441/441 443/443/443 418/418/418
f 418/418/418 416/416/416 441/441/441
f 445/445/445 444/444/444 419/419/419
f 419/419/419 420/420/420 445/445/445
f 444/444/444 446/446/446 426/426/426
f 426/426/426 419/419/419 444/444/444
f 436/436/436 435/435/435 447/447/447
f 447/447/447 448/448/448 436/436/436
f 449/449/449 432/432/432 422/422/422
f 422/422/422 429/429/429 449/449/449
f 451/451/451 450/450/450 429/429/429
f 429/429/429 430/430/430 451/451/451
f 435/435/435 434/434/434 452/452/452
f 452/452/452 453/453/453 435/435/435
f 438/438/438 412/412/412 426/426/426
f 426/426/426 454/454/454 438/438/438
f 440/440/440 455/455/455 427/427/427
f 427/427/427 415/415/415 440/440/440
f 454/454/454 426/426/426 446/446/446
f 446/446/446 456/456/456 454/454/454
f 453/453/453 457/457/457 447/447/447
f 447/447/447 435/435/435 453/453/453
f 455/455/455 458/458/458 428/428/428
f 428/428/428 427/427/427 455/455/455
f 458/458/458 459/459/459 433/433/433
f 433/433/433 428/428/428 458/458/458
f 461/461/461 453/453/453 452/452/452
f 452/452/452 460/460/460 461/461/461
f 462/462/462 449/449/449 429/429/429
f 429/429/429 450/450/450 462/462/462
f 464/464/464 463/463/463 450/450/450
f 450/450/450 451/451/451 464/464/464
f 465/465/465 439/439/439 413/413/413
f 413/413/413 438/438/438 465/465/465
f 466/466/466 440/440/440 414/414/414
f 414/414/414 439/439/439 466/466/466
f 468/468/468 467/467/467 441/441/441
f 441/441/441 442/442/442 468/468/468
f 467/467/467 469/469/469 443/443/443
f 443/443/443 441/441/441 467/467/467
f 471/471/471 470/470/470 444/444/444
f 444/444/444 445/445/445 471/471/471
f 470/470/470 472/472/472 446/446/446
f 446/446/446 444/444/444 470/470/470
f 472/472/472 473/473/473 456/456/456
f 456/456/456 446/446/446 472/472/472
f 474/474/474 461/461/461 460/460/460
f 460/460/460 449/449/449 474/474/474
f 475/475/475 462/462/462 450/450/450
f 450/450/450 463/463/463 475/475/475
f 476/476/476 457/457/457 453/453/453
f 453/453/453 461/461/461 476/476/476
f 478/478/478 454/454/454 456/456/456
f 456/456/456 477/477/477 478/478/478
f 478/478/478 465/465/465 438/438/438
f 438/438/438 454/454/454 478/478/478
f 466/466/466 479/479/479 455/455/455
f 455/455/455 440/440/440 466/466/466
f 479/479/479 480/480/480 458/458/458
f 458/458/458 455/455/455 479/479/479
f 477/477/477 456/456/456 473/473/473
f 473/473/473 481/481/481 477/477/477
f 480/480/480 482/482/482 459/459/459
f 459/459/459 458/458/458 480/480/480
f 484/484/484 483/483/483 463/463/463
f 463/463/463 464/464/464 484/484/484
f 485/485/485 474/474/474 449/449/449
f 449/449/449 462/462/462 485/485/485
f 486/486/486 466/466/466 439/439/439
f 439/439/439 465/465/465 486/486/486
f 469/469/469 467/467/467 468/468/468
f 468/468/468 487/487/487 469/469/469
f 472/472/472 470/470/470 471/471/471
f 471/471/471 488/488/488 472/472/472
f 481/481/481 473/473/473 472/472/472
f 472/472/472 488/488/488 481/481/481
f 489/489/489 475/475/475 463/463/463
f 463/463/463 483/483/483 489/489/489
f 490/490/490 476/476/476 461/461/461
f 461/461/461 474/474/474 490/490/490
f 491/491/491 485/485/485 462/462/462
f 462/462/462 475/475/475 491/491/491
f 493/493/493 477/477/477 481/481/481
f 481/481/481 492/492/492 493/493/493
f 494/494/494 478/478/478 477/477/477
f 477/477/477 493/493/493 494/494/494
f 494/494/494 486/486/486 465/465/465
f 465/465/465 478/478/478 494/494/494
f 486/486/486 495/495/495 479/479/479
f 479/479/479 466/466/466 486/486/486
f 495/495/495 496/496/496 480/480/480
f 480/480/480 479/479/479 495/495/495
f 496/496/496 497/497/497 482/482/482
f 482/482/482 480/480/480 496/496/496
f 498/498/498 492/492/492 481/481/481
f 481/481/481 488/488/488 498/498/498
f 500/500/500 499/499/499 483/483/483
f 483/483/483 484/484/484 500/500/500
f 501/501/501 490/490/490 474/474/474
f 474/474/474 485/485/485 501/501/501
f 502/502/502 489/489/489 483/483/483
f 483/483/483 499/499/499 502/502/502
f 503/503/503 491/491/491 475/475/475
f 475/475/475 489/489/489 503/503/503
f 491/491/491 504/504/504 501/501/501
f 501/501/501 485/485/485 491/491/491
f 498/498/498 505/505/505 493/493/493
f 493/493/493 492/492/492 498/498/498
f 505/505/505 506/506/506 494/494/494
f 494/494/494 493/493/493 505/505/505
f 495/495/495 486/486/486 494/494/494
f 494/494/494 506/506/506 495/495/495
f 506/506/506 507/507/507 496/496/496
f 496/496/496 495/495/495 506/506/506
f 508/508/508 497/497/497 496/496/496
f 496/496/496 507/507/507 508/508/508
f 510/510/510 499/499/499 500/500/500
f 500/500/500 509/509/509 510/510/510
f 512/512/512 511/511/511 498/498/498
f 498/498/498 488/488/488 512/512/512
f 513/513/513 504/504/504 491/491/491
f 491/491/491 503/503/503 513/513/513
f 511/511/511 514/514/514 505/505/505
f 505/505/505 498/498/498 511/511/511
f 515/515/515 502/502/502 499/499/499
f 499/499/499 510/510/510 515/515/515
f 516/516/516 503/503/503 489/489/489
f 489/489/489 502/502/502 516/516/516
f 514/514/514 507/507/507 506/506/506
f 506/506/506 505/505/505 514/514/514
f 517/517/517 508/508/508 507/507/507
f 507/507/507 514/514/514 517/517/517
f 519/519/519 510/510/510 509/509/509
f 509/509/509 518/518/518 519/519/519
f 512/512/512 517/517/517 514/514/514
f 514/514/514 511/511/511 512/512/512
f 523/523/523 520/520/520 521/521/521
f 521/521/521 522/522/522 523/523/523
f 524/524/524 513/513/513 503/503/503
f 503/503/503 516/516/516 524/524/524
f 518/518/518 521/521/521 520/520/520
f 520/520/520 519/519/519 518/518/518
f 525/525/525 516/516/516 502/502/502
f 502/502/502 515/515/515 525/525/525
f 526/526/526 515/515/515 510/510/510
f 510/510/510 519/519/519 526/526/526
f 523/523/523 526/526/526 519/519/519
f 519/519/519 520/520/520 523/523/523
f 528/528/528 527/527/527 523/523/523
f 523/523/523 522/522/522 528/528/528
f 529/529/529 524/524/524 516/516/516
f 516/516/516 525/525/525 529/529/529
f 526/526/526 523/523/523 527/527/527
f 527/527/527 530/530/530 526/526/526
f 530/530/530 525/525/525 515/515/515
f 515/515/515 526/526/526 530/530/530
f 528/528/528 531/531/531 530/530/530
f 530/530/530 527/527/527 528/528/528
f 531/531/531 529/529/529 525/525/525
f 525/525/525 530/530/530 531/531/531
f 535/535/535 532/532/532 533/533/533
f 533/533/533 534/534/534 535/535/535
f 537/537/537 534/534/534 533/533/533
f 533/533/533 536/536/536 537/537/537
f 539/539/539 535/535/535 534/534/534
f 534/534/534 538/538/538 539/539/539
f 543/543/543 540/540/540 541/541/541
f 541/541/541 542/542/542 543/543/543
f 545/545/545 544/544/544 535/535/535
f 535/535/535 539/539/539 545/545/545
f 538/538/538 534/534/534 537/537/537
f 537/537/537 546/546/546 538/538/538
f 548/548/548 539/539/539 538/538/538
f 538/538/538 547/547/547 548/548/548
f 550/550/550 543/543/543 542/542/542
f 542/542/542 549/549/549 550/550/550
f 552/552/552 541/541/541 540/540/540
f 540/540/540 551/551/551 552/552/552
f 556/556/556 553/553/553 554/554/554
f 554/554/554 555/555/555 556/556/556
f 557/557/557 545/545/545 539/539/539
f 539/539/539 548/548/548 557/557/557
f 546/546/546 537/537/537 558/558/558
f 558/558/558 559/559/559 546/546/546
f 547/547/547 538/538/538 546/546/546
f 546/546/546 560/560/560 547/547/547
f 562/562/562 550/550/550 549/549/549
f 549/549/549 561/561/561 562/562/562
f 564/564/564 563/563/563 551/551/551
f 551/551/551 540/540/540 564/564/564
f 564/564/564 540/540/540 543/543/543
f 543/543/543 565/565/565 564/564/564
f 567/567/567 566/566/566 553/553/553
f 553/553/553 556/556/556 567/567/567
f 569/569/569 556/556/556 555/555/555
f 555/555/555 568/568/568 569/569/569
f 559/559/559 558/558/558 570/570/570
f 570/570/570 571/571/571 559/559/559
f 560/560/560 546/546/546 559/559/559
f 559/559/559 572/572/572 560/560/560
f 573/573/573 574/574/574 575/575/575
f 576/576/576 573/573/573 575/575/575
f 565/565/565 543/543/543 550/550/550
f 550/550/550 577/577/577 565/565/565
f 579/579/579 551/551/551 563/563/563
f 563/563/563 578/578/578 579/579/579
f 580/580/580 552/552/552 551/551/551
f 551/551/551 579/579/579 580/580/580
f 569/569/569 581/581/581 567/567/567
f 567/567/567 556/556/556 569/569/569
f 585/585/585 582/582/582 583/583/583
f 583/583/583 584/584/584 585/585/585
f 586/586/586 576/576/576 575/575/575
f 590/590/590 587/587/587 588/588/588
f 588/588/588 589/589/589 590/590/590
f 572/572/572 559/559/559 571/571/571
f 571/571/571 591/591/591 572/572/572
f 574/574/574 592/592/592 575/575/575
f 562/562/562 593/593/593 577/577/577
f 577/577/577 550/550/550 562/562/562
f 392/392/392 403/403/403 578/578/578
f 578/578/578 563/563/563 392/392/392
f 384/384/384 392/392/392 563/563/563
f 563/563/563 564/564/564 384/384/384
f 376/376/376 565/565/565 577/577/577
f 577/577/577 365/365/365 376/376/376
f 384/384/384 564/564/564 565/565/565
f 565/565/565 376/376/376 384/384/384
f 594/594/594 586/586/586 575/575/575
f 589/589/589 588/588/588 595/595/595
f 595/595/595 596/596/596 589/589/589
f 598/598/598 590/590/590 589/589/589
f 589/589/589 597/597/597 598/598/598
f 575/575/575 592/592/592 599/599/599
f 599/599/599 600/600/600 575/575/575
f 365/365/365 577/577/577 593/593/593
f 593/593/593 366/366/366 365/365/365
f 585/585/585 601/601/601 602/602/602
f 602/602/602 582/582/582 585/585/585
f 604/604/604 603/603/603 411/411/411
f 411/411/411 425/425/425 604/604/604
f 606/606/606 605/605/605 603/603/603
f 603/603/603 604/604/604 606/606/606
f 608/608/608 607/607/607 605/605/605
f 605/605/605 606/606/606 608/608/608
f 610/610/610 585/585/585 584/584/584
f 584/584/584 609/609/609 610/610/610
f 611/611/611 594/594/594 575/575/575
f 596/596/596 595/595/595 612/612/612
f 612/612/612 613/613/613 596/596/596
f 597/597/597 589/589/589 596/596/596
f 596/596/596 614/614/614 597/597/597
f 600/600/600 615/615/615 575/575/575
f 601/601/601 358/358/358 357/357/357
f 357/357/357 602/602/602 601/601/601
f 610/610/610 616/616/616 601/601/601
f 601/601/601 585/585/585 610/610/610
f 618/618/618 608/608/608 606/606/606
f 606/606/606 617/617/617 618/618/618
f 619/619/619 614/614/614 596/596/596
f 596/596/596 613/613/613 619/619/619
f 615/615/615 620/620/620 575/575/575
f 616/616/616 361/361/361 358/358/358
f 358/358/358 601/601/601 616/616/616
f 621/621/621 604/604/604 437/437/437
f 437/437/437 436/436/436 621/621/621
f 617/617/617 606/606/606 604/604/604
f 604/604/604 621/621/621 617/617/617
f 623/623/623 618/618/618 617/617/617
f 617/617/617 622/622/622 623/623/623
f 620/620/620 624/624/624 575/575/575
f 622/622/622 617/617/617 621/621/621
f 621/621/621 625/625/625 622/622/622
f 625/625/625 621/621/621 436/436/436
f 436/436/436 448/448/448 625/625/625
f 403/403/403 411/411/411 603/603/603
f 603/603/603 626/626/626 403/403/403
f 605/605/605 627/627/627 626/626/626
f 626/626/626 603/603/603 605/605/605
f 607/607/607 628/628/628 627/627/627
f 627/627/627 605/605/605 607/607/607
f 590/590/590 629/629/629 630/630/630
f 630/630/630 587/587/587 590/590/590
f 598/598/598 631/631/631 629/629/629
f 629/629/629 590/590/590 598/598/598
f 633/633/633 261/261/261 264/264/264
f 264/264/264 632/632/632 633/633/633
f 261/261/261 633/633/633 634/634/634
f 634/634/634 265/265/265 261/261/261
f 636/636/636 633/633/633 632/632/632
f 632/632/632 635/635/635 636/636/636
f 632/632/632 264/264/264 270/270/270
f 270/270/270 637/637/637 632/632/632
f 633/633/633 636/636/636 638/638/638
f 638/638/638 634/634/634 633/633/633
f 265/265/265 634/634/634 639/639/639
f 639/639/639 272/272/272 265/265/265
f 643/643/643 640/640/640 641/641/641
f 641/641/641 642/642/642 643/643/643
f 635/635/635 632/632/632 637/637/637
f 637/637/637 644/644/644 635/635/635
f 637/637/637 270/270/270 280/280/280
f 280/280/280 645/645/645 637/637/637
f 642/642/642 641/641/641 646/646/646
f 646/646/646 647/647/647 642/642/642
f 634/634/634 638/638/638 648/648/648
f 648/648/648 639/639/639 634/634/634
f 640/640/640 643/643/643 649/649/649
f 649/649/649 650/650/650 640/640/640
f 644/644/644 637/637/637 645/645/645
f 645/645/645 651/651/651 644/644/644
f 645/645/645 280/280/280 288/288/288
f 288/288/288 652/652/652 645/645/645
f 639/639/639 653/653/653 290/290/290
f 290/290/290 272/272/272 639/639/639
f 640/640/640 650/650/650 654/654/654
f 654/654/654 655/655/655 640/640/640
f 641/641/641 640/640/640 655/655/655
f 655/655/655 656/656/656 641/641/641
f 650/650/650 649/649/649 657/657/657
f 657/657/657 658/658/658 650/650/650
f 651/651/651 645/645/645 652/652/652
f 652/652/652 659/659/659 651/651/651
f 663/663/663 660/660/660 661/661/661
f 661/661/661 662/662/662 663/663/663
f 641/641/641 656/656/656 664/664/664
f 664/664/664 646/646/646 641/641/641
f 647/647/647 646/646/646 665/665/665
f 665/665/665 666/666/666 647/647/647
f 648/648/648 667/667/667 653/653/653
f 653/653/653 639/639/639 648/648/648
f 650/650/650 658/658/658 668/668/668
f 668/668/668 654/654/654 650/650/650
f 657/657/657 669/669/669 670/670/670
f 670/670/670 658/658/658 657/657/657
f 672/672/672 663/663/663 662/662/662
f 662/662/662 671/671/671 672/672/672
f 662/662/662 661/661/661 673/673/673
f 673/673/673 674/674/674 662/662/662
f 676/676/676 666/666/666 665/665/665
f 665/665/665 675/675/675 676/676/676
f 667/667/667 677/677/677 678/678/678
f 678/678/678 653/653/653 667/667/667
f 653/653/653 678/678/678 316/316/316
f 316/316/316 290/290/290 653/653/653
f 682/682/682 679/679/679 680/680/680
f 680/680/680 681/681/681 682/682/682
f 684/684/684 683/683/683 679/679/679
f 679/679/679 682/682/682 684/684/684
f 671/671/671 662/662/662 674/674/674
f 674/674/674 685/685/685 671/671/671
f 687/687/687 324/324/324 327/327/327
f 327/327/327 686/686/686 687/687/687
f 681/681/681 680/680/680 688/688/688
f 688/688/688 689/689/689 681/681/681
f 646/646/646 664/664/664 690/690/690
f 690/690/690 665/665/665 646/646/646
f 675/675/675 691/691/691 692/692/692
f 692/692/692 676/676/676 675/675/675
f 679/679/679 333/333/333 334/334/334
f 334/334/334 680/680/680 679/679/679
f 683/683/683 335/335/335 333/333/333
f 333/333/333 679/679/679 683/683/683
f 693/693/693 686/686/686 683/683/683
f 683/683/683 684/684/684 693/693/693
f 668/668/668 658/658/658 670/670/670
f 670/670/670 694/694/694 668/668/668
f 695/695/695 687/687/687 686/686/686
f 686/686/686 693/693/693 695/695/695
f 686/686/686 327/327/327 335/335/335
f 335/335/335 683/683/683 686/686/686
f 680/680/680 334/334/334 339/339/339
f 339/339/339 688/688/688 680/680/680
f 699/699/699 696/696/696 697/697/697
f 697/697/697 698/698/698 699/699/699
f 665/665/665 690/690/690 700/700/700
f 700/700/700 675/675/675 665/665/665
f 675/675/675 700/700/700 701/701/701
f 701/701/701 691/691/691 675/675/675
f 691/691/691 702/702/702 703/703/703
f 703/703/703 692/692/692 691/691/691
f 677/677/677 704/704/704 705/705/705
f 705/705/705 678/678/678 677/677/677
f 678/678/678 705/705/705 350/350/350
f 350/350/350 316/316/316 678/678/678
f 698/698/698 697/697/697 352/352/352
f 352/352/352 351/351/351 698/698/698
f 707/707/707 690/690/690 664/664/664
f 664/664/664 706/706/706 707/707/707
f 711/711/711 708/708/708 709/709/709
f 709/709/709 710/710/710 711/711/711
f 691/691/691 701/701/701 712/712/712
f 712/712/712 702/702/702 691/691/691
f 708/708/708 360/360/360 361/361/361
f 361/361/361 709/709/709 708/708/708
f 690/690/690 707/707/707 713/713/713
f 713/713/713 700/700/700 690/690/690
f 707/707/707 706/706/706 714/714/714
f 714/714/714 715/715/715 707/707/707
f 714/714/714 706/706/706 716/716/716
f 716/716/716 717/717/717 714/714/714
f 700/700/700 713/713/713 718/718/718
f 718/718/718 701/701/701 700/700/700
f 702/702/702 719/719/719 720/720/720
f 720/720/720 703/703/703 702/702/702
f 704/704/704 721/721/721 722/722/722
f 722/722/722 705/705/705 704/704/704
f 722/722/722 372/372/372 350/350/350
f 350/350/350 705/705/705 722/722/722
f 707/707/707 715/715/715 723/723/723
f 723/723/723 713/713/713 707/707/707
f 715/715/715 714/714/714 724/724/724
f 724/724/724 725/725/725 715/715/715
f 724/724/724 714/714/714 717/717/717
f 717/717/717 726/726/726 724/724/724
f 702/702/702 712/712/712 727/727/727
f 727/727/727 719/719/719 702/702/702
f 701/701/701 718/718/718 728/728/728
f 728/728/728 712/712/712 701/701/701
f 722/722/722 729/729/729 380/380/380
f 380/380/380 372/372/372 722/722/722
f 715/715/715 725/725/725 730/730/730
f 730/730/730 723/723/723 715/715/715
f 724/724/724 731/731/731 732/732/732
f 732/732/732 725/725/725 724/724/724
f 731/731/731 724/724/724 726/726/726
f 726/726/726 733/733/733 731/731/731
f 713/713/713 723/723/723 734/734/734
f 734/734/734 718/718/718 713/713/713
f 719/719/719 735/735/735 736/736/736
f 736/736/736 720/720/720 719/719/719
f 721/721/721 737/737/737 729/729/729
f 729/729/729 722/722/722 721/721/721
f 731/731/731 738/738/738 739/739/739
f 739/739/739 732/732/732 731/731/731
f 732/732/732 740/740/740 730/730/730
f 730/730/730 725/725/725 732/732/732
f 738/738/738 731/731/731 733/733/733
f 733/733/733 741/741/741 738/738/738
f 719/719/719 727/727/727 742/742/742
f 742/742/742 735/735/735 719/719/719
f 712/712/712 728/728/728 743/743/743
f 743/743/743 727/727/727 712/712/712
f 718/718/718 734/734/734 744/744/744
f 744/744/744 728/728/728 718/718/718
f 729/729/729 745/745/745 397/397/397
f 397/397/397 380/380/380 729/729/729
f 737/737/737 746/746/746 745/745/745
f 745/745/745 729/729/729 737/737/737
f 723/723/723 730/730/730 747/747/747
f 747/747/747 734/734/734 723/723/723
f 749/749/749 748/748/748 739/739/739
f 739/739/739 738/738/738 749/749/749
f 739/739/739 750/750/750 740/740/740
f 740/740/740 732/732/732 739/739/739
f 749/749/749 738/738/738 741/741/741
f 741/741/741 751/751/751 749/749/749
f 735/735/735 752/752/752 753/753/753
f 753/753/753 736/736/736 735/735/735
f 740/740/740 754/754/754 747/747/747
f 747/747/747 730/730/730 740/740/740
f 748/748/748 755/755/755 750/750/750
f 750/750/750 739/739/739 748/748/748
f 759/759/759 756/756/756 757/757/757
f 757/757/757 758/758/758 759/759/759
f 750/750/750 760/760/760 754/754/754
f 754/754/754 740/740/740 750/750/750
f 757/757/757 756/756/756 761/761/761
f 761/761/761 762/762/762 757/757/757
f 735/735/735 742/742/742 763/763/763
f 763/763/763 752/752/752 735/735/735
f 727/727/727 743/743/743 764/764/764
f 764/764/764 742/742/742 727/727/727
f 728/728/728 744/744/744 765/765/765
f 765/765/765 743/743/743 728/728/728
f 734/734/734 747/747/747 766/766/766
f 766/766/766 744/744/744 734/734/734
f 745/745/745 767/767/767 417/417/417
f 417/417/417 397/397/397 745/745/745
f 746/746/746 768/768/768 767/767/767
f 767/767/767 745/745/745 746/746/746
f 752/752/752 769/769/769 770/770/770
f 770/770/770 753/753/753 752/752/752
f 772/772/772 759/759/759 758/758/758
f 758/758/758 771/771/771 772/772/772
f 755/755/755 773/773/773 760/760/760
f 760/760/760 750/750/750 755/755/755
f 775/775/775 757/757/757 762/762/762
f 762/762/762 774/774/774 775/775/775
f 769/769/769 752/752/752 763/763/763
f 763/763/763 776/776/776 769/769/769
f 754/754/754 777/777/777 766/766/766
f 766/766/766 747/747/747 754/754/754
f 760/760/760 778/778/778 777/777/777
f 777/777/777 754/754/754 760/760/760
f 771/771/771 779/779/779 780/780/780
f 780/780/780 772/772/772 771/771/771
f 758/758/758 781/781/781 782/782/782
f 782/782/782 771/771/771 758/758/758
f 758/758/758 757/757/757 775/775/775
f 775/775/775 781/781/781 758/758/758
f 773/773/773 783/783/783 778/778/778
f 778/778/778 760/760/760 773/773/773
f 787/787/787 784/784/784 785/785/785
f 785/785/785 786/786/786 787/787/787
f 742/742/742 764/764/764 788/788/788
f 788/788/788 763/763/763 742/742/742
f 743/743/743 765/765/765 789/789/789
f 789/789/789 764/764/764 743/743/743
f 744/744/744 766/766/766 790/790/790
f 790/790/790 765/765/765 744/744/744
f 767/767/767 791/791/791 442/442/442
f 442/442/442 417/417/417 767/767/767
f 768/768/768 792/792/792 791/791/791
f 791/791/791 767/767/767 768/768/768
f 769/769/769 793/793/793 794/794/794
f 794/794/794 770/770/770 769/769/769
f 776/776/776 795/795/795 793/793/793
f 793/793/793 769/769/769 776/776/776
f 447/447/447 787/787/787 786/786/786
f 786/786/786 448/448/448 447/447/447
f 771/771/771 782/782/782 796/796/796
f 796/796/796 779/779/779 771/771/771
f 779/779/779 797/797/797 798/798/798
f 798/798/798 780/780/780 779/779/779
f 800/800/800 784/784/784 787/787/787
f 787/787/787 799/799/799 800/800/800
f 776/776/776 763/763/763 788/788/788
f 788/788/788 801/801/801 776/776/776
f 777/777/777 802/802/802 790/790/790
f 790/790/790 766/766/766 777/777/777
f 795/795/795 776/776/776 801/801/801
f 801/801/801 803/803/803 795/795/795
f 447/447/447 457/457/457 799/799/799
f 799/799/799 787/787/787 447/447/447
f 778/778/778 804/804/804 802/802/802
f 802/802/802 777/777/777 778/778/778
f 783/783/783 805/805/805 804/804/804
f 804/804/804 778/778/778 783/783/783
f 800/800/800 799/799/799 806/806/806
f 806/806/806 807/807/807 800/800/800
f 779/779/779 796/796/796 808/808/808
f 808/808/808 797/797/797 779/779/779
f 797/797/797 809/809/809 810/810/810
f 810/810/810 798/798/798 797/797/797
f 764/764/764 789/789/789 811/811/811
f 811/811/811 788/788/788 764/764/764
f 765/765/765 790/790/790 812/812/812
f 812/812/812 789/789/789 765/765/765
f 791/791/791 813/813/813 468/468/468
f 468/468/468 442/442/442 791/791/791
f 792/792/792 814/814/814 813/813/813
f 813/813/813 791/791/791 792/792/792
f 793/793/793 815/815/815 816/816/816
f 816/816/816 794/794/794 793/793/793
f 795/795/795 817/817/817 815/815/815
f 815/815/815 793/793/793 795/795/795
f 803/803/803 818/818/818 817/817/817
f 817/817/817 795/795/795 803/803/803
f 807/807/807 806/806/806 819/819/819
f 819/819/819 796/796/796 807/807/807
f 797/797/797 808/808/808 820/820/820
f 820/820/820 809/809/809 797/797/797
f 799/799/799 457/457/457 476/476/476
f 476/476/476 806/806/806 799/799/799
f 803/803/803 801/801/801 821/821/821
f 821/821/821 822/822/822 803/803/803
f 788/788/788 811/811/811 821/821/821
f 821/821/821 801/801/801 788/788/788
f 802/802/802 823/823/823 812/812/812
f 812/812/812 790/790/790 802/802/802
f 804/804/804 824/824/824 823/823/823
f 823/823/823 802/802/802 804/804/804
f 818/818/818 803/803/803 822/822/822
f 822/822/822 825/825/825 818/818/818
f 805/805/805 826/826/826 824/824/824
f 824/824/824 804/804/804 805/805/805
f 809/809/809 827/827/827 828/828/828
f 828/828/828 810/810/810 809/809/809
f 796/796/796 819/819/819 829/829/829
f 829/829/829 808/808/808 796/796/796
f 789/789/789 812/812/812 830/830/830
f 830/830/830 811/811/811 789/789/789
f 468/468/468 813/813/813 814/814/814
f 814/814/814 487/487/487 468/468/468
f 816/816/816 815/815/815 817/817/817
f 817/817/817 831/831/831 816/816/816
f 817/817/817 818/818/818 825/825/825
f 825/825/825 831/831/831 817/817/817
f 809/809/809 820/820/820 832/832/832
f 832/832/832 827/827/827 809/809/809
f 806/806/806 476/476/476 490/490/490
f 490/490/490 819/819/819 806/806/806
f 808/808/808 829/829/829 833/833/833
f 833/833/833 820/820/820 808/808/808
f 825/825/825 822/822/822 834/834/834
f 834/834/834 835/835/835 825/825/825
f 822/822/822 821/821/821 836/836/836
f 836/836/836 834/834/834 822/822/822
f 811/811/811 830/830/830 836/836/836
f 836/836/836 821/821/821 811/811/811
f 823/823/823 837/837/837 830/830/830
f 830/830/830 812/812/812 823/823/823
f 824/824/824 838/838/838 837/837/837
f 837/837/837 823/823/823 824/824/824
f 826/826/826 839/839/839 838/838/838
f 838/838/838 824/824/824 826/826/826
f 825/825/825 835/835/835 840/840/840
f 840/840/840 831/831/831 825/825/825
f 827/827/827 841/841/841 842/842/842
f 842/842/842 828/828/828 827/827/827
f 819/819/819 490/490/490 501/501/501
f 501/501/501 829/829/829 819/819/819
f 827/827/827 832/832/832 843/843/843
f 843/843/843 841/841/841 827/827/827
f 820/820/820 833/833/833 844/844/844
f 844/844/844 832/832/832 820/820/820
f 501/501/501 504/504/504 833/833/833
f 833/833/833 829/829/829 501/501/501
f 834/834/834 845/845/845 840/840/840
f 840/840/840 835/835/835 834/834/834
f 836/836/836 846/846/846 845/845/845
f 845/845/845 834/834/834 836/836/836
f 836/836/836 830/830/830 837/837/837
f 837/837/837 846/846/846 836/836/836
f 838/838/838 847/847/847 846/846/846
f 846/846/846 837/837/837 838/838/838
f 838/838/838 839/839/839 848/848/848
f 848/848/848 847/847/847 838/838/838
f 842/842/842 841/841/841 849/849/849
f 849/849/849 850/850/850 842/842/842
f 840/840/840 851/851/851 852/852/852
f 852/852/852 831/831/831 840/840/840
f 833/833/833 504/504/504 513/513/513
f 513/513/513 844/844/844 833/833/833
f 845/845/845 853/853/853 851/851/851
f 851/851/851 840/840/840 845/845/845
f 841/841/841 843/843/843 854/854/854
f 854/854/854 849/849/849 841/841/841
f 832/832/832 844/844/844 855/855/855
f 855/855/855 843/843/843 832/832/832
f 846/846/846 847/847/847 853/853/853
f 853/853/853 845/845/845 846/846/846
f 847/847/847 848/848/848 856/856/856
f 856/856/856 853/853/853 847/847/847
f 850/850/850 849/849/849 857/857/857
f 857/857/857 858/858/858 850/850/850
f 853/853/853 856/856/856 852/852/852
f 852/852/852 851/851/851 853/853/853
f 861/861/861 859/859/859 860/860/860
f 860/860/860 522/522/522 861/861/861
f 844/844/844 513/513/513 524/524/524
f 524/524/524 855/855/855 844/844/844
f 859/859/859 861/861/861 858/858/858
f 858/858/858 857/857/857 859/859/859
f 843/843/843 855/855/855 862/862/862
f 862/862/862 854/854/854 843/843/843
f 849/849/849 854/854/854 863/863/863
f 863/863/863 857/857/857 849/849/849
f 857/857/857 863/863/863 860/860/860
f 860/860/860 859/859/859 857/857/857
f 860/860/860 864/864/864 528/528/528
f 528/528/528 522/522/522 860/860/860
f 855/855/855 524/524/524 529/529/529
f 529/529/529 862/862/862 855/855/855
f 864/864/864 860/860/860 863/863/863
f 863/863/863 865/865/865 864/864/864
f 854/854/854 862/862/862 865/865/865
f 865/865/865 863/863/863 854/854/854
f 865/865/865 531/531/531 528/528/528
f 528/528/528 864/864/864 865/865/865
f 862/862/862 529/529/529 531/531/531
f 531/531/531 865/865/865 862/862/862
f 869/869/869 866/866/866 867/867/867
f 867/867/867 868/868/868 869/869/869
f 873/873/873 870/870/870 871/871/871
f 871/871/871 872/872/872 873/873/873
f 866/866/866 874/874/874 875/875/875
f 875/875/875 867/867/867 866/866/866
f 877/877/877 869/869/869 868/868/868
f 868/868/868 876/876/876 877/877/877
f 868/868/868 867/867/867 878/878/878
f 878/878/878 879/879/879 868/868/868
f 872/872/872 871/871/871 880/880/880
f 880/880/880 881/881/881 872/872/872
f 866/866/866 882/882/882 883/883/883
f 883/883/883 874/874/874 866/866/866
f 870/870/870 873/873/873 884/884/884
f 884/884/884 885/885/885 870/870/870
f 877/877/877 886/886/886 887/887/887
f 887/887/887 888/888/888 877/877/877
f 892/892/892 889/889/889 890/890/890
f 890/890/890 891/891/891 892/892/892
f 867/867/867 875/875/875 893/893/893
f 893/893/893 878/878/878 867/867/867
f 886/886/886 877/877/877 876/876/876
f 876/876/876 894/894/894 886/886/886
f 876/876/876 868/868/868 879/879/879
f 879/879/879 895/895/895 876/876/876
f 881/881/881 880/880/880 896/896/896
f 896/896/896 897/897/897 881/881/881
f 885/885/885 898/898/898 899/899/899
f 899/899/899 870/870/870 885/885/885
f 871/871/871 870/870/870 899/899/899
f 899/899/899 900/900/900 871/871/871
f 889/889/889 566/566/566 567/567/567
f 567/567/567 890/890/890 889/889/889
f 892/892/892 901/901/901 902/902/902
f 902/902/902 889/889/889 892/892/892
f 891/891/891 890/890/890 903/903/903
f 903/903/903 904/904/904 891/891/891
f 906/906/906 886/886/886 894/894/894
f 894/894/894 905/905/905 906/906/906
f 894/894/894 876/876/876 895/895/895
f 895/895/895 907/907/907 894/894/894
f 908/908/908 575/575/575 909/909/909
f 910/910/910 575/575/575 908/908/908
f 880/880/880 871/871/871 900/900/900
f 900/900/900 911/911/911 880/880/880
f 898/898/898 885/885/885 912/912/912
f 912/912/912 913/913/913 898/898/898
f 885/885/885 884/884/884 914/914/914
f 914/914/914 912/912/912 885/885/885
f 886/886/886 906/906/906 915/915/915
f 915/915/915 887/887/887 886/886/886
f 889/889/889 902/902/902 916/916/916
f 916/916/916 566/566/566 889/889/889
f 567/567/567 581/581/581 903/903/903
f 903/903/903 890/890/890 567/567/567
f 920/920/920 917/917/917 918/918/918
f 918/918/918 919/919/919 920/920/920
f 921/921/921 575/575/575 910/910/910
f 925/925/925 922/922/922 923/923/923
f 923/923/923 924/924/924 925/925/925
f 905/905/905 894/894/894 907/907/907
f 907/907/907 926/926/926 905/905/905
f 909/909/909 575/575/575 927/927/927
f 911/911/911 928/928/928 896/896/896
f 896/896/896 880/880/880 911/911/911
f 913/913/913 751/751/751 741/741/741
f 741/741/741 898/898/898 913/913/913
f 898/898/898 741/741/741 733/733/733
f 733/733/733 899/899/899 898/898/898
f 911/911/911 900/900/900 726/726/726
f 726/726/726 717/717/717 911/911/911
f 900/900/900 899/899/899 733/733/733
f 733/733/733 726/726/726 900/900/900
f 929/929/929 575/575/575 921/921/921
f 922/922/922 925/925/925 930/930/930
f 930/930/930 931/931/931 922/922/922
f 933/933/933 925/925/925 924/924/924
f 924/924/924 932/932/932 933/933/933
f 924/924/924 923/923/923 934/934/934
f 934/934/934 935/935/935 924/924/924
f 937/937/937 927/927/927 575/575/575
f 575/575/575 936/936/936 937/937/937
f 928/928/928 911/911/911 717/717/717
f 717/717/717 716/716/716 928/928/928
f 939/939/939 938/938/938 918/918/918
f 918/918/918 917/917/917 939/939/939
f 762/762/762 940/940/940 941/941/941
f 941/941/941 774/774/774 762/762/762
f 940/940/940 942/942/942 943/943/943
f 943/943/943 941/941/941 940/940/940
f 942/942/942 944/944/944 945/945/945
f 945/945/945 943/943/943 942/942/942
f 919/919/919 918/918/918 610/610/610
f 610/610/610 609/609/609 919/919/919
f 611/611/611 575/575/575 929/929/929
f 925/925/925 933/933/933 946/946/946
f 946/946/946 930/930/930 925/925/925
f 612/612/612 933/933/933 932/932/932
f 932/932/932 613/613/613 612/612/612
f 932/932/932 924/924/924 935/935/935
f 935/935/935 947/947/947 932/932/932
f 936/936/936 575/575/575 948/948/948
f 710/710/710 709/709/709 938/938/938
f 938/938/938 939/939/939 710/710/710
f 938/938/938 616/616/616 610/610/610
f 610/610/610 918/918/918 938/938/938
f 943/943/943 945/945/945 949/949/949
f 949/949/949 950/950/950 943/943/943
f 933/933/933 612/612/612 951/951/951
f 951/951/951 946/946/946 933/933/933
f 932/932/932 947/947/947 619/619/619
f 619/619/619 613/613/613 932/932/932
f 948/948/948 575/575/575 952/952/952
f 709/709/709 361/361/361 616/616/616
f 616/616/616 938/938/938 709/709/709
f 785/785/785 941/941/941 953/953/953
f 953/953/953 786/786/786 785/785/785
f 941/941/941 943/943/943 950/950/950
f 950/950/950 953/953/953 941/941/941
f 950/950/950 949/949/949 623/623/623
f 623/623/623 622/622/622 950/950/950
f 952/952/952 575/575/575 624/624/624
f 953/953/953 950/950/950 622/622/622
f 622/622/622 625/625/625 953/953/953
f 786/786/786 953/953/953 625/625/625
f 625/625/625 448/448/448 786/786/786
f 940/940/940 762/762/762 761/761/761
f 761/761/761 954/954/954 940/940/940
f 954/954/954 955/955/955 942/942/942
f 942/942/942 940/940/940 954/954/954
f 955/955/955 956/956/956 944/944/944
f 944/944/944 942/942/942 955/955/955
f 958/958/958 922/922/922 931/931/931
f 931/931/931 957/957/957 958/958/958
f 958/958/958 959/959/959 923/923/923
f 923/923/923 922/922/922 958/958/958
f 959/959/959 960/960/960 934/934/934
f 934/934/934 923/923/923 959/959/959
f 961/961/961 561/561/561 549/549/549
f 549/549/549 532/532/532 961/961/961
f 549/549/549 542/542/542 533/533/533
f 533/533/533 532/532/532 549/549/549
f 541/541/541 536/536/536 533/533/533
f 533/533/533 542/542/542 541/541/541
f 552/552/552 962/962/962 536/536/536
f 536/536/536 541/541/541 552/552/552
f 580/580/580 963/963/963 962/962/962
f 962/962/962 552/552/552 580/580/580
f 607/607/607 964/964/964 965/965/965
f 965/965/965 628/628/628 607/607/607
f 608/608/608 966/966/966 964/964/964
f 964/964/964 607/607/607 608/608/608
f 618/618/618 967/967/967 966/966/966
f 966/966/966 608/608/608 618/618/618
f 623/623/623 951/951/951 967/967/967
f 967/967/967 618/618/618 623/623/623
f 949/949/949 946/946/946 951/951/951
f 951/951/951 623/623/623 949/949/949
f 945/945/945 930/930/930 946/946/946
f 946/946/946 949/949/949 945/945/945
f 944/944/944 931/931/931 930/930/930
f 930/930/930 945/945/945 944/944/944
f 956/956/956 957/957/957 931/931/931
f 931/931/931 944/944/944 956/956/956
f 884/884/884 887/887/887 915/915/915
f 915/915/915 914/914/914 884/884/884
f 873/873/873 888/888/888 887/887/887
f 887/887/887 884/884/884 873/873/873
f 872/872/872 968/968/968 888/888/888
f 888/888/888 873/873/873 872/872/872
f 968/968/968 872/872/872 881/881/881
f 881/881/881 882/882/882 968/968/968
f 881/881/881 897/897/897 883/883/883
f 883/883/883 882/882/882 881/881/881
f 919/919/919 902/902/902 901/901/901
f 901/901/901 920/920/920 919/919/919
f 902/902/902 919/919/919 609/609/609
f 609/609/609 916/916/916 902/902/902
f 609/609/609 584/584/584 969/969/969
f 969/969/969 916/916/916 609/609/609
f 583/583/583 970/970/970 969/969/969
f 969/969/969 584/584/584 583/583/583
f 961/961/961 532/532/532 535/535/535
f 535/535/535 544/544/544 961/961/961
f 962/962/962 558/558/558 537/537/537
f 537/537/537 536/536/536 962/962/962
f 963/963/963 570/570/570 558/558/558
f 558/558/558 962/962/962 963/963/963
f 964/964/964 587/587/587 630/630/630
f 630/630/630 965/965/965 964/964/964
f 966/966/966 588/588/588 587/587/587
f 587/587/587 964/964/964 966/966/966
f 967/967/967 595/595/595 588/588/588
f 588/588/588 966/966/966 967/967/967
f 951/951/951 612/612/612 595/595/595
f 595/595/595 967/967/967 951/951/951
f 968/968/968 869/869/869 877/877/877
f 877/877/877 888/888/888 968/968/968
f 968/968/968 882/882/882 866/866/866
f 866/866/866 869/869/869 968/968/968
f 916/916/916 969/969/969 553/553/553
f 553/553/553 566/566/566 916/916/916
f 969/969/969 970/970/970 554/554/554
f 554/554/554 553/553/553 969/969/969
