# converted from quonset_hut.glb by gltf2obj.py (node transforms baked, V flipped)
mtllib shelter_quonset_hut.mtl
o Plane.002_Plane.005
g Plane.002_Plane.005
usemtl floor
v -0.624037 0.095238 1
v 0.624037 0.095238 1
v 0.624037 0.095238 -1
v -0.624037 0.095238 -1
v -0.624037 0 1
v -0.624037 0 -1
v 0.624037 0 -1
v 0.624037 0 1
v -0.624037 0.095238 1
v -0.624037 0.095238 -1
v -0.624037 0 -1
v -0.624037 0 1
v 0.624037 0.095238 1
v -0.624037 0.095238 1
v -0.624037 0 1
v 0.624037 0 1
v 0.624037 0.095238 -1
v 0.624037 0.095238 1
v 0.624037 0 1
v 0.624037 0 -1
v -0.624037 0.095238 -1
v 0.624037 0.095238 -1
v 0.624037 0 -1
v -0.624037 0 -1
vt 0.4486 1
vt 0.8973 1
vt 0.8973 0.1988
vt 0.4486 0.1988
vt 0 0.1988
vt 0 1
vt 0.4486 1
vt 0.4486 0.1988
vt 0.9315 0.1988
vt 0.9315 1
vt 0.9658 1
vt 0.9658 0.1988
vt 1 1
vt 1 0.5
vt 0.9658 0.5
vt 0.9658 1
vt 0.8973 0.1988
vt 0.8973 1
vt 0.9315 1
vt 0.9315 0.1988
vt 0.9658 0
vt 0.9658 0.5
vt 1 0.5
vt 1 0
vn 0 1 0
vn 0 1 0
vn 0 1 0
vn 0 1 0
vn 0 -1 0
vn 0 -1 0
vn 0 -1 0
vn 0 -1 0
vn -1 0 0
vn -1 0 0
vn -1 0 0
vn -1 0 0
vn 0 0 1
vn 0 0 1
vn 0 0 1
vn 0 0 1
vn 1 0 0
vn 1 0 0
vn 1 0 0
vn 1 0 0
vn 0 0 -1
vn 0 0 -1
vn 0 0 -1
vn 0 0 -1
f 4/4/4 1/1/1 2/2/2
f 2/2/2 3/3/3 4/4/4
f 8/8/8 5/5/5 6/6/6
f 6/6/6 7/7/7 8/8/8
f 12/12/12 9/9/9 10/10/10
f 10/10/10 11/11/11 12/12/12
f 16/16/16 13/13/13 14/14/14
f 14/14/14 15/15/15 16/16/16
f 20/20/20 17/17/17 18/18/18
f 18/18/18 19/19/19 20/20/20
f 24/24/24 21/21/21 22/22/22
f 22/22/22 23/23/23 24/24/24
o Plane.003_Plane.006
g Plane.003_Plane.006
usemtl material
v -0.257641 0.47534 0.464664
v -0.257641 0.47534 0.487717
v -0.266151 0.485144 0.487717
v -0.266151 0.485144 0.464664
v -0.257827 0.526675 0.464664
v -0.266025 0.518699 0.464664
v -0.266025 0.518699 0.487717
v -0.257827 0.526675 0.487717
v 0.478793 0.48712 -0.940854
v 0.478793 0.490487 -0.937487
v 0 0.490487 -0.937487
v 0 0.48712 -0.940854
v -0.558747 0.074811 0
v -0.558747 0.143552 0
v -0.558747 0.143552 0.949014
v -0.558747 0.074811 0.949014
v -0.630855 0.143552 0.952381
v -0.630855 0.074811 0.952381
v -0.562114 0.074811 0.952381
v -0.562114 0.143552 0.952381
v 0.365475 0.584896 0
v 0.368842 0.588264 0
v 0.368842 0.588264 -0.949014
v 0.365475 0.584896 -0.949014
v -0.547708 0.349099 0
v -0.547708 0.349099 0.949014
v -0.547708 0.372152 0.949014
v -0.547708 0.372152 0
v -0.544341 0.345732 0
v -0.521287 0.345732 0
v -0.521287 0.345732 0.949014
v -0.544341 0.345732 0.949014
v -0.544341 0.372152 0.952381
v -0.544341 0.349099 0.952381
v -0.521287 0.349099 0.952381
v -0.521287 0.372152 0.952381
v 0.266841 0.40804 -0.923254
v 0.266841 0.039455 -0.923254
v 0.270208 0.039455 -0.926621
v 0.270208 0.40804 -0.926621
v -0.365475 0.561843 0
v -0.365475 0.584896 0
v -0.365475 0.584896 0.949014
v -0.365475 0.561843 0.949014
v -0.395262 0.584896 0
v -0.395262 0.561843 0
v -0.395262 0.561843 0.949014
v -0.395262 0.584896 0.949014
v 0.270208 0.40804 0.926621
v 0.270208 0.039455 0.926621
v 0.266841 0.039455 0.923254
v 0.266841 0.40804 0.923254
v 0.266841 0.40804 -0.981508
v 0.266841 0.039455 -0.981508
v 0.21532 0.039455 -0.981508
v 0.21532 0.40804 -0.981508
v -0.368842 0.588264 0
v -0.391895 0.588264 0
v -0.391895 0.588264 0.949014
v -0.368842 0.588264 0.949014
v 0.211953 0.40804 -0.978141
v 0.211953 0.039455 -0.978141
v 0.211953 0.039455 -0.926621
v 0.211953 0.40804 -0.926621
v -0.368842 0.558476 0
v -0.365475 0.561843 0
v -0.365475 0.561843 0.949014
v -0.368842 0.558476 0.949014
v -0.391895 0.584896 0.952381
v -0.391895 0.561843 0.952381
v -0.368842 0.561843 0.952381
v -0.368842 0.584896 0.952381
v -0.161696 0.675694 0
v -0.138643 0.675694 0
v -0.138643 0.675694 0.949014
v -0.161696 0.675694 0.949014
v -0.138643 0.705481 0
v -0.161696 0.705481 0
v -0.161696 0.705481 0.949014
v -0.138643 0.705481 0.949014
v -0.547708 0.349099 0.949014
v -0.547708 0.349099 0
v -0.544341 0.345732 0
v -0.544341 0.345732 0.949014
v -0.135276 0.679061 0
v -0.135276 0.702114 0
v -0.135276 0.702114 0.949014
v -0.135276 0.679061 0.949014
v 0.255974 0.67954 0.963908
v 0.255974 0.530455 0.963908
v 0.255974 0.530455 0.940854
v 0.255974 0.67954 0.940854
v 0.209952 0.034679 0.987458
v 0.209952 0.034679 0.917304
v 0.634135 0.034679 0.917304
v 0.634135 0.034679 0.987458
v -0.478793 0.513204 -0.461297
v -0.478793 0.490487 -0.461297
v -0.266331 0.490487 -0.461297
v -0.251515 0.473421 -0.461297
v -0.25227 0.076489 -0.461297
v -0.22989 0.076489 -0.461297
v -0.230646 0.473421 -0.461297
v -0.21583 0.490487 -0.461297
v 0 0.490487 -0.461297
v 0 0.513204 -0.461297
v -0.214294 0.513088 -0.461297
v -0.230532 0.528478 -0.461297
v -0.22989 0.657432 -0.461297
v -0.252607 0.657432 -0.461297
v -0.252607 0.527525 -0.461297
v -0.267867 0.513088 -0.461297
v -0.161696 0.702114 0.952381
v -0.161696 0.679061 0.952381
v -0.138643 0.679061 0.952381
v -0.138643 0.702114 0.952381
v 0.600779 0.069153 0.510561
v 0.600779 0.069153 0.44182
v 0.590008 0.258423 0.44182
v 0.590008 0.258423 0.510561
v -0.515615 0.245688 -0.44182
v -0.515615 0.245688 -0.510561
v -0.480992 0.372737 -0.510561
v -0.480992 0.372737 -0.44182
v -0.590008 0.258423 -0.510561
v -0.590008 0.258423 -0.44182
v -0.550193 0.402866 -0.44182
v -0.550193 0.402866 -0.510561
v 0.525329 0.107833 -0.44182
v 0.520286 0.177923 -0.44182
v 0.515615 0.245688 -0.44182
v 0.515615 0.245688 -0.510561
v 0.520286 0.177923 -0.510561
v 0.525329 0.107833 -0.510561
v 0.525307 0.069153 -0.510561
v 0.525307 0.069153 -0.44182
v -0.528673 0.065784 0.510561
v -0.597412 0.065784 0.510561
v -0.597412 0.065784 0.44182
v -0.528673 0.065784 0.44182
v 0.366704 0.52511 0.510561
v 0.323846 0.557987 0.510561
v 0.283736 0.588944 0.510561
v 0.283736 0.588944 0.44182
v 0.323846 0.557987 0.44182
v 0.366704 0.52511 0.44182
v 0.404537 0.496868 0.44182
v 0.404537 0.496868 0.510561
v -0.412643 0.584994 -0.44182
v -0.369785 0.617871 -0.44182
v -0.32418 0.652668 -0.44182
v -0.32418 0.652668 -0.510561
v -0.369785 0.617871 -0.510561
v -0.412643 0.584994 -0.510561
v -0.460525 0.547483 -0.510561
v -0.460525 0.547483 -0.44182
v 0.366704 0.52511 -0.44182
v 0.323846 0.557987 -0.44182
v 0.283736 0.588944 -0.44182
v 0.283736 0.588944 -0.510561
v 0.323846 0.557987 -0.510561
v 0.366704 0.52511 -0.510561
v 0.404537 0.496868 -0.510561
v 0.404537 0.496868 -0.44182
v 0.404537 0.496868 -0.510561
v 0.480992 0.372737 -0.510561
v 0.480992 0.372737 -0.44182
v 0.404537 0.496868 -0.44182
v 0.207549 0.665258 0.990119
v 0.206376 0.662071 0.986751
v 0.298442 0.614371 0.986751
v 0.300254 0.617226 0.990119
v 0.283736 0.588944 -0.510561
v 0.283736 0.588944 -0.44182
v 0.196251 0.634279 -0.44182
v 0.196251 0.634279 -0.510561
v 0.196251 0.634279 0.44182
v 0.196251 0.634279 0.510561
v 0.086301 0.659773 0.510561
v 0.086301 0.659773 0.44182
v -0.322369 0.649815 0.438453
v -0.221135 0.701932 0.438453
v -0.09451 0.731391 0.438453
v 0 0.731635 0.438453
v 0 0.662894 0.438453
v -0.086688 0.663142 0.438453
v -0.197424 0.637466 0.438453
v -0.518951 0.24626 0.438453
v -0.528675 0.069152 0.438453
v -0.597412 0.069152 0.438453
v -0.586674 0.257853 0.438453
v -0.547077 0.401509 0.438453
v -0.45799 0.545191 0.438453
v -0.285548 0.591799 0.438453
v -0.407083 0.499169 0.438453
v -0.484114 0.374097 0.438453
v 0.222306 0.705114 -0.44182
v 0.222306 0.705114 -0.510561
v 0.094896 0.734757 -0.510561
v 0.094896 0.734757 -0.44182
v 0.094896 0.734757 -0.44182
v 0.094896 0.734757 -0.510561
v 0 0.735002 -0.510561
v 0 0.735002 -0.44182
v 0.521287 0.375519 0
v 0.544341 0.375519 0
v 0.544341 0.375519 -0.949014
v 0.521287 0.375519 -0.949014
v 0.628019 0.067727 -0.918011
v 0.628019 0.067727 -0.986751
v 0.616753 0.266011 -0.986751
v 0.616753 0.266011 -0.918011
v 0.54236 0.253275 0.918011
v 0.54236 0.253275 0.986751
v 0.505937 0.386892 0.986751
v 0.505937 0.386892 0.918011
v -0.616753 0.266011 -0.986751
v -0.616753 0.266011 -0.918011
v -0.575138 0.41702 -0.918011
v -0.575138 0.41702 -0.986751
v -0.552547 0.067727 -0.918011
v -0.552547 0.067727 -0.986751
v -0.54236 0.253275 -0.986751
v -0.54236 0.253275 -0.918011
v -0.555913 0.064359 0.986751
v -0.624652 0.06436 0.986751
v -0.624652 0.06436 0.918011
v -0.555913 0.064359 0.918011
v 0.425463 0.517523 0.918011
v 0.425463 0.517523 0.986751
v 0.298442 0.614371 0.986751
v 0.298442 0.614371 0.918011
v 0.431495 0.60724 -0.986751
v 0.386564 0.641708 -0.986751
v 0.338886 0.678095 -0.986751
v 0.338886 0.678095 -0.918011
v 0.386564 0.641708 -0.918011
v 0.431495 0.60724 -0.918011
v 0.481451 0.568138 -0.918011
v 0.481451 0.568138 -0.986751
v 0.575138 0.41702 0.986751
v 0.575138 0.41702 0.918011
v 0.481451 0.568138 0.918011
v 0.481451 0.568138 0.986751
v -0.505937 0.386892 -0.918011
v -0.505937 0.386892 -0.986751
v -0.425463 0.517523 -0.986751
v -0.425463 0.517523 -0.918011
v 0.090684 0.688899 0.918011
v 0.090684 0.688899 0.986751
v 0 0.688653 0.986751
v 0 0.688653 0.918011
v 0.298442 0.614371 -0.986751
v 0.298442 0.614371 -0.918011
v 0.206376 0.662071 -0.918011
v 0.206376 0.662071 -0.986751
v 0.338886 0.678095 -0.918011
v 0.338886 0.678095 -0.986751
v 0.23243 0.732907 -0.986751
v 0.23243 0.732907 -0.918011
v -0.572021 0.415664 -0.990119
v -0.575138 0.41702 -0.986751
v -0.481451 0.568138 -0.986751
v -0.478916 0.565846 -0.990119
v 0.23243 0.732907 -0.918011
v 0.23243 0.732907 -0.986751
v 0.099279 0.763883 -0.986751
v 0.099279 0.763883 -0.918011
v -0.091071 0.692268 0.990119
v 0 0.69202 0.990119
v 0 0.760761 0.990119
v -0.098893 0.760517 0.990119
v -0.23126 0.729724 0.990119
v -0.337075 0.675242 0.990119
v -0.478916 0.565846 0.990119
v -0.572021 0.415663 0.990119
v -0.613419 0.26544 0.990119
v -0.624651 0.067727 0.990119
v -0.555915 0.067727 0.990119
v -0.545696 0.253846 0.990119
v -0.509059 0.388251 0.990119
v -0.428009 0.519824 0.990119
v -0.207549 0.665258 0.990119
v -0.300254 0.617226 0.990119
v 0.099279 0.763883 0.986751
v 0.099279 0.763883 0.918011
v 0 0.764128 0.918011
v 0 0.764128 0.986751
v -0.572021 0.415663 0.914643
v -0.478916 0.565846 0.914643
v -0.337075 0.675242 0.914643
v -0.23126 0.729724 0.914643
v -0.098893 0.760517 0.914643
v 0 0.760761 0.914643
v 0 0.69202 0.914643
v -0.091071 0.692268 0.914643
v -0.207549 0.665258 0.914643
v -0.300254 0.617226 0.914643
v -0.428009 0.519824 0.914643
v -0.545696 0.253846 0.914643
v -0.555915 0.067727 0.914643
v -0.624651 0.067727 0.914643
v -0.613419 0.26544 0.914643
v -0.509059 0.388251 0.914643
v -0.216174 0.518638 0.963908
v -0.216174 0.518638 0.940854
v -0.224274 0.526094 0.940854
v -0.224274 0.526094 0.963908
v -0.478793 0.48712 0.940854
v 0 0.48712 0.940854
v 0 0.48712 0.963908
v -0.478793 0.48712 0.963908
v -0.211738 0.516907 0.940854
v -0.211738 0.516907 0.963908
v 0 0.516907 0.963908
v 0 0.516907 0.940854
v -0.270484 0.48712 0.487717
v -0.266331 0.490487 0.491084
v -0.478793 0.490487 0.491084
v -0.478793 0.48712 0.487717
v -0.216009 0.485144 0.464664
v -0.216009 0.485144 0.487717
v -0.22452 0.47534 0.487717
v -0.22452 0.47534 0.464664
v -0.216136 0.518699 0.464664
v -0.224334 0.526675 0.464664
v -0.224334 0.526675 0.487717
v -0.216136 0.518699 0.487717
v -0.211724 0.516907 0.464664
v -0.211724 0.516907 0.487717
v 0 0.516907 0.487717
v 0 0.516907 0.464664
v 0.558747 0.074811 0
v 0.558747 0.143552 0
v 0.558747 0.143552 -0.949014
v 0.558747 0.074811 -0.949014
v -0.51792 0.349099 0
v -0.51792 0.372152 0
v -0.51792 0.372152 0.949014
v -0.51792 0.349099 0.949014
v -0.482161 0.490487 0.963908
v -0.482161 0.51354 0.963908
v -0.482161 0.51354 0.940854
v -0.482161 0.490487 0.940854
v -0.265987 0.518638 0.963908
v -0.257887 0.526094 0.963908
v -0.257887 0.526094 0.940854
v -0.265987 0.518638 0.940854
v 0.478793 0.490487 0.937487
v 0.478793 0.48712 0.940854
v 0 0.48712 0.940854
v 0 0.490487 0.937487
v -0.226187 0.67954 0.963908
v -0.226187 0.530455 0.963908
v -0.226187 0.530455 0.940854
v -0.226187 0.67954 0.940854
v -0.255974 0.67954 0.940854
v -0.255974 0.530455 0.940854
v -0.255974 0.530455 0.963908
v -0.255974 0.67954 0.963908
v -0.226187 0.657432 0.487717
v -0.226187 0.531063 0.487717
v -0.226187 0.531063 0.464664
v -0.226187 0.657432 0.464664
v -0.229554 0.682907 0.963908
v -0.229554 0.682907 0.940854
v -0.252607 0.682907 0.940854
v -0.252607 0.682907 0.963908
v -0.482161 0.490487 0.487717
v -0.482161 0.51354 0.487717
v -0.482161 0.51354 0.464664
v -0.482161 0.490487 0.464664
v -0.478793 0.516907 0.464664
v -0.478793 0.516907 0.487717
v -0.270437 0.516907 0.487717
v -0.270437 0.516907 0.464664
v -0.478793 0.48712 0.487717
v -0.478793 0.48712 0.464664
v -0.270484 0.48712 0.464664
v -0.270484 0.48712 0.487717
v -0.255974 0.657432 0.464664
v -0.255974 0.531063 0.464664
v -0.255974 0.531063 0.487717
v -0.255974 0.657432 0.487717
v -0.229554 0.660799 0.487717
v -0.229554 0.660799 0.464664
v -0.252607 0.660799 0.464664
v -0.252607 0.660799 0.487717
v 0.209952 0.111566 0.917304
v 0.209952 0.111566 0.987458
v 0.634135 0.111566 0.987458
v 0.634135 0.111566 0.917304
v 0.558747 0.074811 0
v 0.562114 0.071444 0
v 0.562114 0.071444 0.949014
v 0.558747 0.074811 0.949014
v 0.221135 0.701932 -0.438453
v 0.09451 0.731391 -0.438453
v 0 0.731635 -0.438453
v 0 0.662894 -0.438453
v 0.086688 0.663142 -0.438453
v 0.197424 0.637466 -0.438453
v 0.285548 0.591799 -0.438453
v 0.407083 0.499169 -0.438453
v 0.518951 0.24626 -0.438453
v 0.528675 0.069152 -0.438453
v 0.597412 0.069152 -0.438453
v 0.586674 0.257853 -0.438453
v 0.547077 0.401509 -0.438453
v 0.45799 0.545191 -0.438453
v 0.322369 0.649815 -0.438453
v 0.484114 0.374097 -0.438453
v -0.091071 0.692268 -0.914643
v 0 0.69202 -0.914643
v 0 0.760761 -0.914643
v -0.098893 0.760517 -0.914643
v -0.23126 0.729724 -0.914643
v -0.337075 0.675242 -0.914643
v -0.478916 0.565846 -0.914643
v -0.572021 0.415664 -0.914643
v -0.613419 0.26544 -0.914643
v -0.624651 0.067727 -0.914643
v -0.555915 0.067727 -0.914643
v -0.545696 0.253846 -0.914643
v -0.509059 0.388251 -0.914643
v -0.428009 0.519824 -0.914643
v -0.207549 0.665258 -0.914643
v -0.300254 0.617226 -0.914643
v -0.284197 0.380791 0.918398
v -0.284197 0.442023 0.918398
v 0 0.442023 0.918398
v 0 0.380791 0.918398
v -0.22282 0.073122 0.494451
v -0.22282 0.073122 0.45793
v -0.259341 0.073122 0.45793
v -0.259341 0.073122 0.494451
v -0.270208 0.40804 0.926621
v -0.270208 0.039455 0.926621
v -0.270208 0.039455 0.978141
v -0.270208 0.40804 0.978141
v -0.208586 0.036088 0.984875
v -0.208586 0.036088 0.919887
v -0.273575 0.036088 0.919887
v -0.273575 0.036088 0.984875
v -0.211953 0.40804 0.978141
v -0.211953 0.039455 0.978141
v -0.211953 0.039455 0.926621
v -0.211953 0.40804 0.926621
v -0.521287 0.375519 0
v -0.544341 0.375519 0
v -0.544341 0.375519 0.949014
v -0.521287 0.375519 0.949014
v -0.21532 0.40804 0.923254
v -0.21532 0.039455 0.923254
v -0.266841 0.039455 0.923254
v -0.266841 0.40804 0.923254
v -0.284197 0.377423 0.982997
v -0.284197 0.377423 0.921765
v 0 0.377423 0.921765
v 0 0.377423 0.982997
v -0.208586 0.411407 0.919887
v -0.208586 0.411407 0.984875
v -0.273575 0.411407 0.984875
v -0.273575 0.411407 0.919887
v -0.287564 0.380791 0.982997
v -0.287564 0.442023 0.982997
v -0.287564 0.442023 0.921765
v -0.287564 0.380791 0.921765
v -0.284197 0.44539 0.921765
v -0.284197 0.44539 0.982997
v 0 0.44539 0.982997
v 0 0.44539 0.921765
v -0.562114 0.146919 0
v -0.558747 0.143552 0
v -0.558747 0.143552 -0.949014
v -0.562114 0.146919 -0.949014
v -0.634222 0.143552 0
v -0.634222 0.074811 0
v -0.634222 0.074811 0.949014
v -0.634222 0.143552 0.949014
v -0.206585 0.038046 0.917304
v -0.206585 0.108199 0.917304
v -0.206585 0.108199 0.987458
v -0.206585 0.038046 0.987458
v -0.209952 0.111566 0.987458
v -0.209952 0.111566 0.917304
v -0.634135 0.111566 0.917304
v -0.634135 0.111566 0.987458
v 0.211677 0.48712 -0.464664
v 0.21583 0.490487 -0.461297
v 0 0.490487 -0.461297
v 0 0.48712 -0.464664
v -0.284197 0.442023 0.986364
v -0.284197 0.380791 0.986364
v 0 0.380791 0.986364
v 0 0.442023 0.986364
v -0.637502 0.108199 0.917304
v -0.637502 0.038046 0.917304
v -0.637502 0.038046 0.987458
v -0.637502 0.108199 0.987458
v 0.558747 0.074811 0.949014
v 0.558747 0.143552 0.949014
v 0.266553 0.51354 0.937487
v 0.478793 0.51354 0.937487
v 0.478793 0.490487 0.937487
v 0 0.490487 0.937487
v 0 0.51354 0.937487
v 0.231158 0.527855 0.937487
v 0.22989 0.67954 0.937487
v 0.25227 0.67954 0.937487
v 0.251002 0.527855 0.937487
v 0.215608 0.51354 0.937487
v 0.211953 0.40804 -0.926621
v 0.211953 0.039455 -0.926621
v 0.21532 0.039455 -0.923254
v 0.21532 0.40804 -0.923254
v -0.214294 0.513115 -0.967275
v -0.211738 0.516907 -0.963908
v 0 0.516907 -0.963908
v 0 0.513204 -0.967275
v 0 0.659527 0.510561
v -0.086301 0.659773 0.510561
v -0.086301 0.659773 0.44182
v 0 0.659527 0.44182
v 0.266151 0.485144 0.487717
v 0.257641 0.47534 0.487717
v 0.257641 0.47534 0.464664
v 0.266151 0.485144 0.464664
v 0.266025 0.518699 0.487717
v 0.266025 0.518699 0.464664
v 0.257827 0.526675 0.464664
v 0.257827 0.526675 0.487717
v -0.215608 0.51354 0.937487
v -0.478793 0.490487 0.937487
v -0.478793 0.51354 0.937487
v -0.251002 0.527855 0.937487
v -0.25227 0.67954 0.937487
v -0.22989 0.67954 0.937487
v -0.231158 0.527855 0.937487
v -0.266553 0.51354 0.937487
v 0.224274 0.526094 0.940854
v 0.216174 0.518638 0.940854
v 0.216174 0.518638 0.963908
v 0.224274 0.526094 0.963908
v 0.634222 0.074811 0
v 0.634222 0.143552 0
v 0.634222 0.143552 0.949014
v 0.634222 0.074811 0.949014
v -0.21532 0.039455 0.981508
v -0.211953 0.039455 0.978141
v -0.211953 0.40804 0.978141
v -0.21532 0.40804 0.981508
v 0.562114 0.074811 0.952381
v 0.630855 0.074811 0.952381
v 0.630855 0.143552 0.952381
v 0.562114 0.143552 0.952381
v -0.630855 0.146919 0
v -0.562114 0.146919 0
v -0.562114 0.146919 -0.949014
v -0.630855 0.146919 -0.949014
v -0.51792 0.349099 -0.949014
v -0.51792 0.372152 -0.949014
v 0.521287 0.375519 0.949014
v 0.544341 0.375519 0.949014
v 0.521287 0.349099 0.952381
v 0.544341 0.349099 0.952381
v 0.544341 0.372152 0.952381
v 0.521287 0.372152 0.952381
v 0.365475 0.584896 0
v 0.365475 0.561843 0
v 0.365475 0.561843 0.949014
v 0.365475 0.584896 0.949014
v 0.51792 0.349099 0
v 0.51792 0.372152 0
v 0.51792 0.372152 -0.949014
v 0.51792 0.349099 -0.949014
v -0.478793 0.48712 0.940854
v -0.478793 0.490487 0.937487
v 0.266331 0.490487 0.491084
v 0.270484 0.48712 0.487717
v 0.478793 0.48712 0.487717
v 0.478793 0.490487 0.491084
v 0.368842 0.558476 0
v 0.391895 0.558476 0
v 0.391895 0.558476 0.949014
v 0.368842 0.558476 0.949014
v 0.391895 0.588264 0
v 0.368842 0.588264 0
v 0.368842 0.588264 0.949014
v 0.391895 0.588264 0.949014
v -0.284197 0.377423 0.921765
v -0.284197 0.380791 0.918398
v 0 0.380791 0.918398
v 0 0.377423 0.921765
v 0.209952 0.038046 -0.990825
v 0.209952 0.108199 -0.990825
v 0.634135 0.108199 -0.990825
v 0.634135 0.038046 -0.990825
v 0.395262 0.561843 0
v 0.395262 0.584896 0
v 0.395262 0.584896 0.949014
v 0.395262 0.561843 0.949014
v -0.209952 0.038046 -0.913937
v -0.209952 0.108199 -0.913937
v -0.634135 0.108199 -0.913937
v -0.634135 0.038046 -0.913937
v -0.630855 0.146919 0.949014
v -0.562114 0.146919 0.949014
v -0.229554 0.474165 -0.491084
v -0.229554 0.076489 -0.491084
v -0.25227 0.076489 -0.491084
v -0.251515 0.473421 -0.491084
v -0.266331 0.490487 -0.491084
v -0.478793 0.490487 -0.491084
v -0.478793 0.513204 -0.491084
v -0.267867 0.513088 -0.491084
v -0.251628 0.528478 -0.491084
v -0.25227 0.657432 -0.491084
v -0.229554 0.657432 -0.491084
v -0.229554 0.527525 -0.491084
v -0.214294 0.513088 -0.491084
v 0 0.513204 -0.491084
v 0 0.490824 -0.491084
v -0.214294 0.491019 -0.491084
v 0.284197 0.442023 -0.918398
v 0.284197 0.44539 -0.921765
v 0 0.44539 -0.921765
v 0 0.442023 -0.918398
v -0.255974 0.470879 -0.464664
v -0.255974 0.470879 -0.487717
v -0.255974 0.076489 -0.487717
v -0.255974 0.076489 -0.464664
v 0 0.490487 -0.967275
v 0.478793 0.490487 -0.967275
v 0.478793 0.48712 -0.963908
v 0 0.48712 -0.963908
v 0.368842 0.561843 0.952381
v 0.391895 0.561843 0.952381
v 0.391895 0.584896 0.952381
v 0.368842 0.584896 0.952381
v 0.161696 0.705481 0
v 0.138643 0.705481 0
v 0.138643 0.705481 0.949014
v 0.161696 0.705481 0.949014
v 0.138643 0.675694 0
v 0.161696 0.675694 0
v 0.161696 0.675694 0.949014
v 0.138643 0.675694 0.949014
v 0.209952 0.111566 -0.917304
v 0.209952 0.108199 -0.913937
v 0.634135 0.108199 -0.913937
v 0.634135 0.111566 -0.917304
v 0.215608 0.51354 -0.937487
v 0 0.51354 -0.937487
v 0 0.490487 -0.937487
v 0.478793 0.490487 -0.937487
v 0.478793 0.51354 -0.937487
v 0.251002 0.527855 -0.937487
v 0.25227 0.67954 -0.937487
v 0.22989 0.67954 -0.937487
v 0.231158 0.527855 -0.937487
v 0.266553 0.51354 -0.937487
v 0.135276 0.702114 0
v 0.135276 0.679061 0
v 0.135276 0.679061 0.949014
v 0.135276 0.702114 0.949014
v -0.478793 0.48712 -0.464664
v -0.478793 0.48712 -0.487717
v -0.270484 0.48712 -0.487717
v -0.270484 0.48712 -0.464664
v -0.086688 0.663142 0.513928
v 0 0.662894 0.513928
v 0 0.731635 0.513928
v -0.09451 0.731391 0.513928
v -0.221135 0.701932 0.513928
v -0.322369 0.649815 0.513928
v -0.45799 0.545191 0.513928
v -0.547077 0.401509 0.513928
v -0.586674 0.257853 0.513928
v -0.597412 0.069152 0.513928
v -0.528675 0.069152 0.513928
v -0.518951 0.24626 0.513928
v -0.484114 0.374097 0.513928
v -0.407083 0.499169 0.513928
v -0.197424 0.637466 0.513928
v -0.285548 0.591799 0.513928
v 0.138643 0.679061 0.952381
v 0.161696 0.679061 0.952381
v 0.161696 0.702114 0.952381
v 0.138643 0.702114 0.952381
v -0.525329 0.107833 0.44182
v -0.520286 0.177923 0.44182
v -0.515615 0.245688 0.44182
v -0.515615 0.245688 0.510561
v -0.520286 0.177923 0.510561
v -0.525329 0.107833 0.510561
v -0.525307 0.069153 0.510561
v -0.525307 0.069153 0.44182
v -0.600779 0.069153 -0.510561
v -0.600779 0.069153 -0.44182
v -0.590008 0.258423 -0.44182
v -0.590008 0.258423 -0.510561
v 0.590008 0.258423 -0.44182
v 0.590008 0.258423 -0.510561
v 0.550193 0.402866 -0.510561
v 0.550193 0.402866 -0.44182
v 0.597412 0.065784 0.44182
v 0.597412 0.065784 0.510561
v 0.528673 0.065784 0.510561
v 0.528673 0.065784 0.44182
v -0.515615 0.245688 0.510561
v -0.515615 0.245688 0.44182
v -0.480992 0.372737 0.44182
v -0.480992 0.372737 0.510561
v 0.509059 0.388251 0.914643
v 0.505937 0.386892 0.918011
v 0.425463 0.517523 0.918011
v 0.428009 0.519824 0.914643
v -0.255974 0.657432 -0.487717
v -0.25227 0.657432 -0.491084
v -0.251628 0.528478 -0.491084
v -0.255974 0.531063 -0.487717
v 0.550193 0.402866 -0.44182
v 0.550193 0.402866 -0.510561
v 0.460525 0.547483 -0.510561
v 0.460525 0.547483 -0.44182
v 0.45799 0.545191 0.513928
v 0.322369 0.649815 0.513928
v 0.221135 0.701932 0.513928
v 0.09451 0.731391 0.513928
v 0.086688 0.663142 0.513928
v 0.197424 0.637466 0.513928
v 0.518951 0.24626 0.513928
v 0.528675 0.069152 0.513928
v 0.597412 0.069152 0.513928
v 0.586674 0.257853 0.513928
v 0.547077 0.401509 0.513928
v 0.285548 0.591799 0.513928
v 0.407083 0.499169 0.513928
v 0.484114 0.374097 0.513928
v 0.479411 0.429072 -0.986751
v 0.505937 0.386892 -0.986751
v 0.505937 0.386892 -0.918011
v 0.479411 0.429072 -0.918011
v 0.450383 0.47603 -0.918011
v 0.425463 0.517523 -0.918011
v 0.425463 0.517523 -0.986751
v 0.450383 0.47603 -0.986751
v -0.32418 0.652668 -0.510561
v -0.32418 0.652668 -0.44182
v -0.222306 0.705114 -0.44182
v -0.222306 0.705114 -0.510561
v -0.283736 0.588944 0.510561
v -0.283736 0.588944 0.44182
v -0.196251 0.634279 0.44182
v -0.196251 0.634279 0.510561
v -0.222306 0.705114 0.44182
v -0.222306 0.705114 0.510561
v -0.094896 0.734757 0.510561
v -0.094896 0.734757 0.44182
v -0.425463 0.517523 0.918011
v -0.428009 0.519824 0.914643
v -0.300254 0.617226 0.914643
v -0.298442 0.614371 0.918011
v -0.094896 0.734757 0.44182
v -0.094896 0.734757 0.510561
v 0 0.735002 0.510561
v 0 0.735002 0.44182
v 0 0.659527 0.44182
v 0 0.659527 0.510561
v 0 0.662894 0.513928
v 0 0.731635 0.513928
v 0 0.735002 0.510561
v 0 0.735002 0.44182
v 0 0.731635 0.438453
v 0 0.662894 0.438453
v 0.552547 0.067727 -0.986751
v 0.552547 0.067727 -0.918011
v 0.54236 0.253275 -0.918011
v 0.54236 0.253275 -0.986751
v -0.628019 0.067727 0.918011
v -0.628019 0.067727 0.986751
v -0.616753 0.266011 0.986751
v -0.616753 0.266011 0.918011
v 0.365475 0.561843 0
v 0.368842 0.558476 0
v 0.368842 0.558476 0.949014
v 0.365475 0.561843 0.949014
v -0.338886 0.678095 -0.986751
v -0.338886 0.678095 -0.918011
v -0.23243 0.732907 -0.918011
v -0.23243 0.732907 -0.986751
v 0.624652 0.06436 0.918011
v 0.624652 0.06436 0.986751
v 0.555913 0.064359 0.986751
v 0.555913 0.064359 0.918011
v -0.54236 0.253275 -0.918011
v -0.54236 0.253275 -0.986751
v -0.505937 0.386892 -0.986751
v -0.505937 0.386892 -0.918011
v -0.431495 0.60724 0.986751
v -0.386564 0.641708 0.986751
v -0.338886 0.678095 0.986751
v -0.338886 0.678095 0.918011
v -0.386564 0.641708 0.918011
v -0.431495 0.60724 0.918011
v -0.481451 0.568138 0.918011
v -0.481451 0.568138 0.986751
v -0.479411 0.429072 0.986751
v -0.505937 0.386892 0.986751
v -0.505937 0.386892 0.918011
v -0.479411 0.429072 0.918011
v -0.450383 0.47603 0.918011
v -0.425463 0.517523 0.918011
v -0.425463 0.517523 0.986751
v -0.450383 0.47603 0.986751
v -0.575138 0.41702 -0.986751
v -0.575138 0.41702 -0.918011
v -0.481451 0.568138 -0.918011
v -0.481451 0.568138 -0.986751
v 0.550193 0.402866 0.510561
v 0.550193 0.402866 0.44182
v 0.460525 0.547483 0.44182
v 0.460525 0.547483 0.510561
v 0.613419 0.26544 0.990119
v 0.572021 0.415663 0.990119
v 0.478916 0.565846 0.990119
v 0.337075 0.675242 0.990119
v 0.23126 0.729724 0.990119
v 0.098893 0.760517 0.990119
v 0.091071 0.692268 0.990119
v 0.207549 0.665258 0.990119
v 0.545696 0.253846 0.990119
v 0.555915 0.067727 0.990119
v 0.624651 0.067727 0.990119
v 0.300254 0.617226 0.990119
v 0.428009 0.519824 0.990119
v 0.509059 0.388251 0.990119
v 0.478793 0.516907 -0.487717
v 0.478793 0.513204 -0.491084
v 0.267867 0.513088 -0.491084
v 0.270437 0.516907 -0.487717
v 0.515615 0.245688 0.44182
v 0.515615 0.245688 0.510561
v 0.480992 0.372737 0.510561
v 0.480992 0.372737 0.44182
v -0.23243 0.732907 -0.986751
v -0.23243 0.732907 -0.918011
v -0.099279 0.763883 -0.918011
v -0.099279 0.763883 -0.986751
v -0.138643 0.705481 -0.949014
v -0.161696 0.705481 -0.949014
v -0.206376 0.662071 0.986751
v -0.206376 0.662071 0.918011
v -0.090684 0.688899 0.918011
v -0.090684 0.688899 0.986751
v 0.094896 0.734757 0.510561
v 0.094896 0.734757 0.44182
v 0 0.735002 0.44182
v 0 0.735002 0.510561
v 0 0.688653 0.918011
v 0 0.688653 0.986751
v 0 0.69202 0.990119
v 0 0.760761 0.990119
v 0 0.764128 0.986751
v 0 0.764128 0.918011
v 0 0.760761 0.914643
v 0 0.69202 0.914643
v 0.391895 0.588264 0
v 0.395262 0.584896 0
v 0.395262 0.584896 -0.949014
v 0.391895 0.588264 -0.949014
v 0.478793 0.48712 0.940854
v 0.478793 0.48712 0.963908
v 0 0.48712 0.940854
v 0 0.48712 0.963908
v 0 0.490487 0.967275
v 0 0.513204 0.967275
v 0 0.516907 0.963908
v 0 0.516907 0.940854
v 0 0.51354 0.937487
v 0 0.490487 0.937487
v 0.224334 0.526675 0.487717
v 0.224334 0.526675 0.464664
v 0.216136 0.518699 0.464664
v 0.216136 0.518699 0.487717
v 0.22452 0.47534 0.487717
v 0.216009 0.485144 0.487717
v 0.216009 0.485144 0.464664
v 0.22452 0.47534 0.464664
v 0.211677 0.48712 0.464664
v 0.211677 0.48712 0.487717
v 0 0.48712 0.487717
v 0 0.48712 0.464664
v 0.211724 0.516907 0.487717
v 0.211724 0.516907 0.464664
v 0 0.48712 0.464664
v 0 0.48712 0.487717
v 0 0.490824 0.491084
v 0 0.513204 0.491084
v 0 0.516907 0.487717
v 0 0.516907 0.464664
v 0 0.513204 0.461297
v 0 0.490487 0.461297
v 0.547708 0.349099 0
v 0.547708 0.372152 0
v 0.547708 0.372152 0.949014
v 0.547708 0.349099 0.949014
v 0.51792 0.349099 0.949014
v 0.51792 0.372152 0.949014
v 0.482161 0.51354 0.940854
v 0.482161 0.51354 0.963908
v 0.482161 0.490487 0.963908
v 0.482161 0.490487 0.940854
v 0.257887 0.526094 0.940854
v 0.257887 0.526094 0.963908
v 0.265987 0.518638 0.963908
v 0.265987 0.518638 0.940854
v 0.634222 0.074811 -0.949014
v 0.634222 0.074811 0
v 0.630855 0.071444 0
v 0.630855 0.071444 -0.949014
v 0.226187 0.67954 0.940854
v 0.226187 0.530455 0.940854
v 0.226187 0.530455 0.963908
v 0.226187 0.67954 0.963908
v 0.252607 0.682907 0.940854
v 0.229554 0.682907 0.940854
v 0.229554 0.682907 0.963908
v 0.252607 0.682907 0.963908
v 0.482161 0.51354 0.464664
v 0.482161 0.51354 0.487717
v 0.482161 0.490487 0.487717
v 0.482161 0.490487 0.464664
v 0.478793 0.48712 0.464664
v 0.478793 0.48712 0.487717
v 0.270484 0.48712 0.487717
v 0.270484 0.48712 0.464664
v 0.226187 0.657432 0.464664
v 0.226187 0.531063 0.464664
v 0.226187 0.531063 0.487717
v 0.226187 0.657432 0.487717
v 0.255974 0.657432 0.464664
v 0.255974 0.657432 0.487717
v 0.255974 0.531063 0.487717
v 0.255974 0.531063 0.464664
v 0.252607 0.660799 0.464664
v 0.229554 0.660799 0.464664
v 0.229554 0.660799 0.487717
v 0.252607 0.660799 0.487717
v 0.284197 0.380791 0.918398
v 0.284197 0.377423 0.921765
v 0.259341 0.073122 0.45793
v 0.22282 0.073122 0.45793
v 0.22282 0.073122 0.494451
v 0.259341 0.073122 0.494451
v 0.273575 0.036088 0.919887
v 0.208586 0.036088 0.919887
v 0.208586 0.036088 0.984875
v 0.273575 0.036088 0.984875
v 0.284197 0.377423 0.921765
v 0.284197 0.377423 0.982997
v 0.266841 0.40804 0.923254
v 0.266841 0.039455 0.923254
v 0.21532 0.039455 0.923254
v 0.21532 0.40804 0.923254
v 0.273575 0.411407 0.984875
v 0.208586 0.411407 0.984875
v 0.208586 0.411407 0.919887
v 0.273575 0.411407 0.919887
v -0.562114 0.071444 0
v -0.630855 0.071444 0
v -0.630855 0.071444 -0.949014
v -0.562114 0.071444 -0.949014
v 0.287564 0.442023 0.921765
v 0.287564 0.442023 0.982997
v 0.287564 0.380791 0.982997
v 0.287564 0.380791 0.921765
v 0.521287 0.345732 0
v 0.544341 0.345732 0
v 0.544341 0.345732 0.949014
v 0.521287 0.345732 0.949014
v 0.284197 0.442023 0.918398
v 0.284197 0.380791 0.918398
v 0.284197 0.44539 0.982997
v 0.284197 0.44539 0.921765
v 0 0.377423 0.921765
v 0 0.377423 0.982997
v 0 0.380791 0.986364
v 0 0.442023 0.986364
v 0 0.44539 0.982997
v 0 0.44539 0.921765
v 0 0.442023 0.918398
v 0 0.380791 0.918398
v 0.206585 0.108199 0.987458
v 0.206585 0.108199 0.917304
v 0.206585 0.038046 0.917304
v 0.206585 0.038046 0.987458
v 0.637502 0.038046 0.987458
v 0.637502 0.038046 0.917304
v 0.637502 0.108199 0.917304
v 0.637502 0.108199 0.987458
v -0.214294 0.513115 -0.967275
v 0 0.513204 -0.967275
v 0 0.490487 -0.967275
v -0.478793 0.490487 -0.967275
v -0.478793 0.513204 -0.967275
v -0.267867 0.513115 -0.967275
v -0.252607 0.526836 -0.967275
v -0.252607 0.67954 -0.967275
v -0.22989 0.67954 -0.967275
v -0.230661 0.527855 -0.967275
v -0.161696 0.675694 -0.949014
v -0.138643 0.675694 -0.949014
v 0.365475 0.584896 0.949014
v 0.368842 0.588264 0.949014
v -0.266151 0.485144 -0.487717
v -0.257641 0.47534 -0.487717
v -0.257641 0.47534 -0.464664
v -0.266151 0.485144 -0.464664
v -0.266025 0.518699 -0.487717
v -0.266025 0.518699 -0.464664
v -0.257827 0.526675 -0.464664
v -0.257827 0.526675 -0.487717
v -0.224274 0.526094 -0.940854
v -0.216174 0.518638 -0.940854
v -0.216174 0.518638 -0.963908
v -0.224274 0.526094 -0.963908
v -0.634222 0.143552 -0.949014
v -0.634222 0.074811 -0.949014
v -0.562114 0.074811 -0.952381
v -0.630855 0.074811 -0.952381
v -0.630855 0.143552 -0.952381
v -0.562114 0.143552 -0.952381
v -0.562114 0.146919 0
v -0.630855 0.146919 0
v -0.634222 0.143552 0
v -0.634222 0.074811 0
v -0.630855 0.071444 0
v -0.562114 0.071444 0
v -0.558747 0.074811 0
v -0.558747 0.143552 0
v -0.558747 0.074811 -0.949014
v -0.558747 0.143552 -0.949014
v -0.562114 0.071444 0.949014
v -0.630855 0.071444 0.949014
v -0.226187 0.531063 -0.487717
v -0.229554 0.527525 -0.491084
v -0.229554 0.657432 -0.491084
v -0.226187 0.657432 -0.487717
v -0.255974 0.470879 0.487717
v -0.255974 0.470879 0.464664
v -0.255974 0.076489 0.464664
v -0.255974 0.076489 0.487717
v -0.209952 0.034679 0.917304
v -0.209952 0.034679 0.987458
v -0.634135 0.034679 0.987458
v -0.634135 0.034679 0.917304
v -0.391895 0.558476 0
v -0.368842 0.558476 0
v -0.368842 0.558476 0.949014
v -0.391895 0.558476 0.949014
v -0.544341 0.345732 -0.949014
v -0.521287 0.345732 -0.949014
v -0.521287 0.375519 -0.949014
v -0.544341 0.375519 -0.949014
v -0.391895 0.558476 -0.949014
v -0.368842 0.558476 -0.949014
v -0.521287 0.349099 -0.952381
v -0.544341 0.349099 -0.952381
v -0.544341 0.372152 -0.952381
v -0.521287 0.372152 -0.952381
v -0.368842 0.588264 0
v -0.391895 0.588264 0
v -0.395262 0.584896 0
v -0.395262 0.561843 0
v -0.391895 0.558476 0
v -0.368842 0.558476 0
v -0.365475 0.561843 0
v -0.365475 0.584896 0
v -0.365475 0.561843 -0.949014
v -0.365475 0.584896 -0.949014
v -0.368842 0.588264 -0.949014
v -0.391895 0.588264 -0.949014
v 0.229554 0.527525 -0.491084
v 0.226187 0.531063 -0.487717
v 0.226187 0.657432 -0.487717
v 0.229554 0.657432 -0.491084
v -0.395262 0.584896 -0.949014
v -0.395262 0.561843 -0.949014
v 0.562114 0.146919 0
v 0.630855 0.146919 0
v 0.630855 0.146919 -0.949014
v 0.562114 0.146919 -0.949014
v -0.368842 0.561843 -0.952381
v -0.391895 0.561843 -0.952381
v -0.391895 0.584896 -0.952381
v -0.368842 0.584896 -0.952381
v -0.478793 0.48712 0.464664
v -0.478793 0.490487 0.461297
v -0.266331 0.490487 0.461297
v -0.270484 0.48712 0.464664
v -0.138643 0.705481 0
v -0.161696 0.705481 0
v -0.165063 0.702114 0
v -0.165063 0.679061 0
v -0.161696 0.675694 0
v -0.138643 0.675694 0
v -0.135276 0.679061 0
v -0.135276 0.702114 0
v -0.266331 0.490487 -0.491084
v -0.270484 0.48712 -0.487717
v -0.478793 0.48712 -0.487717
v -0.478793 0.490487 -0.491084
v -0.284197 0.442023 0.918398
v -0.284197 0.44539 0.921765
v 0 0.44539 0.921765
v 0 0.442023 0.918398
v -0.267867 0.513115 0.967275
v -0.478793 0.513204 0.967275
v -0.478793 0.490487 0.967275
v 0 0.490487 0.967275
v 0 0.513204 0.967275
v -0.214294 0.513115 0.967275
v -0.230661 0.527855 0.967275
v -0.22989 0.67954 0.967275
v -0.252607 0.67954 0.967275
v -0.252607 0.526836 0.967275
v 0.091071 0.692268 0.914643
v 0.098893 0.760517 0.914643
v 0.23126 0.729724 0.914643
v 0.337075 0.675242 0.914643
v 0.478916 0.565846 0.914643
v 0.572021 0.415663 0.914643
v 0.613419 0.26544 0.914643
v 0.624651 0.067727 0.914643
v 0.555915 0.067727 0.914643
v 0.545696 0.253846 0.914643
v 0.509059 0.388251 0.914643
v 0.428009 0.519824 0.914643
v 0.207549 0.665258 0.914643
v 0.300254 0.617226 0.914643
v -0.165063 0.679061 0
v -0.165063 0.702114 0
v -0.165063 0.702114 -0.949014
v -0.165063 0.679061 -0.949014
v 0.222306 0.705114 0.510561
v 0.222306 0.705114 0.44182
v 0.094896 0.734757 0.44182
v 0.094896 0.734757 0.510561
v -0.138643 0.679061 -0.952381
v -0.161696 0.679061 -0.952381
v -0.161696 0.702114 -0.952381
v -0.138643 0.702114 -0.952381
v 0.525307 0.069153 0.44182
v 0.525307 0.069153 0.510561
v 0.515615 0.245688 0.510561
v 0.515615 0.245688 0.44182
v -0.22989 0.67954 -0.937487
v -0.231158 0.527855 -0.937487
v -0.226187 0.530455 -0.940854
v -0.226187 0.67954 -0.940854
v -0.391895 0.588264 0
v -0.395262 0.584896 0
v -0.395262 0.584896 0.949014
v -0.391895 0.588264 0.949014
v 0.32418 0.652668 0.510561
v 0.32418 0.652668 0.44182
v 0.222306 0.705114 0.44182
v 0.222306 0.705114 0.510561
v 0.099279 0.763883 0.918011
v 0.098893 0.760517 0.914643
v 0 0.760761 0.914643
v 0 0.764128 0.918011
v -0.597412 0.065784 -0.44182
v -0.597412 0.065784 -0.510561
v -0.528673 0.065784 -0.510561
v -0.528673 0.065784 -0.44182
v 0.515615 0.245688 -0.510561
v 0.515615 0.245688 -0.44182
v 0.480992 0.372737 -0.44182
v 0.480992 0.372737 -0.510561
v 0.197424 0.637466 0.438453
v 0.196251 0.634279 0.44182
v 0.086301 0.659773 0.44182
v 0.086688 0.663142 0.438453
v 0.412643 0.584994 -0.510561
v 0.369785 0.617871 -0.510561
v 0.32418 0.652668 -0.510561
v 0.32418 0.652668 -0.44182
v 0.369785 0.617871 -0.44182
v 0.412643 0.584994 -0.44182
v 0.460525 0.547483 -0.44182
v 0.460525 0.547483 -0.510561
v -0.404537 0.496868 0.510561
v -0.480992 0.372737 0.510561
v -0.480992 0.372737 0.44182
v -0.404537 0.496868 0.44182
v -0.550193 0.402866 0.44182
v -0.550193 0.402866 0.510561
v -0.460525 0.547483 0.510561
v -0.460525 0.547483 0.44182
v -0.366704 0.52511 0.44182
v -0.323846 0.557987 0.44182
v -0.283736 0.588944 0.44182
v -0.283736 0.588944 0.510561
v -0.323846 0.557987 0.510561
v -0.366704 0.52511 0.510561
v -0.404537 0.496868 0.510561
v -0.404537 0.496868 0.44182
v 0.086301 0.659773 0.44182
v 0.086301 0.659773 0.510561
v 0 0.659527 0.510561
v 0 0.659527 0.44182
v 0.32418 0.652668 -0.44182
v 0.32418 0.652668 -0.510561
v 0.222306 0.705114 -0.510561
v 0.222306 0.705114 -0.44182
v 0.206376 0.662071 -0.986751
v 0.206376 0.662071 -0.918011
v 0.090684 0.688899 -0.918011
v 0.090684 0.688899 -0.986751
v 0.54236 0.253275 -0.986751
v 0.54236 0.253275 -0.918011
v 0.505937 0.386892 -0.918011
v 0.505937 0.386892 -0.986751
v 0.196251 0.634279 -0.510561
v 0.196251 0.634279 -0.44182
v 0.086301 0.659773 -0.44182
v 0.086301 0.659773 -0.510561
v 0.613419 0.26544 -0.914643
v 0.616753 0.266011 -0.918011
v 0.575138 0.41702 -0.918011
v 0.572021 0.415664 -0.914643
v 0.481451 0.568138 0.918011
v 0.478916 0.565846 0.914643
v 0.337075 0.675242 0.914643
v 0.338886 0.678095 0.918011
v 0.386564 0.641708 0.918011
v 0.431495 0.60724 0.918011
v -0.628019 0.067727 -0.986751
v -0.628019 0.067727 -0.918011
v -0.616753 0.266011 -0.918011
v -0.616753 0.266011 -0.986751
v 0.628019 0.067727 0.986751
v 0.628019 0.067727 0.918011
v 0.616753 0.266011 0.918011
v 0.616753 0.266011 0.986751
v 0.616753 0.266011 0.986751
v 0.616753 0.266011 0.918011
v 0.575138 0.41702 0.918011
v 0.575138 0.41702 0.986751
v -0.624652 0.06436 -0.918011
v -0.624652 0.06436 -0.986751
v -0.555913 0.064359 -0.986751
v -0.555913 0.064359 -0.918011
v -0.298442 0.614371 -0.918011
v -0.298442 0.614371 -0.986751
v -0.206376 0.662071 -0.986751
v -0.206376 0.662071 -0.918011
v -0.412643 0.584994 0.510561
v -0.369785 0.617871 0.510561
v -0.32418 0.652668 0.510561
v -0.32418 0.652668 0.44182
v -0.369785 0.617871 0.44182
v -0.412643 0.584994 0.44182
v -0.460525 0.547483 0.44182
v -0.460525 0.547483 0.510561
v -0.480992 0.372737 -0.44182
v -0.480992 0.372737 -0.510561
v -0.404537 0.496868 -0.510561
v -0.404537 0.496868 -0.44182
v -0.425463 0.517523 -0.918011
v -0.425463 0.517523 -0.986751
v -0.298442 0.614371 -0.986751
v -0.298442 0.614371 -0.918011
v 0.425463 0.517523 -0.986751
v 0.425463 0.517523 -0.918011
v 0.298442 0.614371 -0.918011
v 0.298442 0.614371 -0.986751
v 0 0.688653 0.986751
v -0.090684 0.688899 0.986751
v -0.090684 0.688899 0.918011
v 0 0.688653 0.918011
v 0.630855 0.071444 0
v 0.562114 0.071444 0
v 0.562114 0.071444 -0.949014
v 0.630855 0.071444 -0.949014
v -0.338886 0.678095 0.918011
v -0.338886 0.678095 0.986751
v -0.23243 0.732907 0.986751
v -0.23243 0.732907 0.918011
v -0.298442 0.614371 0.986751
v -0.298442 0.614371 0.918011
v -0.206376 0.662071 0.918011
v -0.206376 0.662071 0.986751
v -0.460525 0.547483 -0.44182
v -0.45799 0.545191 -0.438453
v -0.322369 0.649815 -0.438453
v -0.32418 0.652668 -0.44182
v -0.369785 0.617871 -0.44182
v -0.412643 0.584994 -0.44182
v 0.206376 0.662071 0.918011
v 0.206376 0.662071 0.986751
v 0.090684 0.688899 0.986751
v 0.090684 0.688899 0.918011
v -0.099279 0.763883 0.918011
v -0.099279 0.763883 0.986751
v 0 0.764128 0.986751
v 0 0.764128 0.918011
v 0.562114 0.146919 0.949014
v 0.630855 0.146919 0.949014
v -0.211738 0.516907 -0.963908
v -0.211738 0.516907 -0.940854
v 0 0.516907 -0.940854
v 0 0.516907 -0.963908
v 0.51792 0.349099 0
v 0.51792 0.349099 -0.949014
v 0.521287 0.345732 -0.949014
v 0.521287 0.345732 0
v -0.224334 0.526675 -0.487717
v -0.224334 0.526675 -0.464664
v -0.216136 0.518699 -0.464664
v -0.216136 0.518699 -0.487717
v -0.22452 0.47534 -0.487717
v -0.216009 0.485144 -0.487717
v -0.216009 0.485144 -0.464664
v -0.22452 0.47534 -0.464664
v -0.211677 0.48712 -0.464664
v -0.211677 0.48712 -0.487717
v 0 0.48712 -0.487717
v 0 0.48712 -0.464664
v 0.478793 0.516907 0.963908
v 0.478793 0.516907 0.940854
v 0.270423 0.516907 0.940854
v 0.270423 0.516907 0.963908
v -0.211724 0.516907 -0.487717
v -0.211724 0.516907 -0.464664
v 0 0.516907 -0.464664
v 0 0.516907 -0.487717
v -0.521287 0.375519 0
v -0.544341 0.375519 0
v -0.547708 0.372152 0
v -0.547708 0.349099 0
v -0.544341 0.345732 0
v -0.521287 0.345732 0
v -0.51792 0.349099 0
v -0.51792 0.372152 0
v -0.547708 0.372152 -0.949014
v -0.547708 0.349099 -0.949014
v -0.482161 0.51354 -0.940854
v -0.482161 0.51354 -0.963908
v -0.482161 0.490487 -0.963908
v -0.482161 0.490487 -0.940854
v -0.478793 0.48712 -0.940854
v -0.478793 0.48712 -0.963908
v 0 0.48712 -0.963908
v 0 0.48712 -0.940854
v -0.257887 0.526094 -0.940854
v -0.257887 0.526094 -0.963908
v -0.265987 0.518638 -0.963908
v -0.265987 0.518638 -0.940854
v 0.634135 0.034679 0.917304
v 0.209952 0.034679 0.917304
v 0.209952 0.038046 0.913937
v 0.634135 0.038046 0.913937
v -0.478793 0.51354 -0.937487
v -0.478793 0.490487 -0.937487
v -0.231158 0.527855 -0.937487
v -0.22989 0.67954 -0.937487
v -0.25227 0.67954 -0.937487
v -0.251002 0.527855 -0.937487
v -0.266553 0.51354 -0.937487
v -0.215608 0.51354 -0.937487
v -0.255974 0.67954 -0.963908
v -0.255974 0.530455 -0.963908
v -0.255974 0.530455 -0.940854
v -0.255974 0.67954 -0.940854
v -0.226187 0.67954 -0.940854
v -0.226187 0.530455 -0.940854
v -0.226187 0.530455 -0.963908
v -0.226187 0.67954 -0.963908
v -0.252607 0.682907 -0.940854
v -0.229554 0.682907 -0.940854
v -0.229554 0.682907 -0.963908
v -0.252607 0.682907 -0.963908
v 0.21583 0.490487 0.461297
v 0 0.490487 0.461297
v 0 0.513204 0.461297
v 0.214294 0.513204 0.461297
v 0.230532 0.528478 0.461297
v 0.22989 0.657432 0.461297
v 0.252607 0.657432 0.461297
v 0.252607 0.527525 0.461297
v 0.267867 0.513088 0.461297
v 0.478793 0.513204 0.461297
v 0.478793 0.490487 0.461297
v 0.266331 0.490487 0.461297
v 0.251515 0.473421 0.461297
v 0.25227 0.076489 0.461297
v 0.22989 0.076489 0.461297
v 0.230646 0.473421 0.461297
v -0.482161 0.51354 -0.464664
v -0.482161 0.51354 -0.487717
v -0.482161 0.490487 -0.487717
v -0.482161 0.490487 -0.464664
v -0.478793 0.516907 -0.487717
v -0.478793 0.516907 -0.464664
v -0.270437 0.516907 -0.464664
v -0.270437 0.516907 -0.487717
v -0.226187 0.657432 -0.464664
v -0.226187 0.531063 -0.464664
v -0.226187 0.531063 -0.487717
v -0.226187 0.657432 -0.487717
v 0.478793 0.516907 0.487717
v 0.478793 0.516907 0.464664
v 0.270437 0.516907 0.464664
v 0.270437 0.516907 0.487717
v -0.255974 0.657432 -0.487717
v -0.255974 0.531063 -0.487717
v -0.255974 0.531063 -0.464664
v -0.255974 0.657432 -0.464664
v -0.252607 0.660799 -0.464664
v -0.229554 0.660799 -0.464664
v -0.229554 0.660799 -0.487717
v -0.252607 0.660799 -0.487717
v -0.21532 0.40804 -0.981508
v -0.21532 0.039455 -0.981508
v -0.266841 0.039455 -0.981508
v -0.266841 0.40804 -0.981508
v -0.259341 0.073122 -0.45793
v -0.22282 0.073122 -0.45793
v -0.22282 0.073122 -0.494451
v -0.259341 0.073122 -0.494451
v -0.273575 0.036088 -0.919887
v -0.208586 0.036088 -0.919887
v -0.208586 0.036088 -0.984875
v -0.273575 0.036088 -0.984875
v -0.211953 0.40804 -0.926621
v -0.211953 0.039455 -0.926621
v -0.211953 0.039455 -0.978141
v -0.211953 0.40804 -0.978141
v -0.273575 0.411407 -0.984875
v -0.208586 0.411407 -0.984875
v -0.208586 0.411407 -0.919887
v -0.273575 0.411407 -0.919887
v -0.287564 0.442023 -0.921765
v -0.287564 0.442023 -0.982997
v -0.287564 0.380791 -0.982997
v -0.287564 0.380791 -0.921765
v -0.284197 0.377424 -0.921765
v -0.284197 0.377424 -0.982997
v 0 0.377424 -0.982997
v 0 0.377424 -0.921765
v -0.284197 0.442023 -0.918398
v -0.284197 0.380791 -0.918398
v 0 0.380791 -0.918398
v 0 0.442023 -0.918398
v -0.284197 0.380791 -0.986364
v -0.284197 0.442023 -0.986364
v 0 0.442023 -0.986364
v 0 0.380791 -0.986364
v -0.284197 0.44539 -0.982997
v -0.284197 0.44539 -0.921765
v 0 0.44539 -0.921765
v 0 0.44539 -0.982997
v -0.209952 0.034679 -0.987458
v -0.209952 0.034679 -0.917304
v -0.634135 0.034679 -0.917304
v -0.634135 0.034679 -0.987458
v -0.206585 0.108199 -0.987458
v -0.206585 0.108199 -0.917304
v -0.206585 0.038046 -0.917304
v -0.206585 0.038046 -0.987458
v -0.270208 0.40804 -0.978141
v -0.270208 0.039455 -0.978141
v -0.270208 0.039455 -0.926621
v -0.270208 0.40804 -0.926621
v 0 0.380791 0.986364
v -0.284197 0.380791 0.986364
v -0.284197 0.377423 0.982997
v 0 0.377423 0.982997
v -0.637502 0.038046 -0.987458
v -0.637502 0.038046 -0.917304
v -0.637502 0.108199 -0.917304
v -0.637502 0.108199 -0.987458
v 0.209952 0.034679 -0.917304
v 0.209952 0.034679 -0.987458
v 0.634135 0.034679 -0.987458
v 0.634135 0.034679 -0.917304
v 0.251515 0.473421 -0.491084
v 0.25227 0.076489 -0.491084
v 0.229554 0.076489 -0.491084
v 0.229554 0.474165 -0.491084
v 0.214294 0.490824 -0.491084
v 0.214294 0.513204 -0.491084
v 0.229554 0.527525 -0.491084
v 0.229554 0.657432 -0.491084
v 0.25227 0.657432 -0.491084
v 0.251628 0.528478 -0.491084
v 0.267867 0.513088 -0.491084
v 0.478793 0.513204 -0.491084
v 0.478793 0.490487 -0.491084
v 0.266331 0.490487 -0.491084
v -0.090684 0.688899 -0.918011
v -0.090684 0.688899 -0.986751
v 0 0.688653 -0.986751
v 0 0.688653 -0.918011
v -0.086301 0.659773 -0.44182
v -0.086301 0.659773 -0.510561
v 0 0.659527 -0.510561
v 0 0.659527 -0.44182
v -0.209952 0.111566 -0.987458
v -0.209952 0.108199 -0.990825
v -0.634135 0.108199 -0.990825
v -0.634135 0.111566 -0.987458
v 0.257641 0.47534 -0.464664
v 0.257641 0.47534 -0.487717
v 0.266151 0.485144 -0.487717
v 0.266151 0.485144 -0.464664
v 0.257827 0.526675 -0.464664
v 0.266025 0.518699 -0.464664
v 0.266025 0.518699 -0.487717
v 0.257827 0.526675 -0.487717
v 0.521287 0.345732 -0.949014
v 0.544341 0.345732 -0.949014
v 0.634222 0.074811 -0.949014
v 0.634222 0.143552 -0.949014
v 0.630855 0.143552 -0.952381
v 0.630855 0.074811 -0.952381
v 0.562114 0.074811 -0.952381
v 0.562114 0.143552 -0.952381
v 0.634222 0.074811 0
v 0.634222 0.143552 0
v 0.630855 0.146919 0
v 0.562114 0.146919 0
v 0.558747 0.143552 0
v 0.558747 0.074811 0
v 0.562114 0.071444 0
v 0.630855 0.071444 0
v 0.547708 0.349099 -0.949014
v 0.547708 0.372152 -0.949014
v 0.544341 0.372152 -0.952381
v 0.544341 0.349099 -0.952381
v 0.521287 0.349099 -0.952381
v 0.521287 0.372152 -0.952381
v 0.395262 0.561843 0
v 0.395262 0.584896 0
v 0.391895 0.588264 0
v 0.368842 0.588264 0
v 0.365475 0.584896 0
v 0.365475 0.561843 0
v 0.368842 0.558476 0
v 0.391895 0.558476 0
v 0.395262 0.561843 -0.949014
v 0.395262 0.584896 -0.949014
v 0.365475 0.584896 -0.949014
v 0.365475 0.561843 -0.949014
v 0.165063 0.679061 0
v 0.165063 0.702114 0
v 0.165063 0.702114 0.949014
v 0.165063 0.679061 0.949014
v 0.368842 0.558476 -0.949014
v 0.391895 0.558476 -0.949014
v 0.391895 0.588264 -0.949014
v 0.368842 0.588264 -0.949014
v 0.209952 0.108199 -0.990825
v 0.209952 0.111566 -0.987458
v 0.634135 0.111566 -0.987458
v 0.634135 0.108199 -0.990825
v -0.226187 0.470879 -0.487717
v -0.226187 0.470879 -0.464664
v -0.226187 0.076489 -0.464664
v -0.226187 0.076489 -0.487717
v 0.209952 0.038046 0.913937
v 0.209952 0.108199 0.913937
v 0.634135 0.108199 0.913937
v 0.634135 0.038046 0.913937
v 0.211724 0.516907 -0.464664
v 0.211724 0.516907 -0.487717
v -0.558747 0.074811 0
v -0.562114 0.071444 0
v -0.562114 0.071444 -0.949014
v -0.558747 0.074811 -0.949014
v 0.226187 0.470879 0.487717
v 0.226187 0.470879 0.464664
v 0.226187 0.076489 0.464664
v 0.226187 0.076489 0.487717
v -0.135276 0.679061 -0.949014
v -0.135276 0.702114 -0.949014
v 0.478793 0.516907 -0.940854
v 0.478793 0.516907 -0.963908
v 0.270423 0.516907 -0.963908
v 0.270423 0.516907 -0.940854
v 0.391895 0.584896 -0.952381
v 0.391895 0.561843 -0.952381
v 0.368842 0.561843 -0.952381
v 0.368842 0.584896 -0.952381
v 0.165063 0.679061 0
v 0.165063 0.702114 0
v 0.161696 0.705481 0
v 0.138643 0.705481 0
v 0.135276 0.702114 0
v 0.135276 0.679061 0
v 0.138643 0.675694 0
v 0.161696 0.675694 0
v 0.161696 0.705481 -0.949014
v 0.138643 0.705481 -0.949014
v 0.165063 0.679061 -0.949014
v 0.165063 0.702114 -0.949014
v 0.229554 0.474165 0.491084
v 0.229554 0.076489 0.491084
v 0.25227 0.076489 0.491084
v 0.251515 0.473421 0.491084
v 0.266331 0.490487 0.491084
v 0.478793 0.490487 0.491084
v 0.478793 0.513204 0.491084
v 0.267867 0.513088 0.491084
v 0.251628 0.528478 0.491084
v 0.25227 0.657432 0.491084
v 0.229554 0.657432 0.491084
v 0.229554 0.527525 0.491084
v 0.214294 0.513204 0.491084
v 0 0.513204 0.491084
v 0 0.490824 0.491084
v 0.214294 0.490824 0.491084
v 0.630855 0.071444 0.949014
v 0.634222 0.074811 0.949014
v -0.21583 0.490487 -0.461297
v -0.211677 0.48712 -0.464664
v 0.161696 0.702114 -0.952381
v 0.161696 0.679061 -0.952381
v 0.138643 0.679061 -0.952381
v 0.138643 0.702114 -0.952381
v -0.600779 0.069153 0.44182
v -0.600779 0.069153 0.510561
v -0.590008 0.258423 0.510561
v -0.590008 0.258423 0.44182
v 0.283736 0.588944 0.44182
v 0.283736 0.588944 0.510561
v 0.196251 0.634279 0.510561
v 0.196251 0.634279 0.44182
v -0.590008 0.258423 0.44182
v -0.590008 0.258423 0.510561
v -0.550193 0.402866 0.510561
v -0.550193 0.402866 0.44182
v 0.552547 0.067727 0.918011
v 0.552547 0.067727 0.986751
v 0.54236 0.253275 0.986751
v 0.54236 0.253275 0.918011
v 0.528673 0.065784 -0.510561
v 0.597412 0.065784 -0.510561
v 0.597412 0.065784 -0.44182
v 0.528673 0.065784 -0.44182
v -0.366704 0.52511 -0.510561
v -0.323846 0.557987 -0.510561
v -0.283736 0.588944 -0.510561
v -0.283736 0.588944 -0.44182
v -0.323846 0.557987 -0.44182
v -0.366704 0.52511 -0.44182
v -0.404537 0.496868 -0.44182
v -0.404537 0.496868 -0.510561
v 0.412643 0.584994 0.44182
v 0.369785 0.617871 0.44182
v 0.32418 0.652668 0.44182
v 0.32418 0.652668 0.510561
v 0.369785 0.617871 0.510561
v 0.412643 0.584994 0.510561
v 0.460525 0.547483 0.510561
v 0.460525 0.547483 0.44182
v -0.550193 0.402866 -0.510561
v -0.550193 0.402866 -0.44182
v -0.460525 0.547483 -0.44182
v -0.460525 0.547483 -0.510561
v -0.270208 0.40804 0.978141
v -0.270208 0.039455 0.978141
v -0.266841 0.039455 0.981508
v -0.266841 0.40804 0.981508
v 0.480992 0.372737 0.44182
v 0.480992 0.372737 0.510561
v 0.404537 0.496868 0.510561
v 0.404537 0.496868 0.44182
v -0.283736 0.588944 -0.44182
v -0.283736 0.588944 -0.510561
v -0.196251 0.634279 -0.510561
v -0.196251 0.634279 -0.44182
v -0.32418 0.652668 0.44182
v -0.32418 0.652668 0.510561
v -0.222306 0.705114 0.510561
v -0.222306 0.705114 0.44182
v -0.196251 0.634279 0.510561
v -0.196251 0.634279 0.44182
v -0.086301 0.659773 0.44182
v -0.086301 0.659773 0.510561
v -0.222306 0.705114 -0.510561
v -0.222306 0.705114 -0.44182
v -0.094896 0.734757 -0.44182
v -0.094896 0.734757 -0.510561
v -0.094896 0.734757 -0.510561
v -0.094896 0.734757 -0.44182
v 0 0.735002 -0.44182
v 0 0.735002 -0.510561
v 0 0.731635 -0.513928
v 0 0.662894 -0.513928
v 0 0.659527 -0.510561
v 0 0.659527 -0.44182
v 0 0.662894 -0.438453
v 0 0.731635 -0.438453
v 0 0.735002 -0.44182
v 0 0.735002 -0.510561
v 0.555915 0.067727 -0.914643
v 0.624651 0.067727 -0.914643
v 0.613419 0.26544 -0.914643
v 0.572021 0.415664 -0.914643
v 0.478916 0.565846 -0.914643
v 0.337075 0.675242 -0.914643
v 0.23126 0.729724 -0.914643
v 0.098893 0.760517 -0.914643
v 0.091071 0.692268 -0.914643
v 0.207549 0.665258 -0.914643
v 0.300254 0.617226 -0.914643
v 0.428009 0.519824 -0.914643
v 0.545696 0.253846 -0.914643
v 0.509059 0.388251 -0.914643
v 0.600779 0.069153 -0.44182
v 0.600779 0.069153 -0.510561
v 0.590008 0.258423 -0.510561
v 0.590008 0.258423 -0.44182
v -0.54236 0.253275 0.986751
v -0.54236 0.253275 0.918011
v -0.505937 0.386892 0.918011
v -0.505937 0.386892 0.986751
v -0.616753 0.266011 0.918011
v -0.616753 0.266011 0.986751
v -0.575138 0.41702 0.986751
v -0.575138 0.41702 0.918011
v 0.214294 0.513204 0.967275
v 0.478793 0.490487 0.967275
v 0.478793 0.513204 0.967275
v 0.267867 0.513115 0.967275
v 0.252607 0.526836 0.967275
v 0.252607 0.67954 0.967275
v 0.22989 0.67954 0.967275
v 0.230661 0.527855 0.967275
v -0.552547 0.067727 0.986751
v -0.552547 0.067727 0.918011
v -0.54236 0.253275 0.918011
v -0.54236 0.253275 0.986751
v 0.555913 0.064359 -0.986751
v 0.624652 0.06436 -0.986751
v 0.624652 0.06436 -0.918011
v 0.555913 0.064359 -0.918011
v -0.206376 0.662071 0.918011
v -0.207549 0.665258 0.914643
v -0.091071 0.692268 0.914643
v -0.090684 0.688899 0.918011
v -0.425463 0.517523 0.986751
v -0.425463 0.517523 0.918011
v -0.298442 0.614371 0.918011
v -0.298442 0.614371 0.986751
v -0.431495 0.60724 -0.918011
v -0.386564 0.641708 -0.918011
v -0.338886 0.678095 -0.918011
v -0.338886 0.678095 -0.986751
v -0.386564 0.641708 -0.986751
v -0.431495 0.60724 -0.986751
v -0.481451 0.568138 -0.986751
v -0.481451 0.568138 -0.918011
v -0.575138 0.41702 0.918011
v -0.575138 0.41702 0.986751
v -0.481451 0.568138 0.986751
v -0.481451 0.568138 0.918011
v 0.505937 0.386892 0.918011
v 0.505937 0.386892 0.986751
v 0.425463 0.517523 0.986751
v 0.425463 0.517523 0.918011
v 0.298442 0.614371 0.918011
v 0.298442 0.614371 0.986751
v 0.206376 0.662071 0.986751
v 0.206376 0.662071 0.918011
v 0.338886 0.678095 0.986751
v 0.338886 0.678095 0.918011
v 0.23243 0.732907 0.918011
v 0.23243 0.732907 0.986751
v -0.206376 0.662071 -0.918011
v -0.206376 0.662071 -0.986751
v -0.090684 0.688899 -0.986751
v -0.090684 0.688899 -0.918011
v 0.23243 0.732907 0.986751
v 0.23243 0.732907 0.918011
v 0.099279 0.763883 0.918011
v 0.099279 0.763883 0.986751
v -0.099279 0.763883 -0.986751
v -0.099279 0.763883 -0.918011
v 0 0.764128 -0.918011
v 0 0.764128 -0.986751
v 0.091071 0.692268 -0.990119
v 0 0.69202 -0.990119
v 0 0.760761 -0.990119
v 0.098893 0.760517 -0.990119
v 0.23126 0.729724 -0.990119
v 0.337075 0.675242 -0.990119
v 0.478916 0.565846 -0.990119
v 0.572021 0.415664 -0.990119
v 0.613419 0.26544 -0.990119
v 0.624651 0.067727 -0.990119
v 0.555915 0.067727 -0.990119
v 0.545696 0.253846 -0.990119
v 0.509059 0.388251 -0.990119
v 0.428009 0.519824 -0.990119
v 0.207549 0.665258 -0.990119
v 0.300254 0.617226 -0.990119
v 0 0.760761 -0.990119
v 0 0.69202 -0.990119
v 0 0.688653 -0.986751
v 0 0.688653 -0.918011
v 0 0.69202 -0.914643
v 0 0.760761 -0.914643
v 0 0.764128 -0.918011
v 0 0.764128 -0.986751
v 0.216174 0.518638 -0.963908
v 0.216174 0.518638 -0.940854
v 0.224274 0.526094 -0.940854
v 0.224274 0.526094 -0.963908
v 0.211738 0.516907 -0.940854
v 0.211738 0.516907 -0.963908
v 0.478793 0.48712 -0.963908
v 0.478793 0.48712 -0.940854
v 0.267867 0.513115 -0.967275
v 0.478793 0.513204 -0.967275
v 0.478793 0.490487 -0.967275
v 0.214294 0.513204 -0.967275
v 0.230661 0.527855 -0.967275
v 0.22989 0.67954 -0.967275
v 0.252607 0.67954 -0.967275
v 0.252607 0.526836 -0.967275
v 0 0.513204 -0.967275
v 0 0.490487 -0.967275
v 0 0.48712 -0.963908
v 0 0.48712 -0.940854
v 0 0.490487 -0.937487
v 0 0.51354 -0.937487
v 0 0.516907 -0.940854
v 0 0.516907 -0.963908
v 0.216009 0.485144 -0.464664
v 0.216009 0.485144 -0.487717
v 0.22452 0.47534 -0.487717
v 0.22452 0.47534 -0.464664
v 0.216136 0.518699 -0.464664
v 0.224334 0.526675 -0.464664
v 0.224334 0.526675 -0.487717
v 0.216136 0.518699 -0.487717
v 0 0.513204 -0.491084
v 0 0.490824 -0.491084
v 0 0.48712 -0.487717
v 0 0.48712 -0.464664
v 0 0.490487 -0.461297
v 0 0.513204 -0.461297
v 0 0.516907 -0.464664
v 0 0.516907 -0.487717
v 0.547708 0.349099 0
v 0.547708 0.372152 0
v 0.544341 0.375519 0
v 0.521287 0.375519 0
v 0.51792 0.372152 0
v 0.51792 0.349099 0
v 0.521287 0.345732 0
v 0.544341 0.345732 0
v -0.478793 0.516907 -0.963908
v -0.478793 0.516907 -0.940854
v -0.270423 0.516907 -0.940854
v -0.270423 0.516907 -0.963908
v 0.226187 0.67954 -0.963908
v 0.226187 0.530455 -0.963908
v 0.226187 0.530455 -0.940854
v 0.226187 0.67954 -0.940854
v 0.482161 0.490487 -0.963908
v 0.482161 0.51354 -0.963908
v 0.482161 0.51354 -0.940854
v 0.482161 0.490487 -0.940854
v 0.265987 0.518638 -0.963908
v 0.257887 0.526094 -0.963908
v 0.257887 0.526094 -0.940854
v 0.265987 0.518638 -0.940854
v -0.558747 0.074811 0.949014
v -0.562114 0.071444 0.949014
v 0.255974 0.530455 -0.963908
v 0.255974 0.67954 -0.963908
v 0.255974 0.67954 -0.940854
v 0.255974 0.530455 -0.940854
v 0.229554 0.682907 -0.963908
v 0.229554 0.682907 -0.940854
v 0.252607 0.682907 -0.940854
v 0.252607 0.682907 -0.963908
v 0.482161 0.490487 -0.487717
v 0.482161 0.51354 -0.487717
v 0.482161 0.51354 -0.464664
v 0.482161 0.490487 -0.464664
v 0.478793 0.516907 -0.464664
v 0.478793 0.516907 -0.487717
v 0.270437 0.516907 -0.487717
v 0.270437 0.516907 -0.464664
v 0.478793 0.48712 -0.487717
v 0.478793 0.48712 -0.464664
v 0.270484 0.48712 -0.464664
v 0.270484 0.48712 -0.487717
v 0.135276 0.702114 -0.949014
v 0.135276 0.679061 -0.949014
v 0.226187 0.657432 -0.487717
v 0.226187 0.531063 -0.487717
v 0.226187 0.531063 -0.464664
v 0.226187 0.657432 -0.464664
v 0.255974 0.531063 -0.487717
v 0.255974 0.657432 -0.487717
v 0.255974 0.657432 -0.464664
v 0.255974 0.531063 -0.464664
v 0.229554 0.660799 -0.487717
v 0.229554 0.660799 -0.464664
v 0.252607 0.660799 -0.464664
v 0.252607 0.660799 -0.487717
v -0.209952 0.034679 0.987458
v -0.209952 0.038046 0.990825
v -0.634135 0.038046 0.990825
v -0.634135 0.034679 0.987458
v 0.211677 0.48712 -0.487717
v 0.211677 0.48712 -0.464664
v 0.22282 0.073122 -0.494451
v 0.22282 0.073122 -0.45793
v 0.259341 0.073122 -0.45793
v 0.259341 0.073122 -0.494451
v 0.208586 0.036088 -0.984875
v 0.208586 0.036088 -0.919887
v 0.273575 0.036088 -0.919887
v 0.273575 0.036088 -0.984875
v 0.21532 0.40804 -0.923254
v 0.21532 0.039455 -0.923254
v 0.266841 0.039455 -0.923254
v 0.266841 0.40804 -0.923254
v 0.208586 0.411407 -0.919887
v 0.208586 0.411407 -0.984875
v 0.273575 0.411407 -0.984875
v 0.273575 0.411407 -0.919887
v 0.270208 0.40804 -0.978141
v 0.270208 0.039455 -0.978141
v 0.266841 0.039455 -0.981508
v 0.266841 0.40804 -0.981508
v 0.287564 0.380791 -0.982997
v 0.287564 0.442023 -0.982997
v 0.287564 0.442023 -0.921765
v 0.287564 0.380791 -0.921765
v 0.284197 0.44539 -0.921765
v 0.284197 0.44539 -0.982997
v 0.284197 0.377424 -0.982997
v 0.284197 0.377424 -0.921765
v 0 0.442023 -0.986364
v 0 0.380791 -0.986364
v 0 0.377424 -0.982997
v 0 0.377424 -0.921765
v 0 0.380791 -0.918398
v 0 0.442023 -0.918398
v 0 0.44539 -0.921765
v 0 0.44539 -0.982997
v 0.206585 0.038046 -0.917304
v 0.206585 0.108199 -0.917304
v 0.206585 0.108199 -0.987458
v 0.206585 0.038046 -0.987458
v 0.209952 0.111566 -0.987458
v 0.209952 0.111566 -0.917304
v 0.634135 0.111566 -0.917304
v 0.634135 0.111566 -0.987458
v 0.637502 0.108199 -0.917304
v 0.637502 0.038046 -0.917304
v 0.637502 0.038046 -0.987458
v 0.637502 0.108199 -0.987458
v -0.630855 0.071444 0.949014
v -0.630855 0.074811 0.952381
v -0.634222 0.074811 0.949014
v -0.558747 0.074811 0.949014
v -0.562114 0.074811 0.952381
v -0.562114 0.071444 0.949014
v -0.562114 0.146919 0.949014
v -0.562114 0.143552 0.952381
v -0.558747 0.143552 0.949014
v -0.630855 0.146919 0.949014
v -0.634222 0.143552 0.949014
v -0.630855 0.143552 0.952381
v -0.544341 0.345732 0.949014
v -0.544341 0.349099 0.952381
v -0.547708 0.349099 0.949014
v -0.51792 0.349099 0.949014
v -0.521287 0.349099 0.952381
v -0.521287 0.345732 0.949014
v -0.521287 0.375519 0.949014
v -0.521287 0.372152 0.952381
v -0.51792 0.372152 0.949014
v -0.544341 0.375519 0.949014
v -0.547708 0.372152 0.949014
v -0.544341 0.372152 0.952381
v -0.395262 0.561843 0.949014
v -0.391895 0.558476 0.949014
v -0.391895 0.561843 0.952381
v -0.365475 0.561843 0.949014
v -0.368842 0.561843 0.952381
v -0.368842 0.558476 0.949014
v -0.368842 0.588264 0.949014
v -0.368842 0.584896 0.952381
v -0.365475 0.584896 0.949014
v -0.395262 0.584896 0.949014
v -0.391895 0.584896 0.952381
v -0.391895 0.588264 0.949014
v -0.165063 0.679061 0.949014
v -0.161696 0.675694 0.949014
v -0.161696 0.679061 0.952381
v -0.138643 0.675694 0.949014
v -0.135276 0.679061 0.949014
v -0.138643 0.679061 0.952381
v -0.135276 0.702114 0.949014
v -0.138643 0.705481 0.949014
v -0.138643 0.702114 0.952381
v -0.165063 0.702114 0.949014
v -0.161696 0.702114 0.952381
v -0.161696 0.705481 0.949014
v -0.528675 0.069152 0.513928
v -0.528673 0.065784 0.510561
v -0.525307 0.069153 0.510561
v -0.528675 0.069152 0.438453
v -0.525307 0.069153 0.44182
v -0.528673 0.065784 0.44182
v -0.600779 0.069153 0.44182
v -0.597412 0.069152 0.438453
v -0.597412 0.065784 0.44182
v -0.597412 0.069152 0.513928
v -0.600779 0.069153 0.510561
v -0.597412 0.065784 0.510561
v -0.555915 0.067727 0.990119
v -0.555913 0.064359 0.986751
v -0.552547 0.067727 0.986751
v -0.555915 0.067727 0.914643
v -0.552547 0.067727 0.918011
v -0.555913 0.064359 0.918011
v -0.628019 0.067727 0.918011
v -0.624651 0.067727 0.914643
v -0.624652 0.06436 0.918011
v -0.624651 0.067727 0.990119
v -0.628019 0.067727 0.986751
v -0.624652 0.06436 0.986751
v -0.478793 0.490487 0.967275
v -0.482161 0.490487 0.963908
v -0.478793 0.48712 0.963908
v -0.478793 0.490487 0.937487
v -0.478793 0.48712 0.940854
v -0.482161 0.490487 0.940854
v -0.478793 0.516907 0.940854
v -0.478793 0.51354 0.937487
v -0.482161 0.51354 0.940854
v -0.478793 0.513204 0.967275
v -0.478793 0.516907 0.963908
v -0.482161 0.51354 0.963908
v -0.478793 0.490487 0.491084
v -0.482161 0.490487 0.487717
v -0.478793 0.48712 0.487717
v -0.478793 0.490487 0.461297
v -0.478793 0.48712 0.464664
v -0.482161 0.490487 0.464664
v -0.478793 0.516907 0.464664
v -0.478793 0.513204 0.461297
v -0.482161 0.51354 0.464664
v -0.478793 0.513204 0.491084
v -0.478793 0.516907 0.487717
v -0.482161 0.51354 0.487717
v -0.226187 0.67954 0.963908
v -0.229554 0.682907 0.963908
v -0.22989 0.67954 0.967275
v -0.255974 0.67954 0.963908
v -0.252607 0.67954 0.967275
v -0.252607 0.682907 0.963908
v -0.25227 0.67954 0.937487
v -0.255974 0.67954 0.940854
v -0.252607 0.682907 0.940854
v -0.226187 0.67954 0.940854
v -0.22989 0.67954 0.937487
v -0.229554 0.682907 0.940854
v -0.226187 0.657432 0.487717
v -0.229554 0.660799 0.487717
v -0.229554 0.657432 0.491084
v -0.255974 0.657432 0.487717
v -0.25227 0.657432 0.491084
v -0.252607 0.660799 0.487717
v -0.252607 0.657432 0.461297
v -0.255974 0.657432 0.464664
v -0.252607 0.660799 0.464664
v -0.226187 0.657432 0.464664
v -0.22989 0.657432 0.461297
v -0.229554 0.660799 0.464664
v -0.226187 0.076489 0.487717
v -0.229554 0.076489 0.491084
v -0.22282 0.073122 0.494451
v -0.255974 0.076489 0.487717
v -0.259341 0.073122 0.494451
v -0.25227 0.076489 0.491084
v -0.25227 0.076489 0.461297
v -0.259341 0.073122 0.45793
v -0.255974 0.076489 0.464664
v -0.226187 0.076489 0.464664
v -0.22282 0.073122 0.45793
v -0.22989 0.076489 0.461297
v -0.209952 0.038046 0.913937
v -0.206585 0.038046 0.917304
v -0.209952 0.034679 0.917304
v -0.209952 0.038046 0.990825
v -0.209952 0.034679 0.987458
v -0.206585 0.038046 0.987458
v -0.209952 0.111566 0.987458
v -0.209952 0.108199 0.990825
v -0.206585 0.108199 0.987458
v -0.209952 0.108199 0.913937
v -0.209952 0.111566 0.917304
v -0.206585 0.108199 0.917304
v -0.211953 0.40804 0.978141
v -0.208586 0.411407 0.984875
v -0.21532 0.40804 0.981508
v -0.266841 0.40804 0.981508
v -0.273575 0.411407 0.984875
v -0.270208 0.40804 0.978141
v -0.270208 0.40804 0.926621
v -0.273575 0.411407 0.919887
v -0.266841 0.40804 0.923254
v -0.211953 0.40804 0.926621
v -0.21532 0.40804 0.923254
v -0.208586 0.411407 0.919887
v -0.284197 0.380791 0.986364
v -0.287564 0.380791 0.982997
v -0.284197 0.377423 0.982997
v -0.284197 0.380791 0.918398
v -0.284197 0.377423 0.921765
v -0.287564 0.380791 0.921765
v -0.284197 0.44539 0.921765
v -0.284197 0.442023 0.918398
v -0.287564 0.442023 0.921765
v -0.284197 0.442023 0.986364
v -0.284197 0.44539 0.982997
v -0.287564 0.442023 0.982997
v -0.634135 0.038046 0.913937
v -0.634135 0.034679 0.917304
v -0.637502 0.038046 0.917304
v -0.634135 0.034679 0.987458
v -0.634135 0.038046 0.990825
v -0.637502 0.038046 0.987458
v -0.634135 0.108199 0.990825
v -0.634135 0.111566 0.987458
v -0.637502 0.108199 0.987458
v -0.634135 0.108199 0.913937
v -0.637502 0.108199 0.917304
v -0.634135 0.111566 0.917304
v -0.211953 0.039455 0.978141
v -0.21532 0.039455 0.981508
v -0.208586 0.036088 0.984875
v -0.270208 0.039455 0.978141
v -0.273575 0.036088 0.984875
v -0.266841 0.039455 0.981508
v -0.266841 0.039455 0.923254
v -0.273575 0.036088 0.919887
v -0.270208 0.039455 0.926621
v -0.211953 0.039455 0.926621
v -0.208586 0.036088 0.919887
v -0.21532 0.039455 0.923254
v -0.216174 0.518638 0.940854
v -0.211738 0.516907 0.940854
v -0.215608 0.51354 0.937487
v -0.211738 0.516907 0.963908
v -0.216174 0.518638 0.963908
v -0.214294 0.513115 0.967275
v -0.211677 0.48712 0.487717
v -0.214294 0.491019 0.491084
v -0.216009 0.485144 0.487717
v -0.211677 0.48712 0.464664
v -0.216009 0.485144 0.464664
v -0.21583 0.490487 0.461297
v -0.211724 0.516907 0.464664
v -0.214294 0.513088 0.461297
v -0.216136 0.518699 0.464664
v -0.214294 0.513088 0.491084
v -0.211724 0.516907 0.487717
v -0.216136 0.518699 0.487717
v -0.266553 0.51354 0.937487
v -0.270423 0.516907 0.940854
v -0.265987 0.518638 0.940854
v -0.270423 0.516907 0.963908
v -0.267867 0.513115 0.967275
v -0.265987 0.518638 0.963908
v -0.226187 0.530455 0.963908
v -0.230661 0.527855 0.967275
v -0.224274 0.526094 0.963908
v -0.255974 0.530455 0.963908
v -0.257887 0.526094 0.963908
v -0.252607 0.526836 0.967275
v -0.255974 0.530455 0.940854
v -0.251002 0.527855 0.937487
v -0.257887 0.526094 0.940854
v -0.224274 0.526094 0.940854
v -0.231158 0.527855 0.937487
v -0.226187 0.530455 0.940854
v -0.266151 0.485144 0.487717
v -0.266331 0.490487 0.491084
v -0.270484 0.48712 0.487717
v -0.266151 0.485144 0.464664
v -0.270484 0.48712 0.464664
v -0.266331 0.490487 0.461297
v -0.266025 0.518699 0.464664
v -0.267867 0.513088 0.461297
v -0.270437 0.516907 0.464664
v -0.266025 0.518699 0.487717
v -0.270437 0.516907 0.487717
v -0.267867 0.513088 0.491084
v -0.226187 0.531063 0.487717
v -0.229554 0.527525 0.491084
v -0.224334 0.526675 0.487717
v -0.255974 0.531063 0.487717
v -0.257827 0.526675 0.487717
v -0.251628 0.528478 0.491084
v -0.257827 0.526675 0.464664
v -0.255974 0.531063 0.464664
v -0.252607 0.527525 0.461297
v -0.226187 0.531063 0.464664
v -0.224334 0.526675 0.464664
v -0.230532 0.528478 0.461297
v -0.22452 0.47534 0.487717
v -0.229554 0.474165 0.491084
v -0.226187 0.470879 0.487717
v -0.255974 0.470879 0.487717
v -0.251515 0.473421 0.491084
v -0.257641 0.47534 0.487717
v -0.255974 0.470879 0.464664
v -0.257641 0.47534 0.464664
v -0.251515 0.473421 0.461297
v -0.22452 0.47534 0.464664
v -0.226187 0.470879 0.464664
v -0.230646 0.473421 0.461297
v 0.630855 0.071444 0.949014
v 0.634222 0.074811 0.949014
v 0.630855 0.074811 0.952381
v 0.558747 0.074811 0.949014
v 0.562114 0.071444 0.949014
v 0.562114 0.074811 0.952381
v 0.562114 0.146919 0.949014
v 0.558747 0.143552 0.949014
v 0.562114 0.143552 0.952381
v 0.630855 0.146919 0.949014
v 0.630855 0.143552 0.952381
v 0.634222 0.143552 0.949014
v 0.544341 0.345732 0.949014
v 0.547708 0.349099 0.949014
v 0.544341 0.349099 0.952381
v 0.51792 0.349099 0.949014
v 0.521287 0.345732 0.949014
v 0.521287 0.349099 0.952381
v 0.521287 0.375519 0.949014
v 0.51792 0.372152 0.949014
v 0.521287 0.372152 0.952381
v 0.544341 0.375519 0.949014
v 0.544341 0.372152 0.952381
v 0.547708 0.372152 0.949014
v 0.395262 0.561843 0.949014
v 0.391895 0.561843 0.952381
v 0.391895 0.558476 0.949014
v 0.365475 0.561843 0.949014
v 0.368842 0.558476 0.949014
v 0.368842 0.561843 0.952381
v 0.368842 0.588264 0.949014
v 0.365475 0.584896 0.949014
v 0.368842 0.584896 0.952381
v 0.395262 0.584896 0.949014
v 0.391895 0.588264 0.949014
v 0.391895 0.584896 0.952381
v 0.165063 0.679061 0.949014
v 0.161696 0.679061 0.952381
v 0.161696 0.675694 0.949014
v 0.138643 0.675694 0.949014
v 0.138643 0.679061 0.952381
v 0.135276 0.679061 0.949014
v 0.135276 0.702114 0.949014
v 0.138643 0.702114 0.952381
v 0.138643 0.705481 0.949014
v 0.165063 0.702114 0.949014
v 0.161696 0.705481 0.949014
v 0.161696 0.702114 0.952381
v 0.528675 0.069152 0.513928
v 0.525307 0.069153 0.510561
v 0.528673 0.065784 0.510561
v 0.528675 0.069152 0.438453
v 0.528673 0.065784 0.44182
v 0.525307 0.069153 0.44182
v 0.600779 0.069153 0.44182
v 0.597412 0.065784 0.44182
v 0.597412 0.069152 0.438453
v 0.597412 0.069152 0.513928
v 0.597412 0.065784 0.510561
v 0.600779 0.069153 0.510561
v 0.555915 0.067727 0.990119
v 0.552547 0.067727 0.986751
v 0.555913 0.064359 0.986751
v 0.555915 0.067727 0.914643
v 0.555913 0.064359 0.918011
v 0.552547 0.067727 0.918011
v 0.628019 0.067727 0.918011
v 0.624652 0.06436 0.918011
v 0.624651 0.067727 0.914643
v 0.624651 0.067727 0.990119
v 0.624652 0.06436 0.986751
v 0.628019 0.067727 0.986751
v 0.478793 0.490487 0.967275
v 0.478793 0.48712 0.963908
v 0.482161 0.490487 0.963908
v 0.478793 0.490487 0.937487
v 0.482161 0.490487 0.940854
v 0.478793 0.48712 0.940854
v 0.478793 0.516907 0.940854
v 0.482161 0.51354 0.940854
v 0.478793 0.51354 0.937487
v 0.478793 0.513204 0.967275
v 0.482161 0.51354 0.963908
v 0.478793 0.516907 0.963908
v 0.478793 0.490487 0.491084
v 0.478793 0.48712 0.487717
v 0.482161 0.490487 0.487717
v 0.478793 0.490487 0.461297
v 0.482161 0.490487 0.464664
v 0.478793 0.48712 0.464664
v 0.478793 0.516907 0.464664
v 0.482161 0.51354 0.464664
v 0.478793 0.513204 0.461297
v 0.478793 0.513204 0.491084
v 0.482161 0.51354 0.487717
v 0.478793 0.516907 0.487717
v 0.226187 0.67954 0.963908
v 0.22989 0.67954 0.967275
v 0.229554 0.682907 0.963908
v 0.255974 0.67954 0.963908
v 0.252607 0.682907 0.963908
v 0.252607 0.67954 0.967275
v 0.25227 0.67954 0.937487
v 0.252607 0.682907 0.940854
v 0.255974 0.67954 0.940854
v 0.226187 0.67954 0.940854
v 0.229554 0.682907 0.940854
v 0.22989 0.67954 0.937487
v 0.226187 0.657432 0.487717
v 0.229554 0.657432 0.491084
v 0.229554 0.660799 0.487717
v 0.255974 0.657432 0.487717
v 0.252607 0.660799 0.487717
v 0.25227 0.657432 0.491084
v 0.252607 0.657432 0.461297
v 0.252607 0.660799 0.464664
v 0.255974 0.657432 0.464664
v 0.226187 0.657432 0.464664
v 0.229554 0.660799 0.464664
v 0.22989 0.657432 0.461297
v 0.226187 0.076489 0.487717
v 0.22282 0.073122 0.494451
v 0.229554 0.076489 0.491084
v 0.255974 0.076489 0.487717
v 0.25227 0.076489 0.491084
v 0.259341 0.073122 0.494451
v 0.25227 0.076489 0.461297
v 0.255974 0.076489 0.464664
v 0.259341 0.073122 0.45793
v 0.226187 0.076489 0.464664
v 0.22989 0.076489 0.461297
v 0.22282 0.073122 0.45793
v 0.209952 0.038046 0.913937
v 0.209952 0.034679 0.917304
v 0.206585 0.038046 0.917304
v 0.209952 0.038046 0.990825
v 0.206585 0.038046 0.987458
v 0.209952 0.034679 0.987458
v 0.209952 0.111566 0.987458
v 0.206585 0.108199 0.987458
v 0.209952 0.108199 0.990825
v 0.209952 0.108199 0.913937
v 0.206585 0.108199 0.917304
v 0.209952 0.111566 0.917304
v 0.211953 0.40804 0.978141
v 0.21532 0.40804 0.981508
v 0.208586 0.411407 0.984875
v 0.266841 0.40804 0.981508
v 0.270208 0.40804 0.978141
v 0.273575 0.411407 0.984875
v 0.270208 0.40804 0.926621
v 0.266841 0.40804 0.923254
v 0.273575 0.411407 0.919887
v 0.211953 0.40804 0.926621
v 0.208586 0.411407 0.919887
v 0.21532 0.40804 0.923254
v 0.284197 0.380791 0.986364
v 0.284197 0.377423 0.982997
v 0.287564 0.380791 0.982997
v 0.284197 0.380791 0.918398
v 0.287564 0.380791 0.921765
v 0.284197 0.377423 0.921765
v 0.284197 0.44539 0.921765
v 0.287564 0.442023 0.921765
v 0.284197 0.442023 0.918398
v 0.284197 0.442023 0.986364
v 0.287564 0.442023 0.982997
v 0.284197 0.44539 0.982997
v 0.634135 0.038046 0.913937
v 0.637502 0.038046 0.917304
v 0.634135 0.034679 0.917304
v 0.634135 0.034679 0.987458
v 0.637502 0.038046 0.987458
v 0.634135 0.038046 0.990825
v 0.634135 0.108199 0.990825
v 0.637502 0.108199 0.987458
v 0.634135 0.111566 0.987458
v 0.634135 0.108199 0.913937
v 0.634135 0.111566 0.917304
v 0.637502 0.108199 0.917304
v 0.211953 0.039455 0.978141
v 0.208586 0.036088 0.984875
v 0.21532 0.039455 0.981508
v 0.270208 0.039455 0.978141
v 0.266841 0.039455 0.981508
v 0.273575 0.036088 0.984875
v 0.266841 0.039455 0.923254
v 0.270208 0.039455 0.926621
v 0.273575 0.036088 0.919887
v 0.211953 0.039455 0.926621
v 0.21532 0.039455 0.923254
v 0.208586 0.036088 0.919887
v 0.216174 0.518638 0.940854
v 0.215608 0.51354 0.937487
v 0.211738 0.516907 0.940854
v 0.211738 0.516907 0.963908
v 0.214294 0.513204 0.967275
v 0.216174 0.518638 0.963908
v 0.211677 0.48712 0.487717
v 0.216009 0.485144 0.487717
v 0.214294 0.490824 0.491084
v 0.211677 0.48712 0.464664
v 0.21583 0.490487 0.461297
v 0.216009 0.485144 0.464664
v 0.211724 0.516907 0.464664
v 0.216136 0.518699 0.464664
v 0.214294 0.513204 0.461297
v 0.216136 0.518699 0.487717
v 0.211724 0.516907 0.487717
v 0.214294 0.513204 0.491084
v 0.265987 0.518638 0.940854
v 0.270423 0.516907 0.940854
v 0.266553 0.51354 0.937487
v 0.270423 0.516907 0.963908
v 0.265987 0.518638 0.963908
v 0.267867 0.513115 0.967275
v 0.226187 0.530455 0.963908
v 0.224274 0.526094 0.963908
v 0.230661 0.527855 0.967275
v 0.255974 0.530455 0.963908
v 0.252607 0.526836 0.967275
v 0.257887 0.526094 0.963908
v 0.255974 0.530455 0.940854
v 0.257887 0.526094 0.940854
v 0.251002 0.527855 0.937487
v 0.224274 0.526094 0.940854
v 0.226187 0.530455 0.940854
v 0.231158 0.527855 0.937487
v 0.266151 0.485144 0.487717
v 0.270484 0.48712 0.487717
v 0.266331 0.490487 0.491084
v 0.266151 0.485144 0.464664
v 0.266331 0.490487 0.461297
v 0.270484 0.48712 0.464664
v 0.266025 0.518699 0.464664
v 0.270437 0.516907 0.464664
v 0.267867 0.513088 0.461297
v 0.266025 0.518699 0.487717
v 0.267867 0.513088 0.491084
v 0.270437 0.516907 0.487717
v 0.226187 0.531063 0.487717
v 0.224334 0.526675 0.487717
v 0.229554 0.527525 0.491084
v 0.255974 0.531063 0.487717
v 0.251628 0.528478 0.491084
v 0.257827 0.526675 0.487717
v 0.257827 0.526675 0.464664
v 0.252607 0.527525 0.461297
v 0.255974 0.531063 0.464664
v 0.226187 0.531063 0.464664
v 0.230532 0.528478 0.461297
v 0.224334 0.526675 0.464664
v 0.22452 0.47534 0.487717
v 0.226187 0.470879 0.487717
v 0.229554 0.474165 0.491084
v 0.255974 0.470879 0.487717
v 0.257641 0.47534 0.487717
v 0.251515 0.473421 0.491084
v 0.255974 0.470879 0.464664
v 0.251515 0.473421 0.461297
v 0.257641 0.47534 0.464664
v 0.22452 0.47534 0.464664
v 0.230646 0.473421 0.461297
v 0.226187 0.470879 0.464664
v -0.630855 0.071444 -0.949014
v -0.634222 0.074811 -0.949014
v -0.630855 0.074811 -0.952381
v -0.558747 0.074811 -0.949014
v -0.562114 0.071444 -0.949014
v -0.562114 0.074811 -0.952381
v -0.562114 0.146919 -0.949014
v -0.558747 0.143552 -0.949014
v -0.562114 0.143552 -0.952381
v -0.630855 0.146919 -0.949014
v -0.630855 0.143552 -0.952381
v -0.634222 0.143552 -0.949014
v -0.544341 0.345732 -0.949014
v -0.547708 0.349099 -0.949014
v -0.544341 0.349099 -0.952381
v -0.51792 0.349099 -0.949014
v -0.521287 0.345732 -0.949014
v -0.521287 0.349099 -0.952381
v -0.521287 0.375519 -0.949014
v -0.51792 0.372152 -0.949014
v -0.521287 0.372152 -0.952381
v -0.544341 0.375519 -0.949014
v -0.544341 0.372152 -0.952381
v -0.547708 0.372152 -0.949014
v -0.395262 0.561843 -0.949014
v -0.391895 0.561843 -0.952381
v -0.391895 0.558476 -0.949014
v -0.365475 0.561843 -0.949014
v -0.368842 0.558476 -0.949014
v -0.368842 0.561843 -0.952381
v -0.368842 0.588264 -0.949014
v -0.365475 0.584896 -0.949014
v -0.368842 0.584896 -0.952381
v -0.395262 0.584896 -0.949014
v -0.391895 0.588264 -0.949014
v -0.391895 0.584896 -0.952381
v -0.165063 0.679061 -0.949014
v -0.161696 0.679061 -0.952381
v -0.161696 0.675694 -0.949014
v -0.138643 0.675694 -0.949014
v -0.138643 0.679061 -0.952381
v -0.135276 0.679061 -0.949014
v -0.135276 0.702114 -0.949014
v -0.138643 0.702114 -0.952381
v -0.138643 0.705481 -0.949014
v -0.165063 0.702114 -0.949014
v -0.161696 0.705481 -0.949014
v -0.161696 0.702114 -0.952381
v -0.528675 0.069152 -0.513928
v -0.525307 0.069153 -0.510561
v -0.528673 0.065784 -0.510561
v -0.528675 0.069152 -0.438453
v -0.528673 0.065784 -0.44182
v -0.525307 0.069153 -0.44182
v -0.600779 0.069153 -0.44182
v -0.597412 0.065784 -0.44182
v -0.597412 0.069152 -0.438453
v -0.597412 0.069152 -0.513928
v -0.597412 0.065784 -0.510561
v -0.600779 0.069153 -0.510561
v -0.555915 0.067727 -0.990119
v -0.552547 0.067727 -0.986751
v -0.555913 0.064359 -0.986751
v -0.555915 0.067727 -0.914643
v -0.555913 0.064359 -0.918011
v -0.552547 0.067727 -0.918011
v -0.628019 0.067727 -0.918011
v -0.624652 0.06436 -0.918011
v -0.624651 0.067727 -0.914643
v -0.624651 0.067727 -0.990119
v -0.624652 0.06436 -0.986751
v -0.628019 0.067727 -0.986751
v -0.478793 0.490487 -0.967275
v -0.478793 0.48712 -0.963908
v -0.482161 0.490487 -0.963908
v -0.478793 0.490487 -0.937487
v -0.482161 0.490487 -0.940854
v -0.478793 0.48712 -0.940854
v -0.478793 0.516907 -0.940854
v -0.482161 0.51354 -0.940854
v -0.478793 0.51354 -0.937487
v -0.478793 0.513204 -0.967275
v -0.482161 0.51354 -0.963908
v -0.478793 0.516907 -0.963908
v -0.478793 0.490487 -0.491084
v -0.478793 0.48712 -0.487717
v -0.482161 0.490487 -0.487717
v -0.478793 0.490487 -0.461297
v -0.482161 0.490487 -0.464664
v -0.478793 0.48712 -0.464664
v -0.478793 0.516907 -0.464664
v -0.482161 0.51354 -0.464664
v -0.478793 0.513204 -0.461297
v -0.478793 0.513204 -0.491084
v -0.482161 0.51354 -0.487717
v -0.478793 0.516907 -0.487717
v -0.226187 0.67954 -0.963908
v -0.22989 0.67954 -0.967275
v -0.229554 0.682907 -0.963908
v -0.255974 0.67954 -0.963908
v -0.252607 0.682907 -0.963908
v -0.252607 0.67954 -0.967275
v -0.25227 0.67954 -0.937487
v -0.252607 0.682907 -0.940854
v -0.255974 0.67954 -0.940854
v -0.226187 0.67954 -0.940854
v -0.229554 0.682907 -0.940854
v -0.22989 0.67954 -0.937487
v -0.226187 0.657432 -0.487717
v -0.229554 0.657432 -0.491084
v -0.229554 0.660799 -0.487717
v -0.255974 0.657432 -0.487717
v -0.252607 0.660799 -0.487717
v -0.25227 0.657432 -0.491084
v -0.252607 0.657432 -0.461297
v -0.252607 0.660799 -0.464664
v -0.255974 0.657432 -0.464664
v -0.226187 0.657432 -0.464664
v -0.229554 0.660799 -0.464664
v -0.22989 0.657432 -0.461297
v -0.226187 0.076489 -0.487717
v -0.22282 0.073122 -0.494451
v -0.229554 0.076489 -0.491084
v -0.255974 0.076489 -0.487717
v -0.25227 0.076489 -0.491084
v -0.259341 0.073122 -0.494451
v -0.25227 0.076489 -0.461297
v -0.255974 0.076489 -0.464664
v -0.259341 0.073122 -0.45793
v -0.226187 0.076489 -0.464664
v -0.22989 0.076489 -0.461297
v -0.22282 0.073122 -0.45793
v -0.209952 0.038046 -0.913937
v -0.209952 0.034679 -0.917304
v -0.206585 0.038046 -0.917304
v -0.209952 0.038046 -0.990825
v -0.206585 0.038046 -0.987458
v -0.209952 0.034679 -0.987458
v -0.209952 0.111566 -0.987458
v -0.206585 0.108199 -0.987458
v -0.209952 0.108199 -0.990825
v -0.209952 0.108199 -0.913937
v -0.206585 0.108199 -0.917304
v -0.209952 0.111566 -0.917304
v -0.211953 0.40804 -0.978141
v -0.21532 0.40804 -0.981508
v -0.208586 0.411407 -0.984875
v -0.266841 0.40804 -0.981508
v -0.270208 0.40804 -0.978141
v -0.273575 0.411407 -0.984875
v -0.270208 0.40804 -0.926621
v -0.266841 0.40804 -0.923254
v -0.273575 0.411407 -0.919887
v -0.211953 0.40804 -0.926621
v -0.208586 0.411407 -0.919887
v -0.21532 0.40804 -0.923254
v -0.284197 0.380791 -0.986364
v -0.284197 0.377424 -0.982997
v -0.287564 0.380791 -0.982997
v -0.284197 0.380791 -0.918398
v -0.287564 0.380791 -0.921765
v -0.284197 0.377424 -0.921765
v -0.284197 0.44539 -0.921765
v -0.287564 0.442023 -0.921765
v -0.284197 0.442023 -0.918398
v -0.284197 0.442023 -0.986364
v -0.287564 0.442023 -0.982997
v -0.284197 0.44539 -0.982997
v -0.634135 0.038046 -0.913937
v -0.637502 0.038046 -0.917304
v -0.634135 0.034679 -0.917304
v -0.634135 0.034679 -0.987458
v -0.637502 0.038046 -0.987458
v -0.634135 0.038046 -0.990825
v -0.634135 0.108199 -0.990825
v -0.637502 0.108199 -0.987458
v -0.634135 0.111566 -0.987458
v -0.634135 0.108199 -0.913937
v -0.634135 0.111566 -0.917304
v -0.637502 0.108199 -0.917304
v -0.211953 0.039455 -0.978141
v -0.208586 0.036088 -0.984875
v -0.21532 0.039455 -0.981508
v -0.270208 0.039455 -0.978141
v -0.266841 0.039455 -0.981508
v -0.273575 0.036088 -0.984875
v -0.266841 0.039455 -0.923254
v -0.270208 0.039455 -0.926621
v -0.273575 0.036088 -0.919887
v -0.211953 0.039455 -0.926621
v -0.21532 0.039455 -0.923254
v -0.208586 0.036088 -0.919887
v -0.216174 0.518638 -0.940854
v -0.215608 0.51354 -0.937487
v -0.211738 0.516907 -0.940854
v -0.211738 0.516907 -0.963908
v -0.214294 0.513115 -0.967275
v -0.216174 0.518638 -0.963908
v -0.211677 0.48712 -0.487717
v -0.216009 0.485144 -0.487717
v -0.214294 0.491019 -0.491084
v -0.211677 0.48712 -0.464664
v -0.21583 0.490487 -0.461297
v -0.216009 0.485144 -0.464664
v -0.211724 0.516907 -0.464664
v -0.216136 0.518699 -0.464664
v -0.214294 0.513088 -0.461297
v -0.216136 0.518699 -0.487717
v -0.211724 0.516907 -0.487717
v -0.214294 0.513088 -0.491084
v -0.265987 0.518638 -0.940854
v -0.270423 0.516907 -0.940854
v -0.266553 0.51354 -0.937487
v -0.270423 0.516907 -0.963908
v -0.265987 0.518638 -0.963908
v -0.267867 0.513115 -0.967275
v -0.226187 0.530455 -0.963908
v -0.224274 0.526094 -0.963908
v -0.230661 0.527855 -0.967275
v -0.255974 0.530455 -0.963908
v -0.252607 0.526836 -0.967275
v -0.257887 0.526094 -0.963908
v -0.255974 0.530455 -0.940854
v -0.257887 0.526094 -0.940854
v -0.251002 0.527855 -0.937487
v -0.224274 0.526094 -0.940854
v -0.226187 0.530455 -0.940854
v -0.231158 0.527855 -0.937487
v -0.266151 0.485144 -0.487717
v -0.270484 0.48712 -0.487717
v -0.266331 0.490487 -0.491084
v -0.266151 0.485144 -0.464664
v -0.266331 0.490487 -0.461297
v -0.270484 0.48712 -0.464664
v -0.266025 0.518699 -0.464664
v -0.270437 0.516907 -0.464664
v -0.267867 0.513088 -0.461297
v -0.266025 0.518699 -0.487717
v -0.267867 0.513088 -0.491084
v -0.270437 0.516907 -0.487717
v -0.226187 0.531063 -0.487717
v -0.224334 0.526675 -0.487717
v -0.229554 0.527525 -0.491084
v -0.255974 0.531063 -0.487717
v -0.251628 0.528478 -0.491084
v -0.257827 0.526675 -0.487717
v -0.257827 0.526675 -0.464664
v -0.252607 0.527525 -0.461297
v -0.255974 0.531063 -0.464664
v -0.226187 0.531063 -0.464664
v -0.230532 0.528478 -0.461297
v -0.224334 0.526675 -0.464664
v -0.22452 0.47534 -0.487717
v -0.226187 0.470879 -0.487717
v -0.229554 0.474165 -0.491084
v -0.255974 0.470879 -0.487717
v -0.257641 0.47534 -0.487717
v -0.251515 0.473421 -0.491084
v -0.255974 0.470879 -0.464664
v -0.251515 0.473421 -0.461297
v -0.257641 0.47534 -0.464664
v -0.22452 0.47534 -0.464664
v -0.230646 0.473421 -0.461297
v -0.226187 0.470879 -0.464664
v 0.630855 0.071444 -0.949014
v 0.630855 0.074811 -0.952381
v 0.634222 0.074811 -0.949014
v 0.558747 0.074811 -0.949014
v 0.562114 0.074811 -0.952381
v 0.562114 0.071444 -0.949014
v 0.562114 0.146919 -0.949014
v 0.562114 0.143552 -0.952381
v 0.558747 0.143552 -0.949014
v 0.630855 0.146919 -0.949014
v 0.634222 0.143552 -0.949014
v 0.630855 0.143552 -0.952381
v 0.544341 0.345732 -0.949014
v 0.544341 0.349099 -0.952381
v 0.547708 0.349099 -0.949014
v 0.51792 0.349099 -0.949014
v 0.521287 0.349099 -0.952381
v 0.521287 0.345732 -0.949014
v 0.521287 0.375519 -0.949014
v 0.521287 0.372152 -0.952381
v 0.51792 0.372152 -0.949014
v 0.544341 0.375519 -0.949014
v 0.547708 0.372152 -0.949014
v 0.544341 0.372152 -0.952381
v 0.395262 0.561843 -0.949014
v 0.391895 0.558476 -0.949014
v 0.391895 0.561843 -0.952381
v 0.365475 0.561843 -0.949014
v 0.368842 0.561843 -0.952381
v 0.368842 0.558476 -0.949014
v 0.368842 0.588264 -0.949014
v 0.368842 0.584896 -0.952381
v 0.365475 0.584896 -0.949014
v 0.395262 0.584896 -0.949014
v 0.391895 0.584896 -0.952381
v 0.391895 0.588264 -0.949014
v 0.165063 0.679061 -0.949014
v 0.161696 0.675694 -0.949014
v 0.161696 0.679061 -0.952381
v 0.138643 0.675694 -0.949014
v 0.135276 0.679061 -0.949014
v 0.138643 0.679061 -0.952381
v 0.135276 0.702114 -0.949014
v 0.138643 0.705481 -0.949014
v 0.138643 0.702114 -0.952381
v 0.165063 0.702114 -0.949014
v 0.161696 0.702114 -0.952381
v 0.161696 0.705481 -0.949014
v 0.528675 0.069152 -0.513928
v 0.528673 0.065784 -0.510561
v 0.525307 0.069153 -0.510561
v 0.528675 0.069152 -0.438453
v 0.525307 0.069153 -0.44182
v 0.528673 0.065784 -0.44182
v 0.600779 0.069153 -0.44182
v 0.597412 0.069152 -0.438453
v 0.597412 0.065784 -0.44182
v 0.597412 0.069152 -0.513928
v 0.600779 0.069153 -0.510561
v 0.597412 0.065784 -0.510561
v 0.555915 0.067727 -0.990119
v 0.555913 0.064359 -0.986751
v 0.552547 0.067727 -0.986751
v 0.555915 0.067727 -0.914643
v 0.552547 0.067727 -0.918011
v 0.555913 0.064359 -0.918011
v 0.628019 0.067727 -0.918011
v 0.624651 0.067727 -0.914643
v 0.624652 0.06436 -0.918011
v 0.624651 0.067727 -0.990119
v 0.628019 0.067727 -0.986751
v 0.624652 0.06436 -0.986751
v 0.478793 0.490487 -0.967275
v 0.482161 0.490487 -0.963908
v 0.478793 0.48712 -0.963908
v 0.478793 0.490487 -0.937487
v 0.478793 0.48712 -0.940854
v 0.482161 0.490487 -0.940854
v 0.478793 0.516907 -0.940854
v 0.478793 0.51354 -0.937487
v 0.482161 0.51354 -0.940854
v 0.478793 0.513204 -0.967275
v 0.478793 0.516907 -0.963908
v 0.482161 0.51354 -0.963908
v 0.478793 0.490487 -0.491084
v 0.482161 0.490487 -0.487717
v 0.478793 0.48712 -0.487717
v 0.478793 0.490487 -0.461297
v 0.478793 0.48712 -0.464664
v 0.482161 0.490487 -0.464664
v 0.478793 0.516907 -0.464664
v 0.478793 0.513204 -0.461297
v 0.482161 0.51354 -0.464664
v 0.478793 0.513204 -0.491084
v 0.478793 0.516907 -0.487717
v 0.482161 0.51354 -0.487717
v 0.226187 0.67954 -0.963908
v 0.229554 0.682907 -0.963908
v 0.22989 0.67954 -0.967275
v 0.255974 0.67954 -0.963908
v 0.252607 0.67954 -0.967275
v 0.252607 0.682907 -0.963908
v 0.25227 0.67954 -0.937487
v 0.255974 0.67954 -0.940854
v 0.252607 0.682907 -0.940854
v 0.226187 0.67954 -0.940854
v 0.22989 0.67954 -0.937487
v 0.229554 0.682907 -0.940854
v 0.226187 0.657432 -0.487717
v 0.229554 0.660799 -0.487717
v 0.229554 0.657432 -0.491084
v 0.255974 0.657432 -0.487717
v 0.25227 0.657432 -0.491084
v 0.252607 0.660799 -0.487717
v 0.252607 0.657432 -0.461297
v 0.255974 0.657432 -0.464664
v 0.252607 0.660799 -0.464664
v 0.226187 0.657432 -0.464664
v 0.22989 0.657432 -0.461297
v 0.229554 0.660799 -0.464664
v 0.226187 0.076489 -0.487717
v 0.229554 0.076489 -0.491084
v 0.22282 0.073122 -0.494451
v 0.255974 0.076489 -0.487717
v 0.259341 0.073122 -0.494451
v 0.25227 0.076489 -0.491084
v 0.25227 0.076489 -0.461297
v 0.259341 0.073122 -0.45793
v 0.255974 0.076489 -0.464664
v 0.226187 0.076489 -0.464664
v 0.22282 0.073122 -0.45793
v 0.22989 0.076489 -0.461297
v 0.209952 0.038046 -0.913937
v 0.206585 0.038046 -0.917304
v 0.209952 0.034679 -0.917304
v 0.209952 0.038046 -0.990825
v 0.209952 0.034679 -0.987458
v 0.206585 0.038046 -0.987458
v 0.209952 0.111566 -0.987458
v 0.209952 0.108199 -0.990825
v 0.206585 0.108199 -0.987458
v 0.209952 0.108199 -0.913937
v 0.209952 0.111566 -0.917304
v 0.206585 0.108199 -0.917304
v 0.211953 0.40804 -0.978141
v 0.208586 0.411407 -0.984875
v 0.21532 0.40804 -0.981508
v 0.266841 0.40804 -0.981508
v 0.273575 0.411407 -0.984875
v 0.270208 0.40804 -0.978141
v 0.270208 0.40804 -0.926621
v 0.273575 0.411407 -0.919887
v 0.266841 0.40804 -0.923254
v 0.211953 0.40804 -0.926621
v 0.21532 0.40804 -0.923254
v 0.208586 0.411407 -0.919887
v 0.284197 0.380791 -0.986364
v 0.287564 0.380791 -0.982997
v 0.284197 0.377424 -0.982997
v 0.284197 0.380791 -0.918398
v 0.284197 0.377424 -0.921765
v 0.287564 0.380791 -0.921765
v 0.284197 0.44539 -0.921765
v 0.284197 0.442023 -0.918398
v 0.287564 0.442023 -0.921765
v 0.284197 0.442023 -0.986364
v 0.284197 0.44539 -0.982997
v 0.287564 0.442023 -0.982997
v 0.634135 0.038046 -0.913937
v 0.634135 0.034679 -0.917304
v 0.637502 0.038046 -0.917304
v 0.634135 0.034679 -0.987458
v 0.634135 0.038046 -0.990825
v 0.637502 0.038046 -0.987458
v 0.634135 0.108199 -0.990825
v 0.634135 0.111566 -0.987458
v 0.637502 0.108199 -0.987458
v 0.634135 0.108199 -0.913937
v 0.637502 0.108199 -0.917304
v 0.634135 0.111566 -0.917304
v 0.211953 0.039455 -0.978141
v 0.21532 0.039455 -0.981508
v 0.208586 0.036088 -0.984875
v 0.270208 0.039455 -0.978141
v 0.273575 0.036088 -0.984875
v 0.266841 0.039455 -0.981508
v 0.266841 0.039455 -0.923254
v 0.273575 0.036088 -0.919887
v 0.270208 0.039455 -0.926621
v 0.211953 0.039455 -0.926621
v 0.208586 0.036088 -0.919887
v 0.21532 0.039455 -0.923254
v 0.216174 0.518638 -0.940854
v 0.211738 0.516907 -0.940854
v 0.215608 0.51354 -0.937487
v 0.211738 0.516907 -0.963908
v 0.216174 0.518638 -0.963908
v 0.214294 0.513204 -0.967275
v 0.211677 0.48712 -0.487717
v 0.214294 0.490824 -0.491084
v 0.216009 0.485144 -0.487717
v 0.211677 0.48712 -0.464664
v 0.216009 0.485144 -0.464664
v 0.21583 0.490487 -0.461297
v 0.211724 0.516907 -0.464664
v 0.214294 0.513204 -0.461297
v 0.216136 0.518699 -0.464664
v 0.214294 0.513204 -0.491084
v 0.211724 0.516907 -0.487717
v 0.216136 0.518699 -0.487717
v 0.266553 0.51354 -0.937487
v 0.270423 0.516907 -0.940854
v 0.265987 0.518638 -0.940854
v 0.270423 0.516907 -0.963908
v 0.267867 0.513115 -0.967275
v 0.265987 0.518638 -0.963908
v 0.226187 0.530455 -0.963908
v 0.230661 0.527855 -0.967275
v 0.224274 0.526094 -0.963908
v 0.255974 0.530455 -0.963908
v 0.257887 0.526094 -0.963908
v 0.252607 0.526836 -0.967275
v 0.255974 0.530455 -0.940854
v 0.251002 0.527855 -0.937487
v 0.257887 0.526094 -0.940854
v 0.224274 0.526094 -0.940854
v 0.231158 0.527855 -0.937487
v 0.226187 0.530455 -0.940854
v 0.266151 0.485144 -0.487717
v 0.266331 0.490487 -0.491084
v 0.270484 0.48712 -0.487717
v 0.266151 0.485144 -0.464664
v 0.270484 0.48712 -0.464664
v 0.266331 0.490487 -0.461297
v 0.266025 0.518699 -0.464664
v 0.267867 0.513088 -0.461297
v 0.270437 0.516907 -0.464664
v 0.266025 0.518699 -0.487717
v 0.270437 0.516907 -0.487717
v 0.267867 0.513088 -0.491084
v 0.226187 0.531063 -0.487717
v 0.229554 0.527525 -0.491084
v 0.224334 0.526675 -0.487717
v 0.255974 0.531063 -0.487717
v 0.257827 0.526675 -0.487717
v 0.251628 0.528478 -0.491084
v 0.257827 0.526675 -0.464664
v 0.255974 0.531063 -0.464664
v 0.252607 0.527525 -0.461297
v 0.226187 0.531063 -0.464664
v 0.224334 0.526675 -0.464664
v 0.230532 0.528478 -0.461297
v 0.22452 0.47534 -0.487717
v 0.229554 0.474165 -0.491084
v 0.226187 0.470879 -0.487717
v 0.255974 0.470879 -0.487717
v 0.251515 0.473421 -0.491084
v 0.257641 0.47534 -0.487717
v 0.255974 0.470879 -0.464664
v 0.257641 0.47534 -0.464664
v 0.251515 0.473421 -0.461297
v 0.22452 0.47534 -0.464664
v 0.226187 0.470879 -0.464664
v 0.230646 0.473421 -0.461297
v -0.391895 0.584896 0.952381
v -0.395262 0.584896 0.949014
v -0.395262 0.561843 0.949014
v -0.391895 0.561843 0.952381
v -0.257887 0.526094 0.963908
v -0.255974 0.530455 0.963908
v -0.255974 0.530455 0.940854
v -0.257887 0.526094 0.940854
v -0.257887 0.526094 0.940854
v -0.251002 0.527855 0.937487
v -0.266553 0.51354 0.937487
v -0.265987 0.518638 0.940854
v -0.265987 0.518638 0.940854
v -0.270423 0.516907 0.940854
v -0.270423 0.516907 0.963908
v -0.265987 0.518638 0.963908
v -0.265987 0.518638 0.963908
v -0.267867 0.513115 0.967275
v -0.252607 0.526836 0.967275
v -0.257887 0.526094 0.963908
v -0.231158 0.527855 0.937487
v -0.224274 0.526094 0.940854
v -0.216174 0.518638 0.940854
v -0.215608 0.51354 0.937487
v -0.211738 0.516907 0.940854
v -0.216174 0.518638 0.940854
v -0.216174 0.518638 0.963908
v -0.211738 0.516907 0.963908
v -0.257641 0.47534 0.464664
v -0.255974 0.470879 0.464664
v -0.255974 0.470879 0.487717
v -0.257641 0.47534 0.487717
v -0.266151 0.485144 0.464664
v -0.266331 0.490487 0.461297
v -0.251515 0.473421 0.461297
v -0.257641 0.47534 0.464664
v -0.226187 0.530455 0.963908
v -0.224274 0.526094 0.963908
v -0.224274 0.526094 0.940854
v -0.226187 0.530455 0.940854
v -0.521287 0.372152 0.952381
v -0.521287 0.375519 0.949014
v -0.544341 0.375519 0.949014
v -0.544341 0.372152 0.952381
v -0.521287 0.349099 0.952381
v -0.51792 0.349099 0.949014
v -0.51792 0.372152 0.949014
v -0.521287 0.372152 0.952381
v -0.224274 0.526094 0.963908
v -0.230661 0.527855 0.967275
v -0.214294 0.513115 0.967275
v -0.216174 0.518638 0.963908
v -0.544341 0.349099 0.952381
v -0.544341 0.345732 0.949014
v -0.521287 0.345732 0.949014
v -0.521287 0.349099 0.952381
v -0.224334 0.526675 0.464664
v -0.226187 0.531063 0.464664
v -0.226187 0.531063 0.487717
v -0.224334 0.526675 0.487717
v -0.224334 0.526675 0.487717
v -0.229554 0.527525 0.491084
v -0.214294 0.513088 0.491084
v -0.216136 0.518699 0.487717
v -0.544341 0.372152 0.952381
v -0.547708 0.372152 0.949014
v -0.547708 0.349099 0.949014
v -0.544341 0.349099 0.952381
v -0.216136 0.518699 0.487717
v -0.211724 0.516907 0.487717
v -0.211724 0.516907 0.464664
v -0.216136 0.518699 0.464664
v -0.216136 0.518699 0.464664
v -0.214294 0.513088 0.461297
v -0.230532 0.528478 0.461297
v -0.224334 0.526675 0.464664
v -0.211677 0.48712 0.487717
v -0.216009 0.485144 0.487717
v -0.216009 0.485144 0.464664
v -0.211677 0.48712 0.464664
v -0.21583 0.490487 0.461297
v -0.216009 0.485144 0.464664
v -0.22452 0.47534 0.464664
v -0.230646 0.473421 0.461297
v -0.267867 0.513088 0.461297
v -0.266025 0.518699 0.464664
v -0.257827 0.526675 0.464664
v -0.252607 0.527525 0.461297
v -0.255974 0.531063 0.464664
v -0.257827 0.526675 0.464664
v -0.257827 0.526675 0.487717
v -0.255974 0.531063 0.487717
v -0.368842 0.584896 0.952381
v -0.368842 0.588264 0.949014
v -0.391895 0.588264 0.949014
v -0.391895 0.584896 0.952381
v -0.251628 0.528478 0.491084
v -0.257827 0.526675 0.487717
v -0.266025 0.518699 0.487717
v -0.267867 0.513088 0.491084
v -0.266331 0.490487 0.491084
v -0.266151 0.485144 0.487717
v -0.257641 0.47534 0.487717
v -0.251515 0.473421 0.491084
v -0.562114 0.143552 0.952381
v -0.562114 0.146919 0.949014
v -0.630855 0.146919 0.949014
v -0.630855 0.143552 0.952381
v -0.229554 0.474165 0.491084
v -0.22452 0.47534 0.487717
v -0.216009 0.485144 0.487717
v -0.214294 0.491019 0.491084
v -0.562114 0.074811 0.952381
v -0.558747 0.074811 0.949014
v -0.558747 0.143552 0.949014
v -0.562114 0.143552 0.952381
v -0.22452 0.47534 0.487717
v -0.226187 0.470879 0.487717
v -0.226187 0.470879 0.464664
v -0.22452 0.47534 0.464664
v -0.630855 0.074811 0.952381
v -0.630855 0.071444 0.949014
v -0.562114 0.071444 0.949014
v -0.562114 0.074811 0.952381
v -0.266025 0.518699 0.464664
v -0.270437 0.516907 0.464664
v -0.270437 0.516907 0.487717
v -0.266025 0.518699 0.487717
v -0.630855 0.143552 0.952381
v -0.634222 0.143552 0.949014
v -0.634222 0.074811 0.949014
v -0.630855 0.074811 0.952381
v -0.368842 0.561843 0.952381
v -0.365475 0.561843 0.949014
v -0.365475 0.584896 0.949014
v -0.368842 0.584896 0.952381
v -0.270484 0.48712 0.464664
v -0.266151 0.485144 0.464664
v -0.266151 0.485144 0.487717
v -0.270484 0.48712 0.487717
v -0.391895 0.561843 0.952381
v -0.391895 0.558476 0.949014
v -0.368842 0.558476 0.949014
v -0.368842 0.561843 0.952381
v -0.161696 0.702114 0.952381
v -0.165063 0.702114 0.949014
v -0.165063 0.679061 0.949014
v -0.161696 0.679061 0.952381
v -0.161696 0.679061 0.952381
v -0.161696 0.675694 0.949014
v -0.138643 0.675694 0.949014
v -0.138643 0.679061 0.952381
v -0.138643 0.679061 0.952381
v -0.135276 0.679061 0.949014
v -0.135276 0.702114 0.949014
v -0.138643 0.702114 0.952381
v -0.138643 0.702114 0.952381
v -0.138643 0.705481 0.949014
v -0.161696 0.705481 0.949014
v -0.161696 0.702114 0.952381
v -0.528673 0.065784 0.510561
v -0.528675 0.069152 0.513928
v -0.597412 0.069152 0.513928
v -0.597412 0.065784 0.510561
v -0.597412 0.065784 0.510561
v -0.600779 0.069153 0.510561
v -0.600779 0.069153 0.44182
v -0.597412 0.065784 0.44182
v -0.597412 0.065784 0.44182
v -0.597412 0.069152 0.438453
v -0.528675 0.069152 0.438453
v -0.528673 0.065784 0.44182
v -0.528673 0.065784 0.44182
v -0.525307 0.069153 0.44182
v -0.525307 0.069153 0.510561
v -0.528673 0.065784 0.510561
v -0.555913 0.064359 0.986751
v -0.555915 0.067727 0.990119
v -0.624651 0.067727 0.990119
v -0.624652 0.06436 0.986751
v -0.624652 0.06436 0.986751
v -0.628019 0.067727 0.986751
v -0.628019 0.067727 0.918011
v -0.624652 0.06436 0.918011
v -0.624652 0.06436 0.918011
v -0.624651 0.067727 0.914643
v -0.555915 0.067727 0.914643
v -0.555913 0.064359 0.918011
v -0.555913 0.064359 0.918011
v -0.552547 0.067727 0.918011
v -0.552547 0.067727 0.986751
v -0.555913 0.064359 0.986751
v -0.482161 0.490487 0.963908
v -0.478793 0.490487 0.967275
v -0.478793 0.513204 0.967275
v -0.482161 0.51354 0.963908
v -0.482161 0.51354 0.963908
v -0.478793 0.516907 0.963908
v -0.478793 0.516907 0.940854
v -0.482161 0.51354 0.940854
v -0.482161 0.51354 0.940854
v -0.478793 0.51354 0.937487
v -0.478793 0.490487 0.937487
v -0.482161 0.490487 0.940854
v -0.482161 0.490487 0.940854
v -0.478793 0.48712 0.940854
v -0.478793 0.48712 0.963908
v -0.482161 0.490487 0.963908
v -0.482161 0.490487 0.487717
v -0.478793 0.490487 0.491084
v -0.478793 0.513204 0.491084
v -0.482161 0.51354 0.487717
v -0.482161 0.51354 0.487717
v -0.478793 0.516907 0.487717
v -0.478793 0.516907 0.464664
v -0.482161 0.51354 0.464664
v -0.482161 0.51354 0.464664
v -0.478793 0.513204 0.461297
v -0.478793 0.490487 0.461297
v -0.482161 0.490487 0.464664
v -0.482161 0.490487 0.464664
v -0.478793 0.48712 0.464664
v -0.478793 0.48712 0.487717
v -0.482161 0.490487 0.487717
v -0.229554 0.682907 0.963908
v -0.226187 0.67954 0.963908
v -0.226187 0.67954 0.940854
v -0.229554 0.682907 0.940854
v -0.229554 0.682907 0.940854
v -0.22989 0.67954 0.937487
v -0.25227 0.67954 0.937487
v -0.252607 0.682907 0.940854
v -0.252607 0.682907 0.940854
v -0.255974 0.67954 0.940854
v -0.255974 0.67954 0.963908
v -0.252607 0.682907 0.963908
v -0.252607 0.682907 0.963908
v -0.252607 0.67954 0.967275
v -0.22989 0.67954 0.967275
v -0.229554 0.682907 0.963908
v -0.229554 0.660799 0.487717
v -0.226187 0.657432 0.487717
v -0.226187 0.657432 0.464664
v -0.229554 0.660799 0.464664
v -0.229554 0.660799 0.464664
v -0.22989 0.657432 0.461297
v -0.252607 0.657432 0.461297
v -0.252607 0.660799 0.464664
v -0.252607 0.660799 0.464664
v -0.255974 0.657432 0.464664
v -0.255974 0.657432 0.487717
v -0.252607 0.660799 0.487717
v -0.252607 0.660799 0.487717
v -0.25227 0.657432 0.491084
v -0.229554 0.657432 0.491084
v -0.229554 0.660799 0.487717
v -0.226187 0.076489 0.487717
v -0.22282 0.073122 0.494451
v -0.22282 0.073122 0.45793
v -0.226187 0.076489 0.464664
v -0.22989 0.076489 0.461297
v -0.22282 0.073122 0.45793
v -0.259341 0.073122 0.45793
v -0.25227 0.076489 0.461297
v -0.255974 0.076489 0.464664
v -0.259341 0.073122 0.45793
v -0.259341 0.073122 0.494451
v -0.255974 0.076489 0.487717
v -0.25227 0.076489 0.491084
v -0.259341 0.073122 0.494451
v -0.22282 0.073122 0.494451
v -0.229554 0.076489 0.491084
v -0.206585 0.038046 0.917304
v -0.209952 0.038046 0.913937
v -0.209952 0.108199 0.913937
v -0.206585 0.108199 0.917304
v -0.206585 0.108199 0.917304
v -0.209952 0.111566 0.917304
v -0.209952 0.111566 0.987458
v -0.206585 0.108199 0.987458
v -0.206585 0.108199 0.987458
v -0.209952 0.108199 0.990825
v -0.209952 0.038046 0.990825
v -0.206585 0.038046 0.987458
v -0.206585 0.038046 0.987458
v -0.209952 0.034679 0.987458
v -0.209952 0.034679 0.917304
v -0.206585 0.038046 0.917304
v -0.211953 0.40804 0.926621
v -0.208586 0.411407 0.919887
v -0.208586 0.411407 0.984875
v -0.211953 0.40804 0.978141
v -0.21532 0.40804 0.981508
v -0.208586 0.411407 0.984875
v -0.273575 0.411407 0.984875
v -0.266841 0.40804 0.981508
v -0.270208 0.40804 0.978141
v -0.273575 0.411407 0.984875
v -0.273575 0.411407 0.919887
v -0.270208 0.40804 0.926621
v -0.266841 0.40804 0.923254
v -0.273575 0.411407 0.919887
v -0.208586 0.411407 0.919887
v -0.21532 0.40804 0.923254
v -0.287564 0.380791 0.982997
v -0.284197 0.380791 0.986364
v -0.284197 0.442023 0.986364
v -0.287564 0.442023 0.982997
v -0.287564 0.442023 0.982997
v -0.284197 0.44539 0.982997
v -0.284197 0.44539 0.921765
v -0.287564 0.442023 0.921765
v -0.287564 0.442023 0.921765
v -0.284197 0.442023 0.918398
v -0.284197 0.380791 0.918398
v -0.287564 0.380791 0.921765
v -0.287564 0.380791 0.921765
v -0.284197 0.377423 0.921765
v -0.284197 0.377423 0.982997
v -0.287564 0.380791 0.982997
v -0.637502 0.108199 0.917304
v -0.634135 0.108199 0.913937
v -0.634135 0.038046 0.913937
v -0.637502 0.038046 0.917304
v -0.637502 0.038046 0.917304
v -0.634135 0.034679 0.917304
v -0.634135 0.034679 0.987458
v -0.637502 0.038046 0.987458
v -0.637502 0.038046 0.987458
v -0.634135 0.038046 0.990825
v -0.634135 0.108199 0.990825
v -0.637502 0.108199 0.987458
v -0.637502 0.108199 0.987458
v -0.634135 0.111566 0.987458
v -0.634135 0.111566 0.917304
v -0.637502 0.108199 0.917304
v -0.211953 0.039455 0.978141
v -0.208586 0.036088 0.984875
v -0.208586 0.036088 0.919887
v -0.211953 0.039455 0.926621
v -0.21532 0.039455 0.923254
v -0.208586 0.036088 0.919887
v -0.273575 0.036088 0.919887
v -0.266841 0.039455 0.923254
v -0.270208 0.039455 0.926621
v -0.273575 0.036088 0.919887
v -0.273575 0.036088 0.984875
v -0.270208 0.039455 0.978141
v -0.266841 0.039455 0.981508
v -0.273575 0.036088 0.984875
v -0.208586 0.036088 0.984875
v -0.21532 0.039455 0.981508
v -0.634222 0.074811 0.949014
v -0.634222 0.074811 0
v -0.630855 0.071444 0
v -0.630855 0.071444 0.949014
v -0.562114 0.146919 0.949014
v -0.558747 0.143552 0.949014
v 0.211738 0.516907 0.963908
v 0.211738 0.516907 0.940854
v 0 0.380791 -0.986364
v 0.284197 0.380791 -0.986364
v 0.284197 0.377424 -0.982997
v 0 0.377424 -0.982997
v -0.51792 0.349099 0
v -0.51792 0.349099 0.949014
v -0.521287 0.345732 0.949014
v -0.521287 0.345732 0
v -0.395262 0.561843 0.949014
v -0.395262 0.561843 0
v -0.391895 0.558476 0
v -0.391895 0.558476 0.949014
v 0.270208 0.40804 -0.926621
v 0.270208 0.039455 -0.926621
v 0.270208 0.039455 -0.978141
v 0.270208 0.40804 -0.978141
v -0.365475 0.584896 0
v -0.368842 0.588264 0
v -0.368842 0.588264 0.949014
v -0.365475 0.584896 0.949014
v -0.211677 0.48712 0.487717
v -0.211677 0.48712 0.464664
v -0.135276 0.702114 0
v -0.138643 0.705481 0
v -0.138643 0.705481 0.949014
v -0.135276 0.702114 0.949014
v -0.165063 0.679061 0.949014
v -0.165063 0.679061 0
v -0.161696 0.675694 0
v -0.161696 0.675694 0.949014
v -0.138643 0.675694 0
v -0.135276 0.679061 0
v -0.135276 0.679061 0.949014
v -0.138643 0.675694 0.949014
v 0.515615 0.245688 -0.510561
v 0.518951 0.24626 -0.513928
v 0.528675 0.069152 -0.513928
v 0.525307 0.069153 -0.510561
v 0.525329 0.107833 -0.510561
v 0.520286 0.177923 -0.510561
v 0.525307 0.069153 -0.44182
v 0.528675 0.069152 -0.438453
v 0.518951 0.24626 -0.438453
v 0.515615 0.245688 -0.44182
v 0.520286 0.177923 -0.44182
v 0.525329 0.107833 -0.44182
v 0.597412 0.069152 0.513928
v 0.600779 0.069153 0.510561
v 0.590008 0.258423 0.510561
v 0.586674 0.257853 0.513928
v 0.600779 0.069153 -0.510561
v 0.597412 0.069152 -0.513928
v 0.586674 0.257853 -0.513928
v 0.590008 0.258423 -0.510561
v 0.518951 0.24626 0.438453
v 0.515615 0.245688 0.44182
v 0.480992 0.372737 0.44182
v 0.484114 0.374097 0.438453
v -0.518951 0.24626 -0.438453
v -0.515615 0.245688 -0.44182
v -0.480992 0.372737 -0.44182
v -0.484114 0.374097 -0.438453
v 0.590008 0.258423 0.44182
v 0.586674 0.257853 0.438453
v 0.547077 0.401509 0.438453
v 0.550193 0.402866 0.44182
v 0.586674 0.257853 -0.438453
v 0.590008 0.258423 -0.44182
v 0.550193 0.402866 -0.44182
v 0.547077 0.401509 -0.438453
v 0.407083 0.499169 -0.513928
v 0.484114 0.374097 -0.513928
v 0.480992 0.372737 -0.510561
v 0.404537 0.496868 -0.510561
v 0.484114 0.374097 0.438453
v 0.480992 0.372737 0.44182
v 0.404537 0.496868 0.44182
v 0.407083 0.499169 0.438453
v 0.550193 0.402866 0.44182
v 0.547077 0.401509 0.438453
v 0.45799 0.545191 0.438453
v 0.460525 0.547483 0.44182
v -0.547077 0.401509 -0.513928
v -0.550193 0.402866 -0.510561
v -0.460525 0.547483 -0.510561
v -0.45799 0.545191 -0.513928
v 0.366704 0.52511 0.44182
v 0.323846 0.557987 0.44182
v 0.283736 0.588944 0.44182
v 0.285548 0.591799 0.438453
v 0.407083 0.499169 0.438453
v 0.404537 0.496868 0.44182
v -0.285548 0.591799 -0.513928
v -0.283736 0.588944 -0.510561
v -0.323846 0.557987 -0.510561
v -0.366704 0.52511 -0.510561
v -0.404537 0.496868 -0.510561
v -0.407083 0.499169 -0.513928
v 0.412643 0.584994 -0.44182
v 0.369785 0.617871 -0.44182
v 0.32418 0.652668 -0.44182
v 0.322369 0.649815 -0.438453
v 0.45799 0.545191 -0.438453
v 0.460525 0.547483 -0.44182
v 0.460525 0.547483 -0.510561
v 0.45799 0.545191 -0.513928
v 0.322369 0.649815 -0.513928
v 0.32418 0.652668 -0.510561
v 0.369785 0.617871 -0.510561
v 0.412643 0.584994 -0.510561
v -0.197424 0.637466 -0.513928
v -0.196251 0.634279 -0.510561
v -0.283736 0.588944 -0.510561
v -0.285548 0.591799 -0.513928
v 0.32418 0.652668 -0.510561
v 0.322369 0.649815 -0.513928
v 0.221135 0.701932 -0.513928
v 0.222306 0.705114 -0.510561
v -0.322369 0.649815 -0.513928
v -0.32418 0.652668 -0.510561
v -0.222306 0.705114 -0.510561
v -0.221135 0.701932 -0.513928
v 0.616753 0.266011 -0.918011
v 0.616753 0.266011 -0.986751
v 0.575138 0.41702 -0.986751
v 0.575138 0.41702 -0.918011
v 0.196251 0.634279 -0.44182
v 0.197424 0.637466 -0.438453
v 0.086688 0.663142 -0.438453
v 0.086301 0.659773 -0.44182
v 0.222306 0.705114 0.44182
v 0.221135 0.701932 0.438453
v 0.09451 0.731391 0.438453
v 0.094896 0.734757 0.44182
v -0.221135 0.701932 -0.513928
v -0.222306 0.705114 -0.510561
v -0.094896 0.734757 -0.510561
v -0.09451 0.731391 -0.513928
v 0.086301 0.659773 -0.44182
v 0.086688 0.663142 -0.438453
v 0 0.662894 -0.438453
v 0 0.659527 -0.44182
v -0.09451 0.731391 -0.513928
v -0.094896 0.734757 -0.510561
v 0 0.735002 -0.510561
v 0 0.731635 -0.513928
v 0.09451 0.731391 -0.438453
v 0.094896 0.734757 -0.44182
v 0 0.735002 -0.44182
v 0 0.731635 -0.438453
v 0.54236 0.253275 -0.986751
v 0.545696 0.253846 -0.990119
v 0.555915 0.067727 -0.990119
v 0.552547 0.067727 -0.986751
v -0.555915 0.067727 -0.914643
v -0.552547 0.067727 -0.918011
v -0.54236 0.253275 -0.918011
v -0.545696 0.253846 -0.914643
v 0.624651 0.067727 -0.914643
v 0.628019 0.067727 -0.918011
v 0.616753 0.266011 -0.918011
v 0.613419 0.26544 -0.914643
v 0.628019 0.067727 -0.986751
v 0.624651 0.067727 -0.990119
v 0.613419 0.26544 -0.990119
v 0.616753 0.266011 -0.986751
v 0.505937 0.386892 -0.986751
v 0.509059 0.388251 -0.990119
v 0.545696 0.253846 -0.990119
v 0.54236 0.253275 -0.986751
v 0.54236 0.253275 -0.918011
v 0.545696 0.253846 -0.914643
v 0.509059 0.388251 -0.914643
v 0.505937 0.386892 -0.918011
v 0.613419 0.26544 0.990119
v 0.616753 0.266011 0.986751
v 0.575138 0.41702 0.986751
v 0.572021 0.415663 0.990119
v 0.616753 0.266011 -0.986751
v 0.613419 0.26544 -0.990119
v 0.572021 0.415664 -0.990119
v 0.575138 0.41702 -0.986751
v 0.428009 0.519824 -0.990119
v 0.509059 0.388251 -0.990119
v 0.505937 0.386892 -0.986751
v 0.479411 0.429072 -0.986751
v 0.450383 0.47603 -0.986751
v 0.425463 0.517523 -0.986751
v 0.505937 0.386892 -0.918011
v 0.509059 0.388251 -0.914643
v 0.428009 0.519824 -0.914643
v 0.425463 0.517523 -0.918011
v 0.450383 0.47603 -0.918011
v 0.479411 0.429072 -0.918011
v 0.575138 0.41702 0.918011
v 0.572021 0.415663 0.914643
v 0.478916 0.565846 0.914643
v 0.481451 0.568138 0.918011
v -0.196251 0.634279 -0.44182
v -0.196251 0.634279 -0.510561
v -0.086301 0.659773 -0.510561
v -0.086301 0.659773 -0.44182
v -0.428009 0.519824 -0.914643
v -0.425463 0.517523 -0.918011
v -0.298442 0.614371 -0.918011
v -0.300254 0.617226 -0.914643
v 0.425463 0.517523 -0.918011
v 0.428009 0.519824 -0.914643
v 0.300254 0.617226 -0.914643
v 0.298442 0.614371 -0.918011
v -0.431495 0.60724 -0.986751
v -0.386564 0.641708 -0.986751
v -0.338886 0.678095 -0.986751
v -0.337075 0.675242 -0.990119
v -0.478916 0.565846 -0.990119
v -0.481451 0.568138 -0.986751
v 0.431495 0.60724 -0.918011
v 0.386564 0.641708 -0.918011
v 0.338886 0.678095 -0.918011
v 0.337075 0.675242 -0.914643
v 0.478916 0.565846 -0.914643
v 0.481451 0.568138 -0.918011
v 0.206376 0.662071 -0.986751
v 0.207549 0.665258 -0.990119
v 0.300254 0.617226 -0.990119
v 0.298442 0.614371 -0.986751
v -0.300254 0.617226 -0.914643
v -0.298442 0.614371 -0.918011
v -0.206376 0.662071 -0.918011
v -0.207549 0.665258 -0.914643
v -0.337075 0.675242 -0.990119
v -0.338886 0.678095 -0.986751
v -0.23243 0.732907 -0.986751
v -0.23126 0.729724 -0.990119
v 0.338886 0.678095 -0.986751
v 0.337075 0.675242 -0.990119
v 0.23126 0.729724 -0.990119
v 0.23243 0.732907 -0.986751
v 0.207549 0.665258 0.914643
v 0.206376 0.662071 0.918011
v 0.090684 0.688899 0.918011
v 0.091071 0.692268 0.914643
v 0.091071 0.692268 0.990119
v 0.090684 0.688899 0.986751
v 0.206376 0.662071 0.986751
v 0.207549 0.665258 0.990119
v -0.23126 0.729724 -0.990119
v -0.23243 0.732907 -0.986751
v -0.099279 0.763883 -0.986751
v -0.098893 0.760517 -0.990119
v -0.23243 0.732907 -0.918011
v -0.23126 0.729724 -0.914643
v -0.098893 0.760517 -0.914643
v -0.099279 0.763883 -0.918011
v -0.091071 0.692268 -0.914643
v -0.090684 0.688899 -0.918011
v 0 0.688653 -0.918011
v 0 0.69202 -0.914643
v 0 0.69202 -0.990119
v 0 0.688653 -0.986751
v -0.090684 0.688899 -0.986751
v -0.091071 0.692268 -0.990119
v -0.098893 0.760517 -0.990119
v -0.099279 0.763883 -0.986751
v 0 0.764128 -0.986751
v 0 0.760761 -0.990119
v 0.099279 0.763883 -0.986751
v 0.098893 0.760517 -0.990119
v 0 0.760761 -0.990119
v 0 0.764128 -0.986751
v 0.478793 0.516907 -0.963908
v 0.478793 0.513204 -0.967275
v 0.267867 0.513115 -0.967275
v 0.270423 0.516907 -0.963908
v 0.086688 0.663142 0.438453
v 0.09451 0.731391 0.438453
v 0.221135 0.701932 0.438453
v 0.322369 0.649815 0.438453
v 0.45799 0.545191 0.438453
v 0.547077 0.401509 0.438453
v 0.586674 0.257853 0.438453
v 0.597412 0.069152 0.438453
v 0.528675 0.069152 0.438453
v 0.518951 0.24626 0.438453
v 0.484114 0.374097 0.438453
v 0.407083 0.499169 0.438453
v 0.197424 0.637466 0.438453
v 0.285548 0.591799 0.438453
v 0 0.48712 -0.487717
v -0.211677 0.48712 -0.487717
v -0.214294 0.491019 -0.491084
v 0 0.490824 -0.491084
v -0.214294 0.513088 -0.491084
v -0.211724 0.516907 -0.487717
v 0 0.516907 -0.487717
v 0 0.513204 -0.491084
v 0.478793 0.513204 -0.461297
v 0.478793 0.516907 -0.464664
v 0.270437 0.516907 -0.464664
v 0.267867 0.513088 -0.461297
v 0.255974 0.470879 -0.487717
v 0.255974 0.470879 -0.464664
v 0.255974 0.076489 -0.464664
v 0.255974 0.076489 -0.487717
v -0.211677 0.48712 0.464664
v -0.21583 0.490487 0.461297
v 0 0.490487 0.461297
v 0 0.48712 0.464664
v 0.284197 0.442023 -0.986364
v 0.284197 0.380791 -0.986364
v -0.209952 0.111566 -0.917304
v -0.209952 0.111566 -0.987458
v -0.634135 0.111566 -0.987458
v -0.634135 0.111566 -0.917304
v 0.266841 0.40804 0.981508
v 0.266841 0.039455 0.981508
v 0.270208 0.039455 0.978141
v 0.270208 0.40804 0.978141
v -0.284197 0.44539 -0.921765
v -0.284197 0.442023 -0.918398
v 0.284197 0.380791 -0.918398
v 0.284197 0.442023 -0.918398
v -0.547708 0.372152 0
v -0.547708 0.372152 0.949014
v -0.544341 0.375519 0.949014
v -0.544341 0.375519 0
v -0.521287 0.375519 0
v -0.521287 0.375519 0.949014
v -0.51792 0.372152 0.949014
v -0.51792 0.372152 0
v -0.478793 0.51354 0.937487
v -0.478793 0.516907 0.940854
v -0.270423 0.516907 0.940854
v -0.266553 0.51354 0.937487
v 0 0.490487 0.967275
v -0.478793 0.490487 0.967275
v -0.478793 0.48712 0.963908
v 0 0.48712 0.963908
v 0.478793 0.513204 0.967275
v 0.478793 0.516907 0.963908
v 0.270423 0.516907 0.963908
v 0.267867 0.513115 0.967275
v 0.528675 0.069152 0.438453
v 0.525307 0.069153 0.44182
v 0.515615 0.245688 0.44182
v 0.518951 0.24626 0.438453
v 0.255974 0.67954 0.940854
v 0.255974 0.530455 0.940854
v 0.251002 0.527855 0.937487
v 0.25227 0.67954 0.937487
v -0.255974 0.67954 -0.940854
v -0.255974 0.530455 -0.940854
v -0.251002 0.527855 -0.937487
v -0.25227 0.67954 -0.937487
v 0.284197 0.380791 0.986364
v 0.284197 0.442023 0.986364
v 0.630855 0.146919 0
v 0.634222 0.143552 0
v 0.634222 0.143552 -0.949014
v 0.630855 0.146919 -0.949014
v -0.478793 0.516907 -0.464664
v -0.478793 0.513204 -0.461297
v -0.267867 0.513088 -0.461297
v -0.270437 0.516907 -0.464664
v -0.211724 0.516907 0.487717
v -0.214294 0.513088 0.491084
v 0 0.513204 0.491084
v 0 0.516907 0.487717
v -0.251515 0.473421 -0.461297
v -0.255974 0.470879 -0.464664
v -0.255974 0.076489 -0.464664
v -0.25227 0.076489 -0.461297
v 0.22989 0.657432 0.461297
v 0.230532 0.528478 0.461297
v 0.226187 0.531063 0.464664
v 0.226187 0.657432 0.464664
v -0.229554 0.527525 0.491084
v -0.226187 0.531063 0.487717
v -0.226187 0.657432 0.487717
v -0.229554 0.657432 0.491084
v -0.634222 0.143552 0
v -0.630855 0.146919 0
v -0.630855 0.146919 -0.949014
v -0.634222 0.143552 -0.949014
v 0.138643 0.675694 -0.949014
v 0.161696 0.675694 -0.949014
v -0.255974 0.657432 0.464664
v -0.252607 0.657432 0.461297
v -0.252607 0.527525 0.461297
v -0.255974 0.531063 0.464664
v -0.226187 0.076489 0.487717
v -0.226187 0.470879 0.487717
v -0.229554 0.474165 0.491084
v -0.229554 0.076489 0.491084
v -0.226187 0.470879 -0.464664
v -0.230646 0.473421 -0.461297
v -0.22989 0.076489 -0.461297
v -0.226187 0.076489 -0.464664
v 0.255974 0.470879 0.487717
v 0.251515 0.473421 0.491084
v 0.25227 0.076489 0.491084
v 0.255974 0.076489 0.487717
v -0.226187 0.530455 -0.963908
v -0.230661 0.527855 -0.967275
v -0.22989 0.67954 -0.967275
v -0.226187 0.67954 -0.963908
v -0.211953 0.40804 0.926621
v -0.211953 0.039455 0.926621
v -0.21532 0.039455 0.923254
v -0.21532 0.40804 0.923254
v -0.284197 0.44539 0.982997
v -0.284197 0.442023 0.986364
v 0 0.442023 0.986364
v 0 0.44539 0.982997
v -0.634135 0.038046 0.913937
v -0.209952 0.038046 0.913937
v -0.209952 0.034679 0.917304
v -0.634135 0.034679 0.917304
v 0.547708 0.372152 0
v 0.544341 0.375519 0
v 0.544341 0.375519 0.949014
v 0.547708 0.372152 0.949014
v 0.226187 0.470879 -0.464664
v 0.226187 0.470879 -0.487717
v 0.226187 0.076489 -0.487717
v 0.226187 0.076489 -0.464664
v 0.395262 0.584896 0.949014
v 0.391895 0.584896 0.952381
v 0.391895 0.561843 0.952381
v 0.395262 0.561843 0.949014
v 0.255974 0.530455 0.963908
v 0.257887 0.526094 0.963908
v 0.257887 0.526094 0.940854
v 0.255974 0.530455 0.940854
v 0.251002 0.527855 0.937487
v 0.257887 0.526094 0.940854
v 0.265987 0.518638 0.940854
v 0.266553 0.51354 0.937487
v 0.270423 0.516907 0.940854
v 0.265987 0.518638 0.940854
v 0.265987 0.518638 0.963908
v 0.270423 0.516907 0.963908
v 0.267867 0.513115 0.967275
v 0.265987 0.518638 0.963908
v 0.257887 0.526094 0.963908
v 0.252607 0.526836 0.967275
v 0.224274 0.526094 0.940854
v 0.231158 0.527855 0.937487
v 0.215608 0.51354 0.937487
v 0.216174 0.518638 0.940854
v 0.216174 0.518638 0.940854
v 0.211738 0.516907 0.940854
v 0.211738 0.516907 0.963908
v 0.216174 0.518638 0.963908
v 0.255974 0.470879 0.464664
v 0.257641 0.47534 0.464664
v 0.257641 0.47534 0.487717
v 0.255974 0.470879 0.487717
v 0.266331 0.490487 0.461297
v 0.266151 0.485144 0.464664
v 0.257641 0.47534 0.464664
v 0.251515 0.473421 0.461297
v 0.224274 0.526094 0.963908
v 0.226187 0.530455 0.963908
v 0.226187 0.530455 0.940854
v 0.224274 0.526094 0.940854
v 0.521287 0.375519 0.949014
v 0.521287 0.372152 0.952381
v 0.544341 0.372152 0.952381
v 0.544341 0.375519 0.949014
v 0.51792 0.349099 0.949014
v 0.521287 0.349099 0.952381
v 0.521287 0.372152 0.952381
v 0.51792 0.372152 0.949014
v 0.230661 0.527855 0.967275
v 0.224274 0.526094 0.963908
v 0.216174 0.518638 0.963908
v 0.214294 0.513204 0.967275
v 0.544341 0.345732 0.949014
v 0.544341 0.349099 0.952381
v 0.521287 0.349099 0.952381
v 0.521287 0.345732 0.949014
v 0.226187 0.531063 0.464664
v 0.224334 0.526675 0.464664
v 0.224334 0.526675 0.487717
v 0.226187 0.531063 0.487717
v 0.229554 0.527525 0.491084
v 0.224334 0.526675 0.487717
v 0.216136 0.518699 0.487717
v 0.214294 0.513204 0.491084
v 0.547708 0.372152 0.949014
v 0.544341 0.372152 0.952381
v 0.544341 0.349099 0.952381
v 0.547708 0.349099 0.949014
v 0.211724 0.516907 0.487717
v 0.216136 0.518699 0.487717
v 0.216136 0.518699 0.464664
v 0.211724 0.516907 0.464664
v 0.214294 0.513204 0.461297
v 0.216136 0.518699 0.464664
v 0.224334 0.526675 0.464664
v 0.230532 0.528478 0.461297
v 0.216009 0.485144 0.487717
v 0.211677 0.48712 0.487717
v 0.211677 0.48712 0.464664
v 0.216009 0.485144 0.464664
v 0.216009 0.485144 0.464664
v 0.21583 0.490487 0.461297
v 0.230646 0.473421 0.461297
v 0.22452 0.47534 0.464664
v 0.266025 0.518699 0.464664
v 0.267867 0.513088 0.461297
v 0.252607 0.527525 0.461297
v 0.257827 0.526675 0.464664
v 0.257827 0.526675 0.464664
v 0.255974 0.531063 0.464664
v 0.255974 0.531063 0.487717
v 0.257827 0.526675 0.487717
v 0.368842 0.588264 0.949014
v 0.368842 0.584896 0.952381
v 0.391895 0.584896 0.952381
v 0.391895 0.588264 0.949014
v 0.257827 0.526675 0.487717
v 0.251628 0.528478 0.491084
v 0.267867 0.513088 0.491084
v 0.266025 0.518699 0.487717
v 0.266151 0.485144 0.487717
v 0.266331 0.490487 0.491084
v 0.251515 0.473421 0.491084
v 0.257641 0.47534 0.487717
v 0.562114 0.146919 0.949014
v 0.562114 0.143552 0.952381
v 0.630855 0.143552 0.952381
v 0.630855 0.146919 0.949014
v 0.22452 0.47534 0.487717
v 0.229554 0.474165 0.491084
v 0.214294 0.490824 0.491084
v 0.216009 0.485144 0.487717
v 0.558747 0.074811 0.949014
v 0.562114 0.074811 0.952381
v 0.562114 0.143552 0.952381
v 0.558747 0.143552 0.949014
v 0.226187 0.470879 0.487717
v 0.22452 0.47534 0.487717
v 0.22452 0.47534 0.464664
v 0.226187 0.470879 0.464664
v 0.630855 0.071444 0.949014
v 0.630855 0.074811 0.952381
v 0.562114 0.074811 0.952381
v 0.562114 0.071444 0.949014
v 0.270437 0.516907 0.464664
v 0.266025 0.518699 0.464664
v 0.266025 0.518699 0.487717
v 0.270437 0.516907 0.487717
v 0.634222 0.143552 0.949014
v 0.630855 0.143552 0.952381
v 0.630855 0.074811 0.952381
v 0.634222 0.074811 0.949014
v 0.365475 0.561843 0.949014
v 0.368842 0.561843 0.952381
v 0.368842 0.584896 0.952381
v 0.365475 0.584896 0.949014
v 0.266151 0.485144 0.464664
v 0.270484 0.48712 0.464664
v 0.270484 0.48712 0.487717
v 0.266151 0.485144 0.487717
v 0.391895 0.558476 0.949014
v 0.391895 0.561843 0.952381
v 0.368842 0.561843 0.952381
v 0.368842 0.558476 0.949014
v 0.165063 0.702114 0.949014
v 0.161696 0.702114 0.952381
v 0.161696 0.679061 0.952381
v 0.165063 0.679061 0.949014
v 0.161696 0.675694 0.949014
v 0.161696 0.679061 0.952381
v 0.138643 0.679061 0.952381
v 0.138643 0.675694 0.949014
v 0.135276 0.679061 0.949014
v 0.138643 0.679061 0.952381
v 0.138643 0.702114 0.952381
v 0.135276 0.702114 0.949014
v 0.138643 0.705481 0.949014
v 0.138643 0.702114 0.952381
v 0.161696 0.702114 0.952381
v 0.161696 0.705481 0.949014
v 0.528675 0.069152 0.513928
v 0.528673 0.065784 0.510561
v 0.597412 0.065784 0.510561
v 0.597412 0.069152 0.513928
v 0.600779 0.069153 0.510561
v 0.597412 0.065784 0.510561
v 0.597412 0.065784 0.44182
v 0.600779 0.069153 0.44182
v 0.597412 0.069152 0.438453
v 0.597412 0.065784 0.44182
v 0.528673 0.065784 0.44182
v 0.528675 0.069152 0.438453
v 0.525307 0.069153 0.44182
v 0.528673 0.065784 0.44182
v 0.528673 0.065784 0.510561
v 0.525307 0.069153 0.510561
v 0.555915 0.067727 0.990119
v 0.555913 0.064359 0.986751
v 0.624652 0.06436 0.986751
v 0.624651 0.067727 0.990119
v 0.628019 0.067727 0.986751
v 0.624652 0.06436 0.986751
v 0.624652 0.06436 0.918011
v 0.628019 0.067727 0.918011
v 0.624651 0.067727 0.914643
v 0.624652 0.06436 0.918011
v 0.555913 0.064359 0.918011
v 0.555915 0.067727 0.914643
v 0.552547 0.067727 0.918011
v 0.555913 0.064359 0.918011
v 0.555913 0.064359 0.986751
v 0.552547 0.067727 0.986751
v 0.478793 0.490487 0.967275
v 0.482161 0.490487 0.963908
v 0.482161 0.51354 0.963908
v 0.478793 0.513204 0.967275
v 0.478793 0.516907 0.963908
v 0.482161 0.51354 0.963908
v 0.482161 0.51354 0.940854
v 0.478793 0.516907 0.940854
v 0.478793 0.51354 0.937487
v 0.482161 0.51354 0.940854
v 0.482161 0.490487 0.940854
v 0.478793 0.490487 0.937487
v 0.478793 0.48712 0.940854
v 0.482161 0.490487 0.940854
v 0.482161 0.490487 0.963908
v 0.478793 0.48712 0.963908
v 0.478793 0.490487 0.491084
v 0.482161 0.490487 0.487717
v 0.482161 0.51354 0.487717
v 0.478793 0.513204 0.491084
v 0.478793 0.516907 0.487717
v 0.482161 0.51354 0.487717
v 0.482161 0.51354 0.464664
v 0.478793 0.516907 0.464664
v 0.478793 0.513204 0.461297
v 0.482161 0.51354 0.464664
v 0.482161 0.490487 0.464664
v 0.478793 0.490487 0.461297
v 0.478793 0.48712 0.464664
v 0.482161 0.490487 0.464664
v 0.482161 0.490487 0.487717
v 0.478793 0.48712 0.487717
v 0.226187 0.67954 0.963908
v 0.229554 0.682907 0.963908
v 0.229554 0.682907 0.940854
v 0.226187 0.67954 0.940854
v 0.22989 0.67954 0.937487
v 0.229554 0.682907 0.940854
v 0.252607 0.682907 0.940854
v 0.25227 0.67954 0.937487
v 0.255974 0.67954 0.940854
v 0.252607 0.682907 0.940854
v 0.252607 0.682907 0.963908
v 0.255974 0.67954 0.963908
v 0.252607 0.67954 0.967275
v 0.252607 0.682907 0.963908
v 0.229554 0.682907 0.963908
v 0.22989 0.67954 0.967275
v 0.226187 0.657432 0.487717
v 0.229554 0.660799 0.487717
v 0.229554 0.660799 0.464664
v 0.226187 0.657432 0.464664
v 0.22989 0.657432 0.461297
v 0.229554 0.660799 0.464664
v 0.252607 0.660799 0.464664
v 0.252607 0.657432 0.461297
v 0.255974 0.657432 0.464664
v 0.252607 0.660799 0.464664
v 0.252607 0.660799 0.487717
v 0.255974 0.657432 0.487717
v 0.25227 0.657432 0.491084
v 0.252607 0.660799 0.487717
v 0.229554 0.660799 0.487717
v 0.229554 0.657432 0.491084
v 0.22282 0.073122 0.494451
v 0.226187 0.076489 0.487717
v 0.226187 0.076489 0.464664
v 0.22282 0.073122 0.45793
v 0.22282 0.073122 0.45793
v 0.22989 0.076489 0.461297
v 0.25227 0.076489 0.461297
v 0.259341 0.073122 0.45793
v 0.259341 0.073122 0.45793
v 0.255974 0.076489 0.464664
v 0.255974 0.076489 0.487717
v 0.259341 0.073122 0.494451
v 0.259341 0.073122 0.494451
v 0.25227 0.076489 0.491084
v 0.229554 0.076489 0.491084
v 0.22282 0.073122 0.494451
v 0.209952 0.038046 0.913937
v 0.206585 0.038046 0.917304
v 0.206585 0.108199 0.917304
v 0.209952 0.108199 0.913937
v 0.209952 0.111566 0.917304
v 0.206585 0.108199 0.917304
v 0.206585 0.108199 0.987458
v 0.209952 0.111566 0.987458
v 0.209952 0.108199 0.990825
v 0.206585 0.108199 0.987458
v 0.206585 0.038046 0.987458
v 0.209952 0.038046 0.990825
v 0.209952 0.034679 0.987458
v 0.206585 0.038046 0.987458
v 0.206585 0.038046 0.917304
v 0.209952 0.034679 0.917304
v 0.208586 0.411407 0.919887
v 0.211953 0.40804 0.926621
v 0.211953 0.40804 0.978141
v 0.208586 0.411407 0.984875
v 0.208586 0.411407 0.984875
v 0.21532 0.40804 0.981508
v 0.266841 0.40804 0.981508
v 0.273575 0.411407 0.984875
v 0.273575 0.411407 0.984875
v 0.270208 0.40804 0.978141
v 0.270208 0.40804 0.926621
v 0.273575 0.411407 0.919887
v 0.273575 0.411407 0.919887
v 0.266841 0.40804 0.923254
v 0.21532 0.40804 0.923254
v 0.208586 0.411407 0.919887
v 0.284197 0.380791 0.986364
v 0.287564 0.380791 0.982997
v 0.287564 0.442023 0.982997
v 0.284197 0.442023 0.986364
v 0.284197 0.44539 0.982997
v 0.287564 0.442023 0.982997
v 0.287564 0.442023 0.921765
v 0.284197 0.44539 0.921765
v 0.284197 0.442023 0.918398
v 0.287564 0.442023 0.921765
v 0.287564 0.380791 0.921765
v 0.284197 0.380791 0.918398
v 0.284197 0.377423 0.921765
v 0.287564 0.380791 0.921765
v 0.287564 0.380791 0.982997
v 0.284197 0.377423 0.982997
v 0.634135 0.108199 0.913937
v 0.637502 0.108199 0.917304
v 0.637502 0.038046 0.917304
v 0.634135 0.038046 0.913937
v 0.634135 0.034679 0.917304
v 0.637502 0.038046 0.917304
v 0.637502 0.038046 0.987458
v 0.634135 0.034679 0.987458
v 0.634135 0.038046 0.990825
v 0.637502 0.038046 0.987458
v 0.637502 0.108199 0.987458
v 0.634135 0.108199 0.990825
v 0.634135 0.111566 0.987458
v 0.637502 0.108199 0.987458
v 0.637502 0.108199 0.917304
v 0.634135 0.111566 0.917304
v 0.208586 0.036088 0.984875
v 0.211953 0.039455 0.978141
v 0.211953 0.039455 0.926621
v 0.208586 0.036088 0.919887
v 0.208586 0.036088 0.919887
v 0.21532 0.039455 0.923254
v 0.266841 0.039455 0.923254
v 0.273575 0.036088 0.919887
v 0.273575 0.036088 0.919887
v 0.270208 0.039455 0.926621
v 0.270208 0.039455 0.978141
v 0.273575 0.036088 0.984875
v 0.273575 0.036088 0.984875
v 0.266841 0.039455 0.981508
v 0.21532 0.039455 0.981508
v 0.208586 0.036088 0.984875
v 0.255974 0.470879 0.464664
v 0.255974 0.470879 0.487717
v 0.255974 0.076489 0.487717
v 0.255974 0.076489 0.464664
v 0.521287 0.375519 0
v 0.51792 0.372152 0
v 0.51792 0.372152 0.949014
v 0.521287 0.375519 0.949014
v 0.562114 0.146919 0
v 0.558747 0.143552 0
v 0.558747 0.143552 0.949014
v 0.562114 0.146919 0.949014
v 0.630855 0.146919 0.949014
v 0.634222 0.143552 0.949014
v 0.544341 0.345732 0.949014
v 0.544341 0.345732 0
v 0.547708 0.349099 0
v 0.547708 0.349099 0.949014
v 0.211738 0.516907 -0.963908
v 0.214294 0.513204 -0.967275
v 0 0.513204 -0.967275
v 0 0.516907 -0.963908
v 0.391895 0.588264 0.949014
v 0.395262 0.584896 0.949014
v 0.634135 0.038046 -0.913937
v 0.209952 0.038046 -0.913937
v 0.209952 0.034679 -0.917304
v 0.634135 0.034679 -0.917304
v 0.161696 0.675694 0.949014
v 0.161696 0.675694 0
v 0.165063 0.679061 0
v 0.165063 0.679061 0.949014
v 0.284197 0.377424 -0.921765
v 0.284197 0.380791 -0.918398
v 0 0.380791 -0.918398
v 0 0.377424 -0.921765
v -0.266841 0.40804 0.981508
v -0.266841 0.039455 0.981508
v -0.21532 0.039455 0.981508
v -0.21532 0.40804 0.981508
v 0.165063 0.702114 0
v 0.161696 0.705481 0
v 0.161696 0.705481 0.949014
v 0.165063 0.702114 0.949014
v 0.138643 0.705481 0
v 0.135276 0.702114 0
v 0.135276 0.702114 0.949014
v 0.138643 0.705481 0.949014
v -0.525307 0.069153 0.44182
v -0.528675 0.069152 0.438453
v -0.518951 0.24626 0.438453
v -0.515615 0.245688 0.44182
v -0.520286 0.177923 0.44182
v -0.525329 0.107833 0.44182
v 0.518951 0.24626 0.513928
v 0.515615 0.245688 0.510561
v 0.525307 0.069153 0.510561
v 0.528675 0.069152 0.513928
v 0.597412 0.069152 -0.438453
v 0.600779 0.069153 -0.44182
v 0.590008 0.258423 -0.44182
v 0.586674 0.257853 -0.438453
v 0.600779 0.069153 0.44182
v 0.597412 0.069152 0.438453
v 0.586674 0.257853 0.438453
v 0.590008 0.258423 0.44182
v -0.480992 0.372737 0.510561
v -0.484114 0.374097 0.513928
v -0.518951 0.24626 0.513928
v -0.515615 0.245688 0.510561
v -0.484114 0.374097 -0.513928
v -0.480992 0.372737 -0.510561
v -0.515615 0.245688 -0.510561
v -0.518951 0.24626 -0.513928
v -0.590008 0.258423 -0.44182
v -0.586674 0.257853 -0.438453
v -0.547077 0.401509 -0.438453
v -0.550193 0.402866 -0.44182
v -0.586674 0.257853 -0.513928
v -0.590008 0.258423 -0.510561
v -0.550193 0.402866 -0.510561
v -0.547077 0.401509 -0.513928
v -0.484114 0.374097 -0.438453
v -0.480992 0.372737 -0.44182
v -0.404537 0.496868 -0.44182
v -0.407083 0.499169 -0.438453
v 0 0.490824 0.491084
v -0.214294 0.491019 0.491084
v -0.211677 0.48712 0.487717
v 0 0.48712 0.487717
v 0.547077 0.401509 -0.438453
v 0.550193 0.402866 -0.44182
v 0.460525 0.547483 -0.44182
v 0.45799 0.545191 -0.438453
v 0.283736 0.588944 -0.510561
v 0.285548 0.591799 -0.513928
v 0.407083 0.499169 -0.513928
v 0.404537 0.496868 -0.510561
v 0.366704 0.52511 -0.510561
v 0.323846 0.557987 -0.510561
v -0.404537 0.496868 0.44182
v -0.407083 0.499169 0.438453
v -0.285548 0.591799 0.438453
v -0.283736 0.588944 0.44182
v -0.323846 0.557987 0.44182
v -0.366704 0.52511 0.44182
v -0.366704 0.52511 -0.44182
v -0.323846 0.557987 -0.44182
v -0.283736 0.588944 -0.44182
v -0.285548 0.591799 -0.438453
v -0.407083 0.499169 -0.438453
v -0.404537 0.496868 -0.44182
v -0.412643 0.584994 0.44182
v -0.369785 0.617871 0.44182
v -0.32418 0.652668 0.44182
v -0.322369 0.649815 0.438453
v -0.45799 0.545191 0.438453
v -0.460525 0.547483 0.44182
v 0.196251 0.634279 -0.510561
v 0.197424 0.637466 -0.513928
v 0.285548 0.591799 -0.513928
v 0.283736 0.588944 -0.510561
v -0.285548 0.591799 -0.438453
v -0.283736 0.588944 -0.44182
v -0.196251 0.634279 -0.44182
v -0.197424 0.637466 -0.438453
v -0.32418 0.652668 -0.44182
v -0.322369 0.649815 -0.438453
v -0.221135 0.701932 -0.438453
v -0.222306 0.705114 -0.44182
v -0.32418 0.652668 0.510561
v -0.322369 0.649815 0.513928
v -0.221135 0.701932 0.513928
v -0.222306 0.705114 0.510561
v 0.086301 0.659773 -0.510561
v 0.086688 0.663142 -0.513928
v 0.197424 0.637466 -0.513928
v 0.196251 0.634279 -0.510561
v -0.196251 0.634279 0.44182
v -0.197424 0.637466 0.438453
v -0.086688 0.663142 0.438453
v -0.086301 0.659773 0.44182
v -0.222306 0.705114 -0.44182
v -0.221135 0.701932 -0.438453
v -0.09451 0.731391 -0.438453
v -0.094896 0.734757 -0.44182
v -0.222306 0.705114 0.510561
v -0.221135 0.701932 0.513928
v -0.09451 0.731391 0.513928
v -0.094896 0.734757 0.510561
v 0 0.659527 -0.510561
v 0 0.662894 -0.513928
v 0.086688 0.663142 -0.513928
v 0.086301 0.659773 -0.510561
v -0.086688 0.663142 -0.438453
v -0.086301 0.659773 -0.44182
v 0 0.659527 -0.44182
v 0 0.662894 -0.438453
v -0.09451 0.731391 0.438453
v -0.094896 0.734757 0.44182
v 0 0.735002 0.44182
v 0 0.731635 0.438453
v -0.094896 0.734757 -0.44182
v -0.09451 0.731391 -0.438453
v 0 0.731635 -0.438453
v 0 0.735002 -0.44182
v -0.545696 0.253846 -0.990119
v -0.54236 0.253275 -0.986751
v -0.552547 0.067727 -0.986751
v -0.555915 0.067727 -0.990119
v 0.552547 0.067727 -0.918011
v 0.555915 0.067727 -0.914643
v 0.545696 0.253846 -0.914643
v 0.54236 0.253275 -0.918011
v -0.624651 0.067727 0.914643
v -0.628019 0.067727 0.918011
v -0.616753 0.266011 0.918011
v -0.613419 0.26544 0.914643
v -0.628019 0.067727 0.986751
v -0.624651 0.067727 0.990119
v -0.613419 0.26544 0.990119
v -0.616753 0.266011 0.986751
v -0.54236 0.253275 0.918011
v -0.545696 0.253846 0.914643
v -0.509059 0.388251 0.914643
v -0.505937 0.386892 0.918011
v -0.505937 0.386892 0.986751
v -0.509059 0.388251 0.990119
v -0.545696 0.253846 0.990119
v -0.54236 0.253275 0.986751
v -0.616753 0.266011 -0.918011
v -0.613419 0.26544 -0.914643
v -0.572021 0.415664 -0.914643
v -0.575138 0.41702 -0.918011
v -0.613419 0.26544 -0.990119
v -0.616753 0.266011 -0.986751
v -0.575138 0.41702 -0.986751
v -0.572021 0.415664 -0.990119
v -0.404537 0.496868 -0.510561
v -0.480992 0.372737 -0.510561
v -0.484114 0.374097 -0.513928
v -0.407083 0.499169 -0.513928
v -0.509059 0.388251 -0.914643
v -0.505937 0.386892 -0.918011
v -0.425463 0.517523 -0.918011
v -0.428009 0.519824 -0.914643
v -0.575138 0.41702 -0.918011
v -0.572021 0.415664 -0.914643
v -0.478916 0.565846 -0.914643
v -0.481451 0.568138 -0.918011
v 0.572021 0.415664 -0.914643
v 0.575138 0.41702 -0.918011
v 0.481451 0.568138 -0.918011
v 0.478916 0.565846 -0.914643
v -0.300254 0.617226 -0.990119
v -0.298442 0.614371 -0.986751
v -0.425463 0.517523 -0.986751
v -0.428009 0.519824 -0.990119
v -0.547077 0.401509 0.438453
v -0.550193 0.402866 0.44182
v -0.460525 0.547483 0.44182
v -0.45799 0.545191 0.438453
v 0.481451 0.568138 -0.986751
v 0.478916 0.565846 -0.990119
v 0.337075 0.675242 -0.990119
v 0.338886 0.678095 -0.986751
v 0.386564 0.641708 -0.986751
v 0.431495 0.60724 -0.986751
v -0.23243 0.732907 0.918011
v -0.23243 0.732907 0.986751
v -0.099279 0.763883 0.986751
v -0.099279 0.763883 0.918011
v -0.207549 0.665258 -0.990119
v -0.206376 0.662071 -0.986751
v -0.298442 0.614371 -0.986751
v -0.300254 0.617226 -0.990119
v -0.298442 0.614371 0.918011
v -0.300254 0.617226 0.914643
v -0.207549 0.665258 0.914643
v -0.206376 0.662071 0.918011
v -0.338886 0.678095 0.986751
v -0.337075 0.675242 0.990119
v -0.23126 0.729724 0.990119
v -0.23243 0.732907 0.986751
v 0.337075 0.675242 -0.914643
v 0.338886 0.678095 -0.918011
v 0.23243 0.732907 -0.918011
v 0.23126 0.729724 -0.914643
v -0.091071 0.692268 -0.990119
v -0.090684 0.688899 -0.986751
v -0.206376 0.662071 -0.986751
v -0.207549 0.665258 -0.990119
v -0.23243 0.732907 0.986751
v -0.23126 0.729724 0.990119
v -0.098893 0.760517 0.990119
v -0.099279 0.763883 0.986751
v -0.23126 0.729724 0.914643
v -0.23243 0.732907 0.918011
v -0.099279 0.763883 0.918011
v -0.098893 0.760517 0.914643
v 0 0.688653 -0.986751
v 0 0.69202 -0.990119
v 0.091071 0.692268 -0.990119
v 0.090684 0.688899 -0.986751
v 0.090684 0.688899 -0.918011
v 0.091071 0.692268 -0.914643
v 0 0.69202 -0.914643
v 0 0.688653 -0.918011
v -0.099279 0.763883 0.986751
v -0.098893 0.760517 0.990119
v 0 0.760761 0.990119
v 0 0.764128 0.986751
v -0.098893 0.760517 0.914643
v -0.099279 0.763883 0.918011
v 0 0.764128 0.918011
v 0 0.760761 0.914643
v -0.478793 0.48712 -0.963908
v -0.478793 0.490487 -0.967275
v 0.211738 0.516907 0.940854
v 0.215608 0.51354 0.937487
v 0 0.51354 0.937487
v 0 0.516907 0.940854
v 0.214294 0.513204 0.967275
v 0.211738 0.516907 0.963908
v 0 0.516907 0.963908
v 0 0.513204 0.967275
v 0.211724 0.516907 0.464664
v 0.214294 0.513204 0.461297
v 0 0.513204 0.461297
v 0 0.516907 0.464664
v 0.21583 0.490487 0.461297
v 0.211677 0.48712 0.464664
v 0 0.490824 0.491084
v 0 0.48712 0.487717
v 0.211677 0.48712 0.487717
v 0.214294 0.490824 0.491084
v 0.21532 0.40804 0.923254
v 0.21532 0.039455 0.923254
v 0.211953 0.039455 0.926621
v 0.211953 0.40804 0.926621
v 0.521287 0.345732 0.949014
v 0.51792 0.349099 0.949014
v 0.478793 0.48712 0.963908
v 0.478793 0.490487 0.967275
v 0.252607 0.67954 0.967275
v 0.252607 0.526836 0.967275
v 0.255974 0.530455 0.963908
v 0.255974 0.67954 0.963908
v -0.252607 0.527525 0.461297
v -0.252607 0.657432 0.461297
v -0.22989 0.657432 0.461297
v -0.230532 0.528478 0.461297
v -0.214294 0.513088 0.461297
v -0.21583 0.490487 0.461297
v -0.230646 0.473421 0.461297
v -0.22989 0.076489 0.461297
v -0.25227 0.076489 0.461297
v -0.251515 0.473421 0.461297
v -0.266331 0.490487 0.461297
v -0.478793 0.490487 0.461297
v -0.478793 0.513204 0.461297
v -0.267867 0.513088 0.461297
v 0.478793 0.516907 0.940854
v 0.478793 0.51354 0.937487
v 0.266553 0.51354 0.937487
v 0.270423 0.516907 0.940854
v -0.478793 0.513204 -0.967275
v -0.478793 0.516907 -0.963908
v -0.270423 0.516907 -0.963908
v -0.267867 0.513115 -0.967275
v 0.230661 0.527855 -0.967275
v 0.226187 0.530455 -0.963908
v 0.226187 0.67954 -0.963908
v 0.22989 0.67954 -0.967275
v 0.25227 0.67954 -0.937487
v 0.251002 0.527855 -0.937487
v 0.255974 0.530455 -0.940854
v 0.255974 0.67954 -0.940854
v 0.226187 0.67954 -0.940854
v 0.226187 0.530455 -0.940854
v 0.231158 0.527855 -0.937487
v 0.22989 0.67954 -0.937487
v 0.209952 0.111566 0.987458
v 0.209952 0.108199 0.990825
v 0.634135 0.108199 0.990825
v 0.634135 0.111566 0.987458
v 0.478793 0.490487 0.461297
v 0.478793 0.48712 0.464664
v 0.270484 0.48712 0.464664
v 0.266331 0.490487 0.461297
v -0.478793 0.513204 -0.491084
v -0.478793 0.516907 -0.487717
v -0.270437 0.516907 -0.487717
v -0.267867 0.513088 -0.491084
v -0.211724 0.516907 -0.464664
v -0.214294 0.513088 -0.461297
v 0 0.513204 -0.461297
v 0 0.516907 -0.464664
v -0.22989 0.657432 0.461297
v -0.226187 0.657432 0.464664
v -0.226187 0.531063 0.464664
v -0.230532 0.528478 0.461297
v 0.214294 0.513204 -0.461297
v 0.211724 0.516907 -0.464664
v 0 0.516907 -0.464664
v 0 0.513204 -0.461297
v 0.226187 0.657432 -0.464664
v 0.226187 0.531063 -0.464664
v 0.230532 0.528478 -0.461297
v 0.22989 0.657432 -0.461297
v 0.252607 0.657432 0.461297
v 0.255974 0.657432 0.464664
v 0.255974 0.531063 0.464664
v 0.252607 0.527525 0.461297
v -0.251515 0.473421 0.491084
v -0.255974 0.470879 0.487717
v -0.255974 0.076489 0.487717
v -0.25227 0.076489 0.491084
v -0.255974 0.470879 0.464664
v -0.251515 0.473421 0.461297
v -0.25227 0.076489 0.461297
v -0.255974 0.076489 0.464664
v 0.255974 0.470879 -0.464664
v 0.251515 0.473421 -0.461297
v 0.25227 0.076489 -0.461297
v 0.255974 0.076489 -0.464664
v 0.209952 0.108199 -0.913937
v 0.209952 0.038046 -0.913937
v 0.634135 0.038046 -0.913937
v 0.634135 0.108199 -0.913937
v 0.086688 0.663142 -0.513928
v 0 0.662894 -0.513928
v 0 0.731635 -0.513928
v 0.09451 0.731391 -0.513928
v 0.221135 0.701932 -0.513928
v 0.322369 0.649815 -0.513928
v 0.45799 0.545191 -0.513928
v 0.547077 0.401509 -0.513928
v 0.586674 0.257853 -0.513928
v 0.597412 0.069152 -0.513928
v 0.528675 0.069152 -0.513928
v 0.518951 0.24626 -0.513928
v 0.484114 0.374097 -0.513928
v 0.407083 0.499169 -0.513928
v 0.197424 0.637466 -0.513928
v 0.285548 0.591799 -0.513928
v -0.215608 0.51354 0.937487
v -0.211738 0.516907 0.940854
v 0.209952 0.108199 0.990825
v 0.209952 0.038046 0.990825
v 0.634135 0.038046 0.990825
v 0.634135 0.108199 0.990825
v 0.211953 0.039455 0.978141
v 0.21532 0.039455 0.981508
v 0.21532 0.40804 0.981508
v 0.211953 0.40804 0.978141
v -0.209952 0.038046 0.990825
v -0.209952 0.108199 0.990825
v -0.634135 0.108199 0.990825
v -0.634135 0.038046 0.990825
v 0.284197 0.442023 0.986364
v 0.284197 0.44539 0.982997
v 0.21532 0.40804 0.981508
v 0.21532 0.039455 0.981508
v 0.266841 0.039455 0.981508
v 0.266841 0.40804 0.981508
v 0.226187 0.531063 0.487717
v 0.229554 0.527525 0.491084
v 0.229554 0.657432 0.491084
v 0.226187 0.657432 0.487717
v -0.251515 0.473421 0.491084
v -0.25227 0.076489 0.491084
v -0.229554 0.076489 0.491084
v -0.229554 0.474165 0.491084
v -0.214294 0.491019 0.491084
v -0.214294 0.513088 0.491084
v -0.229554 0.527525 0.491084
v -0.229554 0.657432 0.491084
v -0.25227 0.657432 0.491084
v -0.251628 0.528478 0.491084
v -0.267867 0.513088 0.491084
v -0.478793 0.513204 0.491084
v -0.478793 0.490487 0.491084
v -0.266331 0.490487 0.491084
v -0.209952 0.108199 0.990825
v -0.209952 0.111566 0.987458
v -0.634135 0.111566 0.987458
v -0.634135 0.108199 0.990825
v 0.209952 0.038046 0.990825
v 0.209952 0.034679 0.987458
v 0.634135 0.034679 0.987458
v 0.634135 0.038046 0.990825
v -0.395262 0.584896 -0.949014
v -0.391895 0.584896 -0.952381
v -0.391895 0.561843 -0.952381
v -0.395262 0.561843 -0.949014
v -0.255974 0.530455 -0.963908
v -0.257887 0.526094 -0.963908
v -0.257887 0.526094 -0.940854
v -0.255974 0.530455 -0.940854
v -0.251002 0.527855 -0.937487
v -0.257887 0.526094 -0.940854
v -0.265987 0.518638 -0.940854
v -0.266553 0.51354 -0.937487
v -0.270423 0.516907 -0.940854
v -0.265987 0.518638 -0.940854
v -0.265987 0.518638 -0.963908
v -0.270423 0.516907 -0.963908
v -0.267867 0.513115 -0.967275
v -0.265987 0.518638 -0.963908
v -0.257887 0.526094 -0.963908
v -0.252607 0.526836 -0.967275
v -0.224274 0.526094 -0.940854
v -0.231158 0.527855 -0.937487
v -0.215608 0.51354 -0.937487
v -0.216174 0.518638 -0.940854
v -0.216174 0.518638 -0.940854
v -0.211738 0.516907 -0.940854
v -0.211738 0.516907 -0.963908
v -0.216174 0.518638 -0.963908
v -0.255974 0.470879 -0.464664
v -0.257641 0.47534 -0.464664
v -0.257641 0.47534 -0.487717
v -0.255974 0.470879 -0.487717
v -0.266331 0.490487 -0.461297
v -0.266151 0.485144 -0.464664
v -0.257641 0.47534 -0.464664
v -0.251515 0.473421 -0.461297
v -0.224274 0.526094 -0.963908
v -0.226187 0.530455 -0.963908
v -0.226187 0.530455 -0.940854
v -0.224274 0.526094 -0.940854
v -0.521287 0.375519 -0.949014
v -0.521287 0.372152 -0.952381
v -0.544341 0.372152 -0.952381
v -0.544341 0.375519 -0.949014
v -0.51792 0.349099 -0.949014
v -0.521287 0.349099 -0.952381
v -0.521287 0.372152 -0.952381
v -0.51792 0.372152 -0.949014
v -0.230661 0.527855 -0.967275
v -0.224274 0.526094 -0.963908
v -0.216174 0.518638 -0.963908
v -0.214294 0.513115 -0.967275
v -0.544341 0.345732 -0.949014
v -0.544341 0.349099 -0.952381
v -0.521287 0.349099 -0.952381
v -0.521287 0.345732 -0.949014
v -0.226187 0.531063 -0.464664
v -0.224334 0.526675 -0.464664
v -0.224334 0.526675 -0.487717
v -0.226187 0.531063 -0.487717
v -0.229554 0.527525 -0.491084
v -0.224334 0.526675 -0.487717
v -0.216136 0.518699 -0.487717
v -0.214294 0.513088 -0.491084
v -0.547708 0.372152 -0.949014
v -0.544341 0.372152 -0.952381
v -0.544341 0.349099 -0.952381
v -0.547708 0.349099 -0.949014
v -0.211724 0.516907 -0.487717
v -0.216136 0.518699 -0.487717
v -0.216136 0.518699 -0.464664
v -0.211724 0.516907 -0.464664
v -0.214294 0.513088 -0.461297
v -0.216136 0.518699 -0.464664
v -0.224334 0.526675 -0.464664
v -0.230532 0.528478 -0.461297
v -0.216009 0.485144 -0.487717
v -0.211677 0.48712 -0.487717
v -0.211677 0.48712 -0.464664
v -0.216009 0.485144 -0.464664
v -0.216009 0.485144 -0.464664
v -0.21583 0.490487 -0.461297
v -0.230646 0.473421 -0.461297
v -0.22452 0.47534 -0.464664
v -0.266025 0.518699 -0.464664
v -0.267867 0.513088 -0.461297
v -0.252607 0.527525 -0.461297
v -0.257827 0.526675 -0.464664
v -0.257827 0.526675 -0.464664
v -0.255974 0.531063 -0.464664
v -0.255974 0.531063 -0.487717
v -0.257827 0.526675 -0.487717
v -0.368842 0.588264 -0.949014
v -0.368842 0.584896 -0.952381
v -0.391895 0.584896 -0.952381
v -0.391895 0.588264 -0.949014
v -0.257827 0.526675 -0.487717
v -0.251628 0.528478 -0.491084
v -0.267867 0.513088 -0.491084
v -0.266025 0.518699 -0.487717
v -0.266151 0.485144 -0.487717
v -0.266331 0.490487 -0.491084
v -0.251515 0.473421 -0.491084
v -0.257641 0.47534 -0.487717
v -0.562114 0.146919 -0.949014
v -0.562114 0.143552 -0.952381
v -0.630855 0.143552 -0.952381
v -0.630855 0.146919 -0.949014
v -0.22452 0.47534 -0.487717
v -0.229554 0.474165 -0.491084
v -0.214294 0.491019 -0.491084
v -0.216009 0.485144 -0.487717
v -0.558747 0.074811 -0.949014
v -0.562114 0.074811 -0.952381
v -0.562114 0.143552 -0.952381
v -0.558747 0.143552 -0.949014
v -0.226187 0.470879 -0.487717
v -0.22452 0.47534 -0.487717
v -0.22452 0.47534 -0.464664
v -0.226187 0.470879 -0.464664
v -0.630855 0.071444 -0.949014
v -0.630855 0.074811 -0.952381
v -0.562114 0.074811 -0.952381
v -0.562114 0.071444 -0.949014
v -0.270437 0.516907 -0.464664
v -0.266025 0.518699 -0.464664
v -0.266025 0.518699 -0.487717
v -0.270437 0.516907 -0.487717
v -0.634222 0.143552 -0.949014
v -0.630855 0.143552 -0.952381
v -0.630855 0.074811 -0.952381
v -0.634222 0.074811 -0.949014
v -0.365475 0.561843 -0.949014
v -0.368842 0.561843 -0.952381
v -0.368842 0.584896 -0.952381
v -0.365475 0.584896 -0.949014
v -0.266151 0.485144 -0.464664
v -0.270484 0.48712 -0.464664
v -0.270484 0.48712 -0.487717
v -0.266151 0.485144 -0.487717
v -0.391895 0.558476 -0.949014
v -0.391895 0.561843 -0.952381
v -0.368842 0.561843 -0.952381
v -0.368842 0.558476 -0.949014
v -0.165063 0.702114 -0.949014
v -0.161696 0.702114 -0.952381
v -0.161696 0.679061 -0.952381
v -0.165063 0.679061 -0.949014
v -0.161696 0.675694 -0.949014
v -0.161696 0.679061 -0.952381
v -0.138643 0.679061 -0.952381
v -0.138643 0.675694 -0.949014
v -0.135276 0.679061 -0.949014
v -0.138643 0.679061 -0.952381
v -0.138643 0.702114 -0.952381
v -0.135276 0.702114 -0.949014
v -0.138643 0.705481 -0.949014
v -0.138643 0.702114 -0.952381
v -0.161696 0.702114 -0.952381
v -0.161696 0.705481 -0.949014
v -0.528675 0.069152 -0.513928
v -0.528673 0.065784 -0.510561
v -0.597412 0.065784 -0.510561
v -0.597412 0.069152 -0.513928
v -0.600779 0.069153 -0.510561
v -0.597412 0.065784 -0.510561
v -0.597412 0.065784 -0.44182
v -0.600779 0.069153 -0.44182
v -0.597412 0.069152 -0.438453
v -0.597412 0.065784 -0.44182
v -0.528673 0.065784 -0.44182
v -0.528675 0.069152 -0.438453
v -0.525307 0.069153 -0.44182
v -0.528673 0.065784 -0.44182
v -0.528673 0.065784 -0.510561
v -0.525307 0.069153 -0.510561
v -0.555915 0.067727 -0.990119
v -0.555913 0.064359 -0.986751
v -0.624652 0.06436 -0.986751
v -0.624651 0.067727 -0.990119
v -0.628019 0.067727 -0.986751
v -0.624652 0.06436 -0.986751
v -0.624652 0.06436 -0.918011
v -0.628019 0.067727 -0.918011
v -0.624651 0.067727 -0.914643
v -0.624652 0.06436 -0.918011
v -0.555913 0.064359 -0.918011
v -0.555915 0.067727 -0.914643
v -0.552547 0.067727 -0.918011
v -0.555913 0.064359 -0.918011
v -0.555913 0.064359 -0.986751
v -0.552547 0.067727 -0.986751
v -0.478793 0.490487 -0.967275
v -0.482161 0.490487 -0.963908
v -0.482161 0.51354 -0.963908
v -0.478793 0.513204 -0.967275
v -0.478793 0.516907 -0.963908
v -0.482161 0.51354 -0.963908
v -0.482161 0.51354 -0.940854
v -0.478793 0.516907 -0.940854
v -0.478793 0.51354 -0.937487
v -0.482161 0.51354 -0.940854
v -0.482161 0.490487 -0.940854
v -0.478793 0.490487 -0.937487
v -0.478793 0.48712 -0.940854
v -0.482161 0.490487 -0.940854
v -0.482161 0.490487 -0.963908
v -0.478793 0.48712 -0.963908
v -0.478793 0.490487 -0.491084
v -0.482161 0.490487 -0.487717
v -0.482161 0.51354 -0.487717
v -0.478793 0.513204 -0.491084
v -0.478793 0.516907 -0.487717
v -0.482161 0.51354 -0.487717
v -0.482161 0.51354 -0.464664
v -0.478793 0.516907 -0.464664
v -0.478793 0.513204 -0.461297
v -0.482161 0.51354 -0.464664
v -0.482161 0.490487 -0.464664
v -0.478793 0.490487 -0.461297
v -0.478793 0.48712 -0.464664
v -0.482161 0.490487 -0.464664
v -0.482161 0.490487 -0.487717
v -0.478793 0.48712 -0.487717
v -0.226187 0.67954 -0.963908
v -0.229554 0.682907 -0.963908
v -0.229554 0.682907 -0.940854
v -0.226187 0.67954 -0.940854
v -0.22989 0.67954 -0.937487
v -0.229554 0.682907 -0.940854
v -0.252607 0.682907 -0.940854
v -0.25227 0.67954 -0.937487
v -0.255974 0.67954 -0.940854
v -0.252607 0.682907 -0.940854
v -0.252607 0.682907 -0.963908
v -0.255974 0.67954 -0.963908
v -0.252607 0.67954 -0.967275
v -0.252607 0.682907 -0.963908
v -0.229554 0.682907 -0.963908
v -0.22989 0.67954 -0.967275
v -0.226187 0.657432 -0.487717
v -0.229554 0.660799 -0.487717
v -0.229554 0.660799 -0.464664
v -0.226187 0.657432 -0.464664
v -0.22989 0.657432 -0.461297
v -0.229554 0.660799 -0.464664
v -0.252607 0.660799 -0.464664
v -0.252607 0.657432 -0.461297
v -0.255974 0.657432 -0.464664
v -0.252607 0.660799 -0.464664
v -0.252607 0.660799 -0.487717
v -0.255974 0.657432 -0.487717
v -0.25227 0.657432 -0.491084
v -0.252607 0.660799 -0.487717
v -0.229554 0.660799 -0.487717
v -0.229554 0.657432 -0.491084
v -0.22282 0.073122 -0.494451
v -0.226187 0.076489 -0.487717
v -0.226187 0.076489 -0.464664
v -0.22282 0.073122 -0.45793
v -0.22282 0.073122 -0.45793
v -0.22989 0.076489 -0.461297
v -0.25227 0.076489 -0.461297
v -0.259341 0.073122 -0.45793
v -0.259341 0.073122 -0.45793
v -0.255974 0.076489 -0.464664
v -0.255974 0.076489 -0.487717
v -0.259341 0.073122 -0.494451
v -0.259341 0.073122 -0.494451
v -0.25227 0.076489 -0.491084
v -0.229554 0.076489 -0.491084
v -0.22282 0.073122 -0.494451
v -0.209952 0.038046 -0.913937
v -0.206585 0.038046 -0.917304
v -0.206585 0.108199 -0.917304
v -0.209952 0.108199 -0.913937
v -0.209952 0.111566 -0.917304
v -0.206585 0.108199 -0.917304
v -0.206585 0.108199 -0.987458
v -0.209952 0.111566 -0.987458
v -0.209952 0.108199 -0.990825
v -0.206585 0.108199 -0.987458
v -0.206585 0.038046 -0.987458
v -0.209952 0.038046 -0.990825
v -0.209952 0.034679 -0.987458
v -0.206585 0.038046 -0.987458
v -0.206585 0.038046 -0.917304
v -0.209952 0.034679 -0.917304
v -0.208586 0.411407 -0.919887
v -0.211953 0.40804 -0.926621
v -0.211953 0.40804 -0.978141
v -0.208586 0.411407 -0.984875
v -0.208586 0.411407 -0.984875
v -0.21532 0.40804 -0.981508
v -0.266841 0.40804 -0.981508
v -0.273575 0.411407 -0.984875
v -0.273575 0.411407 -0.984875
v -0.270208 0.40804 -0.978141
v -0.270208 0.40804 -0.926621
v -0.273575 0.411407 -0.919887
v -0.273575 0.411407 -0.919887
v -0.266841 0.40804 -0.923254
v -0.21532 0.40804 -0.923254
v -0.208586 0.411407 -0.919887
v -0.284197 0.380791 -0.986364
v -0.287564 0.380791 -0.982997
v -0.287564 0.442023 -0.982997
v -0.284197 0.442023 -0.986364
v -0.284197 0.44539 -0.982997
v -0.287564 0.442023 -0.982997
v -0.287564 0.442023 -0.921765
v -0.284197 0.44539 -0.921765
v -0.284197 0.442023 -0.918398
v -0.287564 0.442023 -0.921765
v -0.287564 0.380791 -0.921765
v -0.284197 0.380791 -0.918398
v -0.284197 0.377424 -0.921765
v -0.287564 0.380791 -0.921765
v -0.287564 0.380791 -0.982997
v -0.284197 0.377424 -0.982997
v -0.634135 0.108199 -0.913937
v -0.637502 0.108199 -0.917304
v -0.637502 0.038046 -0.917304
v -0.634135 0.038046 -0.913937
v -0.634135 0.034679 -0.917304
v -0.637502 0.038046 -0.917304
v -0.637502 0.038046 -0.987458
v -0.634135 0.034679 -0.987458
v -0.634135 0.038046 -0.990825
v -0.637502 0.038046 -0.987458
v -0.637502 0.108199 -0.987458
v -0.634135 0.108199 -0.990825
v -0.634135 0.111566 -0.987458
v -0.637502 0.108199 -0.987458
v -0.637502 0.108199 -0.917304
v -0.634135 0.111566 -0.917304
v -0.208586 0.036088 -0.984875
v -0.211953 0.039455 -0.978141
v -0.211953 0.039455 -0.926621
v -0.208586 0.036088 -0.919887
v -0.208586 0.036088 -0.919887
v -0.21532 0.039455 -0.923254
v -0.266841 0.039455 -0.923254
v -0.273575 0.036088 -0.919887
v -0.273575 0.036088 -0.919887
v -0.270208 0.039455 -0.926621
v -0.270208 0.039455 -0.978141
v -0.273575 0.036088 -0.984875
v -0.273575 0.036088 -0.984875
v -0.266841 0.039455 -0.981508
v -0.21532 0.039455 -0.981508
v -0.208586 0.036088 -0.984875
v -0.630855 0.071444 -0.949014
v -0.634222 0.074811 -0.949014
v -0.209952 0.108199 0.913937
v -0.209952 0.038046 0.913937
v -0.634135 0.038046 0.913937
v -0.634135 0.108199 0.913937
v -0.165063 0.679061 0.949014
v -0.165063 0.702114 0.949014
v 0.229554 0.076489 0.491084
v 0.229554 0.474165 0.491084
v 0.226187 0.470879 0.487717
v 0.226187 0.076489 0.487717
v 0.165063 0.679061 -0.949014
v 0.161696 0.675694 -0.949014
v -0.51792 0.372152 -0.949014
v -0.521287 0.375519 -0.949014
v -0.634135 0.034679 -0.917304
v -0.209952 0.034679 -0.917304
v -0.209952 0.038046 -0.913937
v -0.634135 0.038046 -0.913937
v -0.365475 0.584896 -0.949014
v -0.368842 0.588264 -0.949014
v -0.368842 0.558476 -0.949014
v -0.365475 0.561843 -0.949014
v -0.391895 0.588264 -0.949014
v -0.395262 0.584896 -0.949014
v 0.395262 0.561843 -0.949014
v 0.395262 0.561843 0
v 0.391895 0.558476 0
v 0.391895 0.558476 -0.949014
v -0.209952 0.038046 -0.990825
v -0.209952 0.034679 -0.987458
v -0.634135 0.034679 -0.987458
v -0.634135 0.038046 -0.990825
v -0.135276 0.702114 -0.949014
v -0.138643 0.705481 -0.949014
v -0.165063 0.702114 0
v -0.161696 0.705481 0
v -0.161696 0.705481 -0.949014
v -0.165063 0.702114 -0.949014
v -0.161696 0.675694 -0.949014
v -0.165063 0.679061 -0.949014
v -0.634222 0.143552 0.949014
v -0.630855 0.146919 0.949014
v 0.284197 0.377423 0.982997
v 0.284197 0.380791 0.986364
v -0.229554 0.076489 -0.491084
v -0.229554 0.474165 -0.491084
v -0.226187 0.470879 -0.487717
v -0.226187 0.076489 -0.487717
v 0.135276 0.679061 0
v 0.138643 0.675694 0
v 0.138643 0.675694 0.949014
v 0.135276 0.679061 0.949014
v -0.555915 0.067727 -0.990119
v -0.624651 0.067727 -0.990119
v -0.613419 0.26544 -0.990119
v -0.572021 0.415664 -0.990119
v -0.478916 0.565846 -0.990119
v -0.337075 0.675242 -0.990119
v -0.23126 0.729724 -0.990119
v -0.098893 0.760517 -0.990119
v -0.091071 0.692268 -0.990119
v -0.207549 0.665258 -0.990119
v -0.300254 0.617226 -0.990119
v -0.428009 0.519824 -0.990119
v -0.545696 0.253846 -0.990119
v -0.509059 0.388251 -0.990119
v 0.215608 0.51354 -0.937487
v 0.211738 0.516907 -0.940854
v 0 0.516907 -0.940854
v 0 0.51354 -0.937487
v -0.221135 0.701932 -0.513928
v -0.09451 0.731391 -0.513928
v -0.086688 0.663142 -0.513928
v -0.197424 0.637466 -0.513928
v -0.285548 0.591799 -0.513928
v -0.407083 0.499169 -0.513928
v -0.518951 0.24626 -0.513928
v -0.528675 0.069152 -0.513928
v -0.597412 0.069152 -0.513928
v -0.586674 0.257853 -0.513928
v -0.547077 0.401509 -0.513928
v -0.45799 0.545191 -0.513928
v -0.322369 0.649815 -0.513928
v -0.484114 0.374097 -0.513928
v -0.528675 0.069152 -0.438453
v -0.525307 0.069153 -0.44182
v -0.515615 0.245688 -0.44182
v -0.518951 0.24626 -0.438453
v -0.515615 0.245688 0.510561
v -0.518951 0.24626 0.513928
v -0.528675 0.069152 0.513928
v -0.525307 0.069153 0.510561
v -0.525329 0.107833 0.510561
v -0.520286 0.177923 0.510561
v -0.597412 0.069152 -0.513928
v -0.600779 0.069153 -0.510561
v -0.590008 0.258423 -0.510561
v -0.586674 0.257853 -0.513928
v -0.597412 0.069152 0.438453
v -0.600779 0.069153 0.44182
v -0.590008 0.258423 0.44182
v -0.586674 0.257853 0.438453
v 0.197424 0.637466 0.513928
v 0.196251 0.634279 0.510561
v 0.283736 0.588944 0.510561
v 0.285548 0.591799 0.513928
v 0.484114 0.374097 0.513928
v 0.480992 0.372737 0.510561
v 0.515615 0.245688 0.510561
v 0.518951 0.24626 0.513928
v 0.586674 0.257853 0.513928
v 0.590008 0.258423 0.510561
v 0.550193 0.402866 0.510561
v 0.547077 0.401509 0.513928
v 0.32418 0.652668 0.44182
v 0.322369 0.649815 0.438453
v 0.221135 0.701932 0.438453
v 0.222306 0.705114 0.44182
v 0.222306 0.705114 -0.510561
v 0.221135 0.701932 -0.513928
v 0.09451 0.731391 -0.513928
v 0.094896 0.734757 -0.510561
v 0.099279 0.763883 -0.918011
v 0.099279 0.763883 -0.986751
v 0 0.764128 -0.986751
v 0 0.764128 -0.918011
v -0.407083 0.499169 0.513928
v -0.484114 0.374097 0.513928
v -0.480992 0.372737 0.510561
v -0.404537 0.496868 0.510561
v 0.480992 0.372737 -0.44182
v 0.484114 0.374097 -0.438453
v 0.407083 0.499169 -0.438453
v 0.404537 0.496868 -0.44182
v 0.550193 0.402866 -0.510561
v 0.547077 0.401509 -0.513928
v 0.45799 0.545191 -0.513928
v 0.460525 0.547483 -0.510561
v 0.547077 0.401509 0.513928
v 0.550193 0.402866 0.510561
v 0.460525 0.547483 0.510561
v 0.45799 0.545191 0.513928
v 0.404537 0.496868 -0.44182
v 0.407083 0.499169 -0.438453
v 0.285548 0.591799 -0.438453
v 0.283736 0.588944 -0.44182
v 0.323846 0.557987 -0.44182
v 0.366704 0.52511 -0.44182
v 0.285548 0.591799 0.513928
v 0.283736 0.588944 0.510561
v 0.323846 0.557987 0.510561
v 0.366704 0.52511 0.510561
v 0.404537 0.496868 0.510561
v 0.407083 0.499169 0.513928
v 0.460525 0.547483 0.44182
v 0.45799 0.545191 0.438453
v 0.322369 0.649815 0.438453
v 0.32418 0.652668 0.44182
v 0.369785 0.617871 0.44182
v 0.412643 0.584994 0.44182
v 0.412643 0.584994 0.510561
v 0.369785 0.617871 0.510561
v 0.32418 0.652668 0.510561
v 0.322369 0.649815 0.513928
v 0.45799 0.545191 0.513928
v 0.460525 0.547483 0.510561
v 0.285548 0.591799 0.438453
v 0.283736 0.588944 0.44182
v 0.196251 0.634279 0.44182
v 0.197424 0.637466 0.438453
v 0.283736 0.588944 -0.44182
v 0.285548 0.591799 -0.438453
v 0.197424 0.637466 -0.438453
v 0.196251 0.634279 -0.44182
v 0.322369 0.649815 -0.438453
v 0.32418 0.652668 -0.44182
v 0.222306 0.705114 -0.44182
v 0.221135 0.701932 -0.438453
v -0.086301 0.659773 0.510561
v -0.086688 0.663142 0.513928
v -0.197424 0.637466 0.513928
v -0.196251 0.634279 0.510561
v 0.086688 0.663142 0.513928
v 0.086301 0.659773 0.510561
v 0.196251 0.634279 0.510561
v 0.197424 0.637466 0.513928
v 0 0.659527 -0.510561
v 0.086301 0.659773 -0.510561
v 0.086301 0.659773 -0.44182
v 0 0.659527 -0.44182
v 0.509059 0.388251 0.990119
v 0.505937 0.386892 0.986751
v 0.54236 0.253275 0.986751
v 0.545696 0.253846 0.990119
v 0 0.659527 0.510561
v 0 0.662894 0.513928
v -0.086688 0.663142 0.513928
v -0.086301 0.659773 0.510561
v -0.086301 0.659773 0.44182
v -0.086688 0.663142 0.438453
v 0 0.662894 0.438453
v 0 0.659527 0.44182
v 0 0.688653 0.986751
v 0 0.69202 0.990119
v -0.091071 0.692268 0.990119
v -0.090684 0.688899 0.986751
v 0.09451 0.731391 0.513928
v 0.094896 0.734757 0.510561
v 0 0.735002 0.510561
v 0 0.731635 0.513928
v -0.624651 0.067727 -0.990119
v -0.628019 0.067727 -0.986751
v -0.616753 0.266011 -0.986751
v -0.613419 0.26544 -0.990119
v -0.54236 0.253275 0.986751
v -0.545696 0.253846 0.990119
v -0.555915 0.067727 0.990119
v -0.552547 0.067727 0.986751
v 0.628019 0.067727 0.918011
v 0.624651 0.067727 0.914643
v 0.613419 0.26544 0.914643
v 0.616753 0.266011 0.918011
v 0.624651 0.067727 0.990119
v 0.628019 0.067727 0.986751
v 0.616753 0.266011 0.986751
v 0.613419 0.26544 0.990119
v -0.545696 0.253846 -0.914643
v -0.54236 0.253275 -0.918011
v -0.505937 0.386892 -0.918011
v -0.509059 0.388251 -0.914643
v 0.221135 0.701932 -0.438453
v 0.222306 0.705114 -0.44182
v 0.094896 0.734757 -0.44182
v 0.09451 0.731391 -0.438453
v -0.337075 0.675242 0.914643
v -0.338886 0.678095 0.918011
v -0.23243 0.732907 0.918011
v -0.23126 0.729724 0.914643
v -0.616753 0.266011 0.986751
v -0.613419 0.26544 0.990119
v -0.572021 0.415663 0.990119
v -0.575138 0.41702 0.986751
v 0.23126 0.729724 -0.914643
v 0.23243 0.732907 -0.918011
v 0.099279 0.763883 -0.918011
v 0.098893 0.760517 -0.914643
v -0.505937 0.386892 0.918011
v -0.509059 0.388251 0.914643
v -0.428009 0.519824 0.914643
v -0.425463 0.517523 0.918011
v -0.450383 0.47603 0.918011
v -0.479411 0.429072 0.918011
v -0.425463 0.517523 -0.986751
v -0.505937 0.386892 -0.986751
v -0.509059 0.388251 -0.990119
v -0.428009 0.519824 -0.990119
v 0.575138 0.41702 -0.986751
v 0.572021 0.415664 -0.990119
v 0.478916 0.565846 -0.990119
v 0.481451 0.568138 -0.986751
v 0.572021 0.415663 0.990119
v 0.575138 0.41702 0.986751
v 0.481451 0.568138 0.986751
v 0.478916 0.565846 0.990119
v 0.298442 0.614371 -0.986751
v 0.300254 0.617226 -0.990119
v 0.428009 0.519824 -0.990119
v 0.425463 0.517523 -0.986751
v 0.428009 0.519824 0.914643
v 0.425463 0.517523 0.918011
v 0.298442 0.614371 0.918011
v 0.300254 0.617226 0.914643
v -0.481451 0.568138 0.986751
v -0.478916 0.565846 0.990119
v -0.337075 0.675242 0.990119
v -0.338886 0.678095 0.986751
v -0.386564 0.641708 0.986751
v -0.431495 0.60724 0.986751
v 0.431495 0.60724 0.986751
v 0.386564 0.641708 0.986751
v 0.338886 0.678095 0.986751
v 0.337075 0.675242 0.990119
v 0.478916 0.565846 0.990119
v 0.481451 0.568138 0.986751
v 0.300254 0.617226 0.914643
v 0.298442 0.614371 0.918011
v 0.206376 0.662071 0.918011
v 0.207549 0.665258 0.914643
v 0.298442 0.614371 -0.918011
v 0.300254 0.617226 -0.914643
v 0.207549 0.665258 -0.914643
v 0.206376 0.662071 -0.918011
v 0.590008 0.258423 -0.510561
v 0.586674 0.257853 -0.513928
v 0.547077 0.401509 -0.513928
v 0.550193 0.402866 -0.510561
v 0.337075 0.675242 0.990119
v 0.338886 0.678095 0.986751
v 0.23243 0.732907 0.986751
v 0.23126 0.729724 0.990119
v 0.090684 0.688899 -0.986751
v 0.091071 0.692268 -0.990119
v 0.207549 0.665258 -0.990119
v 0.206376 0.662071 -0.986751
v 0.206376 0.662071 -0.918011
v 0.207549 0.665258 -0.914643
v 0.091071 0.692268 -0.914643
v 0.090684 0.688899 -0.918011
v 0.23243 0.732907 -0.986751
v 0.23126 0.729724 -0.990119
v 0.098893 0.760517 -0.990119
v 0.099279 0.763883 -0.986751
v 0.23243 0.732907 0.918011
v 0.23126 0.729724 0.914643
v 0.098893 0.760517 0.914643
v 0.099279 0.763883 0.918011
v 0 0.662894 0.513928
v 0 0.659527 0.510561
v 0.086301 0.659773 0.510561
v 0.086688 0.663142 0.513928
v 0.091071 0.692268 0.914643
v 0.090684 0.688899 0.918011
v 0 0.688653 0.918011
v 0 0.69202 0.914643
v 0.098893 0.760517 -0.914643
v 0.099279 0.763883 -0.918011
v 0 0.764128 -0.918011
v 0 0.760761 -0.914643
v 0.094896 0.734757 -0.510561
v 0.09451 0.731391 -0.513928
v 0 0.731635 -0.513928
v 0 0.735002 -0.510561
v -0.478793 0.516907 0.963908
v -0.478793 0.513204 0.967275
v -0.267867 0.513115 0.967275
v -0.270423 0.516907 0.963908
v 0.558747 0.074811 -0.949014
v 0.562114 0.071444 -0.949014
v 0.575138 0.41702 -0.918011
v 0.575138 0.41702 -0.986751
v 0.481451 0.568138 -0.986751
v 0.481451 0.568138 -0.918011
v -0.478793 0.513204 0.461297
v -0.478793 0.516907 0.464664
v -0.270437 0.516907 0.464664
v -0.267867 0.513088 0.461297
v 0.478793 0.513204 0.491084
v 0.478793 0.516907 0.487717
v 0.270437 0.516907 0.487717
v 0.267867 0.513088 0.491084
v 0.270208 0.40804 0.978141
v 0.270208 0.039455 0.978141
v 0.270208 0.039455 0.926621
v 0.270208 0.40804 0.926621
v -0.478793 0.516907 0.940854
v -0.478793 0.516907 0.963908
v -0.270423 0.516907 0.963908
v -0.270423 0.516907 0.940854
v -0.544341 0.375519 -0.949014
v -0.547708 0.372152 -0.949014
v -0.165063 0.702114 0.949014
v -0.161696 0.705481 0.949014
v -0.521287 0.345732 -0.949014
v -0.51792 0.349099 -0.949014
v 0.270484 0.48712 -0.487717
v 0.266331 0.490487 -0.491084
v 0.478793 0.490487 -0.491084
v 0.478793 0.48712 -0.487717
v 0.21532 0.039455 -0.981508
v 0.211953 0.039455 -0.978141
v 0.211953 0.40804 -0.978141
v 0.21532 0.40804 -0.981508
v -0.478793 0.48712 -0.940854
v -0.478793 0.490487 -0.937487
v -0.478793 0.516907 -0.940854
v -0.478793 0.51354 -0.937487
v -0.266553 0.51354 -0.937487
v -0.270423 0.516907 -0.940854
v -0.211738 0.516907 0.963908
v -0.214294 0.513115 0.967275
v 0 0.513204 0.967275
v 0 0.516907 0.963908
v 0.226187 0.530455 0.963908
v 0.230661 0.527855 0.967275
v 0.22989 0.67954 0.967275
v 0.226187 0.67954 0.963908
v -0.252607 0.67954 -0.967275
v -0.252607 0.526836 -0.967275
v -0.255974 0.530455 -0.963908
v -0.255974 0.67954 -0.963908
v -0.25227 0.67954 0.937487
v -0.251002 0.527855 0.937487
v -0.255974 0.530455 0.940854
v -0.255974 0.67954 0.940854
v 0.22989 0.67954 0.937487
v 0.231158 0.527855 0.937487
v 0.226187 0.530455 0.940854
v 0.226187 0.67954 0.940854
v 0.138643 0.705481 -0.949014
v 0.135276 0.702114 -0.949014
v -0.478793 0.490487 -0.461297
v -0.478793 0.48712 -0.464664
v -0.270484 0.48712 -0.464664
v -0.266331 0.490487 -0.461297
v 0.590008 0.258423 0.510561
v 0.590008 0.258423 0.44182
v 0.550193 0.402866 0.44182
v 0.550193 0.402866 0.510561
v -0.214294 0.513088 0.461297
v -0.211724 0.516907 0.464664
v 0 0.516907 0.464664
v 0 0.513204 0.461297
v -0.22989 0.657432 -0.461297
v -0.230532 0.528478 -0.461297
v -0.226187 0.531063 -0.464664
v -0.226187 0.657432 -0.464664
v 0.255974 0.657432 0.487717
v 0.25227 0.657432 0.491084
v 0.251628 0.528478 0.491084
v 0.255974 0.531063 0.487717
v -0.252607 0.657432 -0.461297
v -0.255974 0.657432 -0.464664
v -0.255974 0.531063 -0.464664
v -0.252607 0.527525 -0.461297
v -0.391895 0.558476 -0.949014
v -0.395262 0.561843 -0.949014
v 0.226187 0.470879 0.464664
v 0.230646 0.473421 0.461297
v 0.22989 0.076489 0.461297
v 0.226187 0.076489 0.464664
v 0.230646 0.473421 -0.461297
v 0.226187 0.470879 -0.464664
v 0.226187 0.076489 -0.464664
v 0.22989 0.076489 -0.461297
v -0.255974 0.470879 -0.487717
v -0.251515 0.473421 -0.491084
v -0.25227 0.076489 -0.491084
v -0.255974 0.076489 -0.487717
v -0.266841 0.40804 0.923254
v -0.266841 0.039455 0.923254
v -0.270208 0.039455 0.926621
v -0.270208 0.40804 0.926621
v -0.266841 0.40804 -0.923254
v -0.266841 0.039455 -0.923254
v -0.21532 0.039455 -0.923254
v -0.21532 0.40804 -0.923254
v -0.21532 0.40804 -0.923254
v -0.21532 0.039455 -0.923254
v -0.211953 0.039455 -0.926621
v -0.211953 0.40804 -0.926621
v -0.284197 0.377424 -0.982997
v -0.284197 0.380791 -0.986364
v -0.284197 0.442023 -0.986364
v -0.284197 0.44539 -0.982997
v 0 0.44539 -0.982997
v 0 0.442023 -0.986364
v -0.270208 0.40804 -0.926621
v -0.270208 0.039455 -0.926621
v -0.266841 0.039455 -0.923254
v -0.266841 0.40804 -0.923254
v 0.209952 0.108199 0.913937
v 0.209952 0.111566 0.917304
v 0.634135 0.111566 0.917304
v 0.634135 0.108199 0.913937
v 0.391895 0.584896 -0.952381
v 0.395262 0.584896 -0.949014
v 0.395262 0.561843 -0.949014
v 0.391895 0.561843 -0.952381
v 0.257887 0.526094 -0.963908
v 0.255974 0.530455 -0.963908
v 0.255974 0.530455 -0.940854
v 0.257887 0.526094 -0.940854
v 0.257887 0.526094 -0.940854
v 0.251002 0.527855 -0.937487
v 0.266553 0.51354 -0.937487
v 0.265987 0.518638 -0.940854
v 0.265987 0.518638 -0.940854
v 0.270423 0.516907 -0.940854
v 0.270423 0.516907 -0.963908
v 0.265987 0.518638 -0.963908
v 0.265987 0.518638 -0.963908
v 0.267867 0.513115 -0.967275
v 0.252607 0.526836 -0.967275
v 0.257887 0.526094 -0.963908
v 0.231158 0.527855 -0.937487
v 0.224274 0.526094 -0.940854
v 0.216174 0.518638 -0.940854
v 0.215608 0.51354 -0.937487
v 0.211738 0.516907 -0.940854
v 0.216174 0.518638 -0.940854
v 0.216174 0.518638 -0.963908
v 0.211738 0.516907 -0.963908
v 0.257641 0.47534 -0.464664
v 0.255974 0.470879 -0.464664
v 0.255974 0.470879 -0.487717
v 0.257641 0.47534 -0.487717
v 0.266151 0.485144 -0.464664
v 0.266331 0.490487 -0.461297
v 0.251515 0.473421 -0.461297
v 0.257641 0.47534 -0.464664
v 0.226187 0.530455 -0.963908
v 0.224274 0.526094 -0.963908
v 0.224274 0.526094 -0.940854
v 0.226187 0.530455 -0.940854
v 0.521287 0.372152 -0.952381
v 0.521287 0.375519 -0.949014
v 0.544341 0.375519 -0.949014
v 0.544341 0.372152 -0.952381
v 0.521287 0.349099 -0.952381
v 0.51792 0.349099 -0.949014
v 0.51792 0.372152 -0.949014
v 0.521287 0.372152 -0.952381
v 0.224274 0.526094 -0.963908
v 0.230661 0.527855 -0.967275
v 0.214294 0.513204 -0.967275
v 0.216174 0.518638 -0.963908
v 0.544341 0.349099 -0.952381
v 0.544341 0.345732 -0.949014
v 0.521287 0.345732 -0.949014
v 0.521287 0.349099 -0.952381
v 0.224334 0.526675 -0.464664
v 0.226187 0.531063 -0.464664
v 0.226187 0.531063 -0.487717
v 0.224334 0.526675 -0.487717
v 0.224334 0.526675 -0.487717
v 0.229554 0.527525 -0.491084
v 0.214294 0.513204 -0.491084
v 0.216136 0.518699 -0.487717
v 0.544341 0.372152 -0.952381
v 0.547708 0.372152 -0.949014
v 0.547708 0.349099 -0.949014
v 0.544341 0.349099 -0.952381
v 0.216136 0.518699 -0.487717
v 0.211724 0.516907 -0.487717
v 0.211724 0.516907 -0.464664
v 0.216136 0.518699 -0.464664
v 0.216136 0.518699 -0.464664
v 0.214294 0.513204 -0.461297
v 0.230532 0.528478 -0.461297
v 0.224334 0.526675 -0.464664
v 0.211677 0.48712 -0.487717
v 0.216009 0.485144 -0.487717
v 0.216009 0.485144 -0.464664
v 0.211677 0.48712 -0.464664
v 0.21583 0.490487 -0.461297
v 0.216009 0.485144 -0.464664
v 0.22452 0.47534 -0.464664
v 0.230646 0.473421 -0.461297
v 0.267867 0.513088 -0.461297
v 0.266025 0.518699 -0.464664
v 0.257827 0.526675 -0.464664
v 0.252607 0.527525 -0.461297
v 0.255974 0.531063 -0.464664
v 0.257827 0.526675 -0.464664
v 0.257827 0.526675 -0.487717
v 0.255974 0.531063 -0.487717
v 0.368842 0.584896 -0.952381
v 0.368842 0.588264 -0.949014
v 0.391895 0.588264 -0.949014
v 0.391895 0.584896 -0.952381
v 0.251628 0.528478 -0.491084
v 0.257827 0.526675 -0.487717
v 0.266025 0.518699 -0.487717
v 0.267867 0.513088 -0.491084
v 0.266331 0.490487 -0.491084
v 0.266151 0.485144 -0.487717
v 0.257641 0.47534 -0.487717
v 0.251515 0.473421 -0.491084
v 0.562114 0.143552 -0.952381
v 0.562114 0.146919 -0.949014
v 0.630855 0.146919 -0.949014
v 0.630855 0.143552 -0.952381
v 0.229554 0.474165 -0.491084
v 0.22452 0.47534 -0.487717
v 0.216009 0.485144 -0.487717
v 0.214294 0.490824 -0.491084
v 0.562114 0.074811 -0.952381
v 0.558747 0.074811 -0.949014
v 0.558747 0.143552 -0.949014
v 0.562114 0.143552 -0.952381
v 0.22452 0.47534 -0.487717
v 0.226187 0.470879 -0.487717
v 0.226187 0.470879 -0.464664
v 0.22452 0.47534 -0.464664
v 0.630855 0.074811 -0.952381
v 0.630855 0.071444 -0.949014
v 0.562114 0.071444 -0.949014
v 0.562114 0.074811 -0.952381
v 0.266025 0.518699 -0.464664
v 0.270437 0.516907 -0.464664
v 0.270437 0.516907 -0.487717
v 0.266025 0.518699 -0.487717
v 0.630855 0.143552 -0.952381
v 0.634222 0.143552 -0.949014
v 0.634222 0.074811 -0.949014
v 0.630855 0.074811 -0.952381
v 0.368842 0.561843 -0.952381
v 0.365475 0.561843 -0.949014
v 0.365475 0.584896 -0.949014
v 0.368842 0.584896 -0.952381
v 0.270484 0.48712 -0.464664
v 0.266151 0.485144 -0.464664
v 0.266151 0.485144 -0.487717
v 0.270484 0.48712 -0.487717
v 0.391895 0.561843 -0.952381
v 0.391895 0.558476 -0.949014
v 0.368842 0.558476 -0.949014
v 0.368842 0.561843 -0.952381
v 0.161696 0.702114 -0.952381
v 0.165063 0.702114 -0.949014
v 0.165063 0.679061 -0.949014
v 0.161696 0.679061 -0.952381
v 0.161696 0.679061 -0.952381
v 0.161696 0.675694 -0.949014
v 0.138643 0.675694 -0.949014
v 0.138643 0.679061 -0.952381
v 0.138643 0.679061 -0.952381
v 0.135276 0.679061 -0.949014
v 0.135276 0.702114 -0.949014
v 0.138643 0.702114 -0.952381
v 0.138643 0.702114 -0.952381
v 0.138643 0.705481 -0.949014
v 0.161696 0.705481 -0.949014
v 0.161696 0.702114 -0.952381
v 0.528673 0.065784 -0.510561
v 0.528675 0.069152 -0.513928
v 0.597412 0.069152 -0.513928
v 0.597412 0.065784 -0.510561
v 0.597412 0.065784 -0.510561
v 0.600779 0.069153 -0.510561
v 0.600779 0.069153 -0.44182
v 0.597412 0.065784 -0.44182
v 0.597412 0.065784 -0.44182
v 0.597412 0.069152 -0.438453
v 0.528675 0.069152 -0.438453
v 0.528673 0.065784 -0.44182
v 0.528673 0.065784 -0.44182
v 0.525307 0.069153 -0.44182
v 0.525307 0.069153 -0.510561
v 0.528673 0.065784 -0.510561
v 0.555913 0.064359 -0.986751
v 0.555915 0.067727 -0.990119
v 0.624651 0.067727 -0.990119
v 0.624652 0.06436 -0.986751
v 0.624652 0.06436 -0.986751
v 0.628019 0.067727 -0.986751
v 0.628019 0.067727 -0.918011
v 0.624652 0.06436 -0.918011
v 0.624652 0.06436 -0.918011
v 0.624651 0.067727 -0.914643
v 0.555915 0.067727 -0.914643
v 0.555913 0.064359 -0.918011
v 0.555913 0.064359 -0.918011
v 0.552547 0.067727 -0.918011
v 0.552547 0.067727 -0.986751
v 0.555913 0.064359 -0.986751
v 0.482161 0.490487 -0.963908
v 0.478793 0.490487 -0.967275
v 0.478793 0.513204 -0.967275
v 0.482161 0.51354 -0.963908
v 0.482161 0.51354 -0.963908
v 0.478793 0.516907 -0.963908
v 0.478793 0.516907 -0.940854
v 0.482161 0.51354 -0.940854
v 0.482161 0.51354 -0.940854
v 0.478793 0.51354 -0.937487
v 0.478793 0.490487 -0.937487
v 0.482161 0.490487 -0.940854
v 0.482161 0.490487 -0.940854
v 0.478793 0.48712 -0.940854
v 0.478793 0.48712 -0.963908
v 0.482161 0.490487 -0.963908
v 0.482161 0.490487 -0.487717
v 0.478793 0.490487 -0.491084
v 0.478793 0.513204 -0.491084
v 0.482161 0.51354 -0.487717
v 0.482161 0.51354 -0.487717
v 0.478793 0.516907 -0.487717
v 0.478793 0.516907 -0.464664
v 0.482161 0.51354 -0.464664
v 0.482161 0.51354 -0.464664
v 0.478793 0.513204 -0.461297
v 0.478793 0.490487 -0.461297
v 0.482161 0.490487 -0.464664
v 0.482161 0.490487 -0.464664
v 0.478793 0.48712 -0.464664
v 0.478793 0.48712 -0.487717
v 0.482161 0.490487 -0.487717
v 0.229554 0.682907 -0.963908
v 0.226187 0.67954 -0.963908
v 0.226187 0.67954 -0.940854
v 0.229554 0.682907 -0.940854
v 0.229554 0.682907 -0.940854
v 0.22989 0.67954 -0.937487
v 0.25227 0.67954 -0.937487
v 0.252607 0.682907 -0.940854
v 0.252607 0.682907 -0.940854
v 0.255974 0.67954 -0.940854
v 0.255974 0.67954 -0.963908
v 0.252607 0.682907 -0.963908
v 0.252607 0.682907 -0.963908
v 0.252607 0.67954 -0.967275
v 0.22989 0.67954 -0.967275
v 0.229554 0.682907 -0.963908
v 0.229554 0.660799 -0.487717
v 0.226187 0.657432 -0.487717
v 0.226187 0.657432 -0.464664
v 0.229554 0.660799 -0.464664
v 0.229554 0.660799 -0.464664
v 0.22989 0.657432 -0.461297
v 0.252607 0.657432 -0.461297
v 0.252607 0.660799 -0.464664
v 0.252607 0.660799 -0.464664
v 0.255974 0.657432 -0.464664
v 0.255974 0.657432 -0.487717
v 0.252607 0.660799 -0.487717
v 0.252607 0.660799 -0.487717
v 0.25227 0.657432 -0.491084
v 0.229554 0.657432 -0.491084
v 0.229554 0.660799 -0.487717
v 0.226187 0.076489 -0.487717
v 0.22282 0.073122 -0.494451
v 0.22282 0.073122 -0.45793
v 0.226187 0.076489 -0.464664
v 0.22989 0.076489 -0.461297
v 0.22282 0.073122 -0.45793
v 0.259341 0.073122 -0.45793
v 0.25227 0.076489 -0.461297
v 0.255974 0.076489 -0.464664
v 0.259341 0.073122 -0.45793
v 0.259341 0.073122 -0.494451
v 0.255974 0.076489 -0.487717
v 0.25227 0.076489 -0.491084
v 0.259341 0.073122 -0.494451
v 0.22282 0.073122 -0.494451
v 0.229554 0.076489 -0.491084
v 0.206585 0.038046 -0.917304
v 0.209952 0.038046 -0.913937
v 0.209952 0.108199 -0.913937
v 0.206585 0.108199 -0.917304
v 0.206585 0.108199 -0.917304
v 0.209952 0.111566 -0.917304
v 0.209952 0.111566 -0.987458
v 0.206585 0.108199 -0.987458
v 0.206585 0.108199 -0.987458
v 0.209952 0.108199 -0.990825
v 0.209952 0.038046 -0.990825
v 0.206585 0.038046 -0.987458
v 0.206585 0.038046 -0.987458
v 0.209952 0.034679 -0.987458
v 0.209952 0.034679 -0.917304
v 0.206585 0.038046 -0.917304
v 0.211953 0.40804 -0.926621
v 0.208586 0.411407 -0.919887
v 0.208586 0.411407 -0.984875
v 0.211953 0.40804 -0.978141
v 0.21532 0.40804 -0.981508
v 0.208586 0.411407 -0.984875
v 0.273575 0.411407 -0.984875
v 0.266841 0.40804 -0.981508
v 0.270208 0.40804 -0.978141
v 0.273575 0.411407 -0.984875
v 0.273575 0.411407 -0.919887
v 0.270208 0.40804 -0.926621
v 0.266841 0.40804 -0.923254
v 0.273575 0.411407 -0.919887
v 0.208586 0.411407 -0.919887
v 0.21532 0.40804 -0.923254
v 0.287564 0.380791 -0.982997
v 0.284197 0.380791 -0.986364
v 0.284197 0.442023 -0.986364
v 0.287564 0.442023 -0.982997
v 0.287564 0.442023 -0.982997
v 0.284197 0.44539 -0.982997
v 0.284197 0.44539 -0.921765
v 0.287564 0.442023 -0.921765
v 0.287564 0.442023 -0.921765
v 0.284197 0.442023 -0.918398
v 0.284197 0.380791 -0.918398
v 0.287564 0.380791 -0.921765
v 0.287564 0.380791 -0.921765
v 0.284197 0.377424 -0.921765
v 0.284197 0.377424 -0.982997
v 0.287564 0.380791 -0.982997
v 0.637502 0.108199 -0.917304
v 0.634135 0.108199 -0.913937
v 0.634135 0.038046 -0.913937
v 0.637502 0.038046 -0.917304
v 0.637502 0.038046 -0.917304
v 0.634135 0.034679 -0.917304
v 0.634135 0.034679 -0.987458
v 0.637502 0.038046 -0.987458
v 0.637502 0.038046 -0.987458
v 0.634135 0.038046 -0.990825
v 0.634135 0.108199 -0.990825
v 0.637502 0.108199 -0.987458
v 0.637502 0.108199 -0.987458
v 0.634135 0.111566 -0.987458
v 0.634135 0.111566 -0.917304
v 0.637502 0.108199 -0.917304
v 0.211953 0.039455 -0.978141
v 0.208586 0.036088 -0.984875
v 0.208586 0.036088 -0.919887
v 0.211953 0.039455 -0.926621
v 0.21532 0.039455 -0.923254
v 0.208586 0.036088 -0.919887
v 0.273575 0.036088 -0.919887
v 0.266841 0.039455 -0.923254
v 0.270208 0.039455 -0.926621
v 0.273575 0.036088 -0.919887
v 0.273575 0.036088 -0.984875
v 0.270208 0.039455 -0.978141
v 0.266841 0.039455 -0.981508
v 0.273575 0.036088 -0.984875
v 0.208586 0.036088 -0.984875
v 0.21532 0.039455 -0.981508
v -0.209952 0.111566 0.917304
v -0.209952 0.108199 0.913937
v -0.634135 0.108199 0.913937
v -0.634135 0.111566 0.917304
v 0.214294 0.513204 -0.461297
v 0.21583 0.490487 -0.461297
v 0.230646 0.473421 -0.461297
v 0.22989 0.076489 -0.461297
v 0.25227 0.076489 -0.461297
v 0.251515 0.473421 -0.461297
v 0.266331 0.490487 -0.461297
v 0.478793 0.490487 -0.461297
v 0.478793 0.513204 -0.461297
v 0.267867 0.513088 -0.461297
v 0.252607 0.527525 -0.461297
v 0.252607 0.657432 -0.461297
v 0.22989 0.657432 -0.461297
v 0.230532 0.528478 -0.461297
v 0.547708 0.349099 -0.949014
v 0.544341 0.345732 -0.949014
v -0.544341 0.345732 -0.949014
v -0.547708 0.349099 -0.949014
v 0.521287 0.375519 -0.949014
v 0.51792 0.372152 -0.949014
v -0.226187 0.470879 0.464664
v -0.226187 0.470879 0.487717
v -0.226187 0.076489 0.487717
v -0.226187 0.076489 0.464664
v -0.266841 0.40804 -0.981508
v -0.266841 0.039455 -0.981508
v -0.270208 0.039455 -0.978141
v -0.270208 0.40804 -0.978141
v 0.478793 0.48712 -0.464664
v 0.478793 0.490487 -0.461297
v 0.266331 0.490487 -0.461297
v 0.270484 0.48712 -0.464664
v -0.209952 0.108199 -0.913937
v -0.209952 0.111566 -0.917304
v -0.634135 0.111566 -0.917304
v -0.634135 0.108199 -0.913937
v 0.365475 0.561843 -0.949014
v 0.368842 0.558476 -0.949014
v 0.165063 0.702114 -0.949014
v 0.161696 0.705481 -0.949014
v 0.211953 0.40804 0.926621
v 0.211953 0.039455 0.926621
v 0.211953 0.039455 0.978141
v 0.211953 0.40804 0.978141
v 0.547708 0.372152 -0.949014
v 0.544341 0.375519 -0.949014
v 0.135276 0.679061 -0.949014
v 0.138643 0.675694 -0.949014
v 0.226187 0.076489 -0.487717
v 0.226187 0.470879 -0.487717
v 0.229554 0.474165 -0.491084
v 0.229554 0.076489 -0.491084
v 0.555915 0.067727 0.914643
v 0.552547 0.067727 0.918011
v 0.54236 0.253275 0.918011
v 0.545696 0.253846 0.914643
v -0.518951 0.24626 -0.513928
v -0.515615 0.245688 -0.510561
v -0.525307 0.069153 -0.510561
v -0.528675 0.069152 -0.513928
v -0.600779 0.069153 0.510561
v -0.597412 0.069152 0.513928
v -0.586674 0.257853 0.513928
v -0.590008 0.258423 0.510561
v -0.525307 0.069153 -0.44182
v -0.525307 0.069153 -0.510561
v -0.515615 0.245688 -0.510561
v -0.515615 0.245688 -0.44182
v 0.515615 0.245688 -0.44182
v 0.518951 0.24626 -0.438453
v 0.484114 0.374097 -0.438453
v 0.480992 0.372737 -0.44182
v -0.515615 0.245688 0.44182
v -0.518951 0.24626 0.438453
v -0.484114 0.374097 0.438453
v -0.480992 0.372737 0.44182
v -0.586674 0.257853 0.438453
v -0.590008 0.258423 0.44182
v -0.550193 0.402866 0.44182
v -0.547077 0.401509 0.438453
v -0.590008 0.258423 0.510561
v -0.586674 0.257853 0.513928
v -0.547077 0.401509 0.513928
v -0.550193 0.402866 0.510561
v 0.404537 0.496868 0.510561
v 0.480992 0.372737 0.510561
v 0.484114 0.374097 0.513928
v 0.407083 0.499169 0.513928
v -0.480992 0.372737 0.44182
v -0.484114 0.374097 0.438453
v -0.407083 0.499169 0.438453
v -0.404537 0.496868 0.44182
v -0.550193 0.402866 -0.44182
v -0.547077 0.401509 -0.438453
v -0.45799 0.545191 -0.438453
v -0.460525 0.547483 -0.44182
v -0.550193 0.402866 0.510561
v -0.547077 0.401509 0.513928
v -0.45799 0.545191 0.513928
v -0.460525 0.547483 0.510561
v -0.283736 0.588944 0.510561
v -0.285548 0.591799 0.513928
v -0.407083 0.499169 0.513928
v -0.404537 0.496868 0.510561
v -0.366704 0.52511 0.510561
v -0.323846 0.557987 0.510561
v 0.431495 0.60724 0.918011
v 0.386564 0.641708 0.918011
v 0.338886 0.678095 0.918011
v 0.338886 0.678095 0.986751
v 0.386564 0.641708 0.986751
v 0.431495 0.60724 0.986751
v 0.481451 0.568138 0.986751
v 0.481451 0.568138 0.918011
v -0.460525 0.547483 0.510561
v -0.45799 0.545191 0.513928
v -0.322369 0.649815 0.513928
v -0.32418 0.652668 0.510561
v -0.369785 0.617871 0.510561
v -0.412643 0.584994 0.510561
v -0.412643 0.584994 -0.510561
v -0.369785 0.617871 -0.510561
v -0.32418 0.652668 -0.510561
v -0.322369 0.649815 -0.513928
v -0.45799 0.545191 -0.513928
v -0.460525 0.547483 -0.510561
v -0.196251 0.634279 0.510561
v -0.197424 0.637466 0.513928
v -0.285548 0.591799 0.513928
v -0.283736 0.588944 0.510561
v -0.283736 0.588944 0.44182
v -0.285548 0.591799 0.438453
v -0.197424 0.637466 0.438453
v -0.196251 0.634279 0.44182
v -0.322369 0.649815 0.438453
v -0.32418 0.652668 0.44182
v -0.222306 0.705114 0.44182
v -0.221135 0.701932 0.438453
v 0.322369 0.649815 0.513928
v 0.32418 0.652668 0.510561
v 0.222306 0.705114 0.510561
v 0.221135 0.701932 0.513928
v -0.086688 0.663142 -0.513928
v -0.086301 0.659773 -0.510561
v -0.196251 0.634279 -0.510561
v -0.197424 0.637466 -0.513928
v -0.197424 0.637466 -0.438453
v -0.196251 0.634279 -0.44182
v -0.086301 0.659773 -0.44182
v -0.086688 0.663142 -0.438453
v -0.221135 0.701932 0.438453
v -0.222306 0.705114 0.44182
v -0.094896 0.734757 0.44182
v -0.09451 0.731391 0.438453
v 0.221135 0.701932 0.513928
v 0.222306 0.705114 0.510561
v 0.094896 0.734757 0.510561
v 0.09451 0.731391 0.513928
v 0 0.662894 -0.513928
v 0 0.659527 -0.510561
v -0.086301 0.659773 -0.510561
v -0.086688 0.663142 -0.513928
v 0.086688 0.663142 0.438453
v 0.086301 0.659773 0.44182
v 0 0.659527 0.44182
v 0 0.662894 0.438453
v 0.094896 0.734757 0.44182
v 0.09451 0.731391 0.438453
v 0 0.731635 0.438453
v 0 0.735002 0.44182
v -0.094896 0.734757 0.510561
v -0.09451 0.731391 0.513928
v 0 0.731635 0.513928
v 0 0.735002 0.510561
v 0.545696 0.253846 0.990119
v 0.54236 0.253275 0.986751
v 0.552547 0.067727 0.986751
v 0.555915 0.067727 0.990119
v -0.552547 0.067727 0.918011
v -0.555915 0.067727 0.914643
v -0.545696 0.253846 0.914643
v -0.54236 0.253275 0.918011
v -0.600779 0.069153 -0.44182
v -0.597412 0.069152 -0.438453
v -0.586674 0.257853 -0.438453
v -0.590008 0.258423 -0.44182
v -0.628019 0.067727 -0.918011
v -0.624651 0.067727 -0.914643
v -0.613419 0.26544 -0.914643
v -0.616753 0.266011 -0.918011
v -0.509059 0.388251 -0.990119
v -0.505937 0.386892 -0.986751
v -0.54236 0.253275 -0.986751
v -0.545696 0.253846 -0.990119
v 0.545696 0.253846 0.914643
v 0.54236 0.253275 0.918011
v 0.505937 0.386892 0.918011
v 0.509059 0.388251 0.914643
v -0.613419 0.26544 0.914643
v -0.616753 0.266011 0.918011
v -0.575138 0.41702 0.918011
v -0.572021 0.415663 0.914643
v 0.616753 0.266011 0.918011
v 0.613419 0.26544 0.914643
v 0.572021 0.415663 0.914643
v 0.575138 0.41702 0.918011
v 0.425463 0.517523 0.986751
v 0.505937 0.386892 0.986751
v 0.509059 0.388251 0.990119
v 0.428009 0.519824 0.990119
v -0.428009 0.519824 0.990119
v -0.509059 0.388251 0.990119
v -0.505937 0.386892 0.986751
v -0.479411 0.429072 0.986751
v -0.450383 0.47603 0.986751
v -0.425463 0.517523 0.986751
v -0.572021 0.415663 0.914643
v -0.575138 0.41702 0.918011
v -0.481451 0.568138 0.918011
v -0.478916 0.565846 0.914643
v -0.575138 0.41702 0.986751
v -0.572021 0.415663 0.990119
v -0.478916 0.565846 0.990119
v -0.481451 0.568138 0.986751
v -0.298442 0.614371 0.986751
v -0.300254 0.617226 0.990119
v -0.428009 0.519824 0.990119
v -0.425463 0.517523 0.986751
v 0.300254 0.617226 0.990119
v 0.298442 0.614371 0.986751
v 0.425463 0.517523 0.986751
v 0.428009 0.519824 0.990119
v -0.431495 0.60724 0.918011
v -0.386564 0.641708 0.918011
v -0.338886 0.678095 0.918011
v -0.337075 0.675242 0.914643
v -0.478916 0.565846 0.914643
v -0.481451 0.568138 0.918011
v -0.481451 0.568138 -0.918011
v -0.478916 0.565846 -0.914643
v -0.337075 0.675242 -0.914643
v -0.338886 0.678095 -0.918011
v -0.386564 0.641708 -0.918011
v -0.431495 0.60724 -0.918011
v 0.480992 0.372737 -0.510561
v 0.484114 0.374097 -0.513928
v 0.518951 0.24626 -0.513928
v 0.515615 0.245688 -0.510561
v -0.206376 0.662071 0.986751
v -0.207549 0.665258 0.990119
v -0.300254 0.617226 0.990119
v -0.298442 0.614371 0.986751
v 0.338886 0.678095 0.918011
v 0.337075 0.675242 0.914643
v 0.23126 0.729724 0.914643
v 0.23243 0.732907 0.918011
v -0.338886 0.678095 -0.918011
v -0.337075 0.675242 -0.914643
v -0.23126 0.729724 -0.914643
v -0.23243 0.732907 -0.918011
v -0.207549 0.665258 -0.914643
v -0.206376 0.662071 -0.918011
v -0.090684 0.688899 -0.918011
v -0.091071 0.692268 -0.914643
v -0.090684 0.688899 0.986751
v -0.091071 0.692268 0.990119
v -0.207549 0.665258 0.990119
v -0.206376 0.662071 0.986751
v 0.23126 0.729724 0.990119
v 0.23243 0.732907 0.986751
v 0.099279 0.763883 0.986751
v 0.098893 0.760517 0.990119
v 0 0.688653 -0.986751
v 0.090684 0.688899 -0.986751
v 0.090684 0.688899 -0.918011
v 0 0.688653 -0.918011
v -0.090684 0.688899 0.918011
v -0.091071 0.692268 0.914643
v 0 0.69202 0.914643
v 0 0.688653 0.918011
v 0 0.69202 0.990119
v 0 0.688653 0.986751
v 0.090684 0.688899 0.986751
v 0.091071 0.692268 0.990119
v 0.098893 0.760517 0.990119
v 0.099279 0.763883 0.986751
v 0 0.764128 0.986751
v 0 0.760761 0.990119
v -0.099279 0.763883 -0.918011
v -0.098893 0.760517 -0.914643
v 0 0.760761 -0.914643
v 0 0.764128 -0.918011
v 0 0.490824 -0.491084
v 0.214294 0.490824 -0.491084
v 0.211677 0.48712 -0.487717
v 0 0.48712 -0.487717
v 0.630855 0.071444 0.949014
v 0.562114 0.071444 0.949014
v 0.211724 0.516907 -0.487717
v 0.214294 0.513204 -0.491084
v 0 0.513204 -0.491084
v 0 0.516907 -0.487717
v 0.478793 0.51354 -0.937487
v 0.478793 0.516907 -0.940854
v 0.270423 0.516907 -0.940854
v 0.266553 0.51354 -0.937487
v -0.284197 0.380791 -0.918398
v -0.284197 0.377424 -0.921765
v -0.230661 0.527855 0.967275
v -0.226187 0.530455 0.963908
v -0.226187 0.67954 0.963908
v -0.22989 0.67954 0.967275
v 0.255974 0.67954 -0.963908
v 0.255974 0.530455 -0.963908
v 0.252607 0.526836 -0.967275
v 0.252607 0.67954 -0.967275
v -0.226187 0.67954 0.940854
v -0.226187 0.530455 0.940854
v -0.231158 0.527855 0.937487
v -0.22989 0.67954 0.937487
v -0.209952 0.108199 -0.990825
v -0.209952 0.038046 -0.990825
v -0.634135 0.038046 -0.990825
v -0.634135 0.108199 -0.990825
v 0.214294 0.513204 0.491084
v 0.211724 0.516907 0.487717
v 0 0.516907 0.487717
v 0 0.513204 0.491084
v 0.478793 0.516907 0.464664
v 0.478793 0.513204 0.461297
v 0.267867 0.513088 0.461297
v 0.270437 0.516907 0.464664
v -0.478793 0.516907 0.487717
v -0.478793 0.513204 0.491084
v -0.267867 0.513088 0.491084
v -0.270437 0.516907 0.487717
v -0.25227 0.657432 0.491084
v -0.255974 0.657432 0.487717
v -0.255974 0.531063 0.487717
v -0.251628 0.528478 0.491084
v 0.25227 0.657432 -0.491084
v 0.255974 0.657432 -0.487717
v 0.255974 0.531063 -0.487717
v 0.251628 0.528478 -0.491084
v 0.284197 0.44539 0.921765
v 0.284197 0.442023 0.918398
v 0.255974 0.657432 -0.464664
v 0.252607 0.657432 -0.461297
v 0.252607 0.527525 -0.461297
v 0.255974 0.531063 -0.464664
v 0.562114 0.146919 -0.949014
v 0.558747 0.143552 -0.949014
v -0.211953 0.039455 -0.978141
v -0.21532 0.039455 -0.981508
v -0.21532 0.40804 -0.981508
v -0.211953 0.40804 -0.978141
v -0.230646 0.473421 0.461297
v -0.226187 0.470879 0.464664
v -0.226187 0.076489 0.464664
v -0.22989 0.076489 0.461297
v 0.251515 0.473421 -0.491084
v 0.255974 0.470879 -0.487717
v 0.255974 0.076489 -0.487717
v 0.25227 0.076489 -0.491084
v 0.251515 0.473421 0.461297
v 0.255974 0.470879 0.464664
v 0.255974 0.076489 0.464664
v 0.25227 0.076489 0.461297
v -0.086688 0.663142 -0.438453
v -0.09451 0.731391 -0.438453
v -0.221135 0.701932 -0.438453
v -0.322369 0.649815 -0.438453
v -0.45799 0.545191 -0.438453
v -0.547077 0.401509 -0.438453
v -0.586674 0.257853 -0.438453
v -0.597412 0.069152 -0.438453
v -0.528675 0.069152 -0.438453
v -0.518951 0.24626 -0.438453
v -0.484114 0.374097 -0.438453
v -0.407083 0.499169 -0.438453
v -0.197424 0.637466 -0.438453
v -0.285548 0.591799 -0.438453
v 0.391895 0.558476 0.949014
v 0.395262 0.561843 0.949014
v -0.211738 0.516907 -0.940854
v -0.215608 0.51354 -0.937487
v -0.255974 0.67954 0.963908
v -0.255974 0.530455 0.963908
v -0.252607 0.526836 0.967275
v -0.252607 0.67954 0.967275
v 0.284197 0.44539 -0.982997
v 0.284197 0.442023 -0.986364
v -0.138643 0.675694 -0.949014
v -0.135276 0.679061 -0.949014
v 0.209952 0.034679 -0.987458
v 0.209952 0.038046 -0.990825
v 0.634135 0.038046 -0.990825
v 0.634135 0.034679 -0.987458
vt 0.1467 0.3402
vt 0.152 0.3402
vt 0.152 0.338
vt 0.1467 0.338
vt 0.8191 0.7968
vt 0.8191 0.795
vt 0.8138 0.795
vt 0.8138 0.7968
vt 0.324 0.7151
vt 0.3247 0.7151
vt 0.3247 0.6062
vt 0.324 0.6062
vt 0.8135 0.5116
vt 0.8292 0.5116
vt 0.8292 0.2958
vt 0.8135 0.2958
vt 0.209 0.224
vt 0.2247 0.224
vt 0.2247 0.2084
vt 0.209 0.2084
vt 0.469 0.2275
vt 0.4698 0.2275
vt 0.4698 0.0116
vt 0.469 0.0116
vt 0.9774 0.5116
vt 0.9774 0.7275
vt 0.9827 0.7275
vt 0.9827 0.5116
vt 0.9071 0.5116
vt 0.9019 0.5116
vt 0.9019 0.7275
vt 0.9071 0.7275
vt 0.1406 0.2021
vt 0.1459 0.2021
vt 0.1459 0.1969
vt 0.1406 0.1969
vt 0.3702 0.2505
vt 0.3702 0.1667
vt 0.3694 0.1667
vt 0.3694 0.2506
vt 0.9411 0.5116
vt 0.9464 0.5116
vt 0.9464 0.2958
vt 0.9411 0.2958
vt 0.463 0.2275
vt 0.4577 0.2275
vt 0.4577 0.4433
vt 0.463 0.4433
vt 0.5055 0.2372
vt 0.5055 0.1533
vt 0.5048 0.1533
vt 0.5048 0.2371
vt 0.5196 0.2371
vt 0.5196 0.1533
vt 0.5078 0.1533
vt 0.5078 0.2371
vt 1 0.5124
vt 0.9947 0.5124
vt 0.9947 0.7282
vt 1 0.7282
vt 0.5789 0.2372
vt 0.5789 0.1533
vt 0.5671 0.1533
vt 0.5671 0.2372
vt 0.9223 0.5116
vt 0.9215 0.5116
vt 0.9215 0.7275
vt 0.9223 0.7275
vt 0.2093 0.2001
vt 0.2145 0.2001
vt 0.2145 0.1948
vt 0.2093 0.1948
vt 0.9139 0.5116
vt 0.9087 0.5116
vt 0.9087 0.7275
vt 0.9139 0.7275
vt 0.0158 0.2158
vt 0.0105 0.2158
vt 0.0105 0.4317
vt 0.0158 0.4317
vt 0.9079 0.7275
vt 0.9079 0.5116
vt 0.9071 0.5116
vt 0.9071 0.7275
vt 0.9593 0.5116
vt 0.9645 0.5116
vt 0.9645 0.2958
vt 0.9593 0.2958
vt 0.1504 0.3373
vt 0.1504 0.3034
vt 0.1452 0.3034
vt 0.1452 0.3373
vt 0.0636 0.2199
vt 0.0476 0.2199
vt 0.0476 0.3164
vt 0.0636 0.3164
vt 0.6622 0.7275
vt 0.6674 0.7275
vt 0.6674 0.6792
vt 0.6713 0.6758
vt 0.7619 0.676
vt 0.7619 0.6709
vt 0.6713 0.671
vt 0.6674 0.6677
vt 0.6674 0.6186
vt 0.6622 0.6186
vt 0.6623 0.6673
vt 0.6587 0.671
vt 0.6293 0.6709
vt 0.6293 0.676
vt 0.659 0.676
vt 0.6623 0.6795
vt 0.1346 0.2021
vt 0.1398 0.2021
vt 0.1398 0.1969
vt 0.1346 0.1969
vt 0.7782 0.8905
vt 0.7938 0.8905
vt 0.7938 0.8474
vt 0.7782 0.8474
vt 0.8444 0.2385
vt 0.8288 0.2385
vt 0.8288 0.2672
vt 0.8444 0.2672
vt 0.0992 0.2741
vt 0.1149 0.2741
vt 0.1149 0.2411
vt 0.0992 0.2411
vt 0.7791 0.2862
vt 0.7791 0.2703
vt 0.7791 0.2549
vt 0.7634 0.2549
vt 0.7634 0.2703
vt 0.7634 0.2862
vt 0.7634 0.295
vt 0.7791 0.295
vt 0.693 0.7627
vt 0.693 0.7471
vt 0.6774 0.7471
vt 0.6774 0.7627
vt 0.4509 0.4355
vt 0.4509 0.4257
vt 0.4509 0.4166
vt 0.4352 0.4166
vt 0.4352 0.4257
vt 0.4352 0.4355
vt 0.4352 0.4441
vt 0.4509 0.4441
vt 0.4015 0.2455
vt 0.4015 0.2552
vt 0.4015 0.2656
vt 0.4172 0.2656
vt 0.4172 0.2552
vt 0.4172 0.2455
vt 0.4172 0.2346
vt 0.4015 0.2346
vt 0.4337 0.4355
vt 0.4337 0.4257
vt 0.4337 0.4166
vt 0.418 0.4166
vt 0.418 0.4257
vt 0.418 0.4355
vt 0.418 0.4441
vt 0.4337 0.4441
vt 0.7634 0.1983
vt 0.7634 0.2262
vt 0.7791 0.2262
vt 0.7791 0.1983
vt 0.0226 0.8107
vt 0.0233 0.811
vt 0.0342 0.79
vt 0.0335 0.7896
vt 0.418 0.4166
vt 0.4337 0.4166
vt 0.4337 0.3967
vt 0.418 0.3967
vt 0.4352 0.3967
vt 0.4509 0.3967
vt 0.4509 0.3717
vt 0.4352 0.3717
vt 0.4961 0.519
vt 0.4842 0.5421
vt 0.4775 0.5709
vt 0.4774 0.5924
vt 0.4931 0.5924
vt 0.493 0.5726
vt 0.4989 0.5475
vt 0.5881 0.4743
vt 0.6285 0.4721
vt 0.6285 0.4565
vt 0.5855 0.4589
vt 0.5527 0.4679
vt 0.52 0.4882
vt 0.5093 0.5274
vt 0.5304 0.4998
vt 0.559 0.4823
vt 0.4015 0.3899
vt 0.4172 0.3899
vt 0.4172 0.3609
vt 0.4015 0.3609
vt 0.4015 0.3609
vt 0.4172 0.3609
vt 0.4172 0.3393
vt 0.4015 0.3393
vt 0.9895 0.5124
vt 0.9947 0.5124
vt 0.9947 0.2965
vt 0.9895 0.2965
vt 0.0648 0.4317
vt 0.0805 0.4317
vt 0.0805 0.3866
vt 0.0648 0.3866
vt 0.7617 0.23
vt 0.746 0.23
vt 0.746 0.2603
vt 0.7617 0.2603
vt 0.082 0.3866
vt 0.0977 0.3866
vt 0.0977 0.352
vt 0.082 0.352
vt 0.8086 0.8984
vt 0.8243 0.8984
vt 0.8243 0.8563
vt 0.8086 0.8563
vt 0.6758 0.7799
vt 0.6758 0.7643
vt 0.6601 0.7643
vt 0.6601 0.7799
vt 0.3071 0.4441
vt 0.3227 0.4441
vt 0.3227 0.4152
vt 0.3071 0.4152
vt 0.2906 0.2364
vt 0.2906 0.2467
vt 0.2906 0.2575
vt 0.3063 0.2575
vt 0.3063 0.2467
vt 0.3063 0.2364
vt 0.3063 0.2251
vt 0.2906 0.2251
vt 0.0476 0.352
vt 0.0632 0.352
vt 0.0632 0.3171
vt 0.0476 0.3171
vt 0.8086 0.8261
vt 0.8243 0.8261
vt 0.8243 0.7968
vt 0.8086 0.7968
vt 0.3071 0.3679
vt 0.3227 0.3679
vt 0.3227 0.3473
vt 0.3071 0.3473
vt 0.3694 0.4152
vt 0.3851 0.4152
vt 0.3851 0.3943
vt 0.3694 0.3943
vt 0.3063 0.2575
vt 0.2906 0.2575
vt 0.2906 0.2817
vt 0.3063 0.2817
vt 0.0795 0.4437
vt 0.0792 0.443
vt 0.0447 0.4643
vt 0.0452 0.4648
vt 0.3063 0.2817
vt 0.2906 0.2817
vt 0.2906 0.312
vt 0.3063 0.312
vt 0.0164 0.8786
vt 0.0165 0.8579
vt 0.0008 0.8579
vt 0.0008 0.8804
vt 0.0079 0.9105
vt 0.0203 0.9346
vt 0.0452 0.9669
vt 0.0795 0.988
vt 0.1138 0.9974
vt 0.1589 1
vt 0.1589 0.9844
vt 0.1164 0.982
vt 0.0858 0.9737
vt 0.0557 0.9553
vt 0.0226 0.9051
vt 0.0335 0.9262
vt 0.6264 0.3244
vt 0.6107 0.3244
vt 0.6107 0.347
vt 0.6264 0.347
vt 0.3973 0.7278
vt 0.363 0.749
vt 0.3381 0.7813
vt 0.3256 0.8053
vt 0.3186 0.8354
vt 0.3185 0.8579
vt 0.3342 0.8579
vt 0.3342 0.8372
vt 0.3403 0.8107
vt 0.3513 0.7896
vt 0.3735 0.7606
vt 0.4342 0.7338
vt 0.4766 0.7315
vt 0.4766 0.7158
vt 0.4315 0.7184
vt 0.4035 0.7421
vt 0.8724 0.2932
vt 0.8671 0.2932
vt 0.8671 0.295
vt 0.8724 0.295
vt 0.3116 0.4973
vt 0.3116 0.6062
vt 0.3168 0.6062
vt 0.3168 0.4973
vt 0.8671 0.2922
vt 0.8724 0.2922
vt 0.8724 0.244
vt 0.8671 0.244
vt 0.6361 0.7325
vt 0.6353 0.7316
vt 0.6353 0.7799
vt 0.6361 0.7799
vt 0.8616 0.8099
vt 0.8563 0.8099
vt 0.8563 0.8121
vt 0.8616 0.8121
vt 0.1589 0.3315
vt 0.1589 0.3297
vt 0.1536 0.3297
vt 0.1536 0.3315
vt 0.1589 0.3325
vt 0.1536 0.3325
vt 0.1536 0.3807
vt 0.1589 0.3807
vt 0.8465 0.5116
vt 0.8622 0.5116
vt 0.8622 0.2958
vt 0.8465 0.2958
vt 0.9411 0.5116
vt 0.9359 0.5116
vt 0.9359 0.7275
vt 0.9411 0.7275
vt 0.1918 0.1933
vt 0.1918 0.1985
vt 0.1971 0.1985
vt 0.1971 0.1933
vt 0.2959 0.2232
vt 0.2959 0.2251
vt 0.3011 0.2251
vt 0.3011 0.2232
vt 0.3108 0.7151
vt 0.3116 0.7151
vt 0.3116 0.6062
vt 0.3108 0.6062
vt 0.2848 0.1899
vt 0.2848 0.2238
vt 0.2901 0.2238
vt 0.2901 0.1899
vt 0.3604 0.1899
vt 0.3604 0.2238
vt 0.3657 0.2238
vt 0.3657 0.1899
vt 0.1023 0.207
vt 0.1023 0.1783
vt 0.097 0.1783
vt 0.097 0.207
vt 0.7679 0.1983
vt 0.7679 0.1931
vt 0.7626 0.1931
vt 0.7626 0.1983
vt 0.0394 0.1944
vt 0.0394 0.1997
vt 0.0446 0.1997
vt 0.0446 0.1944
vt 0.8191 0.7466
vt 0.8138 0.7466
vt 0.8138 0.794
vt 0.8191 0.794
vt 0.6361 0.7799
vt 0.6414 0.7799
vt 0.6414 0.7325
vt 0.6361 0.7325
vt 0.1702 0.2068
vt 0.1702 0.1781
vt 0.1649 0.1781
vt 0.1649 0.2068
vt 0.7956 0.1932
vt 0.7904 0.1932
vt 0.7904 0.1984
vt 0.7956 0.1984
vt 0.4332 0.2601
vt 0.4492 0.2601
vt 0.4492 0.1636
vt 0.4332 0.1636
vt 0.7799 0.5116
vt 0.7791 0.5116
vt 0.7791 0.7275
vt 0.7799 0.7275
vt 0.1664 0.5297
vt 0.1597 0.5585
vt 0.1597 0.58
vt 0.1753 0.58
vt 0.1753 0.5603
vt 0.1811 0.5351
vt 0.1916 0.515
vt 0.2127 0.4874
vt 0.2704 0.4619
vt 0.3108 0.4597
vt 0.3108 0.4441
vt 0.2677 0.4465
vt 0.235 0.4555
vt 0.2022 0.4758
vt 0.1783 0.5066
vt 0.2412 0.4699
vt 0.1753 0.8786
vt 0.1753 0.8579
vt 0.1597 0.8579
vt 0.1597 0.8804
vt 0.1667 0.9105
vt 0.1792 0.9346
vt 0.2041 0.9669
vt 0.2384 0.988
vt 0.2727 0.9974
vt 0.3178 1
vt 0.3178 0.9844
vt 0.2753 0.982
vt 0.2446 0.9737
vt 0.2146 0.9553
vt 0.1815 0.9051
vt 0.1924 0.9262
vt 0.1452 0.3017
vt 0.1312 0.3017
vt 0.1312 0.3663
vt 0.1452 0.3663
vt 0.7942 0.7368
vt 0.8025 0.7368
vt 0.8025 0.7285
vt 0.7942 0.7285
vt 0.5641 0.2372
vt 0.5641 0.1533
vt 0.5523 0.1533
vt 0.5523 0.2372
vt 0.0792 0.2191
vt 0.0792 0.2043
vt 0.0643 0.2043
vt 0.0643 0.2191
vt 0.8415 0.7343
vt 0.8415 0.8181
vt 0.8532 0.8181
vt 0.8532 0.7343
vt 0.4751 0.2282
vt 0.4698 0.2282
vt 0.4698 0.4441
vt 0.4751 0.4441
vt 0.5375 0.1526
vt 0.5375 0.2364
vt 0.5492 0.2364
vt 0.5492 0.1526
vt 0.0305 0.3017
vt 0.0165 0.3017
vt 0.0165 0.3663
vt 0.0305 0.3663
vt 0.27 0.21
vt 0.27 0.2248
vt 0.2848 0.2248
vt 0.2848 0.21
vt 0.2692 0.2093
vt 0.2692 0.1954
vt 0.2552 0.1954
vt 0.2552 0.2093
vt 0.8086 0.7414
vt 0.7946 0.7414
vt 0.7946 0.8061
vt 0.8086 0.8061
vt 0.83 0.5116
vt 0.8292 0.5116
vt 0.8292 0.7275
vt 0.83 0.7275
vt 0.8457 0.5116
vt 0.83 0.5116
vt 0.83 0.7275
vt 0.8457 0.7275
vt 0.745 0.7799
vt 0.761 0.7799
vt 0.761 0.7639
vt 0.745 0.7639
vt 0.8128 0.295
vt 0.8288 0.295
vt 0.8288 0.1985
vt 0.8128 0.1985
vt 0.156 0.2999
vt 0.1568 0.3008
vt 0.1568 0.2518
vt 0.156 0.2518
vt 0.7634 0.8684
vt 0.7774 0.8684
vt 0.7774 0.8038
vt 0.7634 0.8038
vt 0.7934 0.7468
vt 0.7774 0.7468
vt 0.7774 0.7627
vt 0.7934 0.7627
vt 0.8465 0.7275
vt 0.8622 0.7275
vt 0.33 0.2738
vt 0.33 0.2255
vt 0.3247 0.2255
vt 0.3247 0.3344
vt 0.33 0.3344
vt 0.3333 0.2818
vt 0.3679 0.2821
vt 0.3679 0.277
vt 0.3333 0.2773
vt 0.33 0.2854
vt 0.3827 0.2506
vt 0.3827 0.1667
vt 0.3819 0.1667
vt 0.3819 0.2505
vt 0.2519 0.3832
vt 0.2527 0.3826
vt 0.2527 0.3344
vt 0.2519 0.3344
vt 0.4509 0.3521
vt 0.4509 0.3325
vt 0.4352 0.3325
vt 0.4352 0.3521
vt 0.8596 0.295
vt 0.8596 0.2928
vt 0.8543 0.2928
vt 0.8543 0.295
vt 0.2959 0.2232
vt 0.2906 0.2232
vt 0.2906 0.2251
vt 0.2959 0.2251
vt 0.33 0.3835
vt 0.3247 0.4433
vt 0.33 0.4433
vt 0.3333 0.3915
vt 0.3679 0.3918
vt 0.3679 0.3867
vt 0.3333 0.387
vt 0.33 0.3951
vt 0.8671 0.193
vt 0.8671 0.1948
vt 0.8724 0.1948
vt 0.8724 0.193
vt 0.7971 0.5116
vt 0.8128 0.5116
vt 0.8128 0.2958
vt 0.7971 0.2958
vt 0.6123 0.1536
vt 0.6115 0.1537
vt 0.6115 0.2375
vt 0.6123 0.2375
vt 0.2083 0.224
vt 0.2083 0.2084
vt 0.1926 0.2084
vt 0.1926 0.224
vt 0.8629 0.5124
vt 0.8786 0.5124
vt 0.8786 0.2965
vt 0.8629 0.2965
vt 0.9411 0.2958
vt 0.9359 0.2958
vt 0.9895 0.7282
vt 0.9947 0.7282
vt 0.1278 0.2021
vt 0.1278 0.1969
vt 0.1225 0.1969
vt 0.1225 0.2021
vt 0.469 0.2275
vt 0.4638 0.2275
vt 0.4638 0.4433
vt 0.469 0.4433
vt 0.9714 0.5116
vt 0.9766 0.5116
vt 0.9766 0.2958
vt 0.9714 0.2958
vt 0.3116 0.4973
vt 0.3108 0.4973
vt 0.6353 0.7316
vt 0.6346 0.7325
vt 0.6346 0.7799
vt 0.6353 0.7799
vt 0.9343 0.5116
vt 0.9291 0.5116
vt 0.9291 0.7275
vt 0.9343 0.7275
vt 0.0053 0.2158
vt 0 0.2158
vt 0 0.4317
vt 0.0053 0.4317
vt 0.0165 0.3017
vt 0.0158 0.3017
vt 0.0158 0.3663
vt 0.0165 0.3663
vt 0.6621 0.1923
vt 0.6461 0.1923
vt 0.6461 0.2888
vt 0.6621 0.2888
vt 0.9653 0.5116
vt 0.9706 0.5116
vt 0.9706 0.2958
vt 0.9653 0.2958
vt 0.6957 0.1923
vt 0.6797 0.1923
vt 0.6797 0.2888
vt 0.6957 0.2888
vt 0.8629 0.7282
vt 0.8786 0.7282
vt 0.5681 0.399
vt 0.4774 0.399
vt 0.4774 0.4042
vt 0.568 0.404
vt 0.5719 0.4074
vt 0.5719 0.4557
vt 0.577 0.4557
vt 0.577 0.4077
vt 0.5805 0.404
vt 0.6099 0.4042
vt 0.6099 0.399
vt 0.5803 0.399
vt 0.577 0.3956
vt 0.577 0.3468
vt 0.5719 0.3468
vt 0.572 0.3956
vt 0.7634 0.87
vt 0.7626 0.87
vt 0.7626 0.9346
vt 0.7634 0.9346
vt 0.0401 0.2104
vt 0.0349 0.2104
vt 0.0349 0.3001
vt 0.0401 0.3001
vt 0.3179 0.6062
vt 0.3179 0.7151
vt 0.3187 0.7151
vt 0.3187 0.6062
vt 0.1568 0.2019
vt 0.1568 0.1966
vt 0.1515 0.1966
vt 0.1515 0.2019
vt 0.0105 0.2158
vt 0.0053 0.2158
vt 0.0053 0.4317
vt 0.0105 0.4317
vt 0.9207 0.5116
vt 0.9155 0.5116
vt 0.9155 0.7275
vt 0.9207 0.7275
vt 0.6957 0.2888
vt 0.6965 0.2888
vt 0.6965 0.1923
vt 0.6957 0.1923
vt 0.208 0.3835
vt 0.208 0.3344
vt 0.2028 0.3344
vt 0.2028 0.4433
vt 0.208 0.4433
vt 0.2113 0.3915
vt 0.2459 0.3918
vt 0.2459 0.3867
vt 0.2113 0.387
vt 0.208 0.3951
vt 0.9887 0.5116
vt 0.9834 0.5116
vt 0.9834 0.7275
vt 0.9887 0.7275
vt 0.3168 0.4482
vt 0.3116 0.4482
vt 0.3116 0.4955
vt 0.3168 0.4955
vt 0.493 0.8838
vt 0.4931 0.8641
vt 0.4774 0.8641
vt 0.4775 0.8856
vt 0.4842 0.9144
vt 0.4961 0.9374
vt 0.52 0.9683
vt 0.5527 0.9886
vt 0.5855 0.9976
vt 0.6285 1
vt 0.6285 0.9844
vt 0.5881 0.9822
vt 0.559 0.9742
vt 0.5304 0.9567
vt 0.4989 0.909
vt 0.5093 0.9291
vt 0.1338 0.2021
vt 0.1338 0.1969
vt 0.1285 0.1969
vt 0.1285 0.2021
vt 0.7963 0.2862
vt 0.7963 0.2703
vt 0.7963 0.2549
vt 0.7806 0.2549
vt 0.7806 0.2703
vt 0.7806 0.2862
vt 0.7806 0.295
vt 0.7963 0.295
vt 0.0992 0.3172
vt 0.1149 0.3172
vt 0.1149 0.2741
vt 0.0992 0.2741
vt 0.7938 0.9336
vt 0.7782 0.9336
vt 0.7782 0.9666
vt 0.7938 0.9666
vt 0.6601 0.7456
vt 0.6758 0.7456
vt 0.6758 0.7299
vt 0.6601 0.7299
vt 0.7806 0.2549
vt 0.7963 0.2549
vt 0.7963 0.2262
vt 0.7806 0.2262
vt 0.4035 0.9737
vt 0.4038 0.973
vt 0.374 0.9547
vt 0.3735 0.9553
vt 0.61 0.405
vt 0.6099 0.4042
vt 0.5805 0.404
vt 0.5811 0.405
vt 0.7938 0.9666
vt 0.7782 0.9666
vt 0.7782 1
vt 0.7938 1
vt 0.52 0.76
vt 0.4961 0.7908
vt 0.4842 0.8138
vt 0.4775 0.8426
vt 0.493 0.8444
vt 0.4989 0.8192
vt 0.5881 0.7461
vt 0.6285 0.7439
vt 0.6285 0.7282
vt 0.5855 0.7307
vt 0.5527 0.7397
vt 0.5093 0.7992
vt 0.5304 0.7715
vt 0.559 0.754
vt 0.8128 0.2752
vt 0.8128 0.2657
vt 0.7971 0.2657
vt 0.7971 0.2752
vt 0.7971 0.2857
vt 0.7971 0.295
vt 0.8128 0.295
vt 0.8128 0.2857
vt 0.4172 0.2656
vt 0.4015 0.2656
vt 0.4015 0.2888
vt 0.4172 0.2888
vt 0.4509 0.2875
vt 0.4352 0.2875
vt 0.4352 0.3074
vt 0.4509 0.3074
vt 0.4015 0.2888
vt 0.3859 0.2888
vt 0.3859 0.3178
vt 0.4015 0.3178
vt 0.374 0.7612
vt 0.3735 0.7606
vt 0.3513 0.7896
vt 0.3519 0.79
vt 0.4015 0.3178
vt 0.3859 0.3178
vt 0.3859 0.3393
vt 0.4015 0.3393
vt 0.7455 0.7456
vt 0.7455 0.7299
vt 0.7447 0.7292
vt 0.729 0.7292
vt 0.7282 0.7299
vt 0.7282 0.7456
vt 0.729 0.7463
vt 0.7447 0.7463
vt 0.8128 0.1933
vt 0.7971 0.1933
vt 0.7971 0.2355
vt 0.8128 0.2355
vt 0.0992 0.4317
vt 0.1149 0.4317
vt 0.1149 0.3866
vt 0.0992 0.3866
vt 0.9351 0.5116
vt 0.9343 0.5116
vt 0.9343 0.7275
vt 0.9351 0.7275
vt 0.2906 0.4117
vt 0.3063 0.4117
vt 0.3063 0.3875
vt 0.2906 0.3875
vt 0.6429 0.7799
vt 0.6586 0.7799
vt 0.6586 0.7643
vt 0.6429 0.7643
vt 0.8086 0.8563
vt 0.8243 0.8563
vt 0.8243 0.8261
vt 0.8086 0.8261
vt 0.6264 0.4451
vt 0.6264 0.4349
vt 0.6264 0.4241
vt 0.6107 0.4241
vt 0.6107 0.4349
vt 0.6107 0.4451
vt 0.6107 0.4565
vt 0.6264 0.4565
vt 0.8243 0.9802
vt 0.8243 0.9707
vt 0.8086 0.9707
vt 0.8086 0.9802
vt 0.8086 0.9907
vt 0.8086 1
vt 0.8243 1
vt 0.8243 0.9907
vt 0.082 0.352
vt 0.0977 0.352
vt 0.0977 0.3172
vt 0.082 0.3172
vt 0.7782 0.8143
vt 0.7938 0.8143
vt 0.7938 0.781
vt 0.7782 0.781
vt 0.1138 0.7184
vt 0.0795 0.7278
vt 0.0452 0.749
vt 0.0203 0.7813
vt 0.0079 0.8053
vt 0.0008 0.8354
vt 0.0164 0.8372
vt 0.0226 0.8107
vt 0.1164 0.7338
vt 0.1589 0.7315
vt 0.1589 0.7158
vt 0.0335 0.7896
vt 0.0557 0.7606
vt 0.0858 0.7421
vt 0.5779 0.2379
vt 0.577 0.2379
vt 0.577 0.2859
vt 0.5779 0.2853
vt 0.8399 0.8469
vt 0.8243 0.8469
vt 0.8243 0.8757
vt 0.8399 0.8757
vt 0.2906 0.3875
vt 0.3063 0.3875
vt 0.3063 0.3572
vt 0.2906 0.3572
vt 0.0158 0
vt 0.0105 0
vt 0.3227 0.3004
vt 0.3071 0.3004
vt 0.3071 0.3267
vt 0.3227 0.3267
vt 0.3859 0.3609
vt 0.4015 0.3609
vt 0.4015 0.3393
vt 0.3859 0.3393
vt 0.7282 0.7456
vt 0.7282 0.7299
vt 0.7275 0.7292
vt 0.7118 0.7292
vt 0.711 0.7299
vt 0.711 0.7456
vt 0.7118 0.7463
vt 0.7275 0.7463
vt 0.9714 0.5116
vt 0.9706 0.5116
vt 0.9706 0.7275
vt 0.9714 0.7275
vt 0.3116 0.7151
vt 0.3168 0.7151
vt 0.0604 0.2036
vt 0.0604 0.1983
vt 0.0596 0.1976
vt 0.0544 0.1976
vt 0.0536 0.1983
vt 0.0536 0.2036
vt 0.0544 0.2043
vt 0.0596 0.2043
vt 0.1536 0.4317
vt 0.1589 0.4317
vt 0.1589 0.4298
vt 0.1536 0.4298
vt 0.8471 0.9085
vt 0.8471 0.9063
vt 0.8418 0.9063
vt 0.8418 0.9085
vt 0.8619 0.294
vt 0.8671 0.294
vt 0.8671 0.2459
vt 0.8619 0.2459
vt 0.1536 0.4288
vt 0.1589 0.4288
vt 0.0401 0.2065
vt 0.0401 0.2012
vt 0.0393 0.2005
vt 0.0342 0.2005
vt 0.0333 0.2012
vt 0.0333 0.2065
vt 0.0342 0.2072
vt 0.0393 0.2072
vt 0.9532 0.5116
vt 0.9585 0.5116
vt 0.9585 0.2958
vt 0.9532 0.2958
vt 0.9714 0.7275
vt 0.9766 0.7275
vt 0.2198 0.1956
vt 0.2145 0.1956
vt 0.2145 0.2008
vt 0.2198 0.2008
vt 0.23 0.2248
vt 0.2352 0.2248
vt 0.2352 0.2229
vt 0.23 0.2229
vt 0.7626 0.2958
vt 0.7626 0.5116
vt 0.7634 0.5116
vt 0.7634 0.2958
vt 0.0918 0.1729
vt 0.0918 0.2068
vt 0.097 0.2068
vt 0.097 0.1729
vt 0.7851 0.1932
vt 0.7799 0.1932
vt 0.7799 0.1984
vt 0.7851 0.1984
vt 0.2031 0.194
vt 0.1978 0.194
vt 0.1978 0.1993
vt 0.2031 0.1993
vt 0.6293 0.7799
vt 0.6346 0.7799
vt 0.6346 0.7325
vt 0.6293 0.7325
vt 0.1709 0.1779
vt 0.1709 0.2066
vt 0.1762 0.2066
vt 0.1762 0.1779
vt 0.1083 0.178
vt 0.103 0.178
vt 0.103 0.2068
vt 0.1083 0.2068
vt 0.7732 0.1931
vt 0.7732 0.1983
vt 0.7784 0.1983
vt 0.7784 0.1931
vt 0.0158 0.4309
vt 0.0165 0.4309
vt 0.2085 0.1993
vt 0.2001 0.1993
vt 0.2001 0.2076
vt 0.2085 0.2076
vt 0.3544 0.1952
vt 0.3396 0.1952
vt 0.3396 0.21
vt 0.3544 0.21
vt 0.0165 0.4309
vt 0.0305 0.4309
vt 0.5048 0.2371
vt 0.5048 0.1533
vt 0.493 0.1533
vt 0.493 0.2371
vt 0.0616 0.2191
vt 0.0616 0.2043
vt 0.0468 0.2043
vt 0.0468 0.2191
vt 0.7806 0.5116
vt 0.7963 0.5116
vt 0.7963 0.2958
vt 0.7806 0.2958
vt 0.2692 0.224
vt 0.2692 0.2101
vt 0.2553 0.2101
vt 0.2553 0.224
vt 0.9003 0.5116
vt 0.8951 0.5116
vt 0.8951 0.7275
vt 0.9003 0.7275
vt 0.1312 0.4309
vt 0.1452 0.4309
vt 0.7946 0.8707
vt 0.8086 0.8707
vt 0.7429 0.7484
vt 0.7429 0.7623
vt 0.7436 0.7631
vt 0.7576 0.7631
vt 0.7584 0.7623
vt 0.7584 0.7484
vt 0.7576 0.7476
vt 0.7436 0.7476
vt 0.6946 0.7623
vt 0.7106 0.7623
vt 0.7106 0.7463
vt 0.6946 0.7463
vt 0.7455 0.7296
vt 0.7455 0.7456
vt 0.7615 0.7456
vt 0.7615 0.7296
vt 0.2519 0.3832
vt 0.2519 0.3344
vt 0.2467 0.3344
vt 0.2467 0.4433
vt 0.2519 0.4433
vt 0.2519 0.3954
vt 0.255 0.3919
vt 0.2898 0.3919
vt 0.2898 0.3867
vt 0.2552 0.3869
vt 0.9139 0.2958
vt 0.9087 0.2958
vt 0.469 0.4433
vt 0.4698 0.4433
vt 0.0349 0.2072
vt 0.0349 0.2094
vt 0.0401 0.2094
vt 0.0401 0.2072
vt 0.8244 0.795
vt 0.8191 0.795
vt 0.8191 0.7968
vt 0.8244 0.7968
vt 0.8736 0.9035
vt 0.8736 0.9017
vt 0.8684 0.9017
vt 0.8684 0.9035
vt 0.8457 0.2958
vt 0.83 0.2958
vt 0.1918 0.224
vt 0.1918 0.2084
vt 0.1761 0.2084
vt 0.1761 0.224
vt 0.6938 0.7299
vt 0.6938 0.7456
vt 0.6946 0.7463
vt 0.7103 0.7463
vt 0.711 0.7456
vt 0.711 0.7299
vt 0.7103 0.7292
vt 0.6946 0.7292
vt 0.8135 0.7275
vt 0.8292 0.7275
vt 0.7806 0.7275
vt 0.7963 0.7275
vt 0.5811 0.3983
vt 0.5803 0.399
vt 0.6099 0.399
vt 0.61 0.3983
vt 0.152 0.3412
vt 0.1467 0.3412
vt 0.1467 0.4309
vt 0.152 0.4309
vt 0.1164 0.3001
vt 0.1325 0.3001
vt 0.1325 0.2036
vt 0.1164 0.2036
vt 0.9275 0.5116
vt 0.9223 0.5116
vt 0.9223 0.7275
vt 0.9275 0.7275
vt 0.9071 0.2958
vt 0.9019 0.2958
vt 0.4751 0.0124
vt 0.4698 0.0124
vt 0.9275 0.2958
vt 0.9223 0.2958
vt 0.0737 0.2036
vt 0.0737 0.1983
vt 0.0684 0.1983
vt 0.0684 0.2036
vt 0.7706 0.7311
vt 0.7706 0.7364
vt 0.7713 0.7372
vt 0.7766 0.7372
vt 0.7774 0.7364
vt 0.7774 0.7311
vt 0.7766 0.7304
vt 0.7713 0.7304
vt 0.9411 0.7275
vt 0.9464 0.7275
vt 1 0.2965
vt 0.9947 0.2965
vt 0.5803 0.2946
vt 0.5811 0.2954
vt 0.61 0.2954
vt 0.6099 0.2946
vt 0.463 0.0116
vt 0.4577 0.0116
vt 0.8786 0.5124
vt 0.8943 0.5124
vt 0.8943 0.2965
vt 0.8786 0.2965
vt 0.0462 0.2065
vt 0.0462 0.2012
vt 0.0409 0.2012
vt 0.0409 0.2065
vt 0.6414 0.7799
vt 0.6421 0.7799
vt 0.6421 0.7316
vt 0.6414 0.7325
vt 0.1521 0.3033
vt 0.1521 0.3086
vt 0.1528 0.3093
vt 0.1581 0.3093
vt 0.1589 0.3086
vt 0.1589 0.3033
vt 0.1581 0.3026
vt 0.1528 0.3026
vt 0.3108 0.4965
vt 0.3116 0.4955
vt 0.3116 0.4482
vt 0.3108 0.4482
vt 0.1312 0.3017
vt 0.1304 0.3017
vt 0.1304 0.3663
vt 0.1312 0.3663
vt 0.164 0.2735
vt 0.1641 0.2255
vt 0.1589 0.2255
vt 0.1589 0.3344
vt 0.1641 0.3344
vt 0.164 0.2857
vt 0.1674 0.282
vt 0.202 0.2821
vt 0.202 0.277
vt 0.1672 0.277
vt 0.3342 0.8786
vt 0.3186 0.8804
vt 0.3256 0.9105
vt 0.3381 0.9346
vt 0.363 0.9669
vt 0.3973 0.988
vt 0.4315 0.9974
vt 0.4766 1
vt 0.4766 0.9844
vt 0.4342 0.982
vt 0.4035 0.9737
vt 0.3735 0.9553
vt 0.3403 0.9051
vt 0.3513 0.9262
vt 0.4517 0.2275
vt 0.4569 0.2275
vt 0.4569 0.0116
vt 0.4517 0.0116
vt 0.3859 0.3899
vt 0.4015 0.3899
vt 0.4015 0.3609
vt 0.3859 0.3609
vt 0.0279 0.2021
vt 0.0279 0.1969
vt 0.0226 0.1969
vt 0.0226 0.2021
vt 0.8399 0.8068
vt 0.8243 0.8068
vt 0.8243 0.8469
vt 0.8399 0.8469
vt 0.2459 0.2821
vt 0.2113 0.2818
vt 0.2119 0.283
vt 0.2459 0.283
vt 0.4638 0.2275
vt 0.463 0.2275
vt 0.463 0.4433
vt 0.4638 0.4433
vt 0.3859 0.4131
vt 0.4015 0.4131
vt 0.4015 0.3899
vt 0.3859 0.3899
vt 0.3178 0.8805
vt 0.3186 0.8804
vt 0.3185 0.8579
vt 0.3178 0.8579
vt 0.6758 0.7471
vt 0.6601 0.7471
vt 0.6601 0.7627
vt 0.6758 0.7627
vt 0.7634 0.2549
vt 0.7791 0.2549
vt 0.7791 0.2262
vt 0.7634 0.2262
vt 0.4989 0.6373
vt 0.4996 0.637
vt 0.4938 0.612
vt 0.493 0.6121
vt 0.4172 0.4332
vt 0.4172 0.4235
vt 0.4172 0.4131
vt 0.4015 0.4131
vt 0.4015 0.4235
vt 0.4015 0.4332
vt 0.4015 0.4441
vt 0.4172 0.4441
vt 0.7806 0.1984
vt 0.7806 0.2262
vt 0.7963 0.2262
vt 0.7963 0.1984
vt 0.082 0.2411
vt 0.0977 0.2411
vt 0.0977 0.2078
vt 0.082 0.2078
vt 0.4352 0.2687
vt 0.4352 0.2784
vt 0.4352 0.2875
vt 0.4509 0.2875
vt 0.4509 0.2784
vt 0.4509 0.2687
vt 0.4509 0.2601
vt 0.4352 0.2601
vt 0.4352 0.3717
vt 0.4509 0.3717
vt 0.4509 0.3521
vt 0.4352 0.3521
vt 0.4015 0.4131
vt 0.4172 0.4131
vt 0.4172 0.3899
vt 0.4015 0.3899
vt 0.3694 0.3943
vt 0.3851 0.3943
vt 0.3851 0.3679
vt 0.3694 0.3679
vt 0.8128 0.2355
vt 0.7971 0.2355
vt 0.7971 0.2657
vt 0.8128 0.2657
vt 0.418 0.3967
vt 0.4337 0.3967
vt 0.4337 0.3717
vt 0.418 0.3717
vt 0.2727 0.7184
vt 0.2725 0.7176
vt 0.2381 0.7271
vt 0.2384 0.7278
vt 0.3625 0.9674
vt 0.363 0.9669
vt 0.3381 0.9346
vt 0.3374 0.935
vt 0.3457 0.9458
vt 0.3536 0.9561
vt 0.082 0.4317
vt 0.0977 0.4317
vt 0.0977 0.3866
vt 0.082 0.3866
vt 0.0476 0.4317
vt 0.0632 0.4317
vt 0.0632 0.3866
vt 0.0476 0.3866
vt 0.0476 0.3866
vt 0.0632 0.3866
vt 0.0632 0.352
vt 0.0476 0.352
vt 0.6586 0.7471
vt 0.6429 0.7471
vt 0.6429 0.7627
vt 0.6586 0.7627
vt 0.3851 0.2794
vt 0.3694 0.2794
vt 0.3694 0.3004
vt 0.3851 0.3004
vt 0.3859 0.2455
vt 0.3859 0.2552
vt 0.3859 0.2656
vt 0.4015 0.2656
vt 0.4015 0.2552
vt 0.4015 0.2455
vt 0.4015 0.2346
vt 0.3859 0.2346
vt 0.8444 0.2672
vt 0.8288 0.2672
vt 0.8288 0.295
vt 0.8444 0.295
vt 0.3851 0.2506
vt 0.3694 0.2506
vt 0.3694 0.2794
vt 0.3851 0.2794
vt 0.3694 0.4441
vt 0.3851 0.4441
vt 0.3851 0.4152
vt 0.3694 0.4152
vt 0.3227 0.3473
vt 0.3227 0.3267
vt 0.3071 0.3267
vt 0.3071 0.3473
vt 0.7634 0.5116
vt 0.7791 0.5116
vt 0.7791 0.2958
vt 0.7634 0.2958
vt 0.6107 0.4241
vt 0.6264 0.4241
vt 0.6264 0.3998
vt 0.6107 0.3998
vt 0.3227 0.2794
vt 0.3071 0.2794
vt 0.3071 0.3004
vt 0.3227 0.3004
vt 0.2017 0.6847
vt 0.2022 0.6841
vt 0.1783 0.6533
vt 0.1777 0.6537
vt 0.1856 0.6641
vt 0.1931 0.6738
vt 0.3071 0.3943
vt 0.3227 0.3943
vt 0.3227 0.3679
vt 0.3071 0.3679
vt 0.6107 0.3696
vt 0.6264 0.3696
vt 0.6264 0.347
vt 0.6107 0.347
vt 0.8786 0.7282
vt 0.8943 0.7282
vt 0.8684 0.9007
vt 0.8736 0.9007
vt 0.8736 0.8525
vt 0.8684 0.8525
vt 0.9011 0.5116
vt 0.9011 0.2958
vt 0.9003 0.2958
vt 0.9003 0.5116
vt 0.8684 0.8015
vt 0.8631 0.8015
vt 0.8631 0.8033
vt 0.8684 0.8033
vt 0.8501 0.9978
vt 0.8501 1
vt 0.8554 1
vt 0.8554 0.9978
vt 0.156 0.2036
vt 0.1508 0.2036
vt 0.1508 0.2518
vt 0.156 0.2518
vt 0.2352 0.1745
vt 0.23 0.1745
vt 0.23 0.2219
vt 0.2352 0.2219
vt 0.8684 0.8043
vt 0.8631 0.8043
vt 0.8631 0.8525
vt 0.8684 0.8525
vt 0.1521 0.3236
vt 0.1521 0.3289
vt 0.1528 0.3297
vt 0.1581 0.3297
vt 0.1589 0.3289
vt 0.1589 0.3236
vt 0.1581 0.3229
vt 0.1528 0.3229
vt 0.9827 0.2958
vt 0.9774 0.2958
vt 0.1209 0.2021
vt 0.1209 0.1969
vt 0.1157 0.1969
vt 0.1157 0.2021
vt 0.324 0.4973
vt 0.3187 0.4973
vt 0.3187 0.6062
vt 0.324 0.6062
vt 0.2405 0.1745
vt 0.2352 0.1745
vt 0.2352 0.1764
vt 0.2405 0.1764
vt 0.0476 0.3164
vt 0.0476 0.2199
vt 0.0468 0.2199
vt 0.0468 0.3164
vt 0.208 0.2255
vt 0.2028 0.2255
vt 0.2113 0.2818
vt 0.2459 0.2821
vt 0.2459 0.277
vt 0.2113 0.2773
vt 0.208 0.2738
vt 0.208 0.2854
vt 0.0865 0.207
vt 0.0865 0.1731
vt 0.0812 0.1731
vt 0.0812 0.207
vt 0.8296 0.796
vt 0.8296 0.7621
vt 0.8244 0.7621
vt 0.8244 0.796
vt 0.2031 0.1993
vt 0.2084 0.1993
vt 0.2084 0.194
vt 0.2031 0.194
vt 0.7238 0.8412
vt 0.7238 0.8903
vt 0.729 0.8903
vt 0.729 0.8416
vt 0.7324 0.8379
vt 0.7619 0.838
vt 0.7619 0.8329
vt 0.7322 0.8329
vt 0.7289 0.8294
vt 0.729 0.7814
vt 0.7238 0.7814
vt 0.7238 0.8298
vt 0.7199 0.8331
vt 0.6293 0.833
vt 0.6293 0.838
vt 0.7199 0.8379
vt 0.8025 0.736
vt 0.8078 0.736
vt 0.8078 0.7308
vt 0.8025 0.7308
vt 0.8244 0.7466
vt 0.8191 0.7466
vt 0.8191 0.794
vt 0.8244 0.794
vt 0.1589 0.1779
vt 0.1589 0.2066
vt 0.1641 0.2066
vt 0.1641 0.1779
vt 0.2959 0.1748
vt 0.2906 0.1748
vt 0.2906 0.2222
vt 0.2959 0.2222
vt 0.177 0.1779
vt 0.177 0.2066
vt 0.1822 0.2066
vt 0.1822 0.1779
vt 0.0468 0.1923
vt 0.0468 0.1976
vt 0.0521 0.1976
vt 0.0521 0.1923
vt 0.5344 0.2371
vt 0.5344 0.1533
vt 0.5227 0.1533
vt 0.5227 0.2371
vt 0.1918 0.1993
vt 0.1918 0.2076
vt 0.2001 0.2076
vt 0.2001 0.1993
vt 0.3396 0.21
vt 0.3247 0.21
vt 0.3247 0.2248
vt 0.3396 0.2248
vt 0.4031 0.15
vt 0.4031 0.2338
vt 0.4148 0.2338
vt 0.4148 0.15
vt 0.27 0.21
vt 0.2848 0.21
vt 0.2848 0.1952
vt 0.27 0.1952
vt 0.2545 0.1954
vt 0.2405 0.1954
vt 0.2405 0.2093
vt 0.2545 0.2093
vt 0.046 0.3017
vt 0.0321 0.3017
vt 0.0321 0.3663
vt 0.046 0.3663
vt 0.7634 0.9992
vt 0.7774 0.9992
vt 0.7774 0.9346
vt 0.7634 0.9346
vt 0.1304 0.3017
vt 0.1165 0.3017
vt 0.1165 0.3663
vt 0.1304 0.3663
vt 0.8086 0.8707
vt 0.7946 0.8707
vt 0.7946 0.9354
vt 0.8086 0.9354
vt 0.0165 0.3001
vt 0.0326 0.3001
vt 0.0326 0.2036
vt 0.0165 0.2036
vt 0.7442 0.7799
vt 0.7442 0.7639
vt 0.7282 0.7639
vt 0.7282 0.7799
vt 0.5937 0.2372
vt 0.5937 0.1533
vt 0.582 0.1533
vt 0.582 0.2372
vt 0.0313 0.3663
vt 0.0313 0.3017
vt 0.0305 0.3017
vt 0.0305 0.3663
vt 0.7774 0.7293
vt 0.7774 0.7452
vt 0.7934 0.7452
vt 0.7934 0.7293
vt 0.15 0.2036
vt 0.134 0.2036
vt 0.134 0.3001
vt 0.15 0.3001
vt 0.568 0.2896
vt 0.4774 0.2894
vt 0.4774 0.2946
vt 0.5681 0.2946
vt 0.5719 0.2981
vt 0.577 0.2981
vt 0.5803 0.2946
vt 0.6099 0.2946
vt 0.6099 0.2894
vt 0.5805 0.2896
vt 0.577 0.2859
vt 0.577 0.2379
vt 0.5719 0.2379
vt 0.5719 0.2862
vt 0.3851 0.3267
vt 0.3694 0.3267
vt 0.3694 0.3473
vt 0.3851 0.3473
vt 0.4337 0.3325
vt 0.418 0.3325
vt 0.418 0.3521
vt 0.4337 0.3521
vt 0.0643 0.3164
vt 0.0651 0.3164
vt 0.0651 0.2199
vt 0.0643 0.2199
vt 0.8637 0.9978
vt 0.8585 0.9978
vt 0.8585 1
vt 0.8637 1
vt 0.8138 0.7968
vt 0.8138 0.795
vt 0.8086 0.795
vt 0.8086 0.7968
vt 0.9003 0.2958
vt 0.8951 0.2958
vt 0.7971 0.7275
vt 0.8128 0.7275
vt 0.1597 0.224
vt 0.1753 0.224
vt 0.1753 0.2084
vt 0.1597 0.2084
vt 0.693 0.7292
vt 0.6774 0.7292
vt 0.6766 0.7299
vt 0.6766 0.7456
vt 0.6774 0.7463
vt 0.693 0.7463
vt 0.6938 0.7456
vt 0.6938 0.7299
vt 0.9532 0.7275
vt 0.9585 0.7275
vt 0.0745 0.2036
vt 0.0798 0.2036
vt 0.0798 0.1983
vt 0.0745 0.1983
vt 0.2145 0.2008
vt 0.2092 0.2008
vt 0.2085 0.2016
vt 0.2085 0.2068
vt 0.2092 0.2076
vt 0.2145 0.2076
vt 0.2153 0.2068
vt 0.2153 0.2016
vt 0.9653 0.7275
vt 0.9706 0.7275
vt 0.469 0.0116
vt 0.4638 0.0116
vt 0.9472 0.5116
vt 0.9524 0.5116
vt 0.9524 0.2958
vt 0.9472 0.2958
vt 0.9343 0.2958
vt 0.9291 0.2958
vt 0.0053 0
vt 0 0
vt 0.6461 0.1923
vt 0.6453 0.1923
vt 0.6453 0.2888
vt 0.6461 0.2888
vt 0.8501 0.9968
vt 0.8554 0.9968
vt 0.8554 0.9071
vt 0.8501 0.9071
vt 0.6453 0.1923
vt 0.6293 0.1923
vt 0.6293 0.2888
vt 0.6453 0.2888
vt 0.8631 0.9007
vt 0.8684 0.9007
vt 0.7799 0.5116
vt 0.7806 0.5116
vt 0.7806 0.2958
vt 0.7799 0.2958
vt 0.8471 0.9095
vt 0.8418 0.9095
vt 0.8418 0.9992
vt 0.8471 0.9992
vt 0.9593 0.7275
vt 0.9645 0.7275
vt 0.2247 0.2248
vt 0.23 0.2248
vt 0.23 0.1774
vt 0.2247 0.1774
vt 0.0624 0.2036
vt 0.0677 0.2036
vt 0.0677 0.1983
vt 0.0624 0.1983
vt 0.1581 0.3093
vt 0.1528 0.3093
vt 0.1521 0.3101
vt 0.1521 0.3153
vt 0.1528 0.3161
vt 0.1581 0.3161
vt 0.1589 0.3153
vt 0.1589 0.3101
vt 0.0105 0
vt 0.0053 0
vt 0.9472 0.7275
vt 0.9524 0.7275
vt 0.72 0.4515
vt 0.6293 0.4515
vt 0.6293 0.4566
vt 0.7199 0.4565
vt 0.7238 0.4598
vt 0.7238 0.5081
vt 0.7289 0.5081
vt 0.7289 0.4602
vt 0.7324 0.4565
vt 0.7619 0.4566
vt 0.7619 0.4515
vt 0.7322 0.4515
vt 0.7289 0.448
vt 0.7289 0.3992
vt 0.7238 0.3992
vt 0.7238 0.448
vt 0.7634 0.7275
vt 0.7626 0.7275
vt 0.1568 0.2027
vt 0.156 0.2036
vt 0.0166 0.2021
vt 0.0218 0.2021
vt 0.0218 0.1969
vt 0.0166 0.1969
vt 0.082 0.3172
vt 0.0977 0.3172
vt 0.0977 0.2741
vt 0.082 0.2741
vt 0.4352 0.4166
vt 0.4509 0.4166
vt 0.4509 0.3967
vt 0.4352 0.3967
vt 0.082 0.2741
vt 0.0977 0.2741
vt 0.0977 0.2411
vt 0.082 0.2411
vt 0.7617 0.1879
vt 0.746 0.1879
vt 0.746 0.23
vt 0.7617 0.23
vt 0.6774 0.7643
vt 0.6774 0.7799
vt 0.693 0.7799
vt 0.693 0.7643
vt 0.418 0.2687
vt 0.418 0.2784
vt 0.418 0.2875
vt 0.4337 0.2875
vt 0.4337 0.2784
vt 0.4337 0.2687
vt 0.4337 0.2601
vt 0.418 0.2601
vt 0.4015 0.4332
vt 0.4015 0.4235
vt 0.4015 0.4131
vt 0.3859 0.4131
vt 0.3859 0.4235
vt 0.3859 0.4332
vt 0.3859 0.4441
vt 0.4015 0.4441
vt 0.0992 0.2411
vt 0.1149 0.2411
vt 0.1149 0.2078
vt 0.0992 0.2078
vt 0.6248 0.2375
vt 0.6248 0.1537
vt 0.624 0.1536
vt 0.624 0.2375
vt 0.8399 0.8757
vt 0.8243 0.8757
vt 0.8243 0.9035
vt 0.8399 0.9035
vt 0.4337 0.2875
vt 0.418 0.2875
vt 0.418 0.3074
vt 0.4337 0.3074
vt 0.4015 0.2656
vt 0.3859 0.2656
vt 0.3859 0.2888
vt 0.4015 0.2888
vt 0.4509 0.3074
vt 0.4352 0.3074
vt 0.4352 0.3325
vt 0.4509 0.3325
vt 0.4172 0.2888
vt 0.4015 0.2888
vt 0.4015 0.3178
vt 0.4172 0.3178
vt 0.4172 0.3178
vt 0.4015 0.3178
vt 0.4015 0.3393
vt 0.4172 0.3393
vt 0.7118 0.7807
vt 0.7275 0.7807
vt 0.7282 0.7799
vt 0.7282 0.7643
vt 0.7275 0.7635
vt 0.7118 0.7635
vt 0.711 0.7643
vt 0.711 0.7799
vt 0.3178 0.7315
vt 0.3178 0.7158
vt 0.2727 0.7184
vt 0.2384 0.7278
vt 0.2041 0.749
vt 0.1792 0.7813
vt 0.1667 0.8053
vt 0.1597 0.8354
vt 0.1753 0.8372
vt 0.1815 0.8107
vt 0.1924 0.7896
vt 0.2146 0.7606
vt 0.2753 0.7338
vt 0.2446 0.7421
vt 0.7938 0.8905
vt 0.7782 0.8905
vt 0.7782 0.9336
vt 0.7938 0.9336
vt 0.8243 0.9405
vt 0.8086 0.9405
vt 0.8086 0.9707
vt 0.8243 0.9707
vt 0.0992 0.3866
vt 0.1149 0.3866
vt 0.1149 0.352
vt 0.0992 0.352
vt 0.1641 0.3832
vt 0.1589 0.4433
vt 0.1641 0.4433
vt 0.164 0.3954
vt 0.1672 0.3919
vt 0.202 0.3919
vt 0.202 0.3867
vt 0.1674 0.3869
vt 0.8243 0.8984
vt 0.8086 0.8984
vt 0.8086 0.9405
vt 0.8243 0.9405
vt 0.6429 0.7299
vt 0.6429 0.7456
vt 0.6586 0.7456
vt 0.6586 0.7299
vt 0.341 0.811
vt 0.3403 0.8107
vt 0.3342 0.8372
vt 0.3349 0.8373
vt 0.3227 0.2506
vt 0.3071 0.2506
vt 0.3071 0.2794
vt 0.3227 0.2794
vt 0.3063 0.4327
vt 0.3063 0.4225
vt 0.3063 0.4117
vt 0.2906 0.4117
vt 0.2906 0.4225
vt 0.2906 0.4327
vt 0.2906 0.4441
vt 0.3063 0.4441
vt 0.0992 0.352
vt 0.1149 0.352
vt 0.1149 0.3172
vt 0.0992 0.3172
vt 0.7617 0.2603
vt 0.746 0.2603
vt 0.746 0.2896
vt 0.7617 0.2896
vt 0.3071 0.4152
vt 0.3227 0.4152
vt 0.3227 0.3943
vt 0.3071 0.3943
vt 0.6264 0.2699
vt 0.6107 0.2699
vt 0.6107 0.2941
vt 0.6264 0.2941
vt 0.3851 0.3004
vt 0.3694 0.3004
vt 0.3694 0.3267
vt 0.3851 0.3267
vt 0.6264 0.2941
vt 0.6107 0.2941
vt 0.6107 0.3244
vt 0.6264 0.3244
vt 0.2906 0.3572
vt 0.3063 0.3572
vt 0.3063 0.3346
vt 0.2906 0.3346
vt 0.0164 0.5945
vt 0.0165 0.5738
vt 0.0008 0.5738
vt 0.0008 0.5963
vt 0.0079 0.6264
vt 0.0203 0.6504
vt 0.0452 0.6827
vt 0.0795 0.7039
vt 0.1138 0.7133
vt 0.1589 0.7158
vt 0.1589 0.7002
vt 0.1164 0.6979
vt 0.0858 0.6896
vt 0.0557 0.6711
vt 0.0226 0.621
vt 0.0335 0.6421
vt 0.6946 0.7807
vt 0.7103 0.7807
vt 0.711 0.7799
vt 0.711 0.7643
vt 0.7103 0.7635
vt 0.6946 0.7635
vt 0.6938 0.7643
vt 0.6938 0.7799
vt 0.8684 0.8033
vt 0.8736 0.8033
vt 0.8736 0.8015
vt 0.8684 0.8015
vt 0.8736 0.8044
vt 0.8684 0.8044
vt 0.3187 0.7151
vt 0.324 0.7151
vt 0.2519 0.2735
vt 0.2519 0.2255
vt 0.2467 0.2255
vt 0.2519 0.2857
vt 0.2552 0.282
vt 0.2898 0.2821
vt 0.2898 0.277
vt 0.255 0.277
vt 0.2212 0.2008
vt 0.216 0.2008
vt 0.2153 0.2016
vt 0.2153 0.2068
vt 0.216 0.2076
vt 0.2213 0.2076
vt 0.2221 0.2068
vt 0.2221 0.2016
vt 0.8512 0.2014
vt 0.846 0.2014
vt 0.846 0.2035
vt 0.8512 0.2035
vt 0.8631 0.9017
vt 0.8631 0.9035
vt 0.8684 0.9035
vt 0.8684 0.9017
vt 0.0476 0.2043
vt 0.0527 0.2043
vt 0.0536 0.2036
vt 0.0536 0.1983
vt 0.0528 0.1976
vt 0.0476 0.1976
vt 0.0468 0.1983
vt 0.0468 0.2036
vt 0.1581 0.3161
vt 0.1528 0.3161
vt 0.1521 0.3169
vt 0.1521 0.3221
vt 0.1528 0.3229
vt 0.1581 0.3229
vt 0.1589 0.3221
vt 0.1589 0.3169
vt 0.2352 0.2248
vt 0.2405 0.2248
vt 0.2405 0.1774
vt 0.2352 0.1774
vt 0.0865 0.1729
vt 0.0865 0.2068
vt 0.0918 0.2068
vt 0.0918 0.1729
vt 0.0333 0.1944
vt 0.0333 0.1997
vt 0.0386 0.1997
vt 0.0386 0.1944
vt 0.23 0.1764
vt 0.23 0.1745
vt 0.2247 0.1745
vt 0.2247 0.1764
vt 0.7799 0.7275
vt 0.7806 0.7275
vt 0.3596 0.2238
vt 0.3596 0.1899
vt 0.3544 0.1899
vt 0.3544 0.2238
vt 0.7679 0.1931
vt 0.7679 0.1983
vt 0.7732 0.1983
vt 0.7732 0.1931
vt 0.0279 0.1969
vt 0.0279 0.2021
vt 0.0331 0.2021
vt 0.0331 0.1969
vt 0.8138 0.7466
vt 0.8086 0.7466
vt 0.8086 0.794
vt 0.8138 0.794
vt 0.3187 0.4958
vt 0.324 0.4958
vt 0.324 0.4484
vt 0.3187 0.4484
vt 0.9887 0.2958
vt 0.9834 0.2958
vt 0.1882 0.2068
vt 0.1882 0.1781
vt 0.183 0.1781
vt 0.183 0.2068
vt 0.1151 0.2068
vt 0.1151 0.178
vt 0.1098 0.178
vt 0.1098 0.2068
vt 0.7904 0.1932
vt 0.7851 0.1932
vt 0.7851 0.1984
vt 0.7904 0.1984
vt 0.1325 0.3001
vt 0.1332 0.3001
vt 0.1332 0.2036
vt 0.1325 0.2036
vt 0.1508 0.2999
vt 0.156 0.2999
vt 0.7622 0.7288
vt 0.7622 0.7372
vt 0.7706 0.7372
vt 0.7706 0.7288
vt 0.3544 0.21
vt 0.3396 0.21
vt 0.3396 0.2248
vt 0.3544 0.2248
vt 0.3819 0.2505
vt 0.3819 0.1667
vt 0.3702 0.1667
vt 0.3702 0.2505
vt 0.3247 0.1952
vt 0.3247 0.21
vt 0.3396 0.21
vt 0.3396 0.1952
vt 0.5204 0.2372
vt 0.5204 0.1533
vt 0.5196 0.1533
vt 0.5196 0.2371
vt 0.2405 0.224
vt 0.2545 0.224
vt 0.2545 0.2101
vt 0.2405 0.2101
vt 0.7946 1
vt 0.8086 1
vt 0.0321 0.4309
vt 0.046 0.4309
vt 0.7421 0.7476
vt 0.7281 0.7476
vt 0.7274 0.7484
vt 0.7274 0.7623
vt 0.7281 0.7631
vt 0.7421 0.7631
vt 0.7429 0.7623
vt 0.7429 0.7484
vt 0.7113 0.7463
vt 0.7113 0.7623
vt 0.7274 0.7623
vt 0.7274 0.7463
vt 0.4332 0.1636
vt 0.4172 0.1636
vt 0.4172 0.2601
vt 0.4332 0.2601
vt 0.7934 0.7642
vt 0.7774 0.7642
vt 0.7774 0.7802
vt 0.7934 0.7802
vt 0.7963 0.7275
vt 0.7963 0.7282
vt 0.7971 0.7275
vt 0.7799 0.7275
vt 0.7806 0.7282
vt 0.7806 0.7275
vt 0.83 0.2958
vt 0.8292 0.295
vt 0.8292 0.2958
vt 0.8465 0.7275
vt 0.8457 0.7275
vt 0.8457 0.7282
vt 0.9071 0.7275
vt 0.9071 0.7282
vt 0.9079 0.7275
vt 0.9011 0.7275
vt 0.9019 0.7282
vt 0.9019 0.7275
vt 0.9351 0.7275
vt 0.9359 0.7282
vt 0.9359 0.7275
vt 0.9834 0.7275
vt 0.9827 0.7275
vt 0.9827 0.7282
vt 0.9283 0.7275
vt 0.9275 0.7275
vt 0.9275 0.7282
vt 0.9215 0.7275
vt 0.9223 0.7282
vt 0.9223 0.7275
vt 0.9472 0.2958
vt 0.9464 0.295
vt 0.9464 0.2958
vt 0.463 0.4433
vt 0.463 0.4441
vt 0.4638 0.4433
vt 0.9147 0.7275
vt 0.9139 0.7275
vt 0.9139 0.7282
vt 0.9087 0.7275
vt 0.9079 0.7275
vt 0.9087 0.7282
vt 0.9645 0.2958
vt 0.9653 0.2958
vt 0.9645 0.295
vt 0.4569 0.4433
vt 0.4569 0.4441
vt 0.4577 0.4433
vt 0.6938 0.7627
vt 0.693 0.7627
vt 0.693 0.7635
vt 0.6766 0.7627
vt 0.6774 0.7635
vt 0.6774 0.7627
vt 0.6774 0.7463
vt 0.6766 0.7471
vt 0.6774 0.7471
vt 0.6938 0.7471
vt 0.693 0.7463
vt 0.693 0.7471
vt 0.6766 0.7799
vt 0.6758 0.7799
vt 0.6758 0.7807
vt 0.6594 0.7799
vt 0.6601 0.7807
vt 0.6601 0.7799
vt 0.6601 0.7635
vt 0.6594 0.7643
vt 0.6601 0.7643
vt 0.6766 0.7643
vt 0.6758 0.7635
vt 0.6758 0.7643
vt 0.3176 0.4973
vt 0.3168 0.4965
vt 0.3168 0.4973
vt 0.3108 0.4973
vt 0.3116 0.4973
vt 0.3116 0.4965
vt 0.3308 0.4433
vt 0.33 0.4433
vt 0.33 0.4441
vt 0.1641 0.2255
vt 0.1649 0.2255
vt 0.1641 0.2248
vt 0.6353 0.7799
vt 0.6361 0.7807
vt 0.6361 0.7799
vt 0.6421 0.7799
vt 0.6414 0.7799
vt 0.6414 0.7807
vt 0.7298 0.9992
vt 0.729 0.9992
vt 0.729 1
vt 0.7289 0.2903
vt 0.7298 0.2903
vt 0.729 0.2896
vt 0.202 0.283
vt 0.2028 0.2822
vt 0.202 0.2821
vt 0.3657 0.1899
vt 0.3664 0.1898
vt 0.3657 0.1891
vt 0.3679 0.3918
vt 0.3679 0.3926
vt 0.3686 0.3919
vt 0.3679 0.3859
vt 0.3679 0.3867
vt 0.3686 0.3866
vt 0.1023 0.207
vt 0.1023 0.2078
vt 0.103 0.207
vt 0.7619 0.341
vt 0.7619 0.3419
vt 0.7626 0.3418
vt 0.7619 0.9478
vt 0.7619 0.9486
vt 0.7626 0.9478
vt 0.7619 0.9418
vt 0.7619 0.9426
vt 0.7626 0.9425
vt 0.4761 0.439
vt 0.4751 0.4394
vt 0.4761 0.4408
vt 0.3133 0.446
vt 0.3144 0.4474
vt 0.3144 0.4456
vt 0.3179 0.4457
vt 0.3186 0.4474
vt 0.3191 0.4457
vt 0.3133 0.4474
vt 0.3133 0.4457
vt 0.3122 0.4471
vt 0.1157 0.3001
vt 0.1164 0.3009
vt 0.1164 0.3001
vt 0.1332 0.3001
vt 0.1325 0.3001
vt 0.1325 0.3009
vt 0.7618 0.7639
vt 0.761 0.7632
vt 0.761 0.7639
vt 0.761 0.7807
vt 0.7618 0.7799
vt 0.761 0.7799
vt 0.2708 0.2232
vt 0.27 0.2248
vt 0.2716 0.224
vt 0.2833 0.224
vt 0.2848 0.2248
vt 0.2841 0.2232
vt 0.2841 0.2115
vt 0.2848 0.21
vt 0.2833 0.2107
vt 0.2708 0.2115
vt 0.2716 0.2107
vt 0.27 0.21
vt 0.0313 0.3017
vt 0.0305 0.3009
vt 0.0305 0.3017
vt 0.0158 0.3017
vt 0.0165 0.3017
vt 0.0165 0.3009
vt 0.1304 0.3017
vt 0.1312 0.3017
vt 0.1312 0.3009
vt 0.27 0.1954
vt 0.2692 0.1946
vt 0.2692 0.1954
vt 0.1157 0.2036
vt 0.1164 0.2036
vt 0.1164 0.2029
vt 0.1325 0.2036
vt 0.1332 0.2036
vt 0.1325 0.2029
vt 0.7934 0.7635
vt 0.7942 0.7627
vt 0.7934 0.7627
vt 0.6629 0.1923
vt 0.6629 0.1916
vt 0.6621 0.1923
vt 0.4761 0.4408
vt 0.4751 0.4408
vt 0.4756 0.4424
vt 0.4761 0.439
vt 0.4761 0.4373
vt 0.4751 0.4387
vt 0.319 0.4441
vt 0.3196 0.4457
vt 0.3201 0.4441
vt 0.3236 0.4356
vt 0.3241 0.4373
vt 0.3247 0.4356
vt 0.3312 0.3836
vt 0.3308 0.3826
vt 0.33 0.3835
vt 0.1649 0.2863
vt 0.1653 0.2853
vt 0.164 0.2857
vt 0.723 0.3511
vt 0.7239 0.3505
vt 0.7226 0.3501
vt 0.723 0.9385
vt 0.7226 0.9395
vt 0.7238 0.9394
vt 0.7298 0.9385
vt 0.7289 0.9391
vt 0.7302 0.9395
vt 0.7289 0.3505
vt 0.7298 0.3511
vt 0.7302 0.3501
vt 0.33 0.3951
vt 0.3308 0.3959
vt 0.3312 0.3949
vt 0.1649 0.2729
vt 0.164 0.2735
vt 0.1653 0.2739
vt 0.168 0.283
vt 0.1674 0.282
vt 0.167 0.2834
vt 0.168 0.2762
vt 0.167 0.2758
vt 0.1672 0.277
vt 0.3339 0.3926
vt 0.3333 0.3915
vt 0.3329 0.3931
vt 0.3329 0.3854
vt 0.3333 0.387
vt 0.3339 0.3859
vt 0.7226 0.3387
vt 0.7238 0.3387
vt 0.723 0.3377
vt 0.7226 0.9509
vt 0.723 0.9519
vt 0.7238 0.9509
vt 0.7302 0.9508
vt 0.7289 0.9513
vt 0.7298 0.9518
vt 0.7302 0.3387
vt 0.7298 0.3377
vt 0.7289 0.3383
vt 0.733 0.3478
vt 0.7322 0.347
vt 0.732 0.3482
vt 0.733 0.341
vt 0.732 0.3406
vt 0.7324 0.342
vt 0.732 0.949
vt 0.733 0.9486
vt 0.7322 0.9478
vt 0.733 0.9418
vt 0.732 0.9414
vt 0.7324 0.9428
vt 0.7203 0.3482
vt 0.72 0.347
vt 0.7193 0.3478
vt 0.7193 0.341
vt 0.7199 0.342
vt 0.7203 0.3406
vt 0.7193 0.9486
vt 0.7203 0.9489
vt 0.7199 0.9475
vt 0.7203 0.9414
vt 0.7193 0.9418
vt 0.7199 0.9428
vt 0.7634 0.7275
vt 0.7626 0.7275
vt 0.7634 0.7282
vt 0.7799 0.7275
vt 0.7791 0.7275
vt 0.7791 0.7282
vt 0.8629 0.7275
vt 0.8622 0.7275
vt 0.8622 0.7282
vt 0.8135 0.2958
vt 0.8128 0.295
vt 0.8128 0.2958
vt 0.8951 0.7275
vt 0.8943 0.7275
vt 0.8951 0.7282
vt 0.9011 0.7275
vt 0.9003 0.7275
vt 0.9003 0.7282
vt 0.9774 0.7275
vt 0.9766 0.7275
vt 0.9766 0.7282
vt 0.9593 0.2958
vt 0.9585 0.295
vt 0.9585 0.2958
vt 0.9283 0.7275
vt 0.9291 0.7282
vt 0.9291 0.7275
vt 0.9351 0.7275
vt 0.9343 0.7275
vt 0.9343 0.7282
vt 0.4698 0.4433
vt 0.469 0.4433
vt 0.469 0.4441
vt 0.9706 0.2958
vt 0.9714 0.2958
vt 0.9706 0.295
vt 0.9147 0.7275
vt 0.9155 0.7282
vt 0.9155 0.7275
vt 0.9207 0.7275
vt 0.9207 0.7282
vt 0.9215 0.7275
vt 0.9887 0.7275
vt 0.9887 0.7282
vt 0.9895 0.7275
vt 0.9524 0.2958
vt 0.9532 0.2958
vt 0.9524 0.295
vt 0.6766 0.7299
vt 0.6758 0.7292
vt 0.6758 0.7299
vt 0.6594 0.7299
vt 0.6601 0.7299
vt 0.6601 0.7292
vt 0.6601 0.7463
vt 0.6601 0.7456
vt 0.6594 0.7456
vt 0.6766 0.7456
vt 0.6758 0.7456
vt 0.6758 0.7463
vt 0.6594 0.7643
vt 0.6586 0.7635
vt 0.6586 0.7643
vt 0.6421 0.7643
vt 0.6429 0.7643
vt 0.6429 0.7635
vt 0.6429 0.7807
vt 0.6429 0.7799
vt 0.6421 0.7799
vt 0.6594 0.7799
vt 0.6586 0.7799
vt 0.6586 0.7807
vt 0.3176 0.7151
vt 0.3168 0.7151
vt 0.3168 0.7158
vt 0.3108 0.7151
vt 0.3116 0.7158
vt 0.3116 0.7151
vt 0.2198 0.1948
vt 0.2198 0.1956
vt 0.2205 0.1956
vt 0.1641 0.4433
vt 0.1641 0.4441
vt 0.1649 0.4433
vt 0.6353 0.7799
vt 0.6346 0.7799
vt 0.6346 0.7807
vt 0.6285 0.7799
vt 0.6293 0.7807
vt 0.6293 0.7799
vt 0.7298 0.7814
vt 0.729 0.7807
vt 0.729 0.7814
vt 0.7289 0.5081
vt 0.729 0.5089
vt 0.7298 0.5081
vt 0.202 0.3859
vt 0.202 0.3867
vt 0.2028 0.3866
vt 0.1504 0.3373
vt 0.1504 0.338
vt 0.1512 0.3373
vt 0.3679 0.277
vt 0.3686 0.277
vt 0.3679 0.2762
vt 0.3679 0.283
vt 0.3686 0.2822
vt 0.3679 0.2821
vt 0.1762 0.1779
vt 0.177 0.1778
vt 0.1762 0.1771
vt 0.7619 0.4575
vt 0.7626 0.4567
vt 0.7619 0.4566
vt 0.1091 0.178
vt 0.1083 0.1772
vt 0.1083 0.178
vt 0.7619 0.8389
vt 0.7626 0.8381
vt 0.7619 0.838
vt 0.3179 0.4441
vt 0.3185 0.4457
vt 0.319 0.4441
vt 0.3214 0.4457
vt 0.3202 0.4457
vt 0.3209 0.4474
vt 0.3247 0.4457
vt 0.3236 0.4457
vt 0.3241 0.4474
vt 0.3154 0.447
vt 0.3165 0.4474
vt 0.3165 0.4456
vt 0.0468 0.2199
vt 0.0476 0.2199
vt 0.0476 0.2191
vt 0.0643 0.2199
vt 0.0636 0.2191
vt 0.0636 0.2199
vt 0.6946 0.7631
vt 0.6946 0.7623
vt 0.6938 0.7623
vt 0.6293 0.1923
vt 0.6293 0.1916
vt 0.6285 0.1923
vt 0.0601 0.2051
vt 0.0609 0.2059
vt 0.0616 0.2043
vt 0.0609 0.2176
vt 0.0601 0.2183
vt 0.0616 0.2191
vt 0.0483 0.2183
vt 0.0476 0.2176
vt 0.0468 0.2191
vt 0.0483 0.2051
vt 0.0468 0.2043
vt 0.0476 0.2059
vt 0.0313 0.4309
vt 0.0305 0.4309
vt 0.0305 0.4317
vt 0.0158 0.4309
vt 0.0165 0.4317
vt 0.0165 0.4309
vt 0.27 0.224
vt 0.2692 0.224
vt 0.2692 0.2248
vt 0.2692 0.2093
vt 0.2692 0.2101
vt 0.27 0.2101
vt 0.0468 0.3164
vt 0.0476 0.3171
vt 0.0476 0.3164
vt 0.0636 0.3164
vt 0.0636 0.3171
vt 0.0643 0.3164
vt 0.7615 0.7288
vt 0.7615 0.7296
vt 0.7622 0.7296
vt 0.7615 0.7463
vt 0.7622 0.7456
vt 0.7615 0.7456
vt 0.3236 0.4376
vt 0.3247 0.439
vt 0.3247 0.4373
vt 0.3214 0.4441
vt 0.3203 0.4441
vt 0.3208 0.4457
vt 0.3236 0.4437
vt 0.3246 0.444
vt 0.3246 0.4423
vt 0.3247 0.4324
vt 0.3236 0.4324
vt 0.3241 0.434
vt 0.3312 0.2853
vt 0.33 0.2854
vt 0.3308 0.2863
vt 0.1649 0.3826
vt 0.1641 0.3832
vt 0.1653 0.3836
vt 0.723 0.4474
vt 0.7226 0.4484
vt 0.7238 0.448
vt 0.723 0.8422
vt 0.7238 0.8412
vt 0.7226 0.8412
vt 0.7298 0.8422
vt 0.7302 0.8412
vt 0.729 0.8416
vt 0.7302 0.4484
vt 0.7298 0.4474
vt 0.7289 0.448
vt 0.3312 0.2739
vt 0.3308 0.2729
vt 0.33 0.2738
vt 0.1649 0.3959
vt 0.1653 0.3949
vt 0.164 0.3954
vt 0.168 0.3859
vt 0.167 0.3854
vt 0.1674 0.3869
vt 0.168 0.3926
vt 0.1672 0.3919
vt 0.167 0.3931
vt 0.3339 0.2762
vt 0.3329 0.2758
vt 0.3333 0.2773
vt 0.3329 0.2834
vt 0.3339 0.283
vt 0.3333 0.2818
vt 0.7226 0.4598
vt 0.723 0.4608
vt 0.7238 0.4598
vt 0.7226 0.8298
vt 0.7238 0.8298
vt 0.723 0.8288
vt 0.7302 0.8298
vt 0.7298 0.8288
vt 0.7289 0.8294
vt 0.7302 0.4597
vt 0.7289 0.4602
vt 0.7298 0.4608
vt 0.733 0.4507
vt 0.732 0.4503
vt 0.7322 0.4515
vt 0.733 0.4575
vt 0.7324 0.4565
vt 0.732 0.4579
vt 0.732 0.8317
vt 0.7322 0.8329
vt 0.733 0.8321
vt 0.733 0.8389
vt 0.7324 0.8379
vt 0.732 0.8393
vt 0.7203 0.4503
vt 0.7193 0.4507
vt 0.72 0.4515
vt 0.7193 0.4575
vt 0.7203 0.4578
vt 0.7199 0.4565
vt 0.7193 0.8321
vt 0.7199 0.8331
vt 0.7203 0.8317
vt 0.7203 0.8393
vt 0.7199 0.8379
vt 0.7193 0.8389
vt 0.7963 0.2958
vt 0.7971 0.2958
vt 0.7963 0.295
vt 0.7799 0.2958
vt 0.7806 0.2958
vt 0.7806 0.295
vt 0.83 0.7275
vt 0.8292 0.7275
vt 0.8292 0.7282
vt 0.1753 0.2084
vt 0.1761 0.2084
vt 0.1761 0.2076
vt 0.9071 0.2958
vt 0.9079 0.2958
vt 0.9071 0.295
vt 0.9011 0.2958
vt 0.9019 0.2958
vt 0.9019 0.295
vt 0.9351 0.2958
vt 0.9359 0.2958
vt 0.9359 0.295
vt 0.0677 0.1983
vt 0.0684 0.1983
vt 0.0684 0.1976
vt 0.9283 0.2958
vt 0.9275 0.295
vt 0.9275 0.2958
vt 0.9215 0.2958
vt 0.9223 0.2958
vt 0.9223 0.295
vt 0.9472 0.7275
vt 0.9464 0.7275
vt 0.9464 0.7282
vt 0.0409 0.2005
vt 0.0401 0.2012
vt 0.0409 0.2012
vt 0.9147 0.2958
vt 0.9139 0.295
vt 0.9139 0.2958
vt 0.9087 0.2958
vt 0.9087 0.295
vt 0.9079 0.2958
vt 0.9645 0.7275
vt 0.9645 0.7282
vt 0.9653 0.7275
vt 0.0226 0.1961
vt 0.0218 0.1969
vt 0.0226 0.1969
vt 0.6594 0.7627
vt 0.6601 0.7635
vt 0.6601 0.7627
vt 0.6766 0.7627
vt 0.6758 0.7627
vt 0.6758 0.7635
vt 0.6758 0.7463
vt 0.6758 0.7471
vt 0.6766 0.7471
vt 0.6594 0.7471
vt 0.6601 0.7471
vt 0.6601 0.7463
vt 0.6421 0.7627
vt 0.6429 0.7635
vt 0.6429 0.7627
vt 0.6594 0.7627
vt 0.6586 0.7627
vt 0.6586 0.7635
vt 0.6586 0.7463
vt 0.6586 0.7471
vt 0.6594 0.7471
vt 0.6421 0.7471
vt 0.6429 0.7471
vt 0.6429 0.7463
vt 0.3179 0.4973
vt 0.3187 0.4973
vt 0.3187 0.4965
vt 0.3247 0.4973
vt 0.324 0.4965
vt 0.324 0.4973
vt 0.1217 0.2021
vt 0.1209 0.2021
vt 0.121 0.2029
vt 0.2519 0.4433
vt 0.252 0.4441
vt 0.2527 0.4433
vt 0.3108 0.4482
vt 0.3116 0.4482
vt 0.3116 0.4474
vt 0.3176 0.4482
vt 0.3168 0.4474
vt 0.3168 0.4482
vt 0.6614 0.7275
vt 0.6621 0.7282
vt 0.6622 0.7275
vt 0.577 0.4557
vt 0.5771 0.4565
vt 0.5779 0.4557
vt 0.2898 0.3859
vt 0.2898 0.3867
vt 0.2906 0.3866
vt 0.2898 0.3926
vt 0.2906 0.3919
vt 0.2898 0.3919
vt 0.2459 0.277
vt 0.2467 0.277
vt 0.2459 0.2762
vt 0.2459 0.283
vt 0.2467 0.2822
vt 0.2459 0.2821
vt 0.1641 0.1779
vt 0.1649 0.1778
vt 0.1641 0.1771
vt 0.61 0.405
vt 0.6107 0.4043
vt 0.6099 0.4042
vt 0.183 0.1778
vt 0.1822 0.1771
vt 0.1822 0.1779
vt 0.6293 0.67
vt 0.6285 0.6708
vt 0.6293 0.6709
vt 0.3236 0.4407
vt 0.3241 0.4423
vt 0.3247 0.4407
vt 0.3225 0.4457
vt 0.3214 0.4457
vt 0.3221 0.4474
vt 0.3122 0.4457
vt 0.3111 0.4457
vt 0.3115 0.4474
vt 0.3144 0.447
vt 0.3154 0.4474
vt 0.3154 0.4456
vt 0.0333 0.3001
vt 0.0326 0.3001
vt 0.0326 0.3009
vt 0.0158 0.3001
vt 0.0165 0.3009
vt 0.0165 0.3001
vt 0.745 0.7799
vt 0.7442 0.7799
vt 0.7443 0.7807
vt 0.7443 0.7632
vt 0.7442 0.7639
vt 0.745 0.7639
vt 0.2841 0.2084
vt 0.2833 0.2092
vt 0.2848 0.21
vt 0.2716 0.2092
vt 0.2708 0.2084
vt 0.27 0.21
vt 0.2708 0.1967
vt 0.2716 0.196
vt 0.27 0.1952
vt 0.2841 0.1967
vt 0.2848 0.1952
vt 0.2833 0.196
vt 0.0313 0.3017
vt 0.0321 0.3017
vt 0.0321 0.3009
vt 0.0468 0.3017
vt 0.046 0.3009
vt 0.046 0.3017
vt 0.2545 0.1946
vt 0.2545 0.1954
vt 0.2552 0.1954
vt 0.1165 0.3017
vt 0.1164 0.3009
vt 0.1157 0.3017
vt 0.0333 0.2036
vt 0.0326 0.2029
vt 0.0326 0.2036
vt 0.0165 0.2036
vt 0.0165 0.2029
vt 0.0158 0.2036
vt 0.0651 0.2199
vt 0.0651 0.2191
vt 0.0643 0.2199
vt 0.7934 0.746
vt 0.7942 0.7452
vt 0.7934 0.7452
vt 0.4751 0.4327
vt 0.4761 0.4341
vt 0.4761 0.4324
vt 0.3224 0.4441
vt 0.3214 0.4441
vt 0.3219 0.4457
vt 0.4751 0.4437
vt 0.4761 0.4441
vt 0.4761 0.4424
vt 0.3247 0.434
vt 0.3236 0.434
vt 0.3241 0.4356
vt 0.2092 0.2853
vt 0.208 0.2854
vt 0.2088 0.2863
vt 0.2527 0.3826
vt 0.2519 0.3832
vt 0.2531 0.3836
vt 0.5711 0.395
vt 0.5707 0.3959
vt 0.572 0.3956
vt 0.6682 0.6667
vt 0.6674 0.6677
vt 0.6686 0.6677
vt 0.6614 0.6667
vt 0.661 0.6677
vt 0.6623 0.6673
vt 0.5783 0.396
vt 0.5779 0.395
vt 0.577 0.3956
vt 0.2092 0.2739
vt 0.2088 0.2729
vt 0.208 0.2738
vt 0.2527 0.3959
vt 0.2531 0.3949
vt 0.2519 0.3954
vt 0.2558 0.3859
vt 0.2548 0.3854
vt 0.2552 0.3869
vt 0.2558 0.3926
vt 0.255 0.3919
vt 0.2548 0.3931
vt 0.2119 0.2762
vt 0.2109 0.2758
vt 0.2113 0.2773
vt 0.2109 0.2834
vt 0.2119 0.283
vt 0.2113 0.2818
vt 0.5707 0.4074
vt 0.5711 0.4083
vt 0.5719 0.4074
vt 0.6686 0.6791
vt 0.6674 0.6792
vt 0.6682 0.6801
vt 0.661 0.6791
vt 0.6614 0.6801
vt 0.6623 0.6795
vt 0.5783 0.4073
vt 0.577 0.4077
vt 0.5779 0.4083
vt 0.5811 0.3983
vt 0.5801 0.3978
vt 0.5803 0.399
vt 0.5811 0.405
vt 0.5805 0.404
vt 0.5801 0.4055
vt 0.6591 0.6772
vt 0.659 0.676
vt 0.6581 0.6768
vt 0.6581 0.67
vt 0.6587 0.671
vt 0.6591 0.6696
vt 0.5684 0.3979
vt 0.5674 0.3983
vt 0.5681 0.399
vt 0.5674 0.405
vt 0.5684 0.4054
vt 0.568 0.404
vt 0.6719 0.6768
vt 0.6713 0.6758
vt 0.6708 0.6772
vt 0.6708 0.6696
vt 0.6713 0.671
vt 0.6719 0.67
vt 0.7634 0.2958
vt 0.7634 0.295
vt 0.7626 0.2958
vt 0.7799 0.2958
vt 0.7791 0.295
vt 0.7791 0.2958
vt 0.1589 0.2084
vt 0.1597 0.2084
vt 0.1596 0.2076
vt 0.8135 0.7275
vt 0.8128 0.7275
vt 0.8128 0.7282
vt 0.8951 0.2958
vt 0.8951 0.295
vt 0.8943 0.2958
vt 0.9011 0.2958
vt 0.9003 0.295
vt 0.9003 0.2958
vt 0.0737 0.1983
vt 0.0745 0.1983
vt 0.0745 0.1976
vt 0.9593 0.7275
vt 0.9585 0.7275
vt 0.9585 0.7282
vt 0.9283 0.2958
vt 0.9291 0.2958
vt 0.9291 0.295
vt 0.9351 0.2958
vt 0.9343 0.295
vt 0.9343 0.2958
vt 0.0616 0.1983
vt 0.0624 0.1983
vt 0.0624 0.1976
vt 0.9706 0.7275
vt 0.9706 0.7282
vt 0.9714 0.7275
vt 0.9147 0.2958
vt 0.9155 0.2958
vt 0.9155 0.295
vt 0.9207 0.2958
vt 0.9215 0.2958
vt 0.9207 0.295
vt 0.0165 0.1961
vt 0.0158 0.1969
vt 0.0166 0.1969
vt 0.9524 0.7275
vt 0.9524 0.7282
vt 0.9532 0.7275
vt 0.6766 0.7643
vt 0.6774 0.7643
vt 0.6774 0.7635
vt 0.6938 0.7643
vt 0.693 0.7635
vt 0.693 0.7643
vt 0.693 0.7807
vt 0.6938 0.7799
vt 0.693 0.7799
vt 0.6766 0.7799
vt 0.6774 0.7807
vt 0.6774 0.7799
vt 0.6421 0.7299
vt 0.6429 0.7299
vt 0.6429 0.7292
vt 0.6594 0.7299
vt 0.6586 0.7292
vt 0.6586 0.7299
vt 0.6586 0.7463
vt 0.6594 0.7456
vt 0.6586 0.7456
vt 0.6421 0.7456
vt 0.6429 0.7463
vt 0.6429 0.7456
vt 0.3179 0.7151
vt 0.3187 0.7158
vt 0.3187 0.7151
vt 0.3247 0.7151
vt 0.324 0.7151
vt 0.324 0.7158
vt 0.0386 0.2005
vt 0.0394 0.1997
vt 0.0386 0.1997
vt 0.2519 0.2255
vt 0.2527 0.2255
vt 0.252 0.2248
vt 0.3179 0.4958
vt 0.3187 0.4965
vt 0.3187 0.4958
vt 0.3247 0.4958
vt 0.324 0.4958
vt 0.324 0.4965
vt 0.6614 0.5097
vt 0.6622 0.5097
vt 0.6621 0.5089
vt 0.577 0.2379
vt 0.5779 0.2379
vt 0.5771 0.2372
vt 0.2898 0.283
vt 0.2906 0.2822
vt 0.2898 0.2821
vt 0.3596 0.1899
vt 0.3604 0.1898
vt 0.3596 0.1891
vt 0.2459 0.3918
vt 0.2459 0.3926
vt 0.2467 0.3919
vt 0.2459 0.3859
vt 0.2459 0.3867
vt 0.2467 0.3866
vt 0.61 0.2954
vt 0.6107 0.2946
vt 0.6099 0.2946
vt 0.61 0.2886
vt 0.6099 0.2894
vt 0.6107 0.2894
vt 0.1091 0.178
vt 0.1098 0.178
vt 0.1098 0.1772
vt 0.6293 0.5671
vt 0.6293 0.5663
vt 0.6285 0.5664
vt 0.3247 0.439
vt 0.3236 0.4393
vt 0.3247 0.4407
vt 0.3225 0.446
vt 0.3236 0.4474
vt 0.3236 0.4456
vt 0.3191 0.4457
vt 0.3198 0.4474
vt 0.3202 0.4457
vt 0.3176 0.4474
vt 0.3176 0.4457
vt 0.3165 0.4471
vt 0.1508 0.2036
vt 0.15 0.2029
vt 0.15 0.2036
vt 0.1332 0.2036
vt 0.134 0.2036
vt 0.134 0.2029
vt 0.6453 0.1923
vt 0.6461 0.1923
vt 0.6461 0.1916
vt 0.7106 0.7623
vt 0.7113 0.7631
vt 0.7113 0.7623
vt 0.3255 0.2084
vt 0.3247 0.21
vt 0.3263 0.2092
vt 0.338 0.2092
vt 0.3396 0.21
vt 0.3388 0.2084
vt 0.3388 0.1967
vt 0.3396 0.1952
vt 0.338 0.196
vt 0.3255 0.1967
vt 0.3263 0.196
vt 0.3247 0.1952
vt 0.0313 0.4309
vt 0.0321 0.4317
vt 0.0321 0.4309
vt 0.0468 0.4309
vt 0.046 0.4309
vt 0.046 0.4317
vt 0.2553 0.2101
vt 0.2545 0.2093
vt 0.2545 0.2101
vt 0.2545 0.2248
vt 0.2553 0.224
vt 0.2545 0.224
vt 0.1508 0.3001
vt 0.15 0.3001
vt 0.15 0.3009
vt 0.134 0.3001
vt 0.1332 0.3001
vt 0.134 0.3009
vt 0.7934 0.781
vt 0.7942 0.7802
vt 0.7934 0.7802
vt 0.7934 0.7635
vt 0.7934 0.7642
vt 0.7942 0.7642
vt 0.3122 0.4441
vt 0.3111 0.4441
vt 0.3116 0.4457
vt 0.3246 0.4457
vt 0.3246 0.444
vt 0.3236 0.4454
vt 0.4751 0.4341
vt 0.4756 0.4357
vt 0.4761 0.4341
vt 0.4751 0.4357
vt 0.4756 0.4373
vt 0.4761 0.4357
vt 0.2092 0.3836
vt 0.2088 0.3826
vt 0.208 0.3835
vt 0.2527 0.2863
vt 0.2531 0.2853
vt 0.2519 0.2857
vt 0.5711 0.2987
vt 0.5719 0.2981
vt 0.5707 0.2977
vt 0.6682 0.5704
vt 0.6686 0.5694
vt 0.6674 0.5695
vt 0.6614 0.5704
vt 0.6622 0.5698
vt 0.661 0.5694
vt 0.577 0.2981
vt 0.5779 0.2987
vt 0.5783 0.2977
vt 0.208 0.3951
vt 0.2088 0.3959
vt 0.2092 0.3949
vt 0.2527 0.2729
vt 0.2519 0.2735
vt 0.2531 0.2739
vt 0.2558 0.283
vt 0.2552 0.282
vt 0.2548 0.2834
vt 0.2558 0.2762
vt 0.2548 0.2758
vt 0.255 0.277
vt 0.2119 0.3926
vt 0.2113 0.3915
vt 0.2109 0.3931
vt 0.2109 0.3854
vt 0.2113 0.387
vt 0.2119 0.3859
vt 0.5707 0.2863
vt 0.5719 0.2862
vt 0.5711 0.2853
vt 0.6686 0.558
vt 0.6682 0.5571
vt 0.6674 0.558
vt 0.661 0.5581
vt 0.6623 0.5576
vt 0.6614 0.5571
vt 0.5783 0.2863
vt 0.5779 0.2853
vt 0.577 0.2859
vt 0.5811 0.2954
vt 0.5803 0.2946
vt 0.5801 0.2958
vt 0.5811 0.2886
vt 0.5801 0.2882
vt 0.5805 0.2896
vt 0.6591 0.5599
vt 0.6581 0.5604
vt 0.659 0.5611
vt 0.6581 0.5671
vt 0.6591 0.5676
vt 0.6587 0.5661
vt 0.5684 0.2958
vt 0.5681 0.2946
vt 0.5674 0.2954
vt 0.5674 0.2886
vt 0.568 0.2896
vt 0.5684 0.2882
vt 0.6719 0.5604
vt 0.6708 0.56
vt 0.6713 0.5614
vt 0.6708 0.5675
vt 0.6719 0.5671
vt 0.6713 0.5661
vt 0.2093 0.2001
vt 0.2092 0.2008
vt 0.2145 0.2008
vt 0.2145 0.2001
vt 0.3657 0.2248
vt 0.3657 0.2238
vt 0.3604 0.2238
vt 0.3604 0.2248
vt 0.3329 0.3931
vt 0.3333 0.3915
vt 0.33 0.3951
vt 0.3312 0.3949
vt 0.3011 0.2232
vt 0.3011 0.2222
vt 0.2959 0.2222
vt 0.2959 0.2232
vt 0.1653 0.2739
vt 0.164 0.2735
vt 0.1672 0.277
vt 0.167 0.2758
vt 0.3333 0.387
vt 0.3329 0.3854
vt 0.3312 0.3836
vt 0.33 0.3835
vt 0.8671 0.2922
vt 0.8671 0.2932
vt 0.8724 0.2932
vt 0.8724 0.2922
vt 0.1467 0.3402
vt 0.1467 0.3412
vt 0.152 0.3412
vt 0.152 0.3402
vt 0.7226 0.9509
vt 0.7238 0.9509
vt 0.7199 0.9475
vt 0.7203 0.9489
vt 0.2848 0.2238
vt 0.2848 0.2248
vt 0.2901 0.2248
vt 0.2901 0.2238
vt 0.1406 0.1969
vt 0.1398 0.1969
vt 0.1398 0.2021
vt 0.1406 0.2021
vt 0.1459 0.1969
vt 0.1459 0.1961
vt 0.1406 0.1961
vt 0.1406 0.1969
vt 0.167 0.2834
vt 0.1674 0.282
vt 0.164 0.2857
vt 0.1653 0.2853
vt 0.9071 0.7282
vt 0.9071 0.7275
vt 0.9019 0.7275
vt 0.9019 0.7282
vt 0.097 0.1772
vt 0.097 0.1783
vt 0.1023 0.1783
vt 0.1023 0.1772
vt 0.732 0.3482
vt 0.7322 0.347
vt 0.7289 0.3505
vt 0.7302 0.3501
vt 0.1406 0.2021
vt 0.1406 0.2029
vt 0.1459 0.2029
vt 0.1459 0.2021
vt 0.1536 0.3315
vt 0.1536 0.3325
vt 0.1589 0.3325
vt 0.1589 0.3315
vt 0.7302 0.9395
vt 0.7289 0.9391
vt 0.7324 0.9428
vt 0.732 0.9414
vt 0.8671 0.1977
vt 0.8671 0.1967
vt 0.8619 0.1967
vt 0.8619 0.1977
vt 0.7238 0.9394
vt 0.7226 0.9395
vt 0.7203 0.9414
vt 0.7199 0.9428
vt 0.7289 0.9513
vt 0.7302 0.9508
vt 0.732 0.949
vt 0.7322 0.9478
vt 0.1702 0.1781
vt 0.1702 0.1771
vt 0.1649 0.1771
vt 0.1649 0.1781
vt 0.2093 0.1948
vt 0.2085 0.1948
vt 0.2085 0.2001
vt 0.2093 0.2001
vt 0.7324 0.342
vt 0.732 0.3406
vt 0.7302 0.3387
vt 0.7289 0.3383
vt 0.7238 0.3387
vt 0.7226 0.3387
vt 0.7203 0.3406
vt 0.7199 0.342
vt 0.209 0.2084
vt 0.2083 0.2084
vt 0.2083 0.224
vt 0.209 0.224
vt 0.72 0.347
vt 0.7203 0.3482
vt 0.7226 0.3501
vt 0.7239 0.3505
vt 0.2247 0.2084
vt 0.2247 0.2076
vt 0.209 0.2076
vt 0.209 0.2084
vt 0.8563 0.8121
vt 0.8563 0.8131
vt 0.8616 0.8131
vt 0.8616 0.8121
vt 0.7963 0.7282
vt 0.7963 0.7275
vt 0.7806 0.7275
vt 0.7806 0.7282
vt 0.8191 0.795
vt 0.8191 0.794
vt 0.8138 0.794
vt 0.8138 0.795
vt 0.209 0.224
vt 0.209 0.2248
vt 0.2247 0.2248
vt 0.2247 0.224
vt 0.2145 0.1948
vt 0.2145 0.194
vt 0.2092 0.194
vt 0.2093 0.1948
vt 0.6414 0.7325
vt 0.6414 0.7315
vt 0.6361 0.7315
vt 0.6361 0.7325
vt 0.9275 0.7282
vt 0.9275 0.7275
vt 0.9223 0.7275
vt 0.9223 0.7282
vt 0.1346 0.2021
vt 0.1346 0.2029
vt 0.1398 0.2029
vt 0.1398 0.2021
vt 0.9139 0.7282
vt 0.9139 0.7275
vt 0.9087 0.7275
vt 0.9087 0.7282
vt 0.1398 0.1969
vt 0.1398 0.1961
vt 0.1346 0.1961
vt 0.1346 0.1969
vt 0.1346 0.1969
vt 0.1338 0.1969
vt 0.1338 0.2021
vt 0.1346 0.2021
vt 0.693 0.7627
vt 0.6938 0.7627
vt 0.6938 0.7471
vt 0.693 0.7471
vt 0.693 0.7471
vt 0.693 0.7463
vt 0.6774 0.7463
vt 0.6774 0.7471
vt 0.6774 0.7471
vt 0.6766 0.7471
vt 0.6766 0.7627
vt 0.6774 0.7627
vt 0.6774 0.7627
vt 0.6774 0.7635
vt 0.693 0.7635
vt 0.693 0.7627
vt 0.6758 0.7799
vt 0.6766 0.7799
vt 0.6766 0.7643
vt 0.6758 0.7643
vt 0.6758 0.7643
vt 0.6758 0.7635
vt 0.6601 0.7635
vt 0.6601 0.7643
vt 0.6601 0.7643
vt 0.6594 0.7643
vt 0.6594 0.7799
vt 0.6601 0.7799
vt 0.6601 0.7799
vt 0.6601 0.7807
vt 0.6758 0.7807
vt 0.6758 0.7799
vt 0.1589 0.2248
vt 0.1589 0.2255
vt 0.1641 0.2255
vt 0.1641 0.2248
vt 0.1918 0.1985
vt 0.1918 0.1993
vt 0.1971 0.1993
vt 0.1971 0.1985
vt 0.1971 0.1985
vt 0.1978 0.1985
vt 0.1978 0.1933
vt 0.1971 0.1933
vt 0.3116 0.4965
vt 0.3116 0.4973
vt 0.3168 0.4973
vt 0.3168 0.4965
vt 0.7238 0.2896
vt 0.7238 0.2903
vt 0.7289 0.2903
vt 0.729 0.2896
vt 0.0394 0.1997
vt 0.0394 0.2005
vt 0.0446 0.2005
vt 0.0446 0.1997
vt 0.0446 0.1997
vt 0.0454 0.1996
vt 0.0454 0.1944
vt 0.0446 0.1944
vt 0.6414 0.7807
vt 0.6414 0.7799
vt 0.6361 0.7799
vt 0.6361 0.7807
vt 0.2848 0.1891
vt 0.2848 0.1899
vt 0.2901 0.1899
vt 0.2901 0.1891
vt 0.3686 0.3866
vt 0.3679 0.3867
vt 0.3679 0.3918
vt 0.3686 0.3919
vt 0.3604 0.1891
vt 0.3604 0.1899
vt 0.3657 0.1899
vt 0.3657 0.1891
vt 0.2028 0.277
vt 0.202 0.277
vt 0.202 0.2821
vt 0.2028 0.2822
vt 0.1023 0.2078
vt 0.1023 0.207
vt 0.097 0.207
vt 0.097 0.2078
vt 0.7626 0.9425
vt 0.7619 0.9426
vt 0.7619 0.9478
vt 0.7626 0.9478
vt 0.1702 0.2076
vt 0.1702 0.2068
vt 0.1649 0.2068
vt 0.1649 0.2076
vt 0.7626 0.3418
vt 0.7619 0.3419
vt 0.7619 0.347
vt 0.7626 0.347
vt 0.8563 0.9027
vt 0.8548 0.9035
vt 0.8631 0.9035
vt 0.8616 0.9027
vt 0.6293 0.9426
vt 0.6285 0.941
vt 0.6285 0.9493
vt 0.6293 0.9477
vt 0.1467 0.4309
vt 0.1452 0.4317
vt 0.1535 0.4317
vt 0.152 0.4309
vt 0.6293 0.3419
vt 0.6285 0.3403
vt 0.6285 0.3486
vt 0.6293 0.347
vt 0.6789 0.2896
vt 0.6789 0.2888
vt 0.6629 0.2888
vt 0.6629 0.2896
vt 0.761 0.7799
vt 0.7618 0.7799
vt 0.7618 0.7639
vt 0.761 0.7639
vt 0.73 0.1916
vt 0.73 0.1923
vt 0.746 0.1923
vt 0.746 0.1916
vt 0.1325 0.3009
vt 0.1325 0.3001
vt 0.1164 0.3001
vt 0.1164 0.3009
vt 0.2708 0.2115
vt 0.27 0.21
vt 0.27 0.2248
vt 0.2708 0.2232
vt 0.2716 0.224
vt 0.27 0.2248
vt 0.2848 0.2248
vt 0.2833 0.224
vt 0.2841 0.2232
vt 0.2848 0.2248
vt 0.2848 0.21
vt 0.2841 0.2115
vt 0.2833 0.2107
vt 0.2848 0.21
vt 0.27 0.21
vt 0.2716 0.2107
vt 0.7774 0.8692
vt 0.7774 0.8684
vt 0.7634 0.8684
vt 0.7634 0.8692
vt 0.2692 0.1954
vt 0.2692 0.1946
vt 0.2552 0.1946
vt 0.2552 0.1954
vt 0.1312 0.3009
vt 0.1312 0.3017
vt 0.1452 0.3017
vt 0.1452 0.3009
vt 0.0165 0.3009
vt 0.0165 0.3017
vt 0.0305 0.3017
vt 0.0305 0.3009
vt 0.7934 0.7468
vt 0.7934 0.746
vt 0.7774 0.746
vt 0.7774 0.7468
vt 0.1164 0.2029
vt 0.1164 0.2036
vt 0.1325 0.2036
vt 0.1325 0.2029
vt 0.746 0.2896
vt 0.746 0.2888
vt 0.73 0.2888
vt 0.73 0.2896
vt 0.7934 0.7627
vt 0.7942 0.7627
vt 0.7942 0.7468
vt 0.7934 0.7468
vt 0.8415 0.8181
vt 0.8399 0.8189
vt 0.8548 0.8189
vt 0.8532 0.8181
vt 0.5375 0.2364
vt 0.5359 0.2372
vt 0.5508 0.2372
vt 0.5492 0.2364
vt 0.5641 0.1533
vt 0.5656 0.1526
vt 0.5508 0.1526
vt 0.5523 0.1533
vt 0.624 0.1536
vt 0.6256 0.1529
vt 0.6107 0.1529
vt 0.6123 0.1536
vt 0.7971 0.7275
vt 0.7971 0.5116
vt 0.7963 0.5116
vt 0.7963 0.7275
vt 0.83 0.2958
vt 0.8292 0.2958
vt 0.8724 0.1958
vt 0.8671 0.1958
vt 0.0313 0.3663
vt 0.0313 0.4309
vt 0.0321 0.4309
vt 0.0321 0.3663
vt 0.9011 0.5116
vt 0.9011 0.7275
vt 0.9019 0.7275
vt 0.9019 0.5116
vt 0.9283 0.7275
vt 0.9283 0.5116
vt 0.9275 0.5116
vt 0.9275 0.7275
vt 0.8415 0.8189
vt 0.8415 0.9027
vt 0.8532 0.9027
vt 0.8532 0.8189
vt 0.9464 0.5116
vt 0.9472 0.5116
vt 0.9472 0.2958
vt 0.9464 0.2958
vt 0.8671 0.1977
vt 0.8619 0.1977
vt 0.9645 0.5116
vt 0.9653 0.5116
vt 0.9653 0.2958
vt 0.9645 0.2958
vt 0.9147 0.7275
vt 0.9147 0.5116
vt 0.9139 0.5116
vt 0.9139 0.7275
vt 0.9087 0.5116
vt 0.9079 0.5116
vt 0.9079 0.7275
vt 0.9087 0.7275
vt 0.7634 0.2549
vt 0.7626 0.2548
vt 0.7626 0.295
vt 0.7634 0.295
vt 0.7634 0.2862
vt 0.7634 0.2703
vt 0.7791 0.295
vt 0.7799 0.295
vt 0.7799 0.2548
vt 0.7791 0.2549
vt 0.7791 0.2703
vt 0.7791 0.2862
vt 0.7774 0.8905
vt 0.7782 0.8905
vt 0.7782 0.8474
vt 0.7774 0.8475
vt 0.7782 0.8905
vt 0.7774 0.8905
vt 0.7774 0.9335
vt 0.7782 0.9336
vt 0.5881 0.7104
vt 0.5883 0.7096
vt 0.5593 0.7018
vt 0.559 0.7025
vt 0.2704 0.698
vt 0.2705 0.6972
vt 0.2415 0.6894
vt 0.2412 0.6901
vt 0.5854 0.7266
vt 0.5855 0.7258
vt 0.5527 0.7168
vt 0.5524 0.7175
vt 0.2677 0.4465
vt 0.2676 0.4458
vt 0.2346 0.4548
vt 0.235 0.4555
vt 0.3785 0.6726
vt 0.4071 0.6901
vt 0.4074 0.6894
vt 0.3791 0.672
vt 0.559 0.7025
vt 0.5593 0.7018
vt 0.531 0.6844
vt 0.5304 0.685
vt 0.5524 0.7175
vt 0.5527 0.7168
vt 0.52 0.6965
vt 0.5194 0.6971
vt 0.4008 0.4555
vt 0.4005 0.4548
vt 0.3675 0.4752
vt 0.368 0.4758
vt 0.5245 0.6758
vt 0.517 0.666
vt 0.51 0.6569
vt 0.5093 0.6573
vt 0.5304 0.685
vt 0.531 0.6844
vt 0.3574 0.515
vt 0.358 0.5154
vt 0.3651 0.5063
vt 0.3726 0.4966
vt 0.3791 0.488
vt 0.3785 0.4874
vt 0.1931 0.4861
vt 0.1856 0.4959
vt 0.1777 0.5062
vt 0.1783 0.5066
vt 0.2022 0.4758
vt 0.2017 0.4752
vt 0.3675 0.6847
vt 0.368 0.6841
vt 0.3442 0.6533
vt 0.3435 0.6537
vt 0.3515 0.6641
vt 0.359 0.6738
vt 0.347 0.5351
vt 0.3477 0.5353
vt 0.358 0.5154
vt 0.3574 0.515
vt 0.3435 0.6537
vt 0.3442 0.6533
vt 0.3323 0.6303
vt 0.3316 0.6305
vt 0.3442 0.5066
vt 0.3435 0.5062
vt 0.3316 0.5294
vt 0.3323 0.5297
vt 0.0648 0.3866
vt 0.0805 0.3866
vt 0.0805 0.352
vt 0.0648 0.352
vt 0.1819 0.5353
vt 0.1811 0.5351
vt 0.1753 0.5603
vt 0.176 0.5603
vt 0.4835 0.6429
vt 0.4842 0.6427
vt 0.4775 0.6139
vt 0.4767 0.6139
vt 0.3323 0.5297
vt 0.3316 0.5294
vt 0.3248 0.5584
vt 0.3256 0.5585
vt 0.4337 0.3717
vt 0.4345 0.3718
vt 0.4345 0.3521
vt 0.4337 0.3521
vt 0.3256 0.5585
vt 0.3248 0.5584
vt 0.3247 0.58
vt 0.3255 0.58
vt 0.1597 0.5585
vt 0.1589 0.5584
vt 0.1589 0.58
vt 0.1597 0.58
vt 0.1165 0.6971
vt 0.1164 0.6979
vt 0.1589 0.7002
vt 0.1589 0.6995
vt 0.3178 0.9844
vt 0.3177 0.9836
vt 0.2754 0.9813
vt 0.2753 0.982
vt 0.064 0.4317
vt 0.0648 0.4317
vt 0.0648 0.3866
vt 0.064 0.3867
vt 0.0805 0.4317
vt 0.0812 0.4317
vt 0.0812 0.3867
vt 0.0805 0.3866
vt 0.0861 0.6888
vt 0.0858 0.6896
vt 0.1164 0.6979
vt 0.1165 0.6971
vt 0.2754 0.7346
vt 0.2753 0.7338
vt 0.2446 0.7421
vt 0.2449 0.7429
vt 0.1138 0.7184
vt 0.1136 0.7176
vt 0.0792 0.7271
vt 0.0795 0.7278
vt 0.1136 0.7141
vt 0.1138 0.7133
vt 0.0795 0.7039
vt 0.0792 0.7046
vt 0.0557 0.6711
vt 0.0858 0.6896
vt 0.0861 0.6888
vt 0.0764 0.6828
vt 0.0657 0.6762
vt 0.0563 0.6705
vt 0.2449 0.7429
vt 0.2446 0.7421
vt 0.2146 0.7606
vt 0.2151 0.7612
vt 0.2246 0.7555
vt 0.2353 0.7489
vt 0.3969 0.9887
vt 0.3973 0.988
vt 0.363 0.9669
vt 0.3625 0.9674
vt 0.4337 0.3074
vt 0.418 0.3074
vt 0.418 0.3325
vt 0.4337 0.3325
vt 0.2146 0.9553
vt 0.2151 0.9547
vt 0.193 0.9258
vt 0.1924 0.9262
vt 0.2151 0.7612
vt 0.2146 0.7606
vt 0.1924 0.7896
vt 0.193 0.79
vt 0.0358 0.4756
vt 0.0279 0.4859
vt 0.0196 0.4967
vt 0.0203 0.4971
vt 0.0452 0.4648
vt 0.0447 0.4643
vt 0.1947 0.7598
vt 0.1868 0.77
vt 0.1785 0.7808
vt 0.1792 0.7813
vt 0.2041 0.749
vt 0.2036 0.7484
vt 0.0233 0.6207
vt 0.0226 0.621
vt 0.0335 0.6421
vt 0.0342 0.6417
vt 0.1924 0.9262
vt 0.193 0.9258
vt 0.1822 0.9049
vt 0.1815 0.9051
vt 0.0203 0.4971
vt 0.0196 0.4967
vt 0.0071 0.5209
vt 0.0079 0.5212
vt 0.0196 0.6509
vt 0.0203 0.6504
vt 0.0079 0.6264
vt 0.0071 0.6266
vt 0.3403 0.9051
vt 0.341 0.9049
vt 0.3349 0.8786
vt 0.3342 0.8786
vt 0.0164 0.8372
vt 0.0172 0.8373
vt 0.0233 0.811
vt 0.0226 0.8107
vt 0.0079 0.5212
vt 0.0071 0.5209
vt 0.0001 0.5512
vt 0.0008 0.5513
vt 0.166 0.9108
vt 0.1667 0.9105
vt 0.1597 0.8804
vt 0.1589 0.8805
vt 0.3859 0.3266
vt 0.3851 0.3267
vt 0.3851 0.3473
vt 0.3859 0.3473
vt 0.3686 0.3473
vt 0.3694 0.3473
vt 0.3694 0.3267
vt 0.3686 0.3266
vt 0.0008 0.5513
vt 0.0001 0.5512
vt 0 0.5738
vt 0.0008 0.5738
vt 0.0001 0.5964
vt 0.0008 0.5963
vt 0.0008 0.5738
vt 0 0.5738
vt 0.2527 0.2255
vt 0.2519 0.2255
vt 0.2519 0.2735
vt 0.2527 0.2729
vt 0.493 0.6121
vt 0.4775 0.6139
vt 0.4842 0.6427
vt 0.4961 0.6657
vt 0.52 0.6965
vt 0.5527 0.7168
vt 0.5855 0.7258
vt 0.6285 0.7282
vt 0.6285 0.7126
vt 0.5881 0.7104
vt 0.559 0.7025
vt 0.5304 0.685
vt 0.4989 0.6373
vt 0.5093 0.6573
vt 0.5711 0.3468
vt 0.5711 0.395
vt 0.572 0.3956
vt 0.5719 0.3468
vt 0.577 0.3956
vt 0.5779 0.395
vt 0.5779 0.3468
vt 0.577 0.3468
vt 0.6622 0.5097
vt 0.6614 0.5097
vt 0.6614 0.5571
vt 0.6623 0.5576
vt 0.8585 0.9968
vt 0.8637 0.9968
vt 0.8637 0.9071
vt 0.8585 0.9071
vt 0.8619 0.1977
vt 0.8611 0.1968
vt 0.8611 0.2459
vt 0.8619 0.2459
vt 0.1165 0.4309
vt 0.1304 0.4309
vt 0.8403 0.9035
vt 0.8243 0.9035
vt 0.8243 1
vt 0.8403 1
vt 0.4782 0.2371
vt 0.4782 0.1533
vt 0.4774 0.1533
vt 0.4774 0.2372
vt 0.7626 0.9992
vt 0.7634 0.9992
vt 0.7774 0.87
vt 0.7634 0.87
vt 0.9827 0.5116
vt 0.9827 0.7275
vt 0.9834 0.7275
vt 0.9834 0.5116
vt 0.9351 0.5116
vt 0.9351 0.7275
vt 0.9359 0.7275
vt 0.9359 0.5116
vt 0.33 0.4433
vt 0.3308 0.4433
vt 0.3308 0.3959
vt 0.33 0.3951
vt 0.3176 0.6062
vt 0.3176 0.4973
vt 0.3168 0.4973
vt 0.3168 0.6062
vt 0.1641 0.4433
vt 0.1649 0.4433
vt 0.1649 0.3959
vt 0.164 0.3954
vt 0.6285 0.7126
vt 0.6285 0.7118
vt 0.5883 0.7096
vt 0.5881 0.7104
vt 0.3679 0.2762
vt 0.3339 0.2762
vt 0.3333 0.2773
vt 0.3679 0.277
vt 0.2459 0.2762
vt 0.2119 0.2762
vt 0.2113 0.2773
vt 0.2459 0.277
vt 0.7774 0.7391
vt 0.7634 0.7391
vt 0.8135 0.5116
vt 0.8128 0.5116
vt 0.8128 0.7275
vt 0.8135 0.7275
vt 0.6614 0.7275
vt 0.6622 0.7275
vt 0.6623 0.6795
vt 0.6614 0.6801
vt 0.7298 0.3511
vt 0.7289 0.3505
vt 0.7289 0.3992
vt 0.7298 0.3992
vt 0.6713 0.6758
vt 0.6719 0.6768
vt 0.7618 0.6768
vt 0.7619 0.676
vt 0.7619 0.838
vt 0.7324 0.8379
vt 0.733 0.8389
vt 0.7619 0.8389
vt 0.7322 0.347
vt 0.733 0.3478
vt 0.7619 0.3478
vt 0.7619 0.347
vt 0.8457 0.5116
vt 0.8465 0.5116
vt 0.8465 0.2958
vt 0.8457 0.2958
vt 0.9207 0.2958
vt 0.9155 0.2958
vt 0.1702 0.2068
vt 0.1709 0.2068
vt 0.1709 0.1773
vt 0.1702 0.1781
vt 0.6293 0.3478
vt 0.7193 0.3478
vt 0.72 0.347
vt 0.6293 0.347
vt 0.6719 0.67
vt 0.6713 0.671
vt 0.7619 0.6709
vt 0.7618 0.67
vt 0.7193 0.4575
vt 0.7199 0.4565
vt 0.6293 0.4566
vt 0.6293 0.4575
vt 0.2558 0.3859
vt 0.2552 0.3869
vt 0.2898 0.3867
vt 0.2898 0.3859
vt 0.5367 0.1525
vt 0.5367 0.2364
vt 0.5375 0.2364
vt 0.5375 0.1526
vt 0.7626 0.8684
vt 0.7634 0.8684
vt 0.7634 0.8038
vt 0.7626 0.8038
vt 0.1157 0.2036
vt 0.1157 0.3001
vt 0.1164 0.3001
vt 0.1164 0.2036
vt 0.9585 0.5116
vt 0.9593 0.5116
vt 0.9593 0.2958
vt 0.9585 0.2958
vt 0.8512 0.2045
vt 0.846 0.2045
vt 0.846 0.2942
vt 0.8512 0.2942
vt 0.1515 0.1959
vt 0.1515 0.1966
vt 0.1568 0.1966
vt 0.1568 0.1959
vt 0.1504 0.3034
vt 0.1504 0.3024
vt 0.1452 0.3024
vt 0.1452 0.3034
vt 0.3333 0.2773
vt 0.3329 0.2758
vt 0.3312 0.2739
vt 0.33 0.2738
vt 0.23 0.2219
vt 0.23 0.2229
vt 0.2352 0.2229
vt 0.2352 0.2219
vt 0.164 0.3954
vt 0.1653 0.3949
vt 0.167 0.3931
vt 0.1672 0.3919
vt 0.3329 0.2834
vt 0.3333 0.2818
vt 0.33 0.2854
vt 0.3312 0.2853
vt 0.8671 0.1948
vt 0.8671 0.1958
vt 0.8724 0.1958
vt 0.8724 0.1948
vt 0.8543 0.2918
vt 0.8543 0.2928
vt 0.8596 0.2928
vt 0.8596 0.2918
vt 0.7238 0.8298
vt 0.7226 0.8298
vt 0.7203 0.8317
vt 0.7199 0.8331
vt 0.097 0.2078
vt 0.097 0.2068
vt 0.0918 0.2068
vt 0.0918 0.2078
vt 0.1217 0.2021
vt 0.1225 0.2021
vt 0.1225 0.1969
vt 0.1217 0.1969
vt 0.1277 0.2029
vt 0.1278 0.2021
vt 0.1225 0.2021
vt 0.1225 0.2029
vt 0.1674 0.3869
vt 0.167 0.3854
vt 0.1653 0.3836
vt 0.1641 0.3832
vt 0.8951 0.7275
vt 0.8951 0.7282
vt 0.9003 0.7282
vt 0.9003 0.7275
vt 0.1709 0.2066
vt 0.1709 0.2076
vt 0.1762 0.2076
vt 0.1762 0.2066
vt 0.7322 0.4515
vt 0.732 0.4503
vt 0.7302 0.4484
vt 0.7289 0.448
vt 0.1225 0.1961
vt 0.1225 0.1969
vt 0.1278 0.1969
vt 0.1277 0.1961
vt 0.1536 0.4288
vt 0.1536 0.4298
vt 0.1589 0.4298
vt 0.1589 0.4288
vt 0.729 0.8416
vt 0.7302 0.8412
vt 0.732 0.8393
vt 0.7324 0.8379
vt 0.8671 0.295
vt 0.8671 0.294
vt 0.8619 0.294
vt 0.8619 0.295
vt 0.7226 0.8412
vt 0.7238 0.8412
vt 0.7199 0.8379
vt 0.7203 0.8393
vt 0.7302 0.8298
vt 0.7289 0.8294
vt 0.7322 0.8329
vt 0.732 0.8317
vt 0.1083 0.2078
vt 0.1083 0.2068
vt 0.103 0.2068
vt 0.103 0.2078
vt 0.1508 0.2019
vt 0.1515 0.2019
vt 0.1515 0.1966
vt 0.1508 0.1966
vt 0.732 0.4579
vt 0.7324 0.4565
vt 0.7289 0.4602
vt 0.7302 0.4597
vt 0.7226 0.4598
vt 0.7238 0.4598
vt 0.7199 0.4565
vt 0.7203 0.4578
vt 0.1918 0.224
vt 0.1926 0.224
vt 0.1926 0.2084
vt 0.1918 0.2084
vt 0.7203 0.4503
vt 0.72 0.4515
vt 0.7238 0.448
vt 0.7226 0.4484
vt 0.2083 0.2248
vt 0.2083 0.224
vt 0.1926 0.224
vt 0.1926 0.2248
vt 0.8471 0.9095
vt 0.8471 0.9085
vt 0.8418 0.9085
vt 0.8418 0.9095
vt 0.7634 0.7275
vt 0.7634 0.7282
vt 0.7791 0.7282
vt 0.7791 0.7275
vt 0.2906 0.2222
vt 0.2906 0.2232
vt 0.2959 0.2232
vt 0.2959 0.2222
vt 0.1926 0.2076
vt 0.1926 0.2084
vt 0.2083 0.2084
vt 0.2083 0.2076
vt 0.1568 0.2026
vt 0.1568 0.2019
vt 0.1515 0.2019
vt 0.1515 0.2026
vt 0.6293 0.7315
vt 0.6293 0.7325
vt 0.6346 0.7325
vt 0.6346 0.7315
vt 0.9291 0.7275
vt 0.9291 0.7282
vt 0.9343 0.7282
vt 0.9343 0.7275
vt 0.1285 0.1961
vt 0.1285 0.1969
vt 0.1338 0.1969
vt 0.1338 0.1961
vt 0.9155 0.7275
vt 0.9155 0.7282
vt 0.9207 0.7282
vt 0.9207 0.7275
vt 0.1338 0.2029
vt 0.1338 0.2021
vt 0.1285 0.2021
vt 0.1285 0.2029
vt 0.1278 0.2021
vt 0.1285 0.2021
vt 0.1285 0.1969
vt 0.1278 0.1969
vt 0.6766 0.7299
vt 0.6758 0.7299
vt 0.6758 0.7456
vt 0.6766 0.7456
vt 0.6758 0.7463
vt 0.6758 0.7456
vt 0.6601 0.7456
vt 0.6601 0.7463
vt 0.6594 0.7456
vt 0.6601 0.7456
vt 0.6601 0.7299
vt 0.6594 0.7299
vt 0.6601 0.7292
vt 0.6601 0.7299
vt 0.6758 0.7299
vt 0.6758 0.7292
vt 0.6594 0.7643
vt 0.6586 0.7643
vt 0.6586 0.7799
vt 0.6594 0.7799
vt 0.6586 0.7807
vt 0.6586 0.7799
vt 0.6429 0.7799
vt 0.6429 0.7807
vt 0.6421 0.7799
vt 0.6429 0.7799
vt 0.6429 0.7643
vt 0.6421 0.7643
vt 0.6429 0.7635
vt 0.6429 0.7643
vt 0.6586 0.7643
vt 0.6586 0.7635
vt 0.1589 0.4433
vt 0.1589 0.4441
vt 0.1641 0.4441
vt 0.1641 0.4433
vt 0.2145 0.1948
vt 0.2145 0.1956
vt 0.2198 0.1956
vt 0.2198 0.1948
vt 0.33 0.2255
vt 0.33 0.2248
vt 0.3247 0.2248
vt 0.3247 0.2255
vt 0.3116 0.7151
vt 0.3116 0.7158
vt 0.3168 0.7158
vt 0.3168 0.7151
vt 0.7238 0.5081
vt 0.7238 0.5089
vt 0.729 0.5089
vt 0.7289 0.5081
vt 0.1978 0.1933
vt 0.1978 0.194
vt 0.2031 0.194
vt 0.2031 0.1933
vt 0.729 0.7814
vt 0.729 0.7807
vt 0.7238 0.7807
vt 0.7238 0.7814
vt 0.6293 0.7799
vt 0.6293 0.7807
vt 0.6346 0.7807
vt 0.6346 0.7799
vt 0.097 0.1729
vt 0.097 0.1721
vt 0.0918 0.1721
vt 0.0918 0.1729
vt 0.3679 0.2821
vt 0.3686 0.2822
vt 0.3686 0.277
vt 0.3679 0.277
vt 0.1452 0.3373
vt 0.1452 0.338
vt 0.1504 0.338
vt 0.1504 0.3373
vt 0.202 0.3919
vt 0.2028 0.3919
vt 0.2028 0.3866
vt 0.202 0.3867
vt 0.1762 0.1779
vt 0.1762 0.1771
vt 0.1709 0.1771
vt 0.1709 0.1779
vt 0.7619 0.838
vt 0.7626 0.8381
vt 0.7626 0.8329
vt 0.7619 0.8329
vt 0.1083 0.178
vt 0.1083 0.1772
vt 0.103 0.1772
vt 0.103 0.178
vt 0.7619 0.4566
vt 0.7626 0.4567
vt 0.7626 0.4515
vt 0.7619 0.4515
vt 0.8486 1
vt 0.8471 0.9992
vt 0.8418 0.9992
vt 0.8403 1
vt 0.6285 0.8397
vt 0.6293 0.838
vt 0.6293 0.833
vt 0.6285 0.8313
vt 0.8528 0.2014
vt 0.8543 0.2021
vt 0.8596 0.2021
vt 0.8611 0.2014
vt 0.6285 0.4582
vt 0.6293 0.4566
vt 0.6293 0.4515
vt 0.6285 0.4499
vt 0.6453 0.1923
vt 0.6453 0.1916
vt 0.6293 0.1916
vt 0.6293 0.1923
vt 0.7106 0.7631
vt 0.7106 0.7623
vt 0.6946 0.7623
vt 0.6946 0.7631
vt 0.7133 0.2888
vt 0.7132 0.2896
vt 0.7292 0.2896
vt 0.7293 0.2888
vt 0.0636 0.2199
vt 0.0636 0.2191
vt 0.0476 0.2191
vt 0.0476 0.2199
vt 0.0468 0.2043
vt 0.0483 0.2051
vt 0.0601 0.2051
vt 0.0616 0.2043
vt 0.0616 0.2043
vt 0.0609 0.2059
vt 0.0609 0.2176
vt 0.0616 0.2191
vt 0.0616 0.2191
vt 0.0601 0.2183
vt 0.0483 0.2183
vt 0.0468 0.2191
vt 0.0468 0.2191
vt 0.0476 0.2176
vt 0.0476 0.2059
vt 0.0468 0.2043
vt 0.7774 0.7391
vt 0.7774 0.7384
vt 0.7634 0.7384
vt 0.7634 0.7391
vt 0.27 0.2101
vt 0.2692 0.2101
vt 0.2692 0.224
vt 0.27 0.224
vt 0.1312 0.4309
vt 0.1312 0.4317
vt 0.1452 0.4317
vt 0.1452 0.4309
vt 0.0165 0.4309
vt 0.0165 0.4317
vt 0.0305 0.4317
vt 0.0305 0.4309
vt 0.6293 0.2888
vt 0.6293 0.2896
vt 0.6453 0.2896
vt 0.6453 0.2888
vt 0.0476 0.3164
vt 0.0476 0.3171
vt 0.0636 0.3171
vt 0.0636 0.3164
vt 0.7293 0.1923
vt 0.7292 0.1916
vt 0.7132 0.1916
vt 0.7133 0.1923
vt 0.7622 0.7296
vt 0.7615 0.7296
vt 0.7615 0.7456
vt 0.7622 0.7456
vt 0.5953 0.1526
vt 0.5968 0.1533
vt 0.6086 0.1533
vt 0.6101 0.1526
vt 0.4915 0.1525
vt 0.493 0.1533
vt 0.5048 0.1533
vt 0.5063 0.1525
vt 0.4007 0.2346
vt 0.3992 0.2338
vt 0.3874 0.2338
vt 0.3859 0.2346
vt 0.4766 0.1525
vt 0.4782 0.1533
vt 0.4899 0.1533
vt 0.4915 0.1525
vt 0.8543 0.2918
vt 0.8596 0.2918
vt 0.8596 0.2021
vt 0.8543 0.2021
vt 0.9774 0.5116
vt 0.9766 0.5116
vt 0.9766 0.7275
vt 0.9774 0.7275
vt 0.8629 0.5116
vt 0.8622 0.5116
vt 0.8622 0.7275
vt 0.8629 0.7275
vt 0.8135 0.2958
vt 0.8128 0.2958
vt 0.8951 0.7275
vt 0.8951 0.5116
vt 0.8943 0.5116
vt 0.8943 0.7275
vt 0.2527 0.2863
vt 0.2519 0.2857
vt 0.2519 0.3344
vt 0.2527 0.3344
vt 0.9714 0.2958
vt 0.9706 0.2958
vt 0.1508 0.3001
vt 0.1508 0.2036
vt 0.15 0.2036
vt 0.15 0.3001
vt 0.9155 0.7275
vt 0.9155 0.5116
vt 0.9147 0.5116
vt 0.9147 0.7275
vt 0.046 0.4309
vt 0.0468 0.4309
vt 0.0468 0.3663
vt 0.046 0.3663
vt 0.624 0.2375
vt 0.624 0.1536
vt 0.6123 0.1536
vt 0.6123 0.2375
vt 0.9524 0.5116
vt 0.9532 0.5116
vt 0.9532 0.2958
vt 0.9524 0.2958
vt 0.9895 0.5116
vt 0.9887 0.5116
vt 0.9887 0.7275
vt 0.9895 0.7275
vt 0.7963 0.295
vt 0.7971 0.295
vt 0.7971 0.2548
vt 0.7963 0.2549
vt 0.7963 0.2703
vt 0.7963 0.2862
vt 0.5881 0.7461
vt 0.5883 0.7468
vt 0.6285 0.7446
vt 0.6285 0.7439
vt 0.7946 0.8905
vt 0.7938 0.8905
vt 0.7938 0.9336
vt 0.7946 0.9335
vt 0.7938 0.8905
vt 0.7946 0.8905
vt 0.7946 0.8475
vt 0.7938 0.8474
vt 0.5593 0.9735
vt 0.559 0.9742
vt 0.5881 0.9822
vt 0.5883 0.9814
vt 0.4071 0.4699
vt 0.4074 0.4706
vt 0.4364 0.4627
vt 0.4362 0.4619
vt 0.2676 0.7142
vt 0.2677 0.7134
vt 0.235 0.7044
vt 0.2346 0.7051
vt 0.4336 0.4465
vt 0.4334 0.4458
vt 0.4005 0.4548
vt 0.4008 0.4555
vt 0.2412 0.6901
vt 0.2415 0.6894
vt 0.2132 0.672
vt 0.2127 0.6726
vt 0.7238 0.3992
vt 0.7239 0.3505
vt 0.723 0.3511
vt 0.723 0.3992
vt 0.235 0.4555
vt 0.2346 0.4548
vt 0.2017 0.4752
vt 0.2022 0.4758
vt 0.358 0.6445
vt 0.3574 0.6449
vt 0.3785 0.6726
vt 0.3791 0.672
vt 0.3726 0.6634
vt 0.3651 0.6536
vt 0.531 0.5004
vt 0.5304 0.4998
vt 0.5093 0.5274
vt 0.51 0.5278
vt 0.517 0.5187
vt 0.5245 0.509
vt 0.2068 0.6634
vt 0.1993 0.6536
vt 0.1922 0.6445
vt 0.1916 0.6449
vt 0.2127 0.6726
vt 0.2132 0.672
vt 0.5109 0.4985
vt 0.5034 0.5083
vt 0.4954 0.5186
vt 0.4961 0.519
vt 0.52 0.4882
vt 0.5194 0.4876
vt 0.3477 0.6246
vt 0.347 0.6249
vt 0.3574 0.6449
vt 0.358 0.6445
vt 0.1916 0.6449
vt 0.1922 0.6445
vt 0.1819 0.6246
vt 0.1811 0.6249
vt 0.1777 0.6537
vt 0.1783 0.6533
vt 0.1664 0.6303
vt 0.1657 0.6305
vt 0.4954 0.9379
vt 0.4961 0.9374
vt 0.4842 0.9144
vt 0.4835 0.9147
vt 0.3419 0.5996
vt 0.3411 0.5997
vt 0.347 0.6249
vt 0.3477 0.6246
vt 0.4996 0.5477
vt 0.4989 0.5475
vt 0.493 0.5726
vt 0.4938 0.5727
vt 0.1657 0.6305
vt 0.1664 0.6303
vt 0.1597 0.6015
vt 0.1589 0.6016
vt 0.4835 0.9147
vt 0.4842 0.9144
vt 0.4775 0.8856
vt 0.4767 0.8857
vt 0.418 0.3521
vt 0.4172 0.3521
vt 0.4172 0.3718
vt 0.418 0.3717
vt 0.4345 0.3324
vt 0.4337 0.3325
vt 0.4337 0.3521
vt 0.4345 0.3521
vt 0.4775 0.5709
vt 0.4767 0.5708
vt 0.4766 0.5924
vt 0.4774 0.5924
vt 0.1589 0.6016
vt 0.1597 0.6015
vt 0.1597 0.58
vt 0.1589 0.58
vt 0.1164 0.4497
vt 0.1165 0.4504
vt 0.1589 0.4481
vt 0.1589 0.4473
vt 0.3177 0.7322
vt 0.3178 0.7315
vt 0.2753 0.7338
vt 0.2754 0.7346
vt 0.0985 0.4317
vt 0.0992 0.4317
vt 0.0992 0.3866
vt 0.0985 0.3867
vt 0.1149 0.4317
vt 0.1157 0.4317
vt 0.1157 0.3867
vt 0.1149 0.3866
vt 0.4343 0.7346
vt 0.4342 0.7338
vt 0.4035 0.7421
vt 0.4038 0.7429
vt 0.0861 0.973
vt 0.0858 0.9737
vt 0.1164 0.982
vt 0.1165 0.9813
vt 0.2725 0.9982
vt 0.2727 0.9974
vt 0.2384 0.988
vt 0.2381 0.9887
vt 0.1138 0.4343
vt 0.1136 0.4335
vt 0.0792 0.443
vt 0.0795 0.4437
vt 0.3791 0.488
vt 0.4074 0.4706
vt 0.4071 0.4699
vt 0.3785 0.4874
vt 0.2446 0.9737
vt 0.2449 0.973
vt 0.2151 0.9547
vt 0.2146 0.9553
vt 0.2381 0.9887
vt 0.2384 0.988
vt 0.2041 0.9669
vt 0.2036 0.9674
vt 0.2384 0.7278
vt 0.2381 0.7271
vt 0.2036 0.7484
vt 0.2041 0.749
vt 0.0335 0.5055
vt 0.0342 0.5059
vt 0.0563 0.477
vt 0.0557 0.4764
vt 0.5527 0.4679
vt 0.5524 0.4672
vt 0.5194 0.4876
vt 0.52 0.4882
vt 0.0447 0.6833
vt 0.0452 0.6827
vt 0.0203 0.6504
vt 0.0196 0.6509
vt 0.0279 0.6617
vt 0.0358 0.6719
vt 0.6107 0.3998
vt 0.6264 0.3998
vt 0.6264 0.3696
vt 0.6107 0.3696
vt 0.0226 0.5266
vt 0.0233 0.5268
vt 0.0342 0.5059
vt 0.0335 0.5055
vt 0.3519 0.79
vt 0.3513 0.7896
vt 0.3403 0.8107
vt 0.341 0.811
vt 0.0196 0.935
vt 0.0203 0.9346
vt 0.0079 0.9105
vt 0.0071 0.9108
vt 0.1792 0.7813
vt 0.1785 0.7808
vt 0.166 0.8051
vt 0.1667 0.8053
vt 0.0164 0.5531
vt 0.0172 0.5531
vt 0.0233 0.5268
vt 0.0226 0.5266
vt 0.0071 0.9108
vt 0.0079 0.9105
vt 0.0008 0.8804
vt 0.0001 0.8805
vt 0.3256 0.8053
vt 0.3249 0.8051
vt 0.3178 0.8353
vt 0.3186 0.8354
vt 0.3694 0.3473
vt 0.3686 0.3473
vt 0.3686 0.368
vt 0.3694 0.3679
vt 0.3851 0.3679
vt 0.3859 0.368
vt 0.3859 0.3473
vt 0.3851 0.3473
vt 0.0001 0.8805
vt 0.0008 0.8804
vt 0.0008 0.8579
vt 0 0.8579
vt 0.3186 0.8354
vt 0.3178 0.8353
vt 0.3178 0.8579
vt 0.3185 0.8579
vt 0.3187 0.4973
vt 0.3179 0.4973
vt 0.3308 0.2863
vt 0.33 0.2854
vt 0.33 0.3344
vt 0.3308 0.3344
vt 0.1641 0.3832
vt 0.1649 0.3826
vt 0.1649 0.3344
vt 0.1641 0.3344
vt 0.7298 0.8422
vt 0.729 0.8416
vt 0.729 0.8903
vt 0.7298 0.8903
vt 0.8611 0.295
vt 0.8619 0.294
vt 0.7238 0.3992
vt 0.723 0.3992
vt 0.723 0.4474
vt 0.7238 0.448
vt 0.493 0.2371
vt 0.493 0.1533
vt 0.4922 0.1533
vt 0.4922 0.2372
vt 0.9003 0.7275
vt 0.9011 0.7275
vt 0.3168 0.7151
vt 0.3176 0.7151
vt 0.202 0.3919
vt 0.1672 0.3919
vt 0.168 0.3926
vt 0.202 0.3926
vt 0.7322 0.9478
vt 0.7619 0.9478
vt 0.7619 0.9426
vt 0.7324 0.9428
vt 0.7289 0.9391
vt 0.7238 0.9394
vt 0.7199 0.9428
vt 0.6293 0.9426
vt 0.6293 0.9477
vt 0.7199 0.9475
vt 0.7238 0.9509
vt 0.7238 0.9992
vt 0.729 0.9992
vt 0.7289 0.9513
vt 0.3308 0.2255
vt 0.33 0.2255
vt 0.33 0.2738
vt 0.3308 0.2729
vt 0.2519 0.4433
vt 0.2527 0.4433
vt 0.2527 0.3959
vt 0.2519 0.3954
vt 0.2552 0.282
vt 0.2558 0.283
vt 0.2898 0.283
vt 0.2898 0.2821
vt 0.2459 0.3918
vt 0.2113 0.3915
vt 0.2119 0.3926
vt 0.2459 0.3926
vt 0.2459 0.3859
vt 0.2119 0.3859
vt 0.2113 0.387
vt 0.2459 0.3867
vt 0.7125 0.2888
vt 0.7133 0.2888
vt 0.7133 0.1923
vt 0.7125 0.1923
vt 0.6285 0.7799
vt 0.6293 0.7799
vt 0.6293 0.7325
vt 0.6285 0.7316
vt 0.577 0.4557
vt 0.5779 0.4557
vt 0.5779 0.4083
vt 0.577 0.4077
vt 0.6614 0.6667
vt 0.6623 0.6673
vt 0.6622 0.6186
vt 0.6614 0.6186
vt 0.7619 0.9426
vt 0.7619 0.9418
vt 0.733 0.9418
vt 0.7324 0.9428
vt 0.6622 0.5698
vt 0.6614 0.5704
vt 0.6614 0.6186
vt 0.6622 0.6186
vt 0.6293 0.5671
vt 0.6581 0.5671
vt 0.6587 0.5661
vt 0.6293 0.5663
vt 0.7619 0.8329
vt 0.7619 0.8321
vt 0.733 0.8321
vt 0.7322 0.8329
vt 0.7199 0.342
vt 0.7193 0.341
vt 0.6293 0.341
vt 0.6293 0.3419
vt 0.7193 0.9486
vt 0.7199 0.9475
vt 0.6293 0.9477
vt 0.6293 0.9486
vt 0.6719 0.5604
vt 0.6713 0.5614
vt 0.7619 0.5612
vt 0.7618 0.5604
vt 0.6965 0.2888
vt 0.7125 0.2888
vt 0.7125 0.1923
vt 0.6965 0.1923
vt 0.3411 0.5997
vt 0.3412 0.58
vt 0.3255 0.58
vt 0.3256 0.6015
vt 0.3323 0.6303
vt 0.3442 0.6533
vt 0.368 0.6841
vt 0.4008 0.7044
vt 0.4336 0.7134
vt 0.4766 0.7158
vt 0.4766 0.7002
vt 0.4362 0.698
vt 0.4071 0.6901
vt 0.3785 0.6726
vt 0.347 0.6249
vt 0.3574 0.6449
vt 0.33 0.3835
vt 0.3308 0.3826
vt 0.7133 0.2888
vt 0.7293 0.2888
vt 0.7293 0.1923
vt 0.7133 0.1923
vt 0.4907 0.1533
vt 0.4899 0.1533
vt 0.4899 0.2371
vt 0.4907 0.2372
vt 0.746 0.1923
vt 0.73 0.1923
vt 0.73 0.2888
vt 0.746 0.2888
vt 0.7634 0.7391
vt 0.7626 0.7391
vt 0.4899 0.2371
vt 0.4899 0.1533
vt 0.4782 0.1533
vt 0.4782 0.2371
vt 0.733 0.4507
vt 0.7322 0.4515
vt 0.7619 0.4515
vt 0.7619 0.4507
vt 0.7199 0.342
vt 0.6293 0.3419
vt 0.6293 0.347
vt 0.72 0.347
vt 0.7239 0.3505
vt 0.7289 0.3505
vt 0.7322 0.347
vt 0.7619 0.347
vt 0.7619 0.3419
vt 0.7324 0.342
vt 0.7289 0.3383
vt 0.7289 0.2903
vt 0.7238 0.2903
vt 0.7238 0.3387
vt 0.73 0.1923
vt 0.7293 0.1923
vt 0.7293 0.2888
vt 0.73 0.2888
vt 0.0643 0.2199
vt 0.0636 0.2199
vt 0.0636 0.3164
vt 0.0643 0.3164
vt 0.0409 0.2005
vt 0.0409 0.2012
vt 0.0462 0.2012
vt 0.0461 0.2005
vt 0.0865 0.1731
vt 0.0865 0.1721
vt 0.0812 0.1721
vt 0.0812 0.1731
vt 0.2113 0.2773
vt 0.2109 0.2758
vt 0.2092 0.2739
vt 0.208 0.2738
vt 0.2405 0.1774
vt 0.2405 0.1764
vt 0.2352 0.1764
vt 0.2352 0.1774
vt 0.2519 0.3954
vt 0.2531 0.3949
vt 0.2548 0.3931
vt 0.255 0.3919
vt 0.2109 0.2834
vt 0.2113 0.2818
vt 0.208 0.2854
vt 0.2092 0.2853
vt 0.8736 0.9017
vt 0.8736 0.9007
vt 0.8684 0.9007
vt 0.8684 0.9017
vt 0.0401 0.2104
vt 0.0401 0.2094
vt 0.0349 0.2094
vt 0.0349 0.2104
vt 0.6674 0.6792
vt 0.6686 0.6791
vt 0.6708 0.6772
vt 0.6713 0.6758
vt 0.8244 0.7611
vt 0.8244 0.7621
vt 0.8296 0.7621
vt 0.8296 0.7611
vt 0.0677 0.2036
vt 0.0684 0.2036
vt 0.0684 0.1983
vt 0.0677 0.1983
vt 0.0737 0.2043
vt 0.0737 0.2036
vt 0.0684 0.2036
vt 0.0684 0.2043
vt 0.2552 0.3869
vt 0.2548 0.3854
vt 0.2531 0.3836
vt 0.2519 0.3832
vt 0.9071 0.2958
vt 0.9071 0.295
vt 0.9019 0.295
vt 0.9019 0.2958
vt 0.1589 0.2066
vt 0.1589 0.2076
vt 0.1641 0.2076
vt 0.1641 0.2066
vt 0.5803 0.399
vt 0.5801 0.3978
vt 0.5783 0.396
vt 0.577 0.3956
vt 0.9827 0.2958
vt 0.9827 0.295
vt 0.9774 0.295
vt 0.9774 0.2958
vt 0.8684 0.8043
vt 0.8684 0.8033
vt 0.8631 0.8033
vt 0.8631 0.8043
vt 0.6623 0.6673
vt 0.661 0.6677
vt 0.6591 0.6696
vt 0.6587 0.671
vt 0.1508 0.2026
vt 0.1508 0.2036
vt 0.156 0.2036
vt 0.156 0.2026
vt 0.6686 0.6677
vt 0.6674 0.6677
vt 0.6713 0.671
vt 0.6708 0.6696
vt 0.661 0.6791
vt 0.6623 0.6795
vt 0.659 0.676
vt 0.6591 0.6772
vt 0.1822 0.2076
vt 0.1822 0.2066
vt 0.177 0.2066
vt 0.177 0.2076
vt 0.0401 0.2065
vt 0.0409 0.2065
vt 0.0409 0.2012
vt 0.0401 0.2012
vt 0.5801 0.4055
vt 0.5805 0.404
vt 0.577 0.4077
vt 0.5783 0.4073
vt 0.5707 0.4074
vt 0.5719 0.4074
vt 0.568 0.404
vt 0.5684 0.4054
vt 0.1753 0.224
vt 0.1761 0.224
vt 0.1761 0.2084
vt 0.1753 0.2084
vt 0.5684 0.3979
vt 0.5681 0.399
vt 0.572 0.3956
vt 0.5707 0.3959
vt 0.1918 0.2248
vt 0.1918 0.224
vt 0.1761 0.224
vt 0.1761 0.2248
vt 0.8501 0.9968
vt 0.8501 0.9978
vt 0.8554 0.9978
vt 0.8554 0.9968
vt 0.7963 0.2958
vt 0.7963 0.295
vt 0.7806 0.295
vt 0.7806 0.2958
vt 0.8191 0.794
vt 0.8191 0.795
vt 0.8244 0.795
vt 0.8244 0.794
vt 0.8457 0.2958
vt 0.8457 0.295
vt 0.83 0.295
vt 0.83 0.2958
vt 0.0461 0.2072
vt 0.0462 0.2065
vt 0.0409 0.2065
vt 0.0409 0.2072
vt 0.3168 0.4965
vt 0.3168 0.4955
vt 0.3116 0.4955
vt 0.3116 0.4965
vt 0.9275 0.2958
vt 0.9275 0.295
vt 0.9223 0.295
vt 0.9223 0.2958
vt 0.0226 0.1961
vt 0.0226 0.1969
vt 0.0279 0.1969
vt 0.0278 0.1961
vt 0.9139 0.2958
vt 0.9139 0.295
vt 0.9087 0.295
vt 0.9087 0.2958
vt 0.0278 0.2029
vt 0.0279 0.2021
vt 0.0226 0.2021
vt 0.0226 0.2029
vt 0.0218 0.2021
vt 0.0226 0.2021
vt 0.0226 0.1969
vt 0.0218 0.1969
vt 0.6594 0.7627
vt 0.6601 0.7627
vt 0.6601 0.7471
vt 0.6594 0.7471
vt 0.6601 0.7463
vt 0.6601 0.7471
vt 0.6758 0.7471
vt 0.6758 0.7463
vt 0.6766 0.7471
vt 0.6758 0.7471
vt 0.6758 0.7627
vt 0.6766 0.7627
vt 0.6758 0.7635
vt 0.6758 0.7627
vt 0.6601 0.7627
vt 0.6601 0.7635
vt 0.6421 0.7627
vt 0.6429 0.7627
vt 0.6429 0.7471
vt 0.6421 0.7471
vt 0.6429 0.7463
vt 0.6429 0.7471
vt 0.6586 0.7471
vt 0.6586 0.7463
vt 0.6594 0.7471
vt 0.6586 0.7471
vt 0.6586 0.7627
vt 0.6594 0.7627
vt 0.6586 0.7635
vt 0.6586 0.7627
vt 0.6429 0.7627
vt 0.6429 0.7635
vt 0.1157 0.1961
vt 0.1157 0.1969
vt 0.1209 0.1969
vt 0.1209 0.1961
vt 0.1217 0.1969
vt 0.1209 0.1969
vt 0.1209 0.2021
vt 0.1217 0.2021
vt 0.208 0.2255
vt 0.2081 0.2248
vt 0.2028 0.2248
vt 0.2028 0.2255
vt 0.324 0.4973
vt 0.324 0.4965
vt 0.3187 0.4965
vt 0.3187 0.4973
vt 0.8085 0.7308
vt 0.8078 0.7308
vt 0.8078 0.736
vt 0.8085 0.736
vt 0.8078 0.7368
vt 0.8078 0.736
vt 0.8025 0.736
vt 0.8025 0.7368
vt 0.6622 0.7275
vt 0.6621 0.7282
vt 0.6674 0.7282
vt 0.6674 0.7275
vt 0.3168 0.4482
vt 0.3168 0.4474
vt 0.3116 0.4474
vt 0.3116 0.4482
vt 0.8244 0.796
vt 0.8244 0.7968
vt 0.8296 0.7968
vt 0.8296 0.796
vt 0.2459 0.2821
vt 0.2467 0.2822
vt 0.2467 0.277
vt 0.2459 0.277
vt 0.0812 0.207
vt 0.0812 0.2078
vt 0.0865 0.2078
vt 0.0865 0.207
vt 0.2898 0.3919
vt 0.2906 0.3919
vt 0.2906 0.3866
vt 0.2898 0.3867
vt 0.1641 0.1779
vt 0.1641 0.1771
vt 0.1589 0.1771
vt 0.1589 0.1779
vt 0.6293 0.6709
vt 0.6285 0.6708
vt 0.6285 0.676
vt 0.6293 0.676
vt 0.1822 0.1779
vt 0.1822 0.1771
vt 0.177 0.1771
vt 0.177 0.1779
vt 0.6099 0.4042
vt 0.6107 0.4043
vt 0.6107 0.399
vt 0.6099 0.399
vt 0.8486 0.9063
vt 0.8501 0.9071
vt 0.8554 0.9071
vt 0.8569 0.9063
vt 0.7626 0.6693
vt 0.7619 0.6709
vt 0.7619 0.676
vt 0.7626 0.6776
vt 0.0417 0.3009
vt 0.0401 0.3001
vt 0.0349 0.3001
vt 0.0333 0.3009
vt 0.4766 0.4058
vt 0.4774 0.4042
vt 0.4774 0.399
vt 0.4766 0.3975
vt 0.6957 0.1923
vt 0.6957 0.1916
vt 0.6797 0.1916
vt 0.6797 0.1923
vt 0.745 0.7639
vt 0.7442 0.7639
vt 0.7442 0.7799
vt 0.745 0.7799
vt 0.0651 0.3164
vt 0.0651 0.3171
vt 0.0811 0.3171
vt 0.0811 0.3164
vt 0.0165 0.3001
vt 0.0165 0.3009
vt 0.0326 0.3009
vt 0.0326 0.3001
vt 0.2848 0.1952
vt 0.2841 0.1967
vt 0.2841 0.2084
vt 0.2848 0.21
vt 0.2848 0.21
vt 0.2833 0.2092
vt 0.2716 0.2092
vt 0.27 0.21
vt 0.27 0.21
vt 0.2708 0.2084
vt 0.2708 0.1967
vt 0.27 0.1952
vt 0.27 0.1952
vt 0.2716 0.196
vt 0.2833 0.196
vt 0.2848 0.1952
vt 0.1304 0.3017
vt 0.1304 0.3009
vt 0.1164 0.3009
vt 0.1165 0.3017
vt 0.2405 0.1946
vt 0.2405 0.1954
vt 0.2545 0.1954
vt 0.2545 0.1946
vt 0.7634 0.9992
vt 0.7634 1
vt 0.7774 1
vt 0.7774 0.9992
vt 0.046 0.3017
vt 0.046 0.3009
vt 0.0321 0.3009
vt 0.0321 0.3017
vt 0.6797 0.2888
vt 0.6797 0.2896
vt 0.6957 0.2896
vt 0.6957 0.2888
vt 0.0326 0.2036
vt 0.0326 0.2029
vt 0.0165 0.2029
vt 0.0165 0.2036
vt 0.7774 0.7285
vt 0.7774 0.7293
vt 0.7934 0.7293
vt 0.7934 0.7285
vt 0.7942 0.7293
vt 0.7934 0.7293
vt 0.7934 0.7452
vt 0.7942 0.7452
vt 0.4164 0.2346
vt 0.4148 0.2338
vt 0.4031 0.2338
vt 0.4015 0.2346
vt 0.3063 0.1659
vt 0.3078 0.1667
vt 0.3196 0.1667
vt 0.3211 0.1659
vt 0.5804 0.1526
vt 0.582 0.1533
vt 0.5937 0.1533
vt 0.5953 0.1526
vt 0.5211 0.1525
vt 0.5227 0.1533
vt 0.5344 0.1533
vt 0.5359 0.1525
vt 0.7963 0.2958
vt 0.7971 0.2958
vt 0.6629 0.2888
vt 0.6789 0.2888
vt 0.6789 0.1923
vt 0.6629 0.1923
vt 0.4517 0.4433
vt 0.4569 0.4433
vt 0.6293 0.4515
vt 0.72 0.4515
vt 0.7193 0.4507
vt 0.6293 0.4507
vt 0.9147 0.2958
vt 0.9155 0.2958
vt 0.9359 0.2958
vt 0.9351 0.2958
vt 0.0326 0.2036
vt 0.0326 0.3001
vt 0.0333 0.3001
vt 0.0333 0.2036
vt 0.9464 0.7275
vt 0.9472 0.7275
vt 0.9223 0.2958
vt 0.9215 0.2958
vt 0.4638 0.0116
vt 0.463 0.0116
vt 0.9283 0.2958
vt 0.9283 0.5116
vt 0.9291 0.5116
vt 0.9291 0.2958
vt 0.0158 0.3001
vt 0.0165 0.3001
vt 0.0165 0.2036
vt 0.0158 0.2036
vt 0.9645 0.7275
vt 0.9653 0.7275
vt 0.4569 0.2275
vt 0.4577 0.2275
vt 0.4577 0.0116
vt 0.4569 0.0116
vt 0.9139 0.2958
vt 0.9147 0.2958
vt 0.8457 0.7275
vt 0.8465 0.7275
vt 0.0305 0.4309
vt 0.0313 0.4309
vt 0.4774 0.399
vt 0.5681 0.399
vt 0.5674 0.3983
vt 0.4774 0.3983
vt 0.9215 0.5116
vt 0.9207 0.5116
vt 0.9207 0.7275
vt 0.9215 0.7275
vt 0.1589 0.4473
vt 0.1589 0.4317
vt 0.1138 0.4343
vt 0.0795 0.4437
vt 0.0452 0.4648
vt 0.0203 0.4971
vt 0.0079 0.5212
vt 0.0008 0.5513
vt 0.0164 0.5531
vt 0.0226 0.5266
vt 0.0335 0.5055
vt 0.0557 0.4764
vt 0.1164 0.4497
vt 0.0858 0.458
vt 0.208 0.3835
vt 0.2088 0.3826
vt 0.2088 0.3344
vt 0.208 0.3344
vt 0.3323 0.5297
vt 0.3256 0.5585
vt 0.3411 0.5603
vt 0.347 0.5351
vt 0.3574 0.515
vt 0.3785 0.4874
vt 0.4362 0.4619
vt 0.4766 0.4597
vt 0.4766 0.4441
vt 0.4336 0.4465
vt 0.4008 0.4555
vt 0.368 0.4758
vt 0.3442 0.5066
vt 0.4071 0.4699
vt 0.3108 0.7002
vt 0.3108 0.6995
vt 0.2705 0.6972
vt 0.2704 0.698
vt 0.7806 0.2549
vt 0.7799 0.2548
vt 0.7799 0.295
vt 0.7806 0.295
vt 0.7806 0.2862
vt 0.7806 0.2703
vt 0.0985 0.3172
vt 0.0992 0.3172
vt 0.0992 0.2741
vt 0.0985 0.2742
vt 0.0812 0.3172
vt 0.082 0.3172
vt 0.082 0.2741
vt 0.0812 0.2742
vt 0.4989 0.8192
vt 0.4996 0.8195
vt 0.51 0.7996
vt 0.5093 0.7992
vt 0.559 0.754
vt 0.5593 0.7547
vt 0.5883 0.7468
vt 0.5881 0.7461
vt 0.5855 0.7307
vt 0.5854 0.7299
vt 0.5524 0.739
vt 0.5527 0.7397
vt 0.4954 0.6661
vt 0.4961 0.6657
vt 0.4842 0.6427
vt 0.4835 0.6429
vt 0.3316 0.6305
vt 0.3323 0.6303
vt 0.3256 0.6015
vt 0.3248 0.6016
vt 0.3063 0.312
vt 0.2906 0.312
vt 0.2906 0.3346
vt 0.3063 0.3346
vt 0.5304 0.9567
vt 0.559 0.9742
vt 0.5593 0.9735
vt 0.531 0.9561
vt 0.2415 0.4706
vt 0.2412 0.4699
vt 0.2127 0.4874
vt 0.2132 0.488
vt 0.4005 0.7051
vt 0.4008 0.7044
vt 0.368 0.6841
vt 0.3675 0.6847
vt 0.5527 0.7397
vt 0.5524 0.739
vt 0.5194 0.7594
vt 0.52 0.76
vt 0.2132 0.488
vt 0.2127 0.4874
vt 0.1916 0.515
vt 0.1922 0.5154
vt 0.1993 0.5063
vt 0.2068 0.4966
vt 0.5093 0.7992
vt 0.51 0.7996
vt 0.517 0.7905
vt 0.5245 0.7807
vt 0.531 0.7721
vt 0.5304 0.7715
vt 0.5194 0.6971
vt 0.52 0.6965
vt 0.4961 0.6657
vt 0.4954 0.6661
vt 0.5034 0.6765
vt 0.5109 0.6862
vt 0.5109 0.7703
vt 0.5034 0.78
vt 0.4954 0.7904
vt 0.4961 0.7908
vt 0.52 0.76
vt 0.5194 0.7594
vt 0.5093 0.6573
vt 0.51 0.6569
vt 0.4996 0.637
vt 0.4989 0.6373
vt 0.1922 0.5154
vt 0.1916 0.515
vt 0.1811 0.5351
vt 0.1819 0.5353
vt 0.1783 0.5066
vt 0.1777 0.5062
vt 0.1657 0.5294
vt 0.1664 0.5297
vt 0.4938 0.8838
vt 0.493 0.8838
vt 0.4989 0.909
vt 0.4996 0.9088
vt 0.493 0.8444
vt 0.4938 0.8445
vt 0.4996 0.8195
vt 0.4989 0.8192
vt 0.418 0.3521
vt 0.418 0.3717
vt 0.4337 0.3717
vt 0.4337 0.3521
vt 0.0858 0.7421
vt 0.0861 0.7429
vt 0.1165 0.7346
vt 0.1164 0.7338
vt 0.4509 0.3521
vt 0.4517 0.3521
vt 0.4517 0.3324
vt 0.4509 0.3325
vt 0.4352 0.3325
vt 0.4345 0.3324
vt 0.4345 0.3521
vt 0.4352 0.3521
vt 0.3227 0.3473
vt 0.3235 0.3473
vt 0.3235 0.3266
vt 0.3227 0.3267
vt 0.4775 0.8426
vt 0.4767 0.8425
vt 0.4766 0.8641
vt 0.4774 0.8641
vt 0.0812 0.4317
vt 0.082 0.4317
vt 0.082 0.3866
vt 0.0812 0.3867
vt 0.1165 0.9813
vt 0.1164 0.982
vt 0.1589 0.9844
vt 0.1589 0.9836
vt 0.0632 0.4317
vt 0.064 0.4317
vt 0.064 0.3867
vt 0.0632 0.3866
vt 0.0468 0.4317
vt 0.0476 0.4317
vt 0.0476 0.3866
vt 0.0468 0.3867
vt 0.2753 0.982
vt 0.2754 0.9813
vt 0.2449 0.973
vt 0.2446 0.9737
vt 0.1664 0.5297
vt 0.1657 0.5294
vt 0.1589 0.5584
vt 0.1597 0.5585
vt 0.3381 0.7813
vt 0.3374 0.7808
vt 0.3249 0.8051
vt 0.3256 0.8053
vt 0.1136 0.9982
vt 0.1138 0.9974
vt 0.0795 0.988
vt 0.0792 0.9887
vt 0.1667 0.8053
vt 0.166 0.8051
vt 0.1589 0.8353
vt 0.1597 0.8354
vt 0.4038 0.7429
vt 0.4035 0.7421
vt 0.3735 0.7606
vt 0.374 0.7612
vt 0.3835 0.7555
vt 0.3942 0.7489
vt 0.0563 0.477
vt 0.0861 0.4587
vt 0.0858 0.458
vt 0.0557 0.4764
vt 0.0792 0.7046
vt 0.0795 0.7039
vt 0.0452 0.6827
vt 0.0447 0.6833
vt 0.0795 0.7278
vt 0.0792 0.7271
vt 0.0447 0.7484
vt 0.0452 0.749
vt 0.0342 0.6417
vt 0.0335 0.6421
vt 0.0557 0.6711
vt 0.0563 0.6705
vt 0.3735 0.9553
vt 0.374 0.9547
vt 0.3519 0.9258
vt 0.3513 0.9262
vt 0.0447 0.9674
vt 0.0452 0.9669
vt 0.0203 0.9346
vt 0.0196 0.935
vt 0.0279 0.9458
vt 0.0358 0.9561
vt 0.0358 0.7598
vt 0.0279 0.77
vt 0.0196 0.7808
vt 0.0203 0.7813
vt 0.0452 0.749
vt 0.0447 0.7484
vt 0.3513 0.9262
vt 0.3519 0.9258
vt 0.341 0.9049
vt 0.3403 0.9051
vt 0.193 0.79
vt 0.1924 0.7896
vt 0.1815 0.8107
vt 0.1822 0.811
vt 0.4334 0.7142
vt 0.4336 0.7134
vt 0.4008 0.7044
vt 0.4005 0.7051
vt 0.0203 0.7813
vt 0.0196 0.7808
vt 0.0071 0.8051
vt 0.0079 0.8053
vt 0.0172 0.5944
vt 0.0164 0.5945
vt 0.0226 0.621
vt 0.0233 0.6207
vt 0.1822 0.811
vt 0.1815 0.8107
vt 0.1753 0.8372
vt 0.176 0.8373
vt 0.0071 0.6266
vt 0.0079 0.6264
vt 0.0008 0.5963
vt 0.0001 0.5964
vt 0.3249 0.9108
vt 0.3256 0.9105
vt 0.3186 0.8804
vt 0.3178 0.8805
vt 0.4517 0.3521
vt 0.4509 0.3521
vt 0.4509 0.3717
vt 0.4517 0.3718
vt 0.3063 0.368
vt 0.3071 0.3679
vt 0.3071 0.3473
vt 0.3063 0.3473
vt 0.1597 0.8354
vt 0.1589 0.8353
vt 0.1589 0.8579
vt 0.1597 0.8579
vt 0.3248 0.6016
vt 0.3256 0.6015
vt 0.3255 0.58
vt 0.3247 0.58
vt 0.1649 0.2255
vt 0.1641 0.2255
vt 0.164 0.2735
vt 0.1649 0.2729
vt 0.7799 0.2958
vt 0.7791 0.2958
vt 0.0648 0.352
vt 0.0805 0.352
vt 0.0805 0.3171
vt 0.0648 0.3171
vt 0.729 0.9992
vt 0.7298 0.9992
vt 0.7298 0.9518
vt 0.7289 0.9513
vt 0.7289 0.5081
vt 0.7298 0.5081
vt 0.7298 0.4608
vt 0.7289 0.4602
vt 0.3874 0.15
vt 0.3874 0.2338
vt 0.3992 0.2338
vt 0.3992 0.15
vt 0.3011 0.1748
vt 0.2959 0.1748
vt 0.2959 0.2222
vt 0.3011 0.2222
vt 0.9834 0.2958
vt 0.9827 0.2958
vt 0.4569 0.4433
vt 0.4577 0.4433
vt 0.9019 0.2958
vt 0.9011 0.2958
vt 0.3187 0.4484
vt 0.3179 0.4474
vt 0.3179 0.4958
vt 0.3187 0.4958
vt 0.5078 0.1533
vt 0.5071 0.1533
vt 0.5071 0.2372
vt 0.5078 0.2371
vt 0.324 0.4973
vt 0.3247 0.4973
vt 0.2088 0.2255
vt 0.208 0.2255
vt 0.208 0.2738
vt 0.2088 0.2729
vt 0.1649 0.2863
vt 0.164 0.2857
vt 0.1641 0.3344
vt 0.1649 0.3344
vt 0.168 0.3859
vt 0.1674 0.3869
vt 0.202 0.3867
vt 0.202 0.3859
vt 0.2898 0.3919
vt 0.255 0.3919
vt 0.2558 0.3926
vt 0.2898 0.3926
vt 0.3679 0.3918
vt 0.3333 0.3915
vt 0.3339 0.3926
vt 0.3679 0.3926
vt 0.3679 0.2821
vt 0.3333 0.2818
vt 0.3339 0.283
vt 0.3679 0.283
vt 0.9895 0.2958
vt 0.9887 0.2958
vt 0.3176 0.4482
vt 0.3168 0.4482
vt 0.3168 0.4955
vt 0.3176 0.4965
vt 0.7782 0.8474
vt 0.7938 0.8474
vt 0.7938 0.8143
vt 0.7782 0.8143
vt 0.7289 0.9391
vt 0.7298 0.9385
vt 0.7298 0.8903
vt 0.729 0.8903
vt 0.6293 0.6709
vt 0.6587 0.671
vt 0.6581 0.67
vt 0.6293 0.67
vt 0.7619 0.4575
vt 0.7619 0.4566
vt 0.7324 0.4565
vt 0.733 0.4575
vt 0.6293 0.676
vt 0.6293 0.6768
vt 0.6581 0.6768
vt 0.659 0.676
vt 0.9275 0.2958
vt 0.9283 0.2958
vt 0.7193 0.8389
vt 0.7199 0.8379
vt 0.6293 0.838
vt 0.6293 0.8389
vt 0.6713 0.5661
vt 0.6719 0.5671
vt 0.7618 0.5671
vt 0.7619 0.5663
vt 0.5674 0.405
vt 0.568 0.404
vt 0.4774 0.4042
vt 0.4774 0.405
vt 0.5492 0.1526
vt 0.5492 0.2364
vt 0.55 0.2364
vt 0.55 0.1525
vt 0.3196 0.2505
vt 0.3196 0.1667
vt 0.3078 0.1667
vt 0.3078 0.2505
vt 0.3078 0.2505
vt 0.3078 0.1667
vt 0.3071 0.1667
vt 0.3071 0.2506
vt 0.0321 0.3017
vt 0.0313 0.3017
vt 0.1165 0.3017
vt 0.1157 0.3017
vt 0.1157 0.3663
vt 0.1165 0.3663
vt 0.3203 0.2506
vt 0.3203 0.1667
vt 0.3196 0.1667
vt 0.3196 0.2505
vt 0.6293 0.1923
vt 0.6285 0.1923
vt 0.6285 0.2888
vt 0.6293 0.2888
vt 0.0624 0.2036
vt 0.0624 0.2043
vt 0.0676 0.2043
vt 0.0677 0.2036
vt 0.3596 0.2248
vt 0.3596 0.2238
vt 0.3544 0.2238
vt 0.3544 0.2248
vt 0.2109 0.3931
vt 0.2113 0.3915
vt 0.208 0.3951
vt 0.2092 0.3949
vt 0.2247 0.1764
vt 0.2247 0.1774
vt 0.23 0.1774
vt 0.23 0.1764
vt 0.2531 0.2739
vt 0.2519 0.2735
vt 0.255 0.277
vt 0.2548 0.2758
vt 0.2113 0.387
vt 0.2109 0.3854
vt 0.2092 0.3836
vt 0.208 0.3835
vt 0.8736 0.8044
vt 0.8736 0.8033
vt 0.8684 0.8033
vt 0.8684 0.8044
vt 0.8637 0.9978
vt 0.8637 0.9968
vt 0.8585 0.9968
vt 0.8585 0.9978
vt 0.6686 0.558
vt 0.6674 0.558
vt 0.6713 0.5614
vt 0.6708 0.56
vt 0.0865 0.2068
vt 0.0865 0.2078
vt 0.0918 0.2078
vt 0.0918 0.2068
vt 0.0745 0.1983
vt 0.0737 0.1983
vt 0.0737 0.2036
vt 0.0745 0.2036
vt 0.9714 0.295
vt 0.9714 0.2958
vt 0.9766 0.2958
vt 0.9766 0.295
vt 0.2548 0.2834
vt 0.2552 0.282
vt 0.2519 0.2857
vt 0.2531 0.2853
vt 0.8951 0.295
vt 0.8951 0.2958
vt 0.9003 0.2958
vt 0.9003 0.295
vt 0.183 0.1771
vt 0.183 0.1781
vt 0.1882 0.1781
vt 0.1882 0.1771
vt 0.5801 0.2958
vt 0.5803 0.2946
vt 0.577 0.2981
vt 0.5783 0.2977
vt 0.0745 0.2036
vt 0.0745 0.2043
vt 0.0797 0.2043
vt 0.0798 0.2036
vt 0.8684 0.9017
vt 0.8684 0.9007
vt 0.8631 0.9007
vt 0.8631 0.9017
vt 0.661 0.5694
vt 0.6622 0.5698
vt 0.6587 0.5661
vt 0.6591 0.5676
vt 0.1508 0.2999
vt 0.1508 0.3009
vt 0.156 0.3009
vt 0.156 0.2999
vt 0.6674 0.5695
vt 0.6686 0.5694
vt 0.6708 0.5675
vt 0.6713 0.5661
vt 0.6623 0.5576
vt 0.661 0.5581
vt 0.6591 0.5599
vt 0.659 0.5611
vt 0.1098 0.2068
vt 0.1098 0.2078
vt 0.1151 0.2078
vt 0.1151 0.2068
vt 0.0624 0.1983
vt 0.0616 0.1983
vt 0.0616 0.2036
vt 0.0624 0.2036
vt 0.5805 0.2896
vt 0.5801 0.2882
vt 0.5783 0.2863
vt 0.577 0.2859
vt 0.5719 0.2862
vt 0.5707 0.2863
vt 0.5684 0.2882
vt 0.568 0.2896
vt 0.1597 0.2084
vt 0.1589 0.2084
vt 0.1589 0.224
vt 0.1597 0.224
vt 0.5681 0.2946
vt 0.5684 0.2958
vt 0.5707 0.2977
vt 0.5719 0.2981
vt 0.8465 0.295
vt 0.8465 0.2958
vt 0.8622 0.2958
vt 0.8622 0.295
vt 0.846 0.2035
vt 0.846 0.2045
vt 0.8512 0.2045
vt 0.8512 0.2035
vt 0.7634 0.295
vt 0.7634 0.2958
vt 0.7791 0.2958
vt 0.7791 0.295
vt 0.8138 0.795
vt 0.8138 0.794
vt 0.8086 0.794
vt 0.8086 0.795
vt 0.1597 0.224
vt 0.1596 0.2248
vt 0.1753 0.2248
vt 0.1753 0.224
vt 0.0677 0.1983
vt 0.0676 0.1976
vt 0.0624 0.1976
vt 0.0624 0.1983
vt 0.324 0.4484
vt 0.324 0.4474
vt 0.3187 0.4474
vt 0.3187 0.4484
vt 0.9291 0.295
vt 0.9291 0.2958
vt 0.9343 0.2958
vt 0.9343 0.295
vt 0.0166 0.2021
vt 0.0165 0.2029
vt 0.0218 0.2029
vt 0.0218 0.2021
vt 0.9155 0.295
vt 0.9155 0.2958
vt 0.9207 0.2958
vt 0.9207 0.295
vt 0.0218 0.1969
vt 0.0218 0.1961
vt 0.0165 0.1961
vt 0.0166 0.1969
vt 0.0166 0.1969
vt 0.0158 0.1969
vt 0.0158 0.2021
vt 0.0166 0.2021
vt 0.6774 0.7643
vt 0.6766 0.7643
vt 0.6766 0.7799
vt 0.6774 0.7799
vt 0.6774 0.7799
vt 0.6774 0.7807
vt 0.693 0.7807
vt 0.693 0.7799
vt 0.693 0.7799
vt 0.6938 0.7799
vt 0.6938 0.7643
vt 0.693 0.7643
vt 0.693 0.7643
vt 0.693 0.7635
vt 0.6774 0.7635
vt 0.6774 0.7643
vt 0.6429 0.7299
vt 0.6421 0.7299
vt 0.6421 0.7456
vt 0.6429 0.7456
vt 0.6429 0.7456
vt 0.6429 0.7463
vt 0.6586 0.7463
vt 0.6586 0.7456
vt 0.6586 0.7456
vt 0.6594 0.7456
vt 0.6594 0.7299
vt 0.6586 0.7299
vt 0.6586 0.7299
vt 0.6586 0.7292
vt 0.6429 0.7292
vt 0.6429 0.7299
vt 0.2467 0.2248
vt 0.2467 0.2255
vt 0.2519 0.2255
vt 0.252 0.2248
vt 0.0333 0.1997
vt 0.0333 0.2005
vt 0.0386 0.2005
vt 0.0386 0.1997
vt 0.2081 0.4441
vt 0.208 0.4433
vt 0.2028 0.4433
vt 0.2028 0.4441
vt 0.324 0.7158
vt 0.324 0.7151
vt 0.3187 0.7151
vt 0.3187 0.7158
vt 0.5719 0.2372
vt 0.5719 0.2379
vt 0.577 0.2379
vt 0.5771 0.2372
vt 0.0279 0.2021
vt 0.0279 0.2029
vt 0.0331 0.2029
vt 0.0331 0.2021
vt 0.6621 0.5089
vt 0.6622 0.5097
vt 0.6674 0.5097
vt 0.6674 0.5089
vt 0.324 0.4965
vt 0.324 0.4958
vt 0.3187 0.4958
vt 0.3187 0.4965
vt 0.0865 0.1721
vt 0.0865 0.1729
vt 0.0918 0.1729
vt 0.0918 0.1721
vt 0.2467 0.3866
vt 0.2459 0.3867
vt 0.2459 0.3918
vt 0.2467 0.3919
vt 0.3544 0.1891
vt 0.3544 0.1899
vt 0.3596 0.1899
vt 0.3596 0.1891
vt 0.2906 0.277
vt 0.2898 0.277
vt 0.2898 0.2821
vt 0.2906 0.2822
vt 0.1882 0.2076
vt 0.1882 0.2068
vt 0.183 0.2068
vt 0.183 0.2076
vt 0.6285 0.5664
vt 0.6293 0.5663
vt 0.6293 0.5611
vt 0.6285 0.5611
vt 0.1098 0.1772
vt 0.1098 0.178
vt 0.1151 0.178
vt 0.1151 0.1772
vt 0.6107 0.2894
vt 0.6099 0.2894
vt 0.6099 0.2946
vt 0.6107 0.2946
vt 0.846 0.2942
vt 0.8444 0.295
vt 0.8528 0.295
vt 0.8512 0.2942
vt 0.7619 0.5663
vt 0.7626 0.5679
vt 0.7626 0.5596
vt 0.7619 0.5612
vt 0.8637 0.9071
vt 0.8653 0.9063
vt 0.8569 0.9063
vt 0.8585 0.9071
vt 0.4774 0.2894
vt 0.4766 0.2878
vt 0.4766 0.2961
vt 0.4774 0.2946
vt 0.7125 0.2896
vt 0.7125 0.2888
vt 0.6965 0.2888
vt 0.6965 0.2896
vt 0.7113 0.7623
vt 0.7113 0.7631
vt 0.7274 0.7631
vt 0.7274 0.7623
vt 0.6461 0.1916
vt 0.6461 0.1923
vt 0.6621 0.1923
vt 0.6621 0.1916
vt 0.134 0.2029
vt 0.134 0.2036
vt 0.15 0.2036
vt 0.15 0.2029
vt 0.3255 0.1967
vt 0.3247 0.1952
vt 0.3247 0.21
vt 0.3255 0.2084
vt 0.3263 0.2092
vt 0.3247 0.21
vt 0.3396 0.21
vt 0.338 0.2092
vt 0.3388 0.2084
vt 0.3396 0.21
vt 0.3396 0.1952
vt 0.3388 0.1967
vt 0.338 0.196
vt 0.3396 0.1952
vt 0.3247 0.1952
vt 0.3263 0.196
vt 0.1304 0.4317
vt 0.1304 0.4309
vt 0.1165 0.4309
vt 0.1164 0.4317
vt 0.2545 0.224
vt 0.2553 0.224
vt 0.2553 0.2101
vt 0.2545 0.2101
vt 0.7634 0.8692
vt 0.7634 0.87
vt 0.7774 0.87
vt 0.7774 0.8692
vt 0.046 0.4317
vt 0.046 0.4309
vt 0.0321 0.4309
vt 0.0321 0.4317
vt 0.6965 0.1916
vt 0.6965 0.1923
vt 0.7125 0.1923
vt 0.7125 0.1916
vt 0.15 0.3009
vt 0.15 0.3001
vt 0.134 0.3001
vt 0.134 0.3009
vt 0.6621 0.2896
vt 0.6621 0.2888
vt 0.6461 0.2888
vt 0.6461 0.2896
vt 0.7934 0.7802
vt 0.7942 0.7802
vt 0.7942 0.7642
vt 0.7934 0.7642
vt 0.5789 0.1533
vt 0.5804 0.1526
vt 0.5656 0.1526
vt 0.5671 0.1533
vt 0.3819 0.1667
vt 0.3835 0.1659
vt 0.3686 0.1659
vt 0.3702 0.1667
vt 0.8415 0.9027
vt 0.8399 0.9035
vt 0.8548 0.9035
vt 0.8532 0.9027
vt 0.5196 0.1533
vt 0.5211 0.1525
vt 0.5063 0.1525
vt 0.5078 0.1533
vt 0.6621 0.2888
vt 0.6629 0.2888
vt 0.6629 0.1923
vt 0.6621 0.1923
vt 0.6622 0.5698
vt 0.6674 0.5695
vt 0.6713 0.5661
vt 0.7619 0.5663
vt 0.7619 0.5612
vt 0.6713 0.5614
vt 0.6674 0.558
vt 0.6674 0.5097
vt 0.6622 0.5097
vt 0.6623 0.5576
vt 0.659 0.5611
vt 0.6293 0.5611
vt 0.6293 0.5663
vt 0.6587 0.5661
vt 0.8943 0.2958
vt 0.8951 0.2958
vt 0.9071 0.2958
vt 0.9079 0.2958
vt 0.9774 0.2958
vt 0.9766 0.2958
vt 0.8616 0.8131
vt 0.8563 0.8131
vt 0.8563 0.9027
vt 0.8616 0.9027
vt 0.5227 0.2371
vt 0.5227 0.1533
vt 0.5219 0.1533
vt 0.5219 0.2372
vt 0.324 0.4958
vt 0.3247 0.4958
vt 0.3247 0.4474
vt 0.324 0.4484
vt 0.6797 0.1923
vt 0.6789 0.1923
vt 0.6789 0.2888
vt 0.6797 0.2888
vt 0.9351 0.2958
vt 0.9343 0.2958
vt 0.9524 0.7275
vt 0.9532 0.7275
vt 0.6086 0.2372
vt 0.6086 0.1533
vt 0.5968 0.1533
vt 0.5968 0.2372
vt 0.9585 0.7275
vt 0.9593 0.7275
vt 0.9215 0.2958
vt 0.9207 0.2958
vt 0.4774 0.2954
vt 0.5674 0.2954
vt 0.5681 0.2946
vt 0.4774 0.2946
vt 0.4766 0.9844
vt 0.4766 0.9836
vt 0.4343 0.9813
vt 0.4342 0.982
vt 0.4362 0.4619
vt 0.4364 0.4627
vt 0.4766 0.4605
vt 0.4766 0.4597
vt 0.0977 0.3172
vt 0.0985 0.3172
vt 0.0985 0.2742
vt 0.0977 0.2741
vt 0.8444 0.1984
vt 0.8288 0.1984
vt 0.8288 0.2385
vt 0.8444 0.2385
vt 0.2705 0.4627
vt 0.2704 0.4619
vt 0.2412 0.4699
vt 0.2415 0.4706
vt 0.5883 0.4751
vt 0.5881 0.4743
vt 0.559 0.4823
vt 0.5593 0.483
vt 0.5855 0.4589
vt 0.5854 0.4582
vt 0.5524 0.4672
vt 0.5527 0.4679
vt 0.5854 0.9983
vt 0.5855 0.9976
vt 0.5527 0.9886
vt 0.5524 0.9893
vt 0.531 0.7721
vt 0.5593 0.7547
vt 0.559 0.754
vt 0.5304 0.7715
vt 0.5593 0.483
vt 0.559 0.4823
vt 0.5304 0.4998
vt 0.531 0.5004
vt 0.2346 0.7051
vt 0.235 0.7044
vt 0.2022 0.6841
vt 0.2017 0.6847
vt 0.5524 0.9893
vt 0.5527 0.9886
vt 0.52 0.9683
vt 0.5194 0.9689
vt 0.51 0.9287
vt 0.5093 0.9291
vt 0.5304 0.9567
vt 0.531 0.9561
vt 0.5245 0.9475
vt 0.517 0.9378
vt 0.6107 0.2488
vt 0.6107 0.2591
vt 0.6107 0.2699
vt 0.6264 0.2699
vt 0.6264 0.2591
vt 0.6264 0.2488
vt 0.6264 0.2375
vt 0.6107 0.2375
vt 0.5194 0.9689
vt 0.52 0.9683
vt 0.4961 0.9374
vt 0.4954 0.9379
vt 0.5034 0.9482
vt 0.5109 0.958
vt 0.359 0.4861
vt 0.3515 0.4959
vt 0.3435 0.5062
vt 0.3442 0.5066
vt 0.368 0.4758
vt 0.3675 0.4752
vt 0.4996 0.9088
vt 0.4989 0.909
vt 0.5093 0.9291
vt 0.51 0.9287
vt 0.51 0.5278
vt 0.5093 0.5274
vt 0.4989 0.5475
vt 0.4996 0.5477
vt 0.4961 0.519
vt 0.4954 0.5186
vt 0.4835 0.5418
vt 0.4842 0.5421
vt 0.4961 0.7908
vt 0.4954 0.7904
vt 0.4835 0.8136
vt 0.4842 0.8138
vt 0.3411 0.5603
vt 0.3419 0.5603
vt 0.3477 0.5353
vt 0.347 0.5351
vt 0.1811 0.6249
vt 0.1819 0.6246
vt 0.176 0.5996
vt 0.1753 0.5997
vt 0.4842 0.5421
vt 0.4835 0.5418
vt 0.4767 0.5708
vt 0.4775 0.5709
vt 0.4842 0.8138
vt 0.4835 0.8136
vt 0.4767 0.8425
vt 0.4775 0.8426
vt 0.4172 0.3521
vt 0.418 0.3521
vt 0.418 0.3325
vt 0.4172 0.3324
vt 0.4345 0.3718
vt 0.4352 0.3717
vt 0.4352 0.3521
vt 0.4345 0.3521
vt 0.4767 0.6139
vt 0.4775 0.6139
vt 0.4774 0.5924
vt 0.4766 0.5924
vt 0.4767 0.8857
vt 0.4775 0.8856
vt 0.4774 0.8641
vt 0.4766 0.8641
vt 0.1164 0.7338
vt 0.1165 0.7346
vt 0.1589 0.7322
vt 0.1589 0.7315
vt 0.4766 0.7322
vt 0.4766 0.7315
vt 0.4342 0.7338
vt 0.4343 0.7346
vt 0.1149 0.3172
vt 0.1157 0.3172
vt 0.1157 0.2742
vt 0.1149 0.2741
vt 0.0977 0.4317
vt 0.0985 0.4317
vt 0.0985 0.3867
vt 0.0977 0.3866
vt 0.0858 0.458
vt 0.0861 0.4587
vt 0.1165 0.4504
vt 0.1164 0.4497
vt 0.4342 0.982
vt 0.4343 0.9813
vt 0.4038 0.973
vt 0.4035 0.9737
vt 0.4315 0.7184
vt 0.4314 0.7176
vt 0.3969 0.7271
vt 0.3973 0.7278
vt 0.4314 0.9982
vt 0.4315 0.9974
vt 0.3973 0.988
vt 0.3969 0.9887
vt 0.0563 0.7612
vt 0.0861 0.7429
vt 0.0858 0.7421
vt 0.0557 0.7606
vt 0.0557 0.9553
vt 0.0858 0.9737
vt 0.0861 0.973
vt 0.0764 0.967
vt 0.0657 0.9604
vt 0.0563 0.9547
vt 0.3973 0.7278
vt 0.3969 0.7271
vt 0.3625 0.7484
vt 0.363 0.749
vt 0.0792 0.9887
vt 0.0795 0.988
vt 0.0452 0.9669
vt 0.0447 0.9674
vt 0.0342 0.9258
vt 0.0335 0.9262
vt 0.0557 0.9553
vt 0.0563 0.9547
vt 0.0335 0.7896
vt 0.0342 0.79
vt 0.0563 0.7612
vt 0.0557 0.7606
vt 0.3536 0.7598
vt 0.3457 0.77
vt 0.3374 0.7808
vt 0.3381 0.7813
vt 0.363 0.749
vt 0.3625 0.7484
vt 0.2036 0.9674
vt 0.2041 0.9669
vt 0.1792 0.9346
vt 0.1785 0.935
vt 0.1868 0.9458
vt 0.1947 0.9561
vt 0.4074 0.6894
vt 0.4071 0.6901
vt 0.4362 0.698
vt 0.4364 0.6972
vt 0.0233 0.9049
vt 0.0226 0.9051
vt 0.0335 0.9262
vt 0.0342 0.9258
vt 0.3374 0.935
vt 0.3381 0.9346
vt 0.3256 0.9105
vt 0.3249 0.9108
vt 0.1785 0.935
vt 0.1792 0.9346
vt 0.1667 0.9105
vt 0.166 0.9108
vt 0.1815 0.9051
vt 0.1822 0.9049
vt 0.176 0.8786
vt 0.1753 0.8786
vt 0.0172 0.8786
vt 0.0164 0.8786
vt 0.0226 0.9051
vt 0.0233 0.9049
vt 0.0079 0.8053
vt 0.0071 0.8051
vt 0.0001 0.8353
vt 0.0008 0.8354
vt 0.3694 0.3473
vt 0.3694 0.3679
vt 0.3851 0.3679
vt 0.3851 0.3473
vt 0.3071 0.3267
vt 0.3063 0.3266
vt 0.3063 0.3473
vt 0.3071 0.3473
vt 0.3235 0.3473
vt 0.3227 0.3473
vt 0.3227 0.3679
vt 0.3235 0.368
vt 0.0008 0.8354
vt 0.0001 0.8353
vt 0 0.8579
vt 0.0008 0.8579
vt 0.1589 0.8805
vt 0.1597 0.8804
vt 0.1597 0.8579
vt 0.1589 0.8579
vt 0.5719 0.3468
vt 0.5719 0.2981
vt 0.5711 0.2987
vt 0.5711 0.3468
vt 0.7634 0.7275
vt 0.7791 0.7275
vt 0.5779 0.2987
vt 0.577 0.2981
vt 0.577 0.3468
vt 0.5779 0.3468
vt 0.208 0.4433
vt 0.2088 0.4433
vt 0.2088 0.3959
vt 0.208 0.3951
vt 0.0468 0.3017
vt 0.046 0.3017
vt 0.1674 0.282
vt 0.168 0.283
vt 0.202 0.283
vt 0.202 0.2821
vt 0.2898 0.2762
vt 0.2558 0.2762
vt 0.255 0.277
vt 0.2898 0.277
vt 0.3679 0.3859
vt 0.3339 0.3859
vt 0.3333 0.387
vt 0.3679 0.3867
vt 0.0651 0.3164
vt 0.0811 0.3164
vt 0.0811 0.2199
vt 0.0651 0.2199
vt 0.7289 0.448
vt 0.7298 0.4474
vt 0.7298 0.3992
vt 0.7289 0.3992
vt 0.7298 0.7814
vt 0.729 0.7814
vt 0.7289 0.8294
vt 0.7298 0.8288
vt 0.7298 0.2903
vt 0.7289 0.2903
vt 0.7289 0.3383
vt 0.7298 0.3377
vt 0.7619 0.3419
vt 0.7619 0.341
vt 0.733 0.341
vt 0.7324 0.342
vt 0.6099 0.2894
vt 0.61 0.2886
vt 0.5811 0.2886
vt 0.5805 0.2896
vt 0.1304 0.4309
vt 0.1312 0.4309
vt 0.6293 0.5604
vt 0.6293 0.5611
vt 0.659 0.5611
vt 0.6581 0.5604
vt 0.8629 0.2958
vt 0.8622 0.2958
vt 0.5352 0.1533
vt 0.5344 0.1533
vt 0.5344 0.2371
vt 0.5352 0.2372
vt 0.7199 0.9428
vt 0.7193 0.9418
vt 0.6293 0.9418
vt 0.6293 0.9426
vt 0.568 0.2896
vt 0.5674 0.2886
vt 0.4774 0.2886
vt 0.4774 0.2894
vt 0.7199 0.8331
vt 0.7193 0.8321
vt 0.6293 0.8321
vt 0.6293 0.833
vt 0.1753 0.5997
vt 0.1597 0.6015
vt 0.1664 0.6303
vt 0.1783 0.6533
vt 0.2022 0.6841
vt 0.235 0.7044
vt 0.2677 0.7134
vt 0.3108 0.7158
vt 0.3108 0.7002
vt 0.2704 0.698
vt 0.2412 0.6901
vt 0.2127 0.6726
vt 0.1811 0.6249
vt 0.1916 0.6449
vt 0.9291 0.7275
vt 0.9283 0.7275
vt 0.2088 0.2863
vt 0.208 0.2854
vt 0.202 0.2762
vt 0.168 0.2762
vt 0.1672 0.277
vt 0.202 0.277
vt 0.1157 0.4309
vt 0.1165 0.4309
vt 0.9087 0.2958
vt 0.9079 0.2958
vt 0.134 0.2036
vt 0.1332 0.2036
vt 0.1332 0.3001
vt 0.134 0.3001
vn -0.755 -0.656 0
vn -0.755 -0.656 0
vn -0.755 -0.656 0
vn -0.755 -0.656 0
vn -0.697 0.717 0
vn -0.697 0.717 0
vn -0.697 0.717 0
vn -0.697 0.717 0
vn 0 -0.707 0.707
vn 0 -0.707 0.707
vn 0 -0.707 0.707
vn 0 -0.707 0.707
vn 1 0 0
vn 1 0 0
vn 1 0 0
vn 1 0 0
vn 0 0 1
vn 0 0 1
vn 0 0 1
vn 0 0 1
vn -0.707 0.707 0
vn -0.707 0.707 0
vn -0.707 0.707 0
vn -0.707 0.707 0
vn -1 0 0
vn -1 0 0
vn -1 0 0
vn -1 0 0
vn 0 -1 0
vn 0 -1 0
vn 0 -1 0
vn 0 -1 0
vn 0 0 1
vn 0 0 1
vn 0 0 1
vn 0 0 1
vn 0.707 0 0.707
vn 0.707 0 0.707
vn 0.707 0 0.707
vn 0.707 0 0.707
vn 1 0 0
vn 1 0 0
vn 1 0 0
vn 1 0 0
vn -1 0 0
vn -1 0 0
vn -1 0 0
vn -1 0 0
vn 0.707 0 -0.707
vn 0.707 0 -0.707
vn 0.707 0 -0.707
vn 0.707 0 -0.707
vn 0 0 -1
vn 0 0 -1
vn 0 0 -1
vn 0 0 -1
vn 0 1 0
vn 0 1 0
vn 0 1 0
vn 0 1 0
vn -1 0 0
vn -1 0 0
vn -1 0 0
vn -1 0 0
vn 0.707 -0.707 0
vn 0.707 -0.707 0
vn 0.707 -0.707 0
vn 0.707 -0.707 0
vn 0 0 1
vn 0 0 1
vn 0 0 1
vn 0 0 1
vn 0 -1 0
vn 0 -1 0
vn 0 -1 0
vn 0 -1 0
vn 0 1 0
vn 0 1 0
vn 0 1 0
vn 0 1 0
vn -0.707 -0.707 0
vn -0.707 -0.707 0
vn -0.707 -0.707 0
vn -0.707 -0.707 0
vn 1 0 0
vn 1 0 0
vn 1 0 0
vn 1 0 0
vn 1 0 0
vn 1 0 0
vn 1 0 0
vn 1 0 0
vn 0 -1 0
vn 0 -1 0
vn 0 -1 0
vn 0 -1 0
vn 0 0 1
vn 0 0 1
vn 0 0 1
vn 0 0 1
vn 0 0 1
vn 0 0 1
vn 0 0 1
vn 0 0 1
vn 0 0 1
vn 0 0 1
vn 0 0 1
vn 0 0 1
vn 0 0 1
vn 0 0 1
vn 0 0 1
vn 0 0 1
vn 0 0 1
vn 0 0 1
vn 0 0 1
vn 0 0 1
vn 0.998 0.057 0
vn 0.998 0.057 0
vn 0.998 0.057 0
vn 0.998 0.057 0
vn 0.965 -0.263 0
vn 0.965 -0.263 0
vn 0.965 -0.263 0
vn 0.965 -0.263 0
vn -0.964 0.266 0
vn -0.964 0.266 0
vn -0.964 0.266 0
vn -0.964 0.266 0
vn -0.999 -0.055 0
vn -0.999 -0.055 0
vn -0.999 -0.055 0
vn -0.999 -0.055 0
vn -0.999 -0.055 0
vn -0.999 -0.055 0
vn -0.999 -0.055 0
vn -0.999 -0.055 0
vn 0 -1 0
vn 0 -1 0
vn 0 -1 0
vn 0 -1 0
vn -0.606 -0.795 0
vn -0.606 -0.795 0
vn -0.606 -0.795 0
vn -0.606 -0.795 0
vn -0.606 -0.795 0
vn -0.606 -0.795 0
vn -0.606 -0.795 0
vn -0.606 -0.795 0
vn -0.611 0.792 0
vn -0.611 0.792 0
vn -0.611 0.792 0
vn -0.611 0.792 0
vn -0.611 0.792 0
vn -0.611 0.792 0
vn -0.611 0.792 0
vn -0.611 0.792 0
vn -0.606 -0.795 0
vn -0.606 -0.795 0
vn -0.606 -0.795 0
vn -0.606 -0.795 0
vn -0.606 -0.795 0
vn -0.606 -0.795 0
vn -0.606 -0.795 0
vn -0.606 -0.795 0
vn -0.851 -0.524 0
vn -0.851 -0.524 0
vn -0.851 -0.524 0
vn -0.851 -0.524 0
vn -0.325 -0.628 0.707
vn -0.325 -0.628 0.707
vn -0.325 -0.628 0.707
vn -0.325 -0.628 0.707
vn -0.46 -0.888 0
vn -0.46 -0.888 0
vn -0.46 -0.888 0
vn -0.46 -0.888 0
vn -0.226 -0.974 0
vn -0.226 -0.974 0
vn -0.226 -0.974 0
vn -0.226 -0.974 0
vn 0 0 -1
vn 0 0 -1
vn 0 0 -1
vn 0 0 -1
vn 0 0 -1
vn 0 0 -1
vn 0 0 -1
vn 0 0 -1
vn 0 0 -1
vn 0 0 -1
vn 0 0 -1
vn 0 0 -1
vn 0 0 -1
vn 0 0 -1
vn 0 0 -1
vn 0 0 -1
vn 0.227 0.974 0
vn 0.227 0.974 0
vn 0.227 0.974 0
vn 0.227 0.974 0
vn 0.003 1 0
vn 0.003 1 0
vn 0.003 1 0
vn 0.003 1 0
vn 0 1 0
vn 0 1 0
vn 0 1 0
vn 0 1 0
vn 0.998 0.057 0
vn 0.998 0.057 0
vn 0.998 0.057 0
vn 0.998 0.057 0
vn -0.965 -0.263 0
vn -0.965 -0.263 0
vn -0.965 -0.263 0
vn -0.965 -0.263 0
vn -0.964 0.266 0
vn -0.964 0.266 0
vn -0.964 0.266 0
vn -0.964 0.266 0
vn 0.999 -0.055 0
vn 0.999 -0.055 0
vn 0.999 -0.055 0
vn 0.999 -0.055 0
vn 0 -1 0
vn 0 -1 0
vn 0 -1 0
vn 0 -1 0
vn -0.606 -0.795 0
vn -0.606 -0.795 0
vn -0.606 -0.795 0
vn -0.606 -0.795 0
vn 0.611 0.792 0
vn 0.611 0.792 0
vn 0.611 0.792 0
vn 0.611 0.792 0
vn 0.611 0.792 0
vn 0.611 0.792 0
vn 0.611 0.792 0
vn 0.611 0.792 0
vn 0.85 0.527 0
vn 0.85 0.527 0
vn 0.85 0.527 0
vn 0.85 0.527 0
vn 0.851 -0.524 0
vn 0.851 -0.524 0
vn 0.851 -0.524 0
vn 0.851 -0.524 0
vn 0.003 -1 0
vn 0.003 -1 0
vn 0.003 -1 0
vn 0.003 -1 0
vn -0.46 -0.888 0
vn -0.46 -0.888 0
vn -0.46 -0.888 0
vn -0.46 -0.888 0
vn 0.458 0.889 0
vn 0.458 0.889 0
vn 0.458 0.889 0
vn 0.458 0.889 0
vn -0.601 0.373 -0.707
vn -0.601 0.373 -0.707
vn -0.601 0.373 -0.707
vn -0.601 0.373 -0.707
vn 0.227 0.974 0
vn 0.227 0.974 0
vn 0.227 0.974 0
vn 0.227 0.974 0
vn 0 0 1
vn 0 0 1
vn 0 0 1
vn 0 0 1
vn 0 0 1
vn 0 0 1
vn 0 0 1
vn 0 0 1
vn 0 0 1
vn 0 0 1
vn 0 0 1
vn 0 0 1
vn 0 0 1
vn 0 0 1
vn 0 0 1
vn 0 0 1
vn 0.003 1 0
vn 0.003 1 0
vn 0.003 1 0
vn 0.003 1 0
vn 0 0 -1
vn 0 0 -1
vn 0 0 -1
vn 0 0 -1
vn 0 0 -1
vn 0 0 -1
vn 0 0 -1
vn 0 0 -1
vn 0 0 -1
vn 0 0 -1
vn 0 0 -1
vn 0 0 -1
vn 0 0 -1
vn 0 0 -1
vn 0 0 -1
vn 0 0 -1
vn 0.677 0.736 0
vn 0.677 0.736 0
vn 0.677 0.736 0
vn 0.677 0.736 0
vn 0 -1 0
vn 0 -1 0
vn 0 -1 0
vn 0 -1 0
vn 0 1 0
vn 0 1 0
vn 0 1 0
vn 0 1 0
vn 0 -0.707 0.707
vn 0 -0.707 0.707
vn 0 -0.707 0.707
vn 0 -0.707 0.707
vn 0.755 -0.656 0
vn 0.755 -0.656 0
vn 0.755 -0.656 0
vn 0.755 -0.656 0
vn 0.697 0.717 0
vn 0.697 0.717 0
vn 0.697 0.717 0
vn 0.697 0.717 0
vn 0 1 0
vn 0 1 0
vn 0 1 0
vn 0 1 0
vn -1 0 0
vn -1 0 0
vn -1 0 0
vn -1 0 0
vn 1 0 0
vn 1 0 0
vn 1 0 0
vn 1 0 0
vn -1 0 0
vn -1 0 0
vn -1 0 0
vn -1 0 0
vn -0.677 0.736 0
vn -0.677 0.736 0
vn -0.677 0.736 0
vn -0.677 0.736 0
vn 0 -0.707 -0.707
vn 0 -0.707 -0.707
vn 0 -0.707 -0.707
vn 0 -0.707 -0.707
vn 1 0 0
vn 1 0 0
vn 1 0 0
vn 1 0 0
vn -1 0 0
vn -1 0 0
vn -1 0 0
vn -1 0 0
vn 1 0 0
vn 1 0 0
vn 1 0 0
vn 1 0 0
vn 0 1 0
vn 0 1 0
vn 0 1 0
vn 0 1 0
vn -1 0 0
vn -1 0 0
vn -1 0 0
vn -1 0 0
vn 0 1 0
vn 0 1 0
vn 0 1 0
vn 0 1 0
vn 0 -1 0
vn 0 -1 0
vn 0 -1 0
vn 0 -1 0
vn -1 0 0
vn -1 0 0
vn -1 0 0
vn -1 0 0
vn 0 1 0
vn 0 1 0
vn 0 1 0
vn 0 1 0
vn 0 1 0
vn 0 1 0
vn 0 1 0
vn 0 1 0
vn -0.707 -0.707 0
vn -0.707 -0.707 0
vn -0.707 -0.707 0
vn -0.707 -0.707 0
vn 0 0 1
vn 0 0 1
vn 0 0 1
vn 0 0 1
vn 0 0 1
vn 0 0 1
vn 0 0 1
vn 0 0 1
vn 0 0 1
vn 0 0 1
vn 0 0 1
vn 0 0 1
vn 0 0 1
vn 0 0 1
vn 0 0 1
vn 0 0 1
vn 0 0 1
vn 0 0 1
vn 0 0 1
vn 0 0 1
vn 0 0 1
vn 0 0 1
vn 0 0 1
vn 0 0 1
vn 0 0 1
vn 0 0 1
vn 0 0 1
vn 0 0 1
vn 0 0 1
vn 0 0 1
vn 0 0 1
vn 0 0 1
vn 0 0 -1
vn 0 0 -1
vn 0 0 -1
vn 0 0 -1
vn 0 1 0
vn 0 1 0
vn 0 1 0
vn 0 1 0
vn -1 0 0
vn -1 0 0
vn -1 0 0
vn -1 0 0
vn 0 1 0
vn 0 1 0
vn 0 1 0
vn 0 1 0
vn 1 0 0
vn 1 0 0
vn 1 0 0
vn 1 0 0
vn 0 1 0
vn 0 1 0
vn 0 1 0
vn 0 1 0
vn 0 0 -1
vn 0 0 -1
vn 0 0 -1
vn 0 0 -1
vn 0 -1 0
vn 0 -1 0
vn 0 -1 0
vn 0 -1 0
vn 0 -1 0
vn 0 -1 0
vn 0 -1 0
vn 0 -1 0
vn -1 0 0
vn -1 0 0
vn -1 0 0
vn -1 0 0
vn 0 1 0
vn 0 1 0
vn 0 1 0
vn 0 1 0
vn 0.707 0.707 0
vn 0.707 0.707 0
vn 0.707 0.707 0
vn 0.707 0.707 0
vn -1 0 0
vn -1 0 0
vn -1 0 0
vn -1 0 0
vn 1 0 0
vn 1 0 0
vn 1 0 0
vn 1 0 0
vn 0 1 0
vn 0 1 0
vn 0 1 0
vn 0 1 0
vn 0 -0.707 0.707
vn 0 -0.707 0.707
vn 0 -0.707 0.707
vn 0 -0.707 0.707
vn 0 0 1
vn 0 0 1
vn 0 0 1
vn 0 0 1
vn -1 0 0
vn -1 0 0
vn -1 0 0
vn -1 0 0
vn -1 0 0
vn -1 0 0
vn 0 0 -1
vn 0 0 -1
vn 0 0 -1
vn 0 0 -1
vn 0 0 -1
vn 0 0 -1
vn 0 0 -1
vn 0 0 -1
vn 0 0 -1
vn 0 0 -1
vn -0.707 0 0.707
vn -0.707 0 0.707
vn -0.707 0 0.707
vn -0.707 0 0.707
vn 0 0.668 -0.744
vn 0 0.668 -0.744
vn 0 0.668 -0.744
vn 0 0.668 -0.744
vn -0.003 -1 0
vn -0.003 -1 0
vn -0.003 -1 0
vn -0.003 -1 0
vn 0.755 -0.656 0
vn 0.755 -0.656 0
vn 0.755 -0.656 0
vn 0.755 -0.656 0
vn 0.697 0.717 0
vn 0.697 0.717 0
vn 0.697 0.717 0
vn 0.697 0.717 0
vn 0 0 -1
vn 0 0 -1
vn 0 0 -1
vn 0 0 -1
vn 0 0 -1
vn 0 0 -1
vn 0 0 -1
vn 0 0 -1
vn -0.677 0.736 0
vn -0.677 0.736 0
vn -0.677 0.736 0
vn -0.677 0.736 0
vn 1 0 0
vn 1 0 0
vn 1 0 0
vn 1 0 0
vn 0.707 0 0.707
vn 0.707 0 0.707
vn 0.707 0 0.707
vn 0.707 0 0.707
vn 0 0 1
vn 0 0 1
vn 0 0 1
vn 0 0 1
vn 0 1 0
vn 0 1 0
vn 0 1 0
vn 0 1 0
vn 1 0 0
vn 1 0 0
vn 0 1 0
vn 0 1 0
vn 0 0 1
vn 0 0 1
vn 0 0 1
vn 0 0 1
vn -1 0 0
vn -1 0 0
vn -1 0 0
vn -1 0 0
vn -1 0 0
vn -1 0 0
vn -1 0 0
vn -1 0 0
vn 0 -0.707 -0.707
vn 0 -0.707 -0.707
vn 0 -0.707 0.707
vn 0 -0.707 0.707
vn 0 -0.707 0.707
vn 0 -0.707 0.707
vn 0 -1 0
vn 0 -1 0
vn 0 -1 0
vn 0 -1 0
vn 0 1 0
vn 0 1 0
vn 0 1 0
vn 0 1 0
vn 0 -0.707 -0.707
vn 0 -0.707 -0.707
vn 0 -0.707 -0.707
vn 0 -0.707 -0.707
vn 0 0 -1
vn 0 0 -1
vn 0 0 -1
vn 0 0 -1
vn 1 0 0
vn 1 0 0
vn 1 0 0
vn 1 0 0
vn 0 0 1
vn 0 0 1
vn 0 0 1
vn 0 0 1
vn 0 1 0
vn 0 1 0
vn 0 0 -1
vn 0 0 -1
vn 0 0 -1
vn 0 0 -1
vn 0 0 -1
vn 0 0 -1
vn 0 0 -1
vn 0 0 -1
vn 0 0 -1
vn 0 0 -1
vn 0 0 -1
vn 0 0 -1
vn 0 0 -1
vn 0 0 -1
vn 0 0 -1
vn 0 0 -1
vn 0 0.707 0.707
vn 0 0.707 0.707
vn 0 0.707 0.707
vn 0 0.707 0.707
vn -1 0 0
vn -1 0 0
vn -1 0 0
vn -1 0 0
vn 0 -0.707 -0.707
vn 0 -0.707 -0.707
vn 0 -0.707 -0.707
vn 0 -0.707 -0.707
vn 0 0 1
vn 0 0 1
vn 0 0 1
vn 0 0 1
vn 0 1 0
vn 0 1 0
vn 0 1 0
vn 0 1 0
vn 0 -1 0
vn 0 -1 0
vn 0 -1 0
vn 0 -1 0
vn 0 0.707 0.707
vn 0 0.707 0.707
vn 0 0.707 0.707
vn 0 0.707 0.707
vn 0 0 1
vn 0 0 1
vn 0 0 1
vn 0 0 1
vn 0 0 1
vn 0 0 1
vn 0 0 1
vn 0 0 1
vn 0 0 1
vn 0 0 1
vn -1 0 0
vn -1 0 0
vn -1 0 0
vn -1 0 0
vn 0 -1 0
vn 0 -1 0
vn 0 -1 0
vn 0 -1 0
vn 0 0 1
vn 0 0 1
vn 0 0 1
vn 0 0 1
vn 0 0 1
vn 0 0 1
vn 0 0 1
vn 0 0 1
vn 0 0 1
vn 0 0 1
vn 0 0 1
vn 0 0 1
vn 0 0 1
vn 0 0 1
vn 0 0 1
vn 0 0 1
vn 0 0 1
vn 0 0 1
vn 0 0 1
vn 0 0 1
vn 0.999 -0.055 0
vn 0.999 -0.055 0
vn 0.999 -0.055 0
vn 0.999 -0.055 0
vn 0.999 -0.055 0
vn 0.999 -0.055 0
vn 0.999 -0.055 0
vn 0.999 -0.055 0
vn -0.998 0.057 0
vn -0.998 0.057 0
vn -0.998 0.057 0
vn -0.998 0.057 0
vn 0.964 0.266 0
vn 0.964 0.266 0
vn 0.964 0.266 0
vn 0.964 0.266 0
vn 0 -1 0
vn 0 -1 0
vn 0 -1 0
vn 0 -1 0
vn 0.965 -0.263 0
vn 0.965 -0.263 0
vn 0.965 -0.263 0
vn 0.965 -0.263 0
vn -0.602 -0.371 -0.708
vn -0.602 -0.371 -0.708
vn -0.602 -0.371 -0.708
vn -0.602 -0.371 -0.708
vn -0.642 -0.002 -0.767
vn -0.642 -0.002 -0.767
vn -0.642 -0.002 -0.767
vn -0.642 -0.002 -0.767
vn 0.85 0.527 0
vn 0.85 0.527 0
vn 0.85 0.527 0
vn 0.85 0.527 0
vn 0 0 1
vn 0 0 1
vn 0 0 1
vn 0 0 1
vn 0 0 1
vn 0 0 1
vn 0 0 1
vn 0 0 1
vn 0 0 1
vn 0 0 1
vn 0 0 1
vn 0 0 1
vn 0 0 1
vn 0 0 1
vn -0.851 -0.524 0
vn -0.851 -0.524 0
vn -0.851 -0.524 0
vn -0.851 -0.524 0
vn -0.851 -0.524 0
vn -0.851 -0.524 0
vn -0.851 -0.524 0
vn -0.851 -0.524 0
vn -0.458 0.889 0
vn -0.458 0.889 0
vn -0.458 0.889 0
vn -0.458 0.889 0
vn 0.46 -0.888 0
vn 0.46 -0.888 0
vn 0.46 -0.888 0
vn 0.46 -0.888 0
vn -0.227 0.974 0
vn -0.227 0.974 0
vn -0.227 0.974 0
vn -0.227 0.974 0
vn 0.428 -0.562 -0.708
vn 0.428 -0.562 -0.708
vn 0.428 -0.562 -0.708
vn 0.428 -0.562 -0.708
vn -0.003 1 0
vn -0.003 1 0
vn -0.003 1 0
vn -0.003 1 0
vn -1 0 0
vn -1 0 0
vn -1 0 0
vn -1 0 0
vn -1 0 0
vn -1 0 0
vn -1 0 0
vn -1 0 0
vn -0.999 -0.055 0
vn -0.999 -0.055 0
vn -0.999 -0.055 0
vn -0.999 -0.055 0
vn -0.998 0.057 0
vn -0.998 0.057 0
vn -0.998 0.057 0
vn -0.998 0.057 0
vn -0.707 -0.707 0
vn -0.707 -0.707 0
vn -0.707 -0.707 0
vn -0.707 -0.707 0
vn -0.458 0.889 0
vn -0.458 0.889 0
vn -0.458 0.889 0
vn -0.458 0.889 0
vn 0 -1 0
vn 0 -1 0
vn 0 -1 0
vn 0 -1 0
vn 0.965 -0.263 0
vn 0.965 -0.263 0
vn 0.965 -0.263 0
vn 0.965 -0.263 0
vn -0.611 0.792 0
vn -0.611 0.792 0
vn -0.611 0.792 0
vn -0.611 0.792 0
vn -0.611 0.792 0
vn -0.611 0.792 0
vn -0.611 0.792 0
vn -0.611 0.792 0
vn 0.851 -0.524 0
vn 0.851 -0.524 0
vn 0.851 -0.524 0
vn 0.851 -0.524 0
vn 0.851 -0.524 0
vn 0.851 -0.524 0
vn 0.851 -0.524 0
vn 0.851 -0.524 0
vn -0.85 0.527 0
vn -0.85 0.527 0
vn -0.85 0.527 0
vn -0.85 0.527 0
vn 0.85 0.527 0
vn 0.85 0.527 0
vn 0.85 0.527 0
vn 0.85 0.527 0
vn 0 0 1
vn 0 0 1
vn 0 0 1
vn 0 0 1
vn 0 0 1
vn 0 0 1
vn 0 0 1
vn 0 0 1
vn 0 0 1
vn 0 0 1
vn 0 0 1
vn 0 0 1
vn 0 0 1
vn 0 0 1
vn 0 0.667 -0.745
vn 0 0.667 -0.745
vn 0 0.667 -0.745
vn 0 0.667 -0.745
vn -0.965 -0.263 0
vn -0.965 -0.263 0
vn -0.965 -0.263 0
vn -0.965 -0.263 0
vn -0.227 0.974 0
vn -0.227 0.974 0
vn -0.227 0.974 0
vn -0.227 0.974 0
vn 0 1 0
vn 0 1 0
vn 0.226 -0.974 0
vn 0.226 -0.974 0
vn 0.226 -0.974 0
vn 0.226 -0.974 0
vn 0.003 1 0
vn 0.003 1 0
vn 0.003 1 0
vn 0.003 1 0
vn -1 0 0
vn -1 0 0
vn -1 0 0
vn -1 0 0
vn -1 0 0
vn -1 0 0
vn -1 0 0
vn -1 0 0
vn 0.707 0.707 0
vn 0.707 0.707 0
vn 0.707 0.707 0
vn 0.707 0.707 0
vn 0 -1 0
vn 0 -1 0
vn -1 0 0
vn -1 0 0
vn -1 0 0
vn -1 0 0
vn -1 0 0
vn -1 0 0
vn -1 0 0
vn -1 0 0
vn -0.697 0.717 0
vn -0.697 0.717 0
vn -0.697 0.717 0
vn -0.697 0.717 0
vn -0.755 -0.656 0
vn -0.755 -0.656 0
vn -0.755 -0.656 0
vn -0.755 -0.656 0
vn 0 -1 0
vn 0 -1 0
vn 0 -1 0
vn 0 -1 0
vn 0 1 0
vn 0 1 0
vn -1 0 0
vn -1 0 0
vn -1 0 0
vn -1 0 0
vn -1 0 0
vn -1 0 0
vn -1 0 0
vn -1 0 0
vn 1 0 0
vn 1 0 0
vn 1 0 0
vn 1 0 0
vn -1 0 0
vn -1 0 0
vn 1 0 0
vn 1 0 0
vn 1 0 0
vn 1 0 0
vn 0.677 0.736 0
vn 0.677 0.736 0
vn 0.677 0.736 0
vn 0.677 0.736 0
vn 0.707 -0.707 0
vn 0.707 -0.707 0
vn 0.707 -0.707 0
vn 0.707 -0.707 0
vn -1 0 0
vn -1 0 0
vn -1 0 0
vn -1 0 0
vn 0 1 0
vn 0 1 0
vn 0 1 0
vn 0 1 0
vn 1 0 0
vn 1 0 0
vn 1 0 0
vn 1 0 0
vn 0 -1 0
vn 0 -1 0
vn 0 -1 0
vn 0 -1 0
vn -1 0 0
vn -1 0 0
vn -1 0 0
vn -1 0 0
vn 1 0 0
vn 1 0 0
vn 1 0 0
vn 1 0 0
vn 0 1 0
vn 0 1 0
vn 0 1 0
vn 0 1 0
vn 0 -0.707 -0.707
vn 0 -0.707 -0.707
vn 0 1 0
vn 0 1 0
vn 0 1 0
vn 0 1 0
vn 0 1 0
vn 0 1 0
vn 0 1 0
vn 0 1 0
vn 0 -1 0
vn 0 -1 0
vn 0 0 -1
vn 0 0 -1
vn 0 0 -1
vn 0 0 -1
vn 0 -1 0
vn 0 -1 0
vn 0 -1 0
vn 0 -1 0
vn 0 -1 0
vn 0 -1 0
vn 0 -1 0
vn 0 -1 0
vn 1 0 0
vn 1 0 0
vn 1 0 0
vn 1 0 0
vn 0 -1 0
vn 0 -1 0
vn 0 -1 0
vn 0 -1 0
vn 0 0 -1
vn 0 0 -1
vn 0 1 0
vn 0 1 0
vn -1 0 0
vn -1 0 0
vn -1 0 0
vn -1 0 0
vn -1 0 0
vn -1 0 0
vn -1 0 0
vn -1 0 0
vn -1 0 0
vn -1 0 0
vn -1 0 0
vn -1 0 0
vn 1 0 0
vn 1 0 0
vn 1 0 0
vn 1 0 0
vn 0 0 -1
vn 0 0 -1
vn 0 0 -1
vn 0 0 -1
vn 0 0 -1
vn 0 0 -1
vn 0 0 -1
vn 0 0 -1
vn 0 0 -1
vn 0 0 -1
vn 0 -1 0
vn 0 -1 0
vn -0.707 0.707 0
vn -0.707 0.707 0
vn -0.755 -0.656 0
vn -0.755 -0.656 0
vn -0.755 -0.656 0
vn -0.755 -0.656 0
vn -0.697 0.717 0
vn -0.697 0.717 0
vn -0.697 0.717 0
vn -0.697 0.717 0
vn 0.677 0.736 0
vn 0.677 0.736 0
vn 0.677 0.736 0
vn 0.677 0.736 0
vn -1 0 0
vn -1 0 0
vn 0 0 -1
vn 0 0 -1
vn 0 0 -1
vn 0 0 -1
vn 0 0 1
vn 0 0 1
vn 0 0 1
vn 0 0 1
vn 0 0 1
vn 0 0 1
vn 0 0 1
vn 0 0 1
vn 1 0 0
vn 1 0 0
vn 0 -1 0
vn 0 -1 0
vn 0.707 0 -0.707
vn 0.707 0 -0.707
vn 0.707 0 -0.707
vn 0.707 0 -0.707
vn -1 0 0
vn -1 0 0
vn -1 0 0
vn -1 0 0
vn 0 -1 0
vn 0 -1 0
vn 0 -1 0
vn 0 -1 0
vn 0 -1 0
vn 0 -1 0
vn 0 -1 0
vn 0 -1 0
vn 0 -1 0
vn 0 -1 0
vn 0 1 0
vn 0 1 0
vn 0 -1 0
vn 0 -1 0
vn 0 0 -1
vn 0 0 -1
vn 0 0 -1
vn 0 0 -1
vn 0 0 1
vn 0 0 1
vn 0 0 1
vn 0 0 1
vn 0 0 1
vn 0 0 1
vn 0 0 1
vn 0 0 1
vn 1 0 0
vn 1 0 0
vn 0 1 0
vn 0 1 0
vn -0.707 0 -0.707
vn -0.707 0 -0.707
vn -0.707 0 -0.707
vn -0.707 0 -0.707
vn -1 0 0
vn -1 0 0
vn 0 1 0
vn 0 1 0
vn 0 1 0
vn 0 1 0
vn 0 0 -1
vn 0 0 -1
vn 0 0 -1
vn 0 0 -1
vn 0 -0.707 -0.707
vn 0 -0.707 -0.707
vn 0 -0.707 -0.707
vn 0 -0.707 -0.707
vn 0 0 1
vn 0 0 1
vn 0 0 1
vn 0 0 1
vn 0 0 1
vn 0 0 1
vn 0 0 1
vn 0 0 1
vn 0 -0.707 -0.707
vn 0 -0.707 -0.707
vn 0 -0.707 -0.707
vn 0 -0.707 -0.707
vn 0 0.707 -0.707
vn 0 0.707 -0.707
vn 0 0.707 -0.707
vn 0 0.707 -0.707
vn 0 0 1
vn 0 0 1
vn 0 0 1
vn 0 0 1
vn 0 0 1
vn 0 0 1
vn 0 0 1
vn 0 0 1
vn 0 0 1
vn 0 0 1
vn 0 0 -1
vn 0 0 -1
vn 0 0 -1
vn 0 0 -1
vn 0 0 -1
vn 0 0 -1
vn 0 0 -1
vn 0 0 -1
vn 0 0 -1
vn 0 0 -1
vn 0 0 -1
vn 0 0 -1
vn 0 0 -1
vn 0 0 -1
vn -1 0 0
vn -1 0 0
vn -1 0 0
vn -1 0 0
vn 0.227 0.974 0
vn 0.227 0.974 0
vn 0.227 0.974 0
vn 0.227 0.974 0
vn 0 0 -1
vn 0 0 -1
vn 0 0 -1
vn 0 0 -1
vn -0.999 -0.055 0
vn -0.999 -0.055 0
vn -0.999 -0.055 0
vn -0.999 -0.055 0
vn 0.614 -0.003 0.79
vn 0.614 -0.003 0.79
vn 0.614 -0.003 0.79
vn 0.614 -0.003 0.79
vn -0.707 0.707 0
vn -0.707 0.707 0
vn -0.707 0.707 0
vn -0.707 0.707 0
vn 0.458 0.889 0
vn 0.458 0.889 0
vn 0.458 0.889 0
vn 0.458 0.889 0
vn 0.002 0.707 -0.707
vn 0.002 0.707 -0.707
vn 0.002 0.707 -0.707
vn 0.002 0.707 -0.707
vn 0 -1 0
vn 0 -1 0
vn 0 -1 0
vn 0 -1 0
vn -0.965 -0.263 0
vn -0.965 -0.263 0
vn -0.965 -0.263 0
vn -0.965 -0.263 0
vn -0.16 -0.689 -0.707
vn -0.16 -0.689 -0.707
vn -0.16 -0.689 -0.707
vn -0.16 -0.689 -0.707
vn 0.611 0.792 0
vn 0.611 0.792 0
vn 0.611 0.792 0
vn 0.611 0.792 0
vn 0.611 0.792 0
vn 0.611 0.792 0
vn 0.611 0.792 0
vn 0.611 0.792 0
vn 0.851 -0.524 0
vn 0.851 -0.524 0
vn 0.851 -0.524 0
vn 0.851 -0.524 0
vn -0.85 0.527 0
vn -0.85 0.527 0
vn -0.85 0.527 0
vn -0.85 0.527 0
vn 0.606 -0.795 0
vn 0.606 -0.795 0
vn 0.606 -0.795 0
vn 0.606 -0.795 0
vn 0.606 -0.795 0
vn 0.606 -0.795 0
vn 0.606 -0.795 0
vn 0.606 -0.795 0
vn 0.003 -1 0
vn 0.003 -1 0
vn 0.003 -1 0
vn 0.003 -1 0
vn 0.458 0.889 0
vn 0.458 0.889 0
vn 0.458 0.889 0
vn 0.458 0.889 0
vn -0.226 -0.974 0
vn -0.226 -0.974 0
vn -0.226 -0.974 0
vn -0.226 -0.974 0
vn -0.965 -0.263 0
vn -0.965 -0.263 0
vn -0.965 -0.263 0
vn -0.965 -0.263 0
vn -0.226 -0.974 0
vn -0.226 -0.974 0
vn -0.226 -0.974 0
vn -0.226 -0.974 0
vn 0.682 0.188 0.707
vn 0.682 0.188 0.707
vn 0.682 0.188 0.707
vn 0.682 0.188 0.707
vn 0.416 0.54 -0.732
vn 0.416 0.54 -0.732
vn 0.416 0.54 -0.732
vn 0.416 0.54 -0.732
vn 0.416 0.54 -0.732
vn 0.416 0.54 -0.732
vn -0.998 0.057 0
vn -0.998 0.057 0
vn -0.998 0.057 0
vn -0.998 0.057 0
vn 0.998 0.057 0
vn 0.998 0.057 0
vn 0.998 0.057 0
vn 0.998 0.057 0
vn 0.964 0.266 0
vn 0.964 0.266 0
vn 0.964 0.266 0
vn 0.964 0.266 0
vn 0 -1 0
vn 0 -1 0
vn 0 -1 0
vn 0 -1 0
vn 0.46 -0.888 0
vn 0.46 -0.888 0
vn 0.46 -0.888 0
vn 0.46 -0.888 0
vn -0.611 0.792 0
vn -0.611 0.792 0
vn -0.611 0.792 0
vn -0.611 0.792 0
vn -0.611 0.792 0
vn -0.611 0.792 0
vn -0.611 0.792 0
vn -0.611 0.792 0
vn 0.851 -0.524 0
vn 0.851 -0.524 0
vn 0.851 -0.524 0
vn 0.851 -0.524 0
vn 0.606 -0.795 0
vn 0.606 -0.795 0
vn 0.606 -0.795 0
vn 0.606 -0.795 0
vn -0.606 -0.795 0
vn -0.606 -0.795 0
vn -0.606 -0.795 0
vn -0.606 -0.795 0
vn -0.003 -1 0
vn -0.003 -1 0
vn -0.003 -1 0
vn -0.003 -1 0
vn 0 -1 0
vn 0 -1 0
vn 0 -1 0
vn 0 -1 0
vn -0.458 0.889 0
vn -0.458 0.889 0
vn -0.458 0.889 0
vn -0.458 0.889 0
vn 0.46 -0.888 0
vn 0.46 -0.888 0
vn 0.46 -0.888 0
vn 0.46 -0.888 0
vn -0.416 0.54 0.732
vn -0.416 0.54 0.732
vn -0.416 0.54 0.732
vn -0.416 0.54 0.732
vn -0.416 0.54 0.732
vn -0.416 0.54 0.732
vn -0.226 -0.974 0
vn -0.226 -0.974 0
vn -0.226 -0.974 0
vn -0.226 -0.974 0
vn -0.003 1 0
vn -0.003 1 0
vn -0.003 1 0
vn -0.003 1 0
vn 0 1 0
vn 0 1 0
vn 0 1 0
vn 0 1 0
vn 0 1 0
vn 0 1 0
vn -0.707 -0.707 0
vn -0.707 -0.707 0
vn -0.707 -0.707 0
vn -0.707 -0.707 0
vn 0.697 0.717 0
vn 0.697 0.717 0
vn 0.697 0.717 0
vn 0.697 0.717 0
vn 0.755 -0.656 0
vn 0.755 -0.656 0
vn 0.755 -0.656 0
vn 0.755 -0.656 0
vn 0 -1 0
vn 0 -1 0
vn 0 -1 0
vn 0 -1 0
vn 0 1 0
vn 0 1 0
vn 0 1 0
vn 0 1 0
vn 0 1 0
vn 0 1 0
vn 0 1 0
vn 0 1 0
vn 0 0 1
vn 0 0 1
vn 0 0 1
vn 0 0 1
vn 0 0 1
vn 0 0 1
vn 0 0 1
vn 0 0 1
vn -1 0 0
vn -1 0 0
vn -1 0 0
vn -1 0 0
vn -1 0 0
vn -1 0 0
vn 0 -1 0
vn 0 -1 0
vn 0 -1 0
vn 0 -1 0
vn -0.677 0.736 0
vn -0.677 0.736 0
vn -0.677 0.736 0
vn -0.677 0.736 0
vn 0 -0.707 -0.707
vn 0 -0.707 -0.707
vn 0 -0.707 -0.707
vn 0 -0.707 -0.707
vn 0 0 1
vn 0 0 1
vn 0 0 1
vn 0 0 1
vn 0 0 1
vn 0 0 1
vn 0 0 1
vn 0 0 1
vn -1 0 0
vn -1 0 0
vn -1 0 0
vn -1 0 0
vn 1 0 0
vn 1 0 0
vn 1 0 0
vn 1 0 0
vn 0 1 0
vn 0 1 0
vn 0 1 0
vn 0 1 0
vn 0 0 -1
vn 0 0 -1
vn 0 0 -1
vn 0 0 -1
vn 0 0 -1
vn 0 0 -1
vn 0 0 -1
vn 0 0 -1
vn 0 0 -1
vn 0 0 -1
vn 0 0 -1
vn 0 0 -1
vn 0 0 -1
vn 0 0 -1
vn 0 0 -1
vn 0 0 -1
vn -1 0 0
vn -1 0 0
vn -1 0 0
vn -1 0 0
vn 0 1 0
vn 0 1 0
vn 0 1 0
vn 0 1 0
vn 1 0 0
vn 1 0 0
vn 1 0 0
vn 1 0 0
vn 0 1 0
vn 0 1 0
vn 0 1 0
vn 0 1 0
vn -1 0 0
vn -1 0 0
vn -1 0 0
vn -1 0 0
vn 0 1 0
vn 0 1 0
vn 0 1 0
vn 0 1 0
vn 0 0 -1
vn 0 0 -1
vn 0 0 -1
vn 0 0 -1
vn 0 1 0
vn 0 1 0
vn 0 1 0
vn 0 1 0
vn 0 1 0
vn 0 1 0
vn 0 1 0
vn 0 1 0
vn 1 0 0
vn 1 0 0
vn 1 0 0
vn 1 0 0
vn 0 -1 0
vn 0 -1 0
vn 0 -1 0
vn 0 -1 0
vn -1 0 0
vn -1 0 0
vn -1 0 0
vn -1 0 0
vn 0 -1 0
vn 0 -1 0
vn 0 -1 0
vn 0 -1 0
vn 0 0 1
vn 0 0 1
vn 0 0 1
vn 0 0 1
vn 0 0 -1
vn 0 0 -1
vn 0 0 -1
vn 0 0 -1
vn 0 1 0
vn 0 1 0
vn 0 1 0
vn 0 1 0
vn 0 -1 0
vn 0 -1 0
vn 0 -1 0
vn 0 -1 0
vn 1 0 0
vn 1 0 0
vn 1 0 0
vn 1 0 0
vn -1 0 0
vn -1 0 0
vn -1 0 0
vn -1 0 0
vn 0 -0.707 0.707
vn 0 -0.707 0.707
vn 0 -0.707 0.707
vn 0 -0.707 0.707
vn -1 0 0
vn -1 0 0
vn -1 0 0
vn -1 0 0
vn 0 -1 0
vn 0 -1 0
vn 0 -1 0
vn 0 -1 0
vn 0 0 -1
vn 0 0 -1
vn 0 0 -1
vn 0 0 -1
vn 0 0 -1
vn 0 0 -1
vn 0 0 -1
vn 0 0 -1
vn 0 0 -1
vn 0 0 -1
vn 0 0 -1
vn 0 0 -1
vn 0 0 -1
vn 0 0 -1
vn -0.003 -1 0
vn -0.003 -1 0
vn -0.003 -1 0
vn -0.003 -1 0
vn -0.003 -1 0
vn -0.003 -1 0
vn -0.003 -1 0
vn -0.003 -1 0
vn 0 0.707 -0.707
vn 0 0.707 -0.707
vn 0 0.707 -0.707
vn 0 0.707 -0.707
vn 0.755 -0.656 0
vn 0.755 -0.656 0
vn 0.755 -0.656 0
vn 0.755 -0.656 0
vn 0.697 0.717 0
vn 0.697 0.717 0
vn 0.697 0.717 0
vn 0.697 0.717 0
vn 0 -1 0
vn 0 -1 0
vn 1 0 0
vn 1 0 0
vn 0 0 -1
vn 0 0 -1
vn 0 0 -1
vn 0 0 -1
vn 0 0 1
vn 0 0 1
vn 0 0 1
vn 0 0 1
vn 0 0 1
vn 0 0 1
vn 0 0 1
vn 0 0 1
vn 1 0 0
vn 1 0 0
vn 0 0 -1
vn 0 0 -1
vn 0 0 -1
vn 0 0 -1
vn 0 0 1
vn 0 0 1
vn 0 0 1
vn 0 0 1
vn 0 0 1
vn 0 0 1
vn 0 0 1
vn 0 0 1
vn 1 0 0
vn 1 0 0
vn -1 0 0
vn -1 0 0
vn 1 0 0
vn 1 0 0
vn 1 0 0
vn 1 0 0
vn 0 -1 0
vn 0 -1 0
vn 0 1 0
vn 0 1 0
vn 0 0.707 -0.707
vn 0 0.707 -0.707
vn 0 0.707 -0.707
vn 0 0.707 -0.707
vn 1 0 0
vn 1 0 0
vn 1 0 0
vn 1 0 0
vn 0 0 -1
vn 0 0 -1
vn 0 0 -1
vn 0 0 -1
vn 0 1 0
vn 0 1 0
vn 0.707 -0.707 0
vn 0.707 -0.707 0
vn 0.707 -0.707 0
vn 0.707 -0.707 0
vn -1 0 0
vn -1 0 0
vn -1 0 0
vn -1 0 0
vn 1 0 0
vn 1 0 0
vn 0 1 0
vn 0 1 0
vn 0 1 0
vn 0 1 0
vn 0 0 -1
vn 0 0 -1
vn 0 0 -1
vn 0 0 -1
vn 0 0 1
vn 0 0 1
vn 0 0 1
vn 0 0 1
vn 0 0 1
vn 0 0 1
vn 0 0 1
vn 0 0 1
vn 0 1 0
vn 0 1 0
vn 1 0 0
vn 1 0 0
vn 0 0 1
vn 0 0 1
vn 0 0 1
vn 0 0 1
vn 0 0 1
vn 0 0 1
vn 0 0 1
vn 0 0 1
vn 0 0 1
vn 0 0 1
vn 0 0 1
vn 0 0 1
vn 0 0 1
vn 0 0 1
vn 0 0 1
vn 0 0 1
vn 0.707 -0.707 0
vn 0.707 -0.707 0
vn 0 -0.707 0.707
vn 0 -0.707 0.707
vn 0 0 -1
vn 0 0 -1
vn 0 0 -1
vn 0 0 -1
vn -0.998 0.057 0
vn -0.998 0.057 0
vn -0.998 0.057 0
vn -0.998 0.057 0
vn -0.46 -0.888 0
vn -0.46 -0.888 0
vn -0.46 -0.888 0
vn -0.46 -0.888 0
vn -0.964 0.266 0
vn -0.964 0.266 0
vn -0.964 0.266 0
vn -0.964 0.266 0
vn -0.999 -0.055 0
vn -0.999 -0.055 0
vn -0.999 -0.055 0
vn -0.999 -0.055 0
vn 0 -1 0
vn 0 -1 0
vn 0 -1 0
vn 0 -1 0
vn 0.606 -0.795 0
vn 0.606 -0.795 0
vn 0.606 -0.795 0
vn 0.606 -0.795 0
vn 0.606 -0.795 0
vn 0.606 -0.795 0
vn 0.606 -0.795 0
vn 0.606 -0.795 0
vn 0.611 0.792 0
vn 0.611 0.792 0
vn 0.611 0.792 0
vn 0.611 0.792 0
vn 0.611 0.792 0
vn 0.611 0.792 0
vn 0.611 0.792 0
vn 0.611 0.792 0
vn -0.85 0.527 0
vn -0.85 0.527 0
vn -0.85 0.527 0
vn -0.85 0.527 0
vn -0.707 0 0.707
vn -0.707 0 0.707
vn -0.707 0 0.707
vn -0.707 0 0.707
vn -0.851 -0.524 0
vn -0.851 -0.524 0
vn -0.851 -0.524 0
vn -0.851 -0.524 0
vn 0.46 -0.888 0
vn 0.46 -0.888 0
vn 0.46 -0.888 0
vn 0.46 -0.888 0
vn -0.458 0.889 0
vn -0.458 0.889 0
vn -0.458 0.889 0
vn -0.458 0.889 0
vn 0.226 -0.974 0
vn 0.226 -0.974 0
vn 0.226 -0.974 0
vn 0.226 -0.974 0
vn -0.227 0.974 0
vn -0.227 0.974 0
vn -0.227 0.974 0
vn -0.227 0.974 0
vn -0.003 1 0
vn -0.003 1 0
vn -0.003 1 0
vn -0.003 1 0
vn -1 0 0
vn -1 0 0
vn -1 0 0
vn -1 0 0
vn -1 0 0
vn -1 0 0
vn -1 0 0
vn -1 0 0
vn 0 0 1
vn 0 0 1
vn 0 0 1
vn 0 0 1
vn 0 0 1
vn 0 0 1
vn 0 0 1
vn 0 0 1
vn 0 0 1
vn 0 0 1
vn 0 0 1
vn 0 0 1
vn 0 0 1
vn 0 0 1
vn 0.998 0.057 0
vn 0.998 0.057 0
vn 0.998 0.057 0
vn 0.998 0.057 0
vn 0.965 -0.263 0
vn 0.965 -0.263 0
vn 0.965 -0.263 0
vn 0.965 -0.263 0
vn -0.964 0.266 0
vn -0.964 0.266 0
vn -0.964 0.266 0
vn -0.964 0.266 0
vn 0 0 1
vn 0 0 1
vn 0 0 1
vn 0 0 1
vn 0 0 1
vn 0 0 1
vn 0 0 1
vn 0 0 1
vn 0.999 -0.055 0
vn 0.999 -0.055 0
vn 0.999 -0.055 0
vn 0.999 -0.055 0
vn 0 -1 0
vn 0 -1 0
vn 0 -1 0
vn 0 -1 0
vn 0.16 -0.689 -0.707
vn 0.16 -0.689 -0.707
vn 0.16 -0.689 -0.707
vn 0.16 -0.689 -0.707
vn 0.606 -0.795 0
vn 0.606 -0.795 0
vn 0.606 -0.795 0
vn 0.606 -0.795 0
vn -0.611 0.792 0
vn -0.611 0.792 0
vn -0.611 0.792 0
vn -0.611 0.792 0
vn -0.611 0.792 0
vn -0.611 0.792 0
vn -0.611 0.792 0
vn -0.611 0.792 0
vn -0.85 0.527 0
vn -0.85 0.527 0
vn -0.85 0.527 0
vn -0.85 0.527 0
vn -0.851 -0.524 0
vn -0.851 -0.524 0
vn -0.851 -0.524 0
vn -0.851 -0.524 0
vn -0.46 -0.888 0
vn -0.46 -0.888 0
vn -0.46 -0.888 0
vn -0.46 -0.888 0
vn 0.458 0.889 0
vn 0.458 0.889 0
vn 0.458 0.889 0
vn 0.458 0.889 0
vn 0.226 -0.974 0
vn 0.226 -0.974 0
vn 0.226 -0.974 0
vn 0.226 -0.974 0
vn 0.227 0.974 0
vn 0.227 0.974 0
vn 0.227 0.974 0
vn 0.227 0.974 0
vn -0.003 1 0
vn -0.003 1 0
vn -0.003 1 0
vn -0.003 1 0
vn 0 0 -1
vn 0 0 -1
vn 0 0 -1
vn 0 0 -1
vn 0 0 -1
vn 0 0 -1
vn 0 0 -1
vn 0 0 -1
vn 0 0 -1
vn 0 0 -1
vn 0 0 -1
vn 0 0 -1
vn 0 0 -1
vn 0 0 -1
vn 0 0 -1
vn 0 0 -1
vn -1 0 0
vn -1 0 0
vn -1 0 0
vn -1 0 0
vn -1 0 0
vn -1 0 0
vn -1 0 0
vn -1 0 0
vn -0.677 0.736 0
vn -0.677 0.736 0
vn -0.677 0.736 0
vn -0.677 0.736 0
vn 0 1 0
vn 0 1 0
vn 0 -1 0
vn 0 -1 0
vn 0 0 -1
vn 0 0 -1
vn 0 0 -1
vn 0 0 -1
vn 0 0 -1
vn 0 0 -1
vn 0 0 -1
vn 0 0 -1
vn -1 0 0
vn -1 0 0
vn -1 0 0
vn -1 0 0
vn -1 0 0
vn -1 0 0
vn -1 0 0
vn -1 0 0
vn -0.755 -0.656 0
vn -0.755 -0.656 0
vn -0.755 -0.656 0
vn -0.755 -0.656 0
vn -0.697 0.717 0
vn -0.697 0.717 0
vn -0.697 0.717 0
vn -0.697 0.717 0
vn -1 0 0
vn -1 0 0
vn -1 0 0
vn -1 0 0
vn -1 0 0
vn -1 0 0
vn -1 0 0
vn -1 0 0
vn 0 0 1
vn 0 0 1
vn 0 0 1
vn 0 0 1
vn 0 0 1
vn 0 0 1
vn 0 0 1
vn 0 0 1
vn 0 1 0
vn 0 1 0
vn 0 1 0
vn 0 1 0
vn -1 0 0
vn -1 0 0
vn -1 0 0
vn -1 0 0
vn 1 0 0
vn 1 0 0
vn 1 0 0
vn 1 0 0
vn 0.677 0.736 0
vn 0.677 0.736 0
vn 0.677 0.736 0
vn 0.677 0.736 0
vn 0.707 -0.707 0
vn 0.707 -0.707 0
vn 1 0 0
vn 1 0 0
vn 1 0 0
vn 1 0 0
vn 0 1 0
vn 0 1 0
vn 0 1 0
vn 0 1 0
vn 1 0 0
vn 1 0 0
vn 1 0 0
vn 1 0 0
vn 0 1 0
vn 0 1 0
vn 0 1 0
vn 0 1 0
vn 0 -1 0
vn 0 -1 0
vn 0 -1 0
vn 0 -1 0
vn -1 0 0
vn -1 0 0
vn -1 0 0
vn -1 0 0
vn -1 0 0
vn -1 0 0
vn 1 0 0
vn 1 0 0
vn 1 0 0
vn 1 0 0
vn 0 1 0
vn 0 1 0
vn 0 1 0
vn 0 1 0
vn 0 -0.707 0.707
vn 0 -0.707 0.707
vn 0 -0.707 0.707
vn 0 -0.707 0.707
vn 0 -1 0
vn 0 -1 0
vn 0 1 0
vn 0 1 0
vn 0 1 0
vn 0 1 0
vn 0 1 0
vn 0 1 0
vn 0 1 0
vn 0 1 0
vn 0 0 1
vn 0 0 1
vn 0 0 1
vn 0 0 1
vn 0 -1 0
vn 0 -1 0
vn 0 -1 0
vn 0 -1 0
vn 0.707 0 -0.707
vn 0.707 0 -0.707
vn 0.707 0 -0.707
vn 0.707 0 -0.707
vn 1 0 0
vn 1 0 0
vn 1 0 0
vn 1 0 0
vn 0 1 0
vn 0 1 0
vn 0 -1 0
vn 0 -1 0
vn -1 0 0
vn -1 0 0
vn -1 0 0
vn -1 0 0
vn -1 0 0
vn -1 0 0
vn -1 0 0
vn -1 0 0
vn -1 0 0
vn -1 0 0
vn -1 0 0
vn -1 0 0
vn 0 1 0
vn 0 1 0
vn 0 1 0
vn 0 1 0
vn 1 0 0
vn 1 0 0
vn 1 0 0
vn 1 0 0
vn -0.577 -0.577 0.577
vn -0.577 -0.577 0.577
vn -0.577 -0.577 0.577
vn 0.577 -0.577 0.577
vn 0.577 -0.577 0.577
vn 0.577 -0.577 0.577
vn 0.577 0.577 0.577
vn 0.577 0.577 0.577
vn 0.577 0.577 0.577
vn -0.577 0.577 0.577
vn -0.577 0.577 0.577
vn -0.577 0.577 0.577
vn -0.577 -0.577 0.577
vn -0.577 -0.577 0.577
vn -0.577 -0.577 0.577
vn 0.577 -0.577 0.577
vn 0.577 -0.577 0.577
vn 0.577 -0.577 0.577
vn 0.577 0.577 0.577
vn 0.577 0.577 0.577
vn 0.577 0.577 0.577
vn -0.577 0.577 0.577
vn -0.577 0.577 0.577
vn -0.577 0.577 0.577
vn -0.577 -0.577 0.577
vn -0.577 -0.577 0.577
vn -0.577 -0.577 0.577
vn 0.577 -0.577 0.577
vn 0.577 -0.577 0.577
vn 0.577 -0.577 0.577
vn 0.577 0.577 0.577
vn 0.577 0.577 0.577
vn 0.577 0.577 0.577
vn -0.577 0.577 0.577
vn -0.577 0.577 0.577
vn -0.577 0.577 0.577
vn -0.577 -0.577 0.577
vn -0.577 -0.577 0.577
vn -0.577 -0.577 0.577
vn 0.577 -0.577 0.577
vn 0.577 -0.577 0.577
vn 0.577 -0.577 0.577
vn 0.577 0.577 0.577
vn 0.577 0.577 0.577
vn 0.577 0.577 0.577
vn -0.577 0.577 0.577
vn -0.577 0.577 0.577
vn -0.577 0.577 0.577
vn 0.578 -0.577 0.577
vn 0.578 -0.577 0.577
vn 0.578 -0.577 0.577
vn 0.577 -0.577 -0.577
vn 0.577 -0.577 -0.577
vn 0.577 -0.577 -0.577
vn -0.578 -0.577 -0.577
vn -0.578 -0.577 -0.577
vn -0.578 -0.577 -0.577
vn -0.578 -0.577 0.577
vn -0.578 -0.577 0.577
vn -0.578 -0.577 0.577
vn 0.577 -0.577 0.577
vn 0.577 -0.577 0.577
vn 0.577 -0.577 0.577
vn 0.577 -0.577 -0.577
vn 0.577 -0.577 -0.577
vn 0.577 -0.577 -0.577
vn -0.578 -0.577 -0.577
vn -0.578 -0.577 -0.577
vn -0.578 -0.577 -0.577
vn -0.578 -0.577 0.577
vn -0.578 -0.577 0.577
vn -0.578 -0.577 0.577
vn -0.577 -0.577 0.577
vn -0.577 -0.577 0.577
vn -0.577 -0.577 0.577
vn -0.577 -0.577 -0.577
vn -0.577 -0.577 -0.577
vn -0.577 -0.577 -0.577
vn -0.577 0.577 -0.577
vn -0.577 0.577 -0.577
vn -0.577 0.577 -0.577
vn -0.558 0.558 0.614
vn -0.558 0.558 0.614
vn -0.558 0.558 0.614
vn -0.577 -0.577 0.577
vn -0.577 -0.577 0.577
vn -0.577 -0.577 0.577
vn -0.577 -0.577 -0.577
vn -0.577 -0.577 -0.577
vn -0.577 -0.577 -0.577
vn -0.558 0.558 -0.614
vn -0.558 0.558 -0.614
vn -0.558 0.558 -0.614
vn -0.558 0.558 0.614
vn -0.558 0.558 0.614
vn -0.558 0.558 0.614
vn 0.558 0.558 0.614
vn 0.558 0.558 0.614
vn 0.558 0.558 0.614
vn -0.577 0.577 0.577
vn -0.577 0.577 0.577
vn -0.577 0.577 0.577
vn -0.558 0.558 -0.614
vn -0.558 0.558 -0.614
vn -0.558 0.558 -0.614
vn 0.558 0.558 -0.614
vn 0.558 0.558 -0.614
vn 0.558 0.558 -0.614
vn 0.577 0.577 0.577
vn 0.577 0.577 0.577
vn 0.577 0.577 0.577
vn -0.558 0.558 0.614
vn -0.558 0.558 0.614
vn -0.558 0.558 0.614
vn -0.577 0.577 -0.577
vn -0.577 0.577 -0.577
vn -0.577 0.577 -0.577
vn 0.558 0.558 -0.614
vn 0.558 0.558 -0.614
vn 0.558 0.558 -0.614
vn 0.302 0.905 0.302
vn 0.302 0.905 0.302
vn 0.302 0.905 0.302
vn -0.283 0.907 0.312
vn -0.283 0.907 0.312
vn -0.283 0.907 0.312
vn -0.283 0.907 -0.312
vn -0.283 0.907 -0.312
vn -0.283 0.907 -0.312
vn 0.283 0.907 -0.312
vn 0.283 0.907 -0.312
vn 0.283 0.907 -0.312
vn 0.577 -0.577 -0.577
vn 0.577 -0.577 -0.577
vn 0.577 -0.577 -0.577
vn 0.577 -0.577 0.577
vn 0.577 -0.577 0.577
vn 0.577 -0.577 0.577
vn 0.577 0.577 0.577
vn 0.577 0.577 0.577
vn 0.577 0.577 0.577
vn 0.577 0.577 -0.577
vn 0.577 0.577 -0.577
vn 0.577 0.577 -0.577
vn 0.302 -0.905 0.302
vn 0.302 -0.905 0.302
vn 0.302 -0.905 0.302
vn -0.302 -0.905 0.302
vn -0.302 -0.905 0.302
vn -0.302 -0.905 0.302
vn -0.302 -0.905 -0.302
vn -0.302 -0.905 -0.302
vn -0.302 -0.905 -0.302
vn 0.302 -0.905 -0.302
vn 0.302 -0.905 -0.302
vn 0.302 -0.905 -0.302
vn -0.577 -0.577 0.577
vn -0.577 -0.577 0.577
vn -0.577 -0.577 0.577
vn -0.577 -0.577 -0.577
vn -0.577 -0.577 -0.577
vn -0.577 -0.577 -0.577
vn -0.577 0.577 -0.577
vn -0.577 0.577 -0.577
vn -0.577 0.577 -0.577
vn -0.577 0.577 0.577
vn -0.577 0.577 0.577
vn -0.577 0.577 0.577
vn -0.577 -0.577 -0.577
vn -0.577 -0.577 -0.577
vn -0.577 -0.577 -0.577
vn -0.577 -0.577 0.577
vn -0.577 -0.577 0.577
vn -0.577 -0.577 0.577
vn -0.577 0.577 0.577
vn -0.577 0.577 0.577
vn -0.577 0.577 0.577
vn -0.577 0.577 -0.577
vn -0.577 0.577 -0.577
vn -0.577 0.577 -0.577
vn 0.302 0.905 0.302
vn 0.302 0.905 0.302
vn 0.302 0.905 0.302
vn -0.302 0.905 0.302
vn -0.302 0.905 0.302
vn -0.302 0.905 0.302
vn -0.302 0.905 -0.302
vn -0.302 0.905 -0.302
vn -0.302 0.905 -0.302
vn 0.302 0.905 -0.302
vn 0.302 0.905 -0.302
vn 0.302 0.905 -0.302
vn 0.216 0.555 -0.803
vn 0.216 0.555 -0.803
vn 0.216 0.555 -0.803
vn 0.219 0.561 0.798
vn 0.219 0.561 0.798
vn 0.219 0.561 0.798
vn 0.244 -0.535 0.809
vn 0.244 -0.535 0.809
vn 0.244 -0.535 0.809
vn 0.239 -0.523 -0.818
vn 0.239 -0.523 -0.818
vn 0.239 -0.523 -0.818
vn 0.225 0.555 -0.801
vn 0.225 0.555 -0.801
vn 0.225 0.555 -0.801
vn 0.225 0.555 0.801
vn 0.225 0.555 0.801
vn 0.225 0.555 0.801
vn -0.216 0.555 -0.803
vn -0.216 0.555 -0.803
vn -0.216 0.555 -0.803
vn -0.219 0.561 0.798
vn -0.219 0.561 0.798
vn -0.219 0.561 0.798
vn 0.502 0.22 0.837
vn 0.502 0.22 0.837
vn 0.502 0.22 0.837
vn -0.546 0.239 0.803
vn -0.546 0.239 0.803
vn -0.546 0.239 0.803
vn -0.472 0.207 -0.857
vn -0.472 0.207 -0.857
vn -0.472 0.207 -0.857
vn 0.472 0.207 -0.857
vn 0.472 0.207 -0.857
vn 0.472 0.207 -0.857
vn -0.239 -0.523 0.818
vn -0.239 -0.523 0.818
vn -0.239 -0.523 0.818
vn -0.239 -0.523 -0.818
vn -0.239 -0.523 -0.818
vn -0.239 -0.523 -0.818
vn -0.225 0.555 -0.801
vn -0.225 0.555 -0.801
vn -0.225 0.555 -0.801
vn -0.225 0.555 0.801
vn -0.225 0.555 0.801
vn -0.225 0.555 0.801
vn 0.554 0.234 0.799
vn 0.554 0.234 0.799
vn 0.554 0.234 0.799
vn -0.514 0.217 0.83
vn -0.514 0.217 0.83
vn -0.514 0.217 0.83
vn -0.554 0.234 -0.799
vn -0.554 0.234 -0.799
vn -0.554 0.234 -0.799
vn 0.514 0.217 -0.83
vn 0.514 0.217 -0.83
vn 0.514 0.217 -0.83
vn 0.577 -0.216 0.788
vn 0.577 -0.216 0.788
vn 0.577 -0.216 0.788
vn -0.519 -0.194 0.833
vn -0.519 -0.194 0.833
vn -0.519 -0.194 0.833
vn -0.518 -0.194 -0.833
vn -0.518 -0.194 -0.833
vn -0.518 -0.194 -0.833
vn 0.518 -0.194 -0.833
vn 0.518 -0.194 -0.833
vn 0.518 -0.194 -0.833
vn 0.577 -0.577 0.577
vn 0.577 -0.577 0.577
vn 0.577 -0.577 0.577
vn -0.577 -0.577 0.577
vn -0.577 -0.577 0.577
vn -0.577 -0.577 0.577
vn -0.577 0.577 0.577
vn -0.577 0.577 0.577
vn -0.577 0.577 0.577
vn 0.577 0.577 0.577
vn 0.577 0.577 0.577
vn 0.577 0.577 0.577
vn 0.577 -0.577 0.577
vn 0.577 -0.577 0.577
vn 0.577 -0.577 0.577
vn -0.577 -0.577 0.577
vn -0.577 -0.577 0.577
vn -0.577 -0.577 0.577
vn -0.577 0.577 0.577
vn -0.577 0.577 0.577
vn -0.577 0.577 0.577
vn 0.577 0.577 0.577
vn 0.577 0.577 0.577
vn 0.577 0.577 0.577
vn 0.577 -0.577 0.577
vn 0.577 -0.577 0.577
vn 0.577 -0.577 0.577
vn -0.577 -0.577 0.577
vn -0.577 -0.577 0.577
vn -0.577 -0.577 0.577
vn -0.577 0.577 0.577
vn -0.577 0.577 0.577
vn -0.577 0.577 0.577
vn 0.577 0.577 0.577
vn 0.577 0.577 0.577
vn 0.577 0.577 0.577
vn 0.577 -0.577 0.577
vn 0.577 -0.577 0.577
vn 0.577 -0.577 0.577
vn -0.577 -0.577 0.577
vn -0.577 -0.577 0.577
vn -0.577 -0.577 0.577
vn -0.577 0.577 0.577
vn -0.577 0.577 0.577
vn -0.577 0.577 0.577
vn 0.577 0.577 0.577
vn 0.577 0.577 0.577
vn 0.577 0.577 0.577
vn -0.578 -0.577 0.577
vn -0.578 -0.577 0.577
vn -0.578 -0.577 0.577
vn -0.577 -0.577 -0.577
vn -0.577 -0.577 -0.577
vn -0.577 -0.577 -0.577
vn 0.578 -0.577 -0.577
vn 0.578 -0.577 -0.577
vn 0.578 -0.577 -0.577
vn 0.578 -0.577 0.577
vn 0.578 -0.577 0.577
vn 0.578 -0.577 0.577
vn -0.577 -0.577 0.577
vn -0.577 -0.577 0.577
vn -0.577 -0.577 0.577
vn -0.577 -0.577 -0.577
vn -0.577 -0.577 -0.577
vn -0.577 -0.577 -0.577
vn 0.578 -0.577 -0.577
vn 0.578 -0.577 -0.577
vn 0.578 -0.577 -0.577
vn 0.578 -0.577 0.577
vn 0.578 -0.577 0.577
vn 0.578 -0.577 0.577
vn 0.577 -0.577 0.577
vn 0.577 -0.577 0.577
vn 0.577 -0.577 0.577
vn 0.577 -0.577 -0.577
vn 0.577 -0.577 -0.577
vn 0.577 -0.577 -0.577
vn 0.577 0.577 -0.577
vn 0.577 0.577 -0.577
vn 0.577 0.577 -0.577
vn 0.558 0.558 0.614
vn 0.558 0.558 0.614
vn 0.558 0.558 0.614
vn 0.577 -0.577 0.577
vn 0.577 -0.577 0.577
vn 0.577 -0.577 0.577
vn 0.577 -0.577 -0.577
vn 0.577 -0.577 -0.577
vn 0.577 -0.577 -0.577
vn 0.558 0.558 -0.614
vn 0.558 0.558 -0.614
vn 0.558 0.558 -0.614
vn 0.558 0.558 0.614
vn 0.558 0.558 0.614
vn 0.558 0.558 0.614
vn -0.558 0.558 0.614
vn -0.558 0.558 0.614
vn -0.558 0.558 0.614
vn 0.577 0.577 0.577
vn 0.577 0.577 0.577
vn 0.577 0.577 0.577
vn 0.558 0.558 -0.614
vn 0.558 0.558 -0.614
vn 0.558 0.558 -0.614
vn -0.558 0.558 -0.614
vn -0.558 0.558 -0.614
vn -0.558 0.558 -0.614
vn -0.577 0.577 0.577
vn -0.577 0.577 0.577
vn -0.577 0.577 0.577
vn 0.558 0.558 0.614
vn 0.558 0.558 0.614
vn 0.558 0.558 0.614
vn 0.577 0.577 -0.577
vn 0.577 0.577 -0.577
vn 0.577 0.577 -0.577
vn -0.558 0.558 -0.614
vn -0.558 0.558 -0.614
vn -0.558 0.558 -0.614
vn -0.302 0.905 0.302
vn -0.302 0.905 0.302
vn -0.302 0.905 0.302
vn 0.283 0.907 0.312
vn 0.283 0.907 0.312
vn 0.283 0.907 0.312
vn 0.283 0.907 -0.312
vn 0.283 0.907 -0.312
vn 0.283 0.907 -0.312
vn -0.283 0.907 -0.312
vn -0.283 0.907 -0.312
vn -0.283 0.907 -0.312
vn -0.577 -0.577 -0.577
vn -0.577 -0.577 -0.577
vn -0.577 -0.577 -0.577
vn -0.577 -0.577 0.577
vn -0.577 -0.577 0.577
vn -0.577 -0.577 0.577
vn -0.577 0.577 0.577
vn -0.577 0.577 0.577
vn -0.577 0.577 0.577
vn -0.577 0.577 -0.577
vn -0.577 0.577 -0.577
vn -0.577 0.577 -0.577
vn -0.302 -0.905 0.302
vn -0.302 -0.905 0.302
vn -0.302 -0.905 0.302
vn 0.302 -0.905 0.302
vn 0.302 -0.905 0.302
vn 0.302 -0.905 0.302
vn 0.302 -0.905 -0.302
vn 0.302 -0.905 -0.302
vn 0.302 -0.905 -0.302
vn -0.302 -0.905 -0.302
vn -0.302 -0.905 -0.302
vn -0.302 -0.905 -0.302
vn 0.577 -0.577 0.577
vn 0.577 -0.577 0.577
vn 0.577 -0.577 0.577
vn 0.577 -0.577 -0.577
vn 0.577 -0.577 -0.577
vn 0.577 -0.577 -0.577
vn 0.577 0.577 -0.577
vn 0.577 0.577 -0.577
vn 0.577 0.577 -0.577
vn 0.577 0.577 0.577
vn 0.577 0.577 0.577
vn 0.577 0.577 0.577
vn 0.577 -0.577 -0.577
vn 0.577 -0.577 -0.577
vn 0.577 -0.577 -0.577
vn 0.577 -0.577 0.577
vn 0.577 -0.577 0.577
vn 0.577 -0.577 0.577
vn 0.577 0.577 0.577
vn 0.577 0.577 0.577
vn 0.577 0.577 0.577
vn 0.577 0.577 -0.577
vn 0.577 0.577 -0.577
vn 0.577 0.577 -0.577
vn -0.302 0.905 0.302
vn -0.302 0.905 0.302
vn -0.302 0.905 0.302
vn 0.302 0.905 0.302
vn 0.302 0.905 0.302
vn 0.302 0.905 0.302
vn 0.302 0.905 -0.302
vn 0.302 0.905 -0.302
vn 0.302 0.905 -0.302
vn -0.302 0.905 -0.302
vn -0.302 0.905 -0.302
vn -0.302 0.905 -0.302
vn -0.216 0.555 -0.803
vn -0.216 0.555 -0.803
vn -0.216 0.555 -0.803
vn -0.222 0.568 0.793
vn -0.222 0.568 0.793
vn -0.222 0.568 0.793
vn -0.25 -0.549 0.798
vn -0.25 -0.549 0.798
vn -0.25 -0.549 0.798
vn -0.239 -0.523 -0.818
vn -0.239 -0.523 -0.818
vn -0.239 -0.523 -0.818
vn -0.229 0.563 -0.794
vn -0.229 0.563 -0.794
vn -0.229 0.563 -0.794
vn -0.229 0.563 0.794
vn -0.229 0.563 0.794
vn -0.229 0.563 0.794
vn 0.216 0.555 -0.803
vn 0.216 0.555 -0.803
vn 0.216 0.555 -0.803
vn 0.219 0.561 0.798
vn 0.219 0.561 0.798
vn 0.219 0.561 0.798
vn -0.502 0.22 0.837
vn -0.502 0.22 0.837
vn -0.502 0.22 0.837
vn 0.546 0.239 0.803
vn 0.546 0.239 0.803
vn 0.546 0.239 0.803
vn 0.472 0.207 -0.857
vn 0.472 0.207 -0.857
vn 0.472 0.207 -0.857
vn -0.472 0.207 -0.857
vn -0.472 0.207 -0.857
vn -0.472 0.207 -0.857
vn 0.239 -0.523 0.818
vn 0.239 -0.523 0.818
vn 0.239 -0.523 0.818
vn 0.239 -0.523 -0.818
vn 0.239 -0.523 -0.818
vn 0.239 -0.523 -0.818
vn 0.225 0.555 -0.801
vn 0.225 0.555 -0.801
vn 0.225 0.555 -0.801
vn 0.225 0.555 0.801
vn 0.225 0.555 0.801
vn 0.225 0.555 0.801
vn -0.554 0.234 0.799
vn -0.554 0.234 0.799
vn -0.554 0.234 0.799
vn 0.514 0.217 0.83
vn 0.514 0.217 0.83
vn 0.514 0.217 0.83
vn 0.554 0.234 -0.799
vn 0.554 0.234 -0.799
vn 0.554 0.234 -0.799
vn -0.514 0.217 -0.83
vn -0.514 0.217 -0.83
vn -0.514 0.217 -0.83
vn -0.577 -0.216 0.788
vn -0.577 -0.216 0.788
vn -0.577 -0.216 0.788
vn 0.519 -0.194 0.833
vn 0.519 -0.194 0.833
vn 0.519 -0.194 0.833
vn 0.518 -0.194 -0.833
vn 0.518 -0.194 -0.833
vn 0.518 -0.194 -0.833
vn -0.518 -0.194 -0.833
vn -0.518 -0.194 -0.833
vn -0.518 -0.194 -0.833
vn -0.577 -0.577 -0.577
vn -0.577 -0.577 -0.577
vn -0.577 -0.577 -0.577
vn 0.577 -0.577 -0.577
vn 0.577 -0.577 -0.577
vn 0.577 -0.577 -0.577
vn 0.577 0.577 -0.577
vn 0.577 0.577 -0.577
vn 0.577 0.577 -0.577
vn -0.577 0.577 -0.577
vn -0.577 0.577 -0.577
vn -0.577 0.577 -0.577
vn -0.577 -0.577 -0.577
vn -0.577 -0.577 -0.577
vn -0.577 -0.577 -0.577
vn 0.577 -0.577 -0.577
vn 0.577 -0.577 -0.577
vn 0.577 -0.577 -0.577
vn 0.577 0.577 -0.577
vn 0.577 0.577 -0.577
vn 0.577 0.577 -0.577
vn -0.577 0.577 -0.577
vn -0.577 0.577 -0.577
vn -0.577 0.577 -0.577
vn -0.577 -0.577 -0.577
vn -0.577 -0.577 -0.577
vn -0.577 -0.577 -0.577
vn 0.577 -0.577 -0.577
vn 0.577 -0.577 -0.577
vn 0.577 -0.577 -0.577
vn 0.577 0.577 -0.577
vn 0.577 0.577 -0.577
vn 0.577 0.577 -0.577
vn -0.577 0.577 -0.577
vn -0.577 0.577 -0.577
vn -0.577 0.577 -0.577
vn -0.577 -0.577 -0.577
vn -0.577 -0.577 -0.577
vn -0.577 -0.577 -0.577
vn 0.577 -0.577 -0.577
vn 0.577 -0.577 -0.577
vn 0.577 -0.577 -0.577
vn 0.577 0.577 -0.577
vn 0.577 0.577 -0.577
vn 0.577 0.577 -0.577
vn -0.577 0.577 -0.577
vn -0.577 0.577 -0.577
vn -0.577 0.577 -0.577
vn 0.578 -0.577 -0.577
vn 0.578 -0.577 -0.577
vn 0.578 -0.577 -0.577
vn 0.577 -0.577 0.577
vn 0.577 -0.577 0.577
vn 0.577 -0.577 0.577
vn -0.578 -0.577 0.577
vn -0.578 -0.577 0.577
vn -0.578 -0.577 0.577
vn -0.578 -0.577 -0.577
vn -0.578 -0.577 -0.577
vn -0.578 -0.577 -0.577
vn 0.577 -0.577 -0.577
vn 0.577 -0.577 -0.577
vn 0.577 -0.577 -0.577
vn 0.577 -0.577 0.577
vn 0.577 -0.577 0.577
vn 0.577 -0.577 0.577
vn -0.578 -0.577 0.577
vn -0.578 -0.577 0.577
vn -0.578 -0.577 0.577
vn -0.578 -0.577 -0.577
vn -0.578 -0.577 -0.577
vn -0.578 -0.577 -0.577
vn -0.577 -0.577 -0.577
vn -0.577 -0.577 -0.577
vn -0.577 -0.577 -0.577
vn -0.577 -0.577 0.577
vn -0.577 -0.577 0.577
vn -0.577 -0.577 0.577
vn -0.577 0.577 0.577
vn -0.577 0.577 0.577
vn -0.577 0.577 0.577
vn -0.558 0.558 -0.614
vn -0.558 0.558 -0.614
vn -0.558 0.558 -0.614
vn -0.577 -0.577 -0.577
vn -0.577 -0.577 -0.577
vn -0.577 -0.577 -0.577
vn -0.577 -0.577 0.577
vn -0.577 -0.577 0.577
vn -0.577 -0.577 0.577
vn -0.558 0.558 0.614
vn -0.558 0.558 0.614
vn -0.558 0.558 0.614
vn -0.558 0.558 -0.614
vn -0.558 0.558 -0.614
vn -0.558 0.558 -0.614
vn 0.558 0.558 -0.614
vn 0.558 0.558 -0.614
vn 0.558 0.558 -0.614
vn -0.577 0.577 -0.577
vn -0.577 0.577 -0.577
vn -0.577 0.577 -0.577
vn -0.558 0.558 0.614
vn -0.558 0.558 0.614
vn -0.558 0.558 0.614
vn 0.558 0.558 0.614
vn 0.558 0.558 0.614
vn 0.558 0.558 0.614
vn 0.577 0.577 -0.577
vn 0.577 0.577 -0.577
vn 0.577 0.577 -0.577
vn -0.558 0.558 -0.614
vn -0.558 0.558 -0.614
vn -0.558 0.558 -0.614
vn -0.577 0.577 0.577
vn -0.577 0.577 0.577
vn -0.577 0.577 0.577
vn 0.558 0.558 0.614
vn 0.558 0.558 0.614
vn 0.558 0.558 0.614
vn 0.302 0.905 -0.302
vn 0.302 0.905 -0.302
vn 0.302 0.905 -0.302
vn -0.283 0.907 -0.312
vn -0.283 0.907 -0.312
vn -0.283 0.907 -0.312
vn -0.283 0.907 0.312
vn -0.283 0.907 0.312
vn -0.283 0.907 0.312
vn 0.283 0.907 0.312
vn 0.283 0.907 0.312
vn 0.283 0.907 0.312
vn 0.577 -0.577 0.577
vn 0.577 -0.577 0.577
vn 0.577 -0.577 0.577
vn 0.577 -0.577 -0.577
vn 0.577 -0.577 -0.577
vn 0.577 -0.577 -0.577
vn 0.577 0.577 -0.577
vn 0.577 0.577 -0.577
vn 0.577 0.577 -0.577
vn 0.577 0.577 0.577
vn 0.577 0.577 0.577
vn 0.577 0.577 0.577
vn 0.302 -0.905 -0.302
vn 0.302 -0.905 -0.302
vn 0.302 -0.905 -0.302
vn -0.302 -0.905 -0.302
vn -0.302 -0.905 -0.302
vn -0.302 -0.905 -0.302
vn -0.302 -0.905 0.302
vn -0.302 -0.905 0.302
vn -0.302 -0.905 0.302
vn 0.302 -0.905 0.302
vn 0.302 -0.905 0.302
vn 0.302 -0.905 0.302
vn -0.577 -0.577 -0.577
vn -0.577 -0.577 -0.577
vn -0.577 -0.577 -0.577
vn -0.577 -0.577 0.577
vn -0.577 -0.577 0.577
vn -0.577 -0.577 0.577
vn -0.577 0.577 0.577
vn -0.577 0.577 0.577
vn -0.577 0.577 0.577
vn -0.577 0.577 -0.577
vn -0.577 0.577 -0.577
vn -0.577 0.577 -0.577
vn -0.577 -0.577 0.577
vn -0.577 -0.577 0.577
vn -0.577 -0.577 0.577
vn -0.577 -0.577 -0.577
vn -0.577 -0.577 -0.577
vn -0.577 -0.577 -0.577
vn -0.577 0.577 -0.577
vn -0.577 0.577 -0.577
vn -0.577 0.577 -0.577
vn -0.577 0.577 0.577
vn -0.577 0.577 0.577
vn -0.577 0.577 0.577
vn 0.302 0.905 -0.302
vn 0.302 0.905 -0.302
vn 0.302 0.905 -0.302
vn -0.302 0.905 -0.302
vn -0.302 0.905 -0.302
vn -0.302 0.905 -0.302
vn -0.302 0.905 0.302
vn -0.302 0.905 0.302
vn -0.302 0.905 0.302
vn 0.302 0.905 0.302
vn 0.302 0.905 0.302
vn 0.302 0.905 0.302
vn 0.216 0.555 0.803
vn 0.216 0.555 0.803
vn 0.216 0.555 0.803
vn 0.219 0.561 -0.798
vn 0.219 0.561 -0.798
vn 0.219 0.561 -0.798
vn 0.244 -0.535 -0.809
vn 0.244 -0.535 -0.809
vn 0.244 -0.535 -0.809
vn 0.239 -0.523 0.818
vn 0.239 -0.523 0.818
vn 0.239 -0.523 0.818
vn 0.225 0.555 0.801
vn 0.225 0.555 0.801
vn 0.225 0.555 0.801
vn 0.225 0.555 -0.801
vn 0.225 0.555 -0.801
vn 0.225 0.555 -0.801
vn -0.216 0.555 0.803
vn -0.216 0.555 0.803
vn -0.216 0.555 0.803
vn -0.219 0.561 -0.798
vn -0.219 0.561 -0.798
vn -0.219 0.561 -0.798
vn 0.502 0.22 -0.837
vn 0.502 0.22 -0.837
vn 0.502 0.22 -0.837
vn -0.546 0.239 -0.803
vn -0.546 0.239 -0.803
vn -0.546 0.239 -0.803
vn -0.472 0.207 0.857
vn -0.472 0.207 0.857
vn -0.472 0.207 0.857
vn 0.472 0.207 0.857
vn 0.472 0.207 0.857
vn 0.472 0.207 0.857
vn -0.239 -0.523 -0.818
vn -0.239 -0.523 -0.818
vn -0.239 -0.523 -0.818
vn -0.239 -0.523 0.818
vn -0.239 -0.523 0.818
vn -0.239 -0.523 0.818
vn -0.225 0.555 0.801
vn -0.225 0.555 0.801
vn -0.225 0.555 0.801
vn -0.225 0.555 -0.801
vn -0.225 0.555 -0.801
vn -0.225 0.555 -0.801
vn 0.554 0.234 -0.799
vn 0.554 0.234 -0.799
vn 0.554 0.234 -0.799
vn -0.514 0.217 -0.83
vn -0.514 0.217 -0.83
vn -0.514 0.217 -0.83
vn -0.554 0.234 0.799
vn -0.554 0.234 0.799
vn -0.554 0.234 0.799
vn 0.514 0.217 0.83
vn 0.514 0.217 0.83
vn 0.514 0.217 0.83
vn 0.577 -0.216 -0.788
vn 0.577 -0.216 -0.788
vn 0.577 -0.216 -0.788
vn -0.519 -0.194 -0.833
vn -0.519 -0.194 -0.833
vn -0.519 -0.194 -0.833
vn -0.518 -0.194 0.833
vn -0.518 -0.194 0.833
vn -0.518 -0.194 0.833
vn 0.518 -0.194 0.833
vn 0.518 -0.194 0.833
vn 0.518 -0.194 0.833
vn 0.577 -0.577 -0.577
vn 0.577 -0.577 -0.577
vn 0.577 -0.577 -0.577
vn -0.577 -0.577 -0.577
vn -0.577 -0.577 -0.577
vn -0.577 -0.577 -0.577
vn -0.577 0.577 -0.577
vn -0.577 0.577 -0.577
vn -0.577 0.577 -0.577
vn 0.577 0.577 -0.577
vn 0.577 0.577 -0.577
vn 0.577 0.577 -0.577
vn 0.577 -0.577 -0.577
vn 0.577 -0.577 -0.577
vn 0.577 -0.577 -0.577
vn -0.577 -0.577 -0.577
vn -0.577 -0.577 -0.577
vn -0.577 -0.577 -0.577
vn -0.577 0.577 -0.577
vn -0.577 0.577 -0.577
vn -0.577 0.577 -0.577
vn 0.577 0.577 -0.577
vn 0.577 0.577 -0.577
vn 0.577 0.577 -0.577
vn 0.577 -0.577 -0.577
vn 0.577 -0.577 -0.577
vn 0.577 -0.577 -0.577
vn -0.577 -0.577 -0.577
vn -0.577 -0.577 -0.577
vn -0.577 -0.577 -0.577
vn -0.577 0.577 -0.577
vn -0.577 0.577 -0.577
vn -0.577 0.577 -0.577
vn 0.577 0.577 -0.577
vn 0.577 0.577 -0.577
vn 0.577 0.577 -0.577
vn 0.577 -0.577 -0.577
vn 0.577 -0.577 -0.577
vn 0.577 -0.577 -0.577
vn -0.577 -0.577 -0.577
vn -0.577 -0.577 -0.577
vn -0.577 -0.577 -0.577
vn -0.577 0.577 -0.577
vn -0.577 0.577 -0.577
vn -0.577 0.577 -0.577
vn 0.577 0.577 -0.577
vn 0.577 0.577 -0.577
vn 0.577 0.577 -0.577
vn -0.578 -0.577 -0.577
vn -0.578 -0.577 -0.577
vn -0.578 -0.577 -0.577
vn -0.577 -0.577 0.577
vn -0.577 -0.577 0.577
vn -0.577 -0.577 0.577
vn 0.578 -0.577 0.577
vn 0.578 -0.577 0.577
vn 0.578 -0.577 0.577
vn 0.578 -0.577 -0.577
vn 0.578 -0.577 -0.577
vn 0.578 -0.577 -0.577
vn -0.577 -0.577 -0.577
vn -0.577 -0.577 -0.577
vn -0.577 -0.577 -0.577
vn -0.577 -0.577 0.577
vn -0.577 -0.577 0.577
vn -0.577 -0.577 0.577
vn 0.578 -0.577 0.577
vn 0.578 -0.577 0.577
vn 0.578 -0.577 0.577
vn 0.578 -0.577 -0.577
vn 0.578 -0.577 -0.577
vn 0.578 -0.577 -0.577
vn 0.577 -0.577 -0.577
vn 0.577 -0.577 -0.577
vn 0.577 -0.577 -0.577
vn 0.577 -0.577 0.577
vn 0.577 -0.577 0.577
vn 0.577 -0.577 0.577
vn 0.577 0.577 0.577
vn 0.577 0.577 0.577
vn 0.577 0.577 0.577
vn 0.558 0.558 -0.614
vn 0.558 0.558 -0.614
vn 0.558 0.558 -0.614
vn 0.577 -0.577 -0.577
vn 0.577 -0.577 -0.577
vn 0.577 -0.577 -0.577
vn 0.577 -0.577 0.577
vn 0.577 -0.577 0.577
vn 0.577 -0.577 0.577
vn 0.558 0.558 0.614
vn 0.558 0.558 0.614
vn 0.558 0.558 0.614
vn 0.558 0.558 -0.614
vn 0.558 0.558 -0.614
vn 0.558 0.558 -0.614
vn -0.558 0.558 -0.614
vn -0.558 0.558 -0.614
vn -0.558 0.558 -0.614
vn 0.577 0.577 -0.577
vn 0.577 0.577 -0.577
vn 0.577 0.577 -0.577
vn 0.558 0.558 0.614
vn 0.558 0.558 0.614
vn 0.558 0.558 0.614
vn -0.558 0.558 0.614
vn -0.558 0.558 0.614
vn -0.558 0.558 0.614
vn -0.577 0.577 -0.577
vn -0.577 0.577 -0.577
vn -0.577 0.577 -0.577
vn 0.558 0.558 -0.614
vn 0.558 0.558 -0.614
vn 0.558 0.558 -0.614
vn 0.577 0.577 0.577
vn 0.577 0.577 0.577
vn 0.577 0.577 0.577
vn -0.558 0.558 0.614
vn -0.558 0.558 0.614
vn -0.558 0.558 0.614
vn -0.302 0.905 -0.302
vn -0.302 0.905 -0.302
vn -0.302 0.905 -0.302
vn 0.283 0.907 -0.312
vn 0.283 0.907 -0.312
vn 0.283 0.907 -0.312
vn 0.283 0.907 0.312
vn 0.283 0.907 0.312
vn 0.283 0.907 0.312
vn -0.283 0.907 0.312
vn -0.283 0.907 0.312
vn -0.283 0.907 0.312
vn -0.577 -0.577 0.577
vn -0.577 -0.577 0.577
vn -0.577 -0.577 0.577
vn -0.577 -0.577 -0.577
vn -0.577 -0.577 -0.577
vn -0.577 -0.577 -0.577
vn -0.577 0.577 -0.577
vn -0.577 0.577 -0.577
vn -0.577 0.577 -0.577
vn -0.577 0.577 0.577
vn -0.577 0.577 0.577
vn -0.577 0.577 0.577
vn -0.302 -0.905 -0.302
vn -0.302 -0.905 -0.302
vn -0.302 -0.905 -0.302
vn 0.302 -0.905 -0.302
vn 0.302 -0.905 -0.302
vn 0.302 -0.905 -0.302
vn 0.302 -0.905 0.302
vn 0.302 -0.905 0.302
vn 0.302 -0.905 0.302
vn -0.302 -0.905 0.302
vn -0.302 -0.905 0.302
vn -0.302 -0.905 0.302
vn 0.577 -0.577 -0.577
vn 0.577 -0.577 -0.577
vn 0.577 -0.577 -0.577
vn 0.577 -0.577 0.577
vn 0.577 -0.577 0.577
vn 0.577 -0.577 0.577
vn 0.577 0.577 0.577
vn 0.577 0.577 0.577
vn 0.577 0.577 0.577
vn 0.577 0.577 -0.577
vn 0.577 0.577 -0.577
vn 0.577 0.577 -0.577
vn 0.577 -0.577 0.577
vn 0.577 -0.577 0.577
vn 0.577 -0.577 0.577
vn 0.577 -0.577 -0.577
vn 0.577 -0.577 -0.577
vn 0.577 -0.577 -0.577
vn 0.577 0.577 -0.577
vn 0.577 0.577 -0.577
vn 0.577 0.577 -0.577
vn 0.577 0.577 0.577
vn 0.577 0.577 0.577
vn 0.577 0.577 0.577
vn -0.302 0.905 -0.302
vn -0.302 0.905 -0.302
vn -0.302 0.905 -0.302
vn 0.302 0.905 -0.302
vn 0.302 0.905 -0.302
vn 0.302 0.905 -0.302
vn 0.302 0.905 0.302
vn 0.302 0.905 0.302
vn 0.302 0.905 0.302
vn -0.302 0.905 0.302
vn -0.302 0.905 0.302
vn -0.302 0.905 0.302
vn -0.216 0.555 0.803
vn -0.216 0.555 0.803
vn -0.216 0.555 0.803
vn -0.222 0.568 -0.793
vn -0.222 0.568 -0.793
vn -0.222 0.568 -0.793
vn -0.25 -0.549 -0.798
vn -0.25 -0.549 -0.798
vn -0.25 -0.549 -0.798
vn -0.239 -0.523 0.818
vn -0.239 -0.523 0.818
vn -0.239 -0.523 0.818
vn -0.229 0.563 0.794
vn -0.229 0.563 0.794
vn -0.229 0.563 0.794
vn -0.229 0.563 -0.794
vn -0.229 0.563 -0.794
vn -0.229 0.563 -0.794
vn 0.216 0.555 0.803
vn 0.216 0.555 0.803
vn 0.216 0.555 0.803
vn 0.219 0.561 -0.798
vn 0.219 0.561 -0.798
vn 0.219 0.561 -0.798
vn -0.502 0.22 -0.837
vn -0.502 0.22 -0.837
vn -0.502 0.22 -0.837
vn 0.546 0.239 -0.803
vn 0.546 0.239 -0.803
vn 0.546 0.239 -0.803
vn 0.472 0.207 0.857
vn 0.472 0.207 0.857
vn 0.472 0.207 0.857
vn -0.472 0.207 0.857
vn -0.472 0.207 0.857
vn -0.472 0.207 0.857
vn 0.239 -0.523 -0.818
vn 0.239 -0.523 -0.818
vn 0.239 -0.523 -0.818
vn 0.239 -0.523 0.818
vn 0.239 -0.523 0.818
vn 0.239 -0.523 0.818
vn 0.225 0.555 0.801
vn 0.225 0.555 0.801
vn 0.225 0.555 0.801
vn 0.225 0.555 -0.801
vn 0.225 0.555 -0.801
vn 0.225 0.555 -0.801
vn -0.554 0.234 -0.799
vn -0.554 0.234 -0.799
vn -0.554 0.234 -0.799
vn 0.514 0.217 -0.83
vn 0.514 0.217 -0.83
vn 0.514 0.217 -0.83
vn 0.554 0.234 0.799
vn 0.554 0.234 0.799
vn 0.554 0.234 0.799
vn -0.514 0.217 0.83
vn -0.514 0.217 0.83
vn -0.514 0.217 0.83
vn -0.577 -0.216 -0.788
vn -0.577 -0.216 -0.788
vn -0.577 -0.216 -0.788
vn 0.519 -0.194 -0.833
vn 0.519 -0.194 -0.833
vn 0.519 -0.194 -0.833
vn 0.518 -0.194 0.833
vn 0.518 -0.194 0.833
vn 0.518 -0.194 0.833
vn -0.518 -0.194 0.833
vn -0.518 -0.194 0.833
vn -0.518 -0.194 0.833
vn -0.707 0 0.707
vn -0.707 0 0.707
vn -0.707 0 0.707
vn -0.707 0 0.707
vn -0.916 0.402 0
vn -0.916 0.402 0
vn -0.916 0.402 0
vn -0.916 0.402 0
vn -0.479 0.52 -0.707
vn -0.479 0.52 -0.707
vn -0.479 0.52 -0.707
vn -0.479 0.52 -0.707
vn -0.363 0.932 0
vn -0.363 0.932 0
vn -0.363 0.932 0
vn -0.363 0.932 0
vn -0.508 0.56 0.654
vn -0.508 0.56 0.654
vn -0.508 0.56 0.654
vn -0.508 0.56 0.654
vn 0.479 0.52 -0.707
vn 0.479 0.52 -0.707
vn 0.479 0.52 -0.707
vn 0.479 0.52 -0.707
vn 0.363 0.932 0
vn 0.363 0.932 0
vn 0.363 0.932 0
vn 0.363 0.932 0
vn -0.937 -0.35 0
vn -0.937 -0.35 0
vn -0.937 -0.35 0
vn -0.937 -0.35 0
vn -0.534 -0.464 -0.707
vn -0.534 -0.464 -0.707
vn -0.534 -0.464 -0.707
vn -0.534 -0.464 -0.707
vn 0.916 0.402 0
vn 0.916 0.402 0
vn 0.916 0.402 0
vn 0.916 0.402 0
vn 0 0.707 0.707
vn 0 0.707 0.707
vn 0 0.707 0.707
vn 0 0.707 0.707
vn 0.707 0 0.707
vn 0.707 0 0.707
vn 0.707 0 0.707
vn 0.707 0 0.707
vn 0.509 0.561 0.653
vn 0.509 0.561 0.653
vn 0.509 0.561 0.653
vn 0.509 0.561 0.653
vn 0 -0.707 0.707
vn 0 -0.707 0.707
vn 0 -0.707 0.707
vn 0 -0.707 0.707
vn 0.921 0.389 0
vn 0.921 0.389 0
vn 0.921 0.389 0
vn 0.921 0.389 0
vn 0.524 0.549 0.651
vn 0.524 0.549 0.651
vn 0.524 0.549 0.651
vn 0.524 0.549 0.651
vn -0.707 0 0.707
vn -0.707 0 0.707
vn -0.707 0 0.707
vn -0.707 0 0.707
vn 0.376 0.926 0
vn 0.376 0.926 0
vn 0.376 0.926 0
vn 0.376 0.926 0
vn 0.525 0.549 -0.65
vn 0.525 0.549 -0.65
vn 0.525 0.549 -0.65
vn 0.525 0.549 -0.65
vn 0.415 -0.91 0
vn 0.415 -0.91 0
vn 0.415 -0.91 0
vn 0.415 -0.91 0
vn 0.534 -0.464 -0.707
vn 0.534 -0.464 -0.707
vn 0.534 -0.464 -0.707
vn 0.534 -0.464 -0.707
vn -0.524 0.549 -0.651
vn -0.524 0.549 -0.651
vn -0.524 0.549 -0.651
vn -0.524 0.549 -0.651
vn -0.921 0.389 0
vn -0.921 0.389 0
vn -0.921 0.389 0
vn -0.921 0.389 0
vn 0 0.707 0.707
vn 0 0.707 0.707
vn 0 0.707 0.707
vn 0 0.707 0.707
vn -0.525 0.549 0.65
vn -0.525 0.549 0.65
vn -0.525 0.549 0.65
vn -0.525 0.549 0.65
vn -0.534 -0.464 0.707
vn -0.534 -0.464 0.707
vn -0.534 -0.464 0.707
vn -0.534 -0.464 0.707
vn 0 0.707 0.707
vn 0 0.707 0.707
vn 0 0.707 0.707
vn 0 0.707 0.707
vn 0.574 -0.512 0.64
vn 0.574 -0.512 0.64
vn 0.574 -0.512 0.64
vn 0.574 -0.512 0.64
vn 0.707 0 0.707
vn 0.707 0 0.707
vn 0.707 0 0.707
vn 0.707 0 0.707
vn 0.937 -0.35 0
vn 0.937 -0.35 0
vn 0.937 -0.35 0
vn 0.937 -0.35 0
vn 0 -0.707 0.707
vn 0 -0.707 0.707
vn 0 -0.707 0.707
vn 0 -0.707 0.707
vn -0.376 0.926 0
vn -0.376 0.926 0
vn -0.376 0.926 0
vn -0.376 0.926 0
vn -0.707 0 0.707
vn -0.707 0 0.707
vn -0.707 0 0.707
vn -0.707 0 0.707
vn 0.707 0 0.707
vn 0.707 0 0.707
vn 0.707 0 0.707
vn 0.707 0 0.707
vn -0.415 -0.91 0
vn -0.415 -0.91 0
vn -0.415 -0.91 0
vn -0.415 -0.91 0
vn 0 -0.707 0.707
vn 0 -0.707 0.707
vn 0 -0.707 0.707
vn 0 -0.707 0.707
vn -0.707 0 0.707
vn -0.707 0 0.707
vn -0.707 0 0.707
vn -0.707 0 0.707
vn 0 -0.707 0.707
vn 0 -0.707 0.707
vn 0 -0.707 0.707
vn 0 -0.707 0.707
vn 0.707 0 0.707
vn 0.707 0 0.707
vn 0.707 0 0.707
vn 0.707 0 0.707
vn 0 0.707 0.707
vn 0 0.707 0.707
vn 0 0.707 0.707
vn 0 0.707 0.707
vn 0 -0.707 0.707
vn 0 -0.707 0.707
vn 0 -0.707 0.707
vn 0 -0.707 0.707
vn -0.707 -0.707 0
vn -0.707 -0.707 0
vn -0.707 -0.707 0
vn -0.707 -0.707 0
vn 0 -0.707 -0.707
vn 0 -0.707 -0.707
vn 0 -0.707 -0.707
vn 0 -0.707 -0.707
vn 0.707 -0.707 0
vn 0.707 -0.707 0
vn 0.707 -0.707 0
vn 0.707 -0.707 0
vn 0 -0.707 0.707
vn 0 -0.707 0.707
vn 0 -0.707 0.707
vn 0 -0.707 0.707
vn -0.707 -0.707 0
vn -0.707 -0.707 0
vn -0.707 -0.707 0
vn -0.707 -0.707 0
vn 0 -0.707 -0.707
vn 0 -0.707 -0.707
vn 0 -0.707 -0.707
vn 0 -0.707 -0.707
vn 0.707 -0.707 0
vn 0.707 -0.707 0
vn 0.707 -0.707 0
vn 0.707 -0.707 0
vn -0.707 0 0.707
vn -0.707 0 0.707
vn -0.707 0 0.707
vn -0.707 0 0.707
vn -0.707 0.707 0
vn -0.707 0.707 0
vn -0.707 0.707 0
vn -0.707 0.707 0
vn -0.707 0 -0.707
vn -0.707 0 -0.707
vn -0.707 0 -0.707
vn -0.707 0 -0.707
vn -0.707 -0.707 0
vn -0.707 -0.707 0
vn -0.707 -0.707 0
vn -0.707 -0.707 0
vn -0.707 0 0.707
vn -0.707 0 0.707
vn -0.707 0 0.707
vn -0.707 0 0.707
vn -0.707 0.707 0
vn -0.707 0.707 0
vn -0.707 0.707 0
vn -0.707 0.707 0
vn -0.707 0 -0.707
vn -0.707 0 -0.707
vn -0.707 0 -0.707
vn -0.707 0 -0.707
vn -0.707 -0.707 0
vn -0.707 -0.707 0
vn -0.707 -0.707 0
vn -0.707 -0.707 0
vn 0.707 0.707 0
vn 0.707 0.707 0
vn 0.707 0.707 0
vn 0.707 0.707 0
vn 0 0.707 -0.707
vn 0 0.707 -0.707
vn 0 0.707 -0.707
vn 0 0.707 -0.707
vn -0.707 0.707 0
vn -0.707 0.707 0
vn -0.707 0.707 0
vn -0.707 0.707 0
vn 0 0.707 0.707
vn 0 0.707 0.707
vn 0 0.707 0.707
vn 0 0.707 0.707
vn 0.707 0.707 0
vn 0.707 0.707 0
vn 0.707 0.707 0
vn 0.707 0.707 0
vn 0 0.707 -0.707
vn 0 0.707 -0.707
vn 0 0.707 -0.707
vn 0 0.707 -0.707
vn -0.707 0.707 0
vn -0.707 0.707 0
vn -0.707 0.707 0
vn -0.707 0.707 0
vn 0 0.707 0.707
vn 0 0.707 0.707
vn 0 0.707 0.707
vn 0 0.707 0.707
vn 0.707 0.707 0
vn 0.707 0.707 0
vn 0.707 0.707 0
vn 0.707 0.707 0
vn 0 0.707 -0.707
vn 0 0.707 -0.707
vn 0 0.707 -0.707
vn 0 0.707 -0.707
vn -0.707 0.707 0
vn -0.707 0.707 0
vn -0.707 0.707 0
vn -0.707 0.707 0
vn 0 0.707 0.707
vn 0 0.707 0.707
vn 0 0.707 0.707
vn 0 0.707 0.707
vn 0.707 0 -0.707
vn 0.707 0 -0.707
vn 0.707 0 -0.707
vn 0.707 0 -0.707
vn 0.707 0.707 0
vn 0.707 0.707 0
vn 0.707 0.707 0
vn 0.707 0.707 0
vn 0.707 0 0.707
vn 0.707 0 0.707
vn 0.707 0 0.707
vn 0.707 0 0.707
vn 0.707 -0.707 0
vn 0.707 -0.707 0
vn 0.707 -0.707 0
vn 0.707 -0.707 0
vn 0.707 -0.707 0
vn 0.707 -0.707 0
vn 0.707 -0.707 0
vn 0.707 -0.707 0
vn 0 -0.707 0.707
vn 0 -0.707 0.707
vn 0 -0.707 0.707
vn 0 -0.707 0.707
vn -0.707 -0.707 0
vn -0.707 -0.707 0
vn -0.707 -0.707 0
vn -0.707 -0.707 0
vn 0 -0.707 -0.707
vn 0 -0.707 -0.707
vn 0 -0.707 -0.707
vn 0 -0.707 -0.707
vn -0.707 0 0.707
vn -0.707 0 0.707
vn -0.707 0 0.707
vn -0.707 0 0.707
vn -0.707 0.707 0
vn -0.707 0.707 0
vn -0.707 0.707 0
vn -0.707 0.707 0
vn -0.707 0 -0.707
vn -0.707 0 -0.707
vn -0.707 0 -0.707
vn -0.707 0 -0.707
vn -0.707 -0.707 0
vn -0.707 -0.707 0
vn -0.707 -0.707 0
vn -0.707 -0.707 0
vn -0.707 0 -0.707
vn -0.707 0 -0.707
vn -0.707 0 -0.707
vn -0.707 0 -0.707
vn -0.707 -0.707 0
vn -0.707 -0.707 0
vn -0.707 -0.707 0
vn -0.707 -0.707 0
vn -0.707 0 0.707
vn -0.707 0 0.707
vn -0.707 0 0.707
vn -0.707 0 0.707
vn -0.707 0.707 0
vn -0.707 0.707 0
vn -0.707 0.707 0
vn -0.707 0.707 0
vn 0.707 0.707 0
vn 0.707 0.707 0
vn 0.707 0.707 0
vn 0.707 0.707 0
vn 0 0.707 -0.707
vn 0 0.707 -0.707
vn 0 0.707 -0.707
vn 0 0.707 -0.707
vn -0.707 0.707 0
vn -0.707 0.707 0
vn -0.707 0.707 0
vn -0.707 0.707 0
vn 0 0.707 0.707
vn 0 0.707 0.707
vn 0 0.707 0.707
vn 0 0.707 0.707
vn -0.707 -0.707 0
vn -0.707 -0.707 0
vn -0.707 -0.707 0
vn -0.707 -0.707 0
vn 0.707 0.707 0
vn 0.707 0.707 0
vn 0 1 0
vn 0 1 0
vn 0 -0.707 -0.707
vn 0 -0.707 -0.707
vn 0 -0.707 -0.707
vn 0 -0.707 -0.707
vn 0.707 -0.707 0
vn 0.707 -0.707 0
vn 0.707 -0.707 0
vn 0.707 -0.707 0
vn -0.707 -0.707 0
vn -0.707 -0.707 0
vn -0.707 -0.707 0
vn -0.707 -0.707 0
vn 1 0 0
vn 1 0 0
vn 1 0 0
vn 1 0 0
vn 0.707 0.707 0
vn 0.707 0.707 0
vn 0.707 0.707 0
vn 0.707 0.707 0
vn 0 -1 0
vn 0 -1 0
vn 0.707 0.707 0
vn 0.707 0.707 0
vn 0.707 0.707 0
vn 0.707 0.707 0
vn -0.707 -0.707 0
vn -0.707 -0.707 0
vn -0.707 -0.707 0
vn -0.707 -0.707 0
vn 0.707 -0.707 0
vn 0.707 -0.707 0
vn 0.707 -0.707 0
vn 0.707 -0.707 0
vn -0.821 -0.045 -0.57
vn -0.821 -0.045 -0.57
vn -0.821 -0.045 -0.57
vn -0.821 -0.045 -0.57
vn -0.821 -0.045 -0.57
vn -0.821 -0.045 -0.57
vn -0.821 -0.045 0.57
vn -0.821 -0.045 0.57
vn -0.821 -0.045 0.57
vn -0.821 -0.045 0.57
vn -0.821 -0.045 0.57
vn -0.821 -0.045 0.57
vn 0.707 0.04 0.706
vn 0.707 0.04 0.706
vn 0.707 0.04 0.706
vn 0.707 0.04 0.706
vn 0.707 0.04 -0.706
vn 0.707 0.04 -0.706
vn 0.707 0.04 -0.706
vn 0.707 0.04 -0.706
vn -0.682 -0.186 -0.707
vn -0.682 -0.186 -0.707
vn -0.682 -0.186 -0.707
vn -0.682 -0.186 -0.707
vn 0.682 -0.186 0.707
vn 0.682 -0.186 0.707
vn 0.682 -0.186 0.707
vn 0.682 -0.186 0.707
vn 0.682 0.188 -0.707
vn 0.682 0.188 -0.707
vn 0.682 0.188 -0.707
vn 0.682 0.188 -0.707
vn 0.682 0.188 0.707
vn 0.682 0.188 0.707
vn 0.682 0.188 0.707
vn 0.682 0.188 0.707
vn -0.602 -0.371 -0.708
vn -0.602 -0.371 -0.708
vn -0.602 -0.371 -0.708
vn -0.602 -0.371 -0.708
vn -0.602 -0.371 -0.708
vn -0.602 -0.371 -0.708
vn -0.602 -0.371 -0.708
vn -0.602 -0.371 -0.708
vn 0.601 0.373 -0.707
vn 0.601 0.373 -0.707
vn 0.601 0.373 -0.707
vn 0.601 0.373 -0.707
vn -0.601 0.373 -0.707
vn -0.601 0.373 -0.707
vn -0.601 0.373 -0.707
vn -0.601 0.373 -0.707
vn -0.412 -0.541 -0.733
vn -0.412 -0.541 -0.733
vn -0.412 -0.541 -0.733
vn -0.412 -0.541 -0.733
vn -0.412 -0.541 -0.733
vn -0.412 -0.541 -0.733
vn 0.412 -0.541 -0.733
vn 0.412 -0.541 -0.733
vn 0.412 -0.541 -0.733
vn 0.412 -0.541 -0.733
vn 0.412 -0.541 -0.733
vn 0.412 -0.541 -0.733
vn 0.416 0.54 0.732
vn 0.416 0.54 0.732
vn 0.416 0.54 0.732
vn 0.416 0.54 0.732
vn 0.416 0.54 0.732
vn 0.416 0.54 0.732
vn 0.416 0.54 -0.732
vn 0.416 0.54 -0.732
vn 0.416 0.54 -0.732
vn 0.416 0.54 -0.732
vn 0.416 0.54 -0.732
vn 0.416 0.54 -0.732
vn 0.325 -0.628 -0.707
vn 0.325 -0.628 -0.707
vn 0.325 -0.628 -0.707
vn 0.325 -0.628 -0.707
vn 0.324 0.629 -0.707
vn 0.324 0.629 -0.707
vn 0.324 0.629 -0.707
vn 0.324 0.629 -0.707
vn -0.324 0.629 -0.707
vn -0.324 0.629 -0.707
vn -0.324 0.629 -0.707
vn -0.324 0.629 -0.707
vn 0.964 0.266 0
vn 0.964 0.266 0
vn 0.964 0.266 0
vn 0.964 0.266 0
vn -0.16 -0.689 0.707
vn -0.16 -0.689 0.707
vn -0.16 -0.689 0.707
vn -0.16 -0.689 0.707
vn 0.16 0.689 -0.707
vn 0.16 0.689 -0.707
vn 0.16 0.689 -0.707
vn 0.16 0.689 -0.707
vn -0.16 0.689 -0.707
vn -0.16 0.689 -0.707
vn -0.16 0.689 -0.707
vn -0.16 0.689 -0.707
vn 0.002 -0.707 0.707
vn 0.002 -0.707 0.707
vn 0.002 -0.707 0.707
vn 0.002 -0.707 0.707
vn -0.002 0.707 -0.707
vn -0.002 0.707 -0.707
vn -0.002 0.707 -0.707
vn -0.002 0.707 -0.707
vn 0.002 0.707 0.707
vn 0.002 0.707 0.707
vn 0.002 0.707 0.707
vn 0.002 0.707 0.707
vn -0.707 -0.039 -0.707
vn -0.707 -0.039 -0.707
vn -0.707 -0.039 -0.707
vn -0.707 -0.039 -0.707
vn 0.707 -0.039 0.707
vn 0.707 -0.039 0.707
vn 0.707 -0.039 0.707
vn 0.707 -0.039 0.707
vn 0.707 0.04 0.706
vn 0.707 0.04 0.706
vn 0.707 0.04 0.706
vn 0.707 0.04 0.706
vn 0.707 0.04 -0.706
vn 0.707 0.04 -0.706
vn 0.707 0.04 -0.706
vn 0.707 0.04 -0.706
vn -0.682 -0.186 -0.707
vn -0.682 -0.186 -0.707
vn -0.682 -0.186 -0.707
vn -0.682 -0.186 -0.707
vn -0.682 -0.186 0.707
vn -0.682 -0.186 0.707
vn -0.682 -0.186 0.707
vn -0.682 -0.186 0.707
vn 0.682 0.188 0.707
vn 0.682 0.188 0.707
vn 0.682 0.188 0.707
vn 0.682 0.188 0.707
vn 0.682 0.188 -0.707
vn 0.682 0.188 -0.707
vn 0.682 0.188 -0.707
vn 0.682 0.188 -0.707
vn -0.572 -0.352 -0.741
vn -0.572 -0.352 -0.741
vn -0.572 -0.352 -0.741
vn -0.572 -0.352 -0.741
vn -0.572 -0.352 -0.741
vn -0.572 -0.352 -0.741
vn -0.572 -0.352 0.741
vn -0.572 -0.352 0.741
vn -0.572 -0.352 0.741
vn -0.572 -0.352 0.741
vn -0.572 -0.352 0.741
vn -0.572 -0.352 0.741
vn 0.601 0.373 -0.707
vn 0.601 0.373 -0.707
vn 0.601 0.373 -0.707
vn 0.601 0.373 -0.707
vn 0.226 -0.974 0
vn 0.226 -0.974 0
vn 0.226 -0.974 0
vn 0.226 -0.974 0
vn 0.428 -0.562 0.708
vn 0.428 -0.562 0.708
vn 0.428 -0.562 0.708
vn 0.428 -0.562 0.708
vn -0.428 -0.562 0.708
vn -0.428 -0.562 0.708
vn -0.428 -0.562 0.708
vn -0.428 -0.562 0.708
vn -0.416 0.54 -0.732
vn -0.416 0.54 -0.732
vn -0.416 0.54 -0.732
vn -0.416 0.54 -0.732
vn -0.416 0.54 -0.732
vn -0.416 0.54 -0.732
vn 0.416 0.54 0.732
vn 0.416 0.54 0.732
vn 0.416 0.54 0.732
vn 0.416 0.54 0.732
vn 0.416 0.54 0.732
vn 0.416 0.54 0.732
vn -0.325 -0.628 -0.707
vn -0.325 -0.628 -0.707
vn -0.325 -0.628 -0.707
vn -0.325 -0.628 -0.707
vn 0.325 -0.628 0.707
vn 0.325 -0.628 0.707
vn 0.325 -0.628 0.707
vn 0.325 -0.628 0.707
vn -0.324 0.629 -0.707
vn -0.324 0.629 -0.707
vn -0.324 0.629 -0.707
vn -0.324 0.629 -0.707
vn 0.324 0.629 -0.707
vn 0.324 0.629 -0.707
vn 0.324 0.629 -0.707
vn 0.324 0.629 -0.707
vn -0.16 -0.689 -0.707
vn -0.16 -0.689 -0.707
vn -0.16 -0.689 -0.707
vn -0.16 -0.689 -0.707
vn -0.16 -0.689 0.707
vn -0.16 -0.689 0.707
vn -0.16 -0.689 0.707
vn -0.16 -0.689 0.707
vn -0.16 0.689 -0.707
vn -0.16 0.689 -0.707
vn -0.16 0.689 -0.707
vn -0.16 0.689 -0.707
vn -0.16 0.689 0.707
vn -0.16 0.689 0.707
vn -0.16 0.689 0.707
vn -0.16 0.689 0.707
vn -0.002 -0.707 0.707
vn -0.002 -0.707 0.707
vn -0.002 -0.707 0.707
vn -0.002 -0.707 0.707
vn -0.002 -0.707 -0.707
vn -0.002 -0.707 -0.707
vn -0.002 -0.707 -0.707
vn -0.002 -0.707 -0.707
vn -0.002 0.707 -0.707
vn -0.002 0.707 -0.707
vn -0.002 0.707 -0.707
vn -0.002 0.707 -0.707
vn 0.002 0.707 -0.707
vn 0.002 0.707 -0.707
vn 0.002 0.707 -0.707
vn 0.002 0.707 -0.707
vn 0 0.668 -0.744
vn 0 0.668 -0.744
vn 0 0.668 -0.744
vn 0 0.668 -0.744
vn 0 0 -1
vn 0 0 -1
vn 0 0 -1
vn 0 0 -1
vn 0 0 -1
vn 0 0 -1
vn 0 0 -1
vn 0 0 -1
vn 0 0 -1
vn 0 0 -1
vn 0 0 -1
vn 0 0 -1
vn 0 0 -1
vn 0 0 -1
vn 0 -0.663 -0.749
vn 0 -0.663 -0.749
vn 0 -0.663 -0.749
vn 0 -0.663 -0.749
vn 0 0.667 -0.745
vn 0 0.667 -0.745
vn 0 0.667 -0.745
vn 0 0.667 -0.745
vn 0 0.667 0.745
vn 0 0.667 0.745
vn 0 0.667 0.745
vn 0 0.667 0.745
vn 1 0 0
vn 1 0 0
vn 1 0 0
vn 1 0 0
vn 0 -0.707 -0.707
vn 0 -0.707 -0.707
vn 0 -0.707 -0.707
vn 0 -0.707 -0.707
vn 0 0 -1
vn 0 0 -1
vn 0 1 0
vn 0 1 0
vn 0 1 0
vn 0 1 0
vn 0.707 0 0.707
vn 0.707 0 0.707
vn 0.707 0 0.707
vn 0.707 0 0.707
vn 0 0.707 0.707
vn 0 0.707 0.707
vn 0 0 1
vn 0 0 1
vn -0.707 0.707 0
vn -0.707 0.707 0
vn -0.707 0.707 0
vn -0.707 0.707 0
vn 0.707 0.707 0
vn 0.707 0.707 0
vn 0.707 0.707 0
vn 0.707 0.707 0
vn 0 0.707 -0.707
vn 0 0.707 -0.707
vn 0 0.707 -0.707
vn 0 0.707 -0.707
vn 0 -0.707 0.707
vn 0 -0.707 0.707
vn 0 -0.707 0.707
vn 0 -0.707 0.707
vn 0 0.668 0.744
vn 0 0.668 0.744
vn 0 0.668 0.744
vn 0 0.668 0.744
vn -0.707 -0.039 -0.707
vn -0.707 -0.039 -0.707
vn -0.707 -0.039 -0.707
vn -0.707 -0.039 -0.707
vn 0.614 -0.003 -0.79
vn 0.614 -0.003 -0.79
vn 0.614 -0.003 -0.79
vn 0.614 -0.003 -0.79
vn -0.614 -0.003 0.79
vn -0.614 -0.003 0.79
vn -0.614 -0.003 0.79
vn -0.614 -0.003 0.79
vn 0 0 1
vn 0 0 1
vn 0.707 0.707 0
vn 0.707 0.707 0
vn 0.707 0.707 0
vn 0.707 0.707 0
vn 0 0.667 0.745
vn 0 0.667 0.745
vn 0 0.667 0.745
vn 0 0.667 0.745
vn 0 0.667 0.745
vn 0 0.667 0.745
vn 0 0.667 0.745
vn 0 0.667 0.745
vn -0.636 0.001 0.771
vn -0.636 0.001 0.771
vn -0.636 0.001 0.771
vn -0.636 0.001 0.771
vn -0.642 -0.002 -0.767
vn -0.642 -0.002 -0.767
vn -0.642 -0.002 -0.767
vn -0.642 -0.002 -0.767
vn 0.707 0 0.707
vn 0.707 0 0.707
vn 0.707 0 0.707
vn 0.707 0 0.707
vn -0.707 0.707 0
vn -0.707 0.707 0
vn -0.707 0.707 0
vn -0.707 0.707 0
vn 0 -1 0
vn 0 -1 0
vn -0.707 0 -0.707
vn -0.707 0 -0.707
vn -0.707 0 -0.707
vn -0.707 0 -0.707
vn 0.707 0 0.707
vn 0.707 0 0.707
vn 0.707 0 0.707
vn 0.707 0 0.707
vn 0.636 0.001 0.771
vn 0.636 0.001 0.771
vn 0.636 0.001 0.771
vn 0.636 0.001 0.771
vn 0.636 0.001 0.771
vn 0.636 0.001 0.771
vn 0.636 0.001 0.771
vn 0.636 0.001 0.771
vn 0.636 -0.002 -0.772
vn 0.636 -0.002 -0.772
vn 0.636 -0.002 -0.772
vn 0.636 -0.002 -0.772
vn 0.707 0 -0.707
vn 0.707 0 -0.707
vn 0.707 0 -0.707
vn 0.707 0 -0.707
vn 0 0.707 0.707
vn 0 0.707 0.707
vn 0 0.707 0.707
vn 0 0.707 0.707
vn 0 -0.707 -0.707
vn 0 -0.707 -0.707
vn 0 -0.707 -0.707
vn 0 -0.707 -0.707
vn 0.707 0.707 0
vn 0.707 0.707 0
vn 0.707 0.707 0
vn 0.707 0.707 0
vn -1 0 0
vn -1 0 0
vn -1 0 0
vn -1 0 0
vn 0.707 0 0.707
vn 0.707 0 0.707
vn 0.707 0 0.707
vn 0.707 0 0.707
vn 0.916 0.402 0
vn 0.916 0.402 0
vn 0.916 0.402 0
vn 0.916 0.402 0
vn 0.479 0.52 -0.707
vn 0.479 0.52 -0.707
vn 0.479 0.52 -0.707
vn 0.479 0.52 -0.707
vn 0.363 0.932 0
vn 0.363 0.932 0
vn 0.363 0.932 0
vn 0.363 0.932 0
vn 0.508 0.56 0.654
vn 0.508 0.56 0.654
vn 0.508 0.56 0.654
vn 0.508 0.56 0.654
vn -0.479 0.52 -0.707
vn -0.479 0.52 -0.707
vn -0.479 0.52 -0.707
vn -0.479 0.52 -0.707
vn -0.363 0.932 0
vn -0.363 0.932 0
vn -0.363 0.932 0
vn -0.363 0.932 0
vn 0.937 -0.35 0
vn 0.937 -0.35 0
vn 0.937 -0.35 0
vn 0.937 -0.35 0
vn 0.534 -0.464 -0.707
vn 0.534 -0.464 -0.707
vn 0.534 -0.464 -0.707
vn 0.534 -0.464 -0.707
vn -0.916 0.402 0
vn -0.916 0.402 0
vn -0.916 0.402 0
vn -0.916 0.402 0
vn 0 0.707 0.707
vn 0 0.707 0.707
vn 0 0.707 0.707
vn 0 0.707 0.707
vn -0.707 0 0.707
vn -0.707 0 0.707
vn -0.707 0 0.707
vn -0.707 0 0.707
vn -0.51 0.564 0.649
vn -0.51 0.564 0.649
vn -0.51 0.564 0.649
vn -0.51 0.564 0.649
vn 0 -0.707 0.707
vn 0 -0.707 0.707
vn 0 -0.707 0.707
vn 0 -0.707 0.707
vn -0.921 0.389 0
vn -0.921 0.389 0
vn -0.921 0.389 0
vn -0.921 0.389 0
vn -0.526 0.553 0.646
vn -0.526 0.553 0.646
vn -0.526 0.553 0.646
vn -0.526 0.553 0.646
vn 0.707 0 0.707
vn 0.707 0 0.707
vn 0.707 0 0.707
vn 0.707 0 0.707
vn -0.376 0.926 0
vn -0.376 0.926 0
vn -0.376 0.926 0
vn -0.376 0.926 0
vn -0.527 0.554 -0.645
vn -0.527 0.554 -0.645
vn -0.527 0.554 -0.645
vn -0.527 0.554 -0.645
vn -0.415 -0.91 0
vn -0.415 -0.91 0
vn -0.415 -0.91 0
vn -0.415 -0.91 0
vn -0.534 -0.464 -0.707
vn -0.534 -0.464 -0.707
vn -0.534 -0.464 -0.707
vn -0.534 -0.464 -0.707
vn 0.524 0.549 -0.651
vn 0.524 0.549 -0.651
vn 0.524 0.549 -0.651
vn 0.524 0.549 -0.651
vn 0.921 0.389 0
vn 0.921 0.389 0
vn 0.921 0.389 0
vn 0.921 0.389 0
vn 0 0.707 0.707
vn 0 0.707 0.707
vn 0 0.707 0.707
vn 0 0.707 0.707
vn 0.525 0.549 0.65
vn 0.525 0.549 0.65
vn 0.525 0.549 0.65
vn 0.525 0.549 0.65
vn 0.534 -0.464 0.707
vn 0.534 -0.464 0.707
vn 0.534 -0.464 0.707
vn 0.534 -0.464 0.707
vn 0 0.707 0.707
vn 0 0.707 0.707
vn 0 0.707 0.707
vn 0 0.707 0.707
vn -0.577 -0.518 0.631
vn -0.577 -0.518 0.631
vn -0.577 -0.518 0.631
vn -0.577 -0.518 0.631
vn -0.707 0 0.707
vn -0.707 0 0.707
vn -0.707 0 0.707
vn -0.707 0 0.707
vn -0.937 -0.35 0
vn -0.937 -0.35 0
vn -0.937 -0.35 0
vn -0.937 -0.35 0
vn 0 -0.707 0.707
vn 0 -0.707 0.707
vn 0 -0.707 0.707
vn 0 -0.707 0.707
vn 0.376 0.926 0
vn 0.376 0.926 0
vn 0.376 0.926 0
vn 0.376 0.926 0
vn 0.707 0 0.707
vn 0.707 0 0.707
vn 0.707 0 0.707
vn 0.707 0 0.707
vn -0.707 0 0.707
vn -0.707 0 0.707
vn -0.707 0 0.707
vn -0.707 0 0.707
vn 0.415 -0.91 0
vn 0.415 -0.91 0
vn 0.415 -0.91 0
vn 0.415 -0.91 0
vn 0 -0.707 0.707
vn 0 -0.707 0.707
vn 0 -0.707 0.707
vn 0 -0.707 0.707
vn 0.707 0 0.707
vn 0.707 0 0.707
vn 0.707 0 0.707
vn 0.707 0 0.707
vn 0 -0.707 0.707
vn 0 -0.707 0.707
vn 0 -0.707 0.707
vn 0 -0.707 0.707
vn -0.707 0 0.707
vn -0.707 0 0.707
vn -0.707 0 0.707
vn -0.707 0 0.707
vn 0 0.707 0.707
vn 0 0.707 0.707
vn 0 0.707 0.707
vn 0 0.707 0.707
vn 0 -0.707 0.707
vn 0 -0.707 0.707
vn 0 -0.707 0.707
vn 0 -0.707 0.707
vn 0.707 -0.707 0
vn 0.707 -0.707 0
vn 0.707 -0.707 0
vn 0.707 -0.707 0
vn 0 -0.707 -0.707
vn 0 -0.707 -0.707
vn 0 -0.707 -0.707
vn 0 -0.707 -0.707
vn -0.707 -0.707 0
vn -0.707 -0.707 0
vn -0.707 -0.707 0
vn -0.707 -0.707 0
vn 0 -0.707 0.707
vn 0 -0.707 0.707
vn 0 -0.707 0.707
vn 0 -0.707 0.707
vn 0.707 -0.707 0
vn 0.707 -0.707 0
vn 0.707 -0.707 0
vn 0.707 -0.707 0
vn 0 -0.707 -0.707
vn 0 -0.707 -0.707
vn 0 -0.707 -0.707
vn 0 -0.707 -0.707
vn -0.707 -0.707 0
vn -0.707 -0.707 0
vn -0.707 -0.707 0
vn -0.707 -0.707 0
vn 0.707 0 0.707
vn 0.707 0 0.707
vn 0.707 0 0.707
vn 0.707 0 0.707
vn 0.707 0.707 0
vn 0.707 0.707 0
vn 0.707 0.707 0
vn 0.707 0.707 0
vn 0.707 0 -0.707
vn 0.707 0 -0.707
vn 0.707 0 -0.707
vn 0.707 0 -0.707
vn 0.707 -0.707 0
vn 0.707 -0.707 0
vn 0.707 -0.707 0
vn 0.707 -0.707 0
vn 0.707 0 0.707
vn 0.707 0 0.707
vn 0.707 0 0.707
vn 0.707 0 0.707
vn 0.707 0.707 0
vn 0.707 0.707 0
vn 0.707 0.707 0
vn 0.707 0.707 0
vn 0.707 0 -0.707
vn 0.707 0 -0.707
vn 0.707 0 -0.707
vn 0.707 0 -0.707
vn 0.707 -0.707 0
vn 0.707 -0.707 0
vn 0.707 -0.707 0
vn 0.707 -0.707 0
vn -0.707 0.707 0
vn -0.707 0.707 0
vn -0.707 0.707 0
vn -0.707 0.707 0
vn 0 0.707 -0.707
vn 0 0.707 -0.707
vn 0 0.707 -0.707
vn 0 0.707 -0.707
vn 0.707 0.707 0
vn 0.707 0.707 0
vn 0.707 0.707 0
vn 0.707 0.707 0
vn 0 0.707 0.707
vn 0 0.707 0.707
vn 0 0.707 0.707
vn 0 0.707 0.707
vn -0.707 0.707 0
vn -0.707 0.707 0
vn -0.707 0.707 0
vn -0.707 0.707 0
vn 0 0.707 -0.707
vn 0 0.707 -0.707
vn 0 0.707 -0.707
vn 0 0.707 -0.707
vn 0.707 0.707 0
vn 0.707 0.707 0
vn 0.707 0.707 0
vn 0.707 0.707 0
vn 0 0.707 0.707
vn 0 0.707 0.707
vn 0 0.707 0.707
vn 0 0.707 0.707
vn -0.707 0.707 0
vn -0.707 0.707 0
vn -0.707 0.707 0
vn -0.707 0.707 0
vn 0 0.707 -0.707
vn 0 0.707 -0.707
vn 0 0.707 -0.707
vn 0 0.707 -0.707
vn 0.707 0.707 0
vn 0.707 0.707 0
vn 0.707 0.707 0
vn 0.707 0.707 0
vn 0 0.707 0.707
vn 0 0.707 0.707
vn 0 0.707 0.707
vn 0 0.707 0.707
vn -0.707 0 -0.707
vn -0.707 0 -0.707
vn -0.707 0 -0.707
vn -0.707 0 -0.707
vn -0.707 0.707 0
vn -0.707 0.707 0
vn -0.707 0.707 0
vn -0.707 0.707 0
vn -0.707 0 0.707
vn -0.707 0 0.707
vn -0.707 0 0.707
vn -0.707 0 0.707
vn -0.707 -0.707 0
vn -0.707 -0.707 0
vn -0.707 -0.707 0
vn -0.707 -0.707 0
vn -0.707 -0.707 0
vn -0.707 -0.707 0
vn -0.707 -0.707 0
vn -0.707 -0.707 0
vn 0 -0.707 0.707
vn 0 -0.707 0.707
vn 0 -0.707 0.707
vn 0 -0.707 0.707
vn 0.707 -0.707 0
vn 0.707 -0.707 0
vn 0.707 -0.707 0
vn 0.707 -0.707 0
vn 0 -0.707 -0.707
vn 0 -0.707 -0.707
vn 0 -0.707 -0.707
vn 0 -0.707 -0.707
vn 0.707 0 0.707
vn 0.707 0 0.707
vn 0.707 0 0.707
vn 0.707 0 0.707
vn 0.707 0.707 0
vn 0.707 0.707 0
vn 0.707 0.707 0
vn 0.707 0.707 0
vn 0.707 0 -0.707
vn 0.707 0 -0.707
vn 0.707 0 -0.707
vn 0.707 0 -0.707
vn 0.707 -0.707 0
vn 0.707 -0.707 0
vn 0.707 -0.707 0
vn 0.707 -0.707 0
vn 0.707 0 -0.707
vn 0.707 0 -0.707
vn 0.707 0 -0.707
vn 0.707 0 -0.707
vn 0.707 -0.707 0
vn 0.707 -0.707 0
vn 0.707 -0.707 0
vn 0.707 -0.707 0
vn 0.707 0 0.707
vn 0.707 0 0.707
vn 0.707 0 0.707
vn 0.707 0 0.707
vn 0.707 0.707 0
vn 0.707 0.707 0
vn 0.707 0.707 0
vn 0.707 0.707 0
vn -0.707 0.707 0
vn -0.707 0.707 0
vn -0.707 0.707 0
vn -0.707 0.707 0
vn 0 0.707 -0.707
vn 0 0.707 -0.707
vn 0 0.707 -0.707
vn 0 0.707 -0.707
vn 0.707 0.707 0
vn 0.707 0.707 0
vn 0.707 0.707 0
vn 0.707 0.707 0
vn 0 0.707 0.707
vn 0 0.707 0.707
vn 0 0.707 0.707
vn 0 0.707 0.707
vn 1 0 0
vn 1 0 0
vn 1 0 0
vn 1 0 0
vn -0.707 0.707 0
vn -0.707 0.707 0
vn -0.707 0.707 0
vn -0.707 0.707 0
vn -0.707 0.707 0
vn -0.707 0.707 0
vn -0.707 0.707 0
vn -0.707 0.707 0
vn 0.707 0.707 0
vn 0.707 0.707 0
vn 0.707 -0.707 0
vn 0.707 -0.707 0
vn 0.707 -0.707 0
vn 0.707 -0.707 0
vn 0 0.673 -0.74
vn 0 0.673 -0.74
vn 0 0.673 -0.74
vn 0 0.673 -0.74
vn 0.707 0.707 0
vn 0.707 0.707 0
vn 0 -0.707 0.707
vn 0 -0.707 0.707
vn 0 -0.707 0.707
vn 0 -0.707 0.707
vn 0.707 -0.707 0
vn 0.707 -0.707 0
vn 0.707 -0.707 0
vn 0.707 -0.707 0
vn 0 -0.707 0.707
vn 0 -0.707 0.707
vn 0 -0.707 0.707
vn 0 -0.707 0.707
vn 0 0 1
vn 0 0 1
vn 0 0 1
vn 0 0 1
vn 0.707 0.707 0
vn 0.707 0.707 0
vn 0.707 0.707 0
vn 0.707 0.707 0
vn -0.707 0.707 0
vn -0.707 0.707 0
vn -0.707 0.707 0
vn -0.707 0.707 0
vn 0.821 -0.045 -0.57
vn 0.821 -0.045 -0.57
vn 0.821 -0.045 -0.57
vn 0.821 -0.045 -0.57
vn 0.821 -0.045 -0.57
vn 0.821 -0.045 -0.57
vn -0.707 -0.039 0.707
vn -0.707 -0.039 0.707
vn -0.707 -0.039 0.707
vn -0.707 -0.039 0.707
vn 0.707 0.04 0.706
vn 0.707 0.04 0.706
vn 0.707 0.04 0.706
vn 0.707 0.04 0.706
vn 0.707 0.04 -0.706
vn 0.707 0.04 -0.706
vn 0.707 0.04 -0.706
vn 0.707 0.04 -0.706
vn 0.682 -0.186 0.707
vn 0.682 -0.186 0.707
vn 0.682 -0.186 0.707
vn 0.682 -0.186 0.707
vn 0.682 -0.186 -0.707
vn 0.682 -0.186 -0.707
vn 0.682 -0.186 -0.707
vn 0.682 -0.186 -0.707
vn -0.682 0.188 0.707
vn -0.682 0.188 0.707
vn -0.682 0.188 0.707
vn -0.682 0.188 0.707
vn -0.682 0.188 -0.707
vn -0.682 0.188 -0.707
vn -0.682 0.188 -0.707
vn -0.682 0.188 -0.707
vn 0.602 -0.371 0.708
vn 0.602 -0.371 0.708
vn 0.602 -0.371 0.708
vn 0.602 -0.371 0.708
vn 0 -0.663 0.749
vn 0 -0.663 0.749
vn 0 -0.663 0.749
vn 0 -0.663 0.749
vn 0.601 0.373 0.707
vn 0.601 0.373 0.707
vn 0.601 0.373 0.707
vn 0.601 0.373 0.707
vn -0.412 -0.541 -0.733
vn -0.412 -0.541 -0.733
vn -0.412 -0.541 -0.733
vn -0.412 -0.541 -0.733
vn -0.412 -0.541 -0.733
vn -0.412 -0.541 -0.733
vn 0.412 -0.541 -0.733
vn 0.412 -0.541 -0.733
vn 0.412 -0.541 -0.733
vn 0.412 -0.541 -0.733
vn 0.412 -0.541 -0.733
vn 0.412 -0.541 -0.733
vn 0.412 -0.541 0.733
vn 0.412 -0.541 0.733
vn 0.412 -0.541 0.733
vn 0.412 -0.541 0.733
vn 0.412 -0.541 0.733
vn 0.412 -0.541 0.733
vn -0.416 0.54 -0.732
vn -0.416 0.54 -0.732
vn -0.416 0.54 -0.732
vn -0.416 0.54 -0.732
vn -0.416 0.54 -0.732
vn -0.416 0.54 -0.732
vn -0.325 -0.628 -0.707
vn -0.325 -0.628 -0.707
vn -0.325 -0.628 -0.707
vn -0.325 -0.628 -0.707
vn 0.325 -0.628 0.707
vn 0.325 -0.628 0.707
vn 0.325 -0.628 0.707
vn 0.325 -0.628 0.707
vn -0.324 0.629 0.707
vn -0.324 0.629 0.707
vn -0.324 0.629 0.707
vn -0.324 0.629 0.707
vn -0.324 0.629 0.707
vn -0.324 0.629 0.707
vn -0.324 0.629 0.707
vn -0.324 0.629 0.707
vn -0.16 -0.689 -0.707
vn -0.16 -0.689 -0.707
vn -0.16 -0.689 -0.707
vn -0.16 -0.689 -0.707
vn 0.16 -0.689 -0.707
vn 0.16 -0.689 -0.707
vn 0.16 -0.689 -0.707
vn 0.16 -0.689 -0.707
vn -0.16 0.689 0.707
vn -0.16 0.689 0.707
vn -0.16 0.689 0.707
vn -0.16 0.689 0.707
vn -0.16 0.689 0.707
vn -0.16 0.689 0.707
vn -0.16 0.689 0.707
vn -0.16 0.689 0.707
vn 0.002 -0.707 -0.707
vn 0.002 -0.707 -0.707
vn 0.002 -0.707 -0.707
vn 0.002 -0.707 -0.707
vn -0.002 -0.707 0.707
vn -0.002 -0.707 0.707
vn -0.002 -0.707 0.707
vn -0.002 -0.707 0.707
vn -0.002 0.707 -0.707
vn -0.002 0.707 -0.707
vn -0.002 0.707 -0.707
vn -0.002 0.707 -0.707
vn -0.002 0.707 0.707
vn -0.002 0.707 0.707
vn -0.002 0.707 0.707
vn -0.002 0.707 0.707
vn 0.707 -0.039 -0.707
vn 0.707 -0.039 -0.707
vn 0.707 -0.039 -0.707
vn 0.707 -0.039 -0.707
vn -0.707 -0.039 0.707
vn -0.707 -0.039 0.707
vn -0.707 -0.039 0.707
vn -0.707 -0.039 0.707
vn -0.707 0.04 -0.706
vn -0.707 0.04 -0.706
vn -0.707 0.04 -0.706
vn -0.707 0.04 -0.706
vn -0.707 0.04 0.706
vn -0.707 0.04 0.706
vn -0.707 0.04 0.706
vn -0.707 0.04 0.706
vn 0.682 -0.186 -0.707
vn 0.682 -0.186 -0.707
vn 0.682 -0.186 -0.707
vn 0.682 -0.186 -0.707
vn 0.682 -0.186 0.707
vn 0.682 -0.186 0.707
vn 0.682 -0.186 0.707
vn 0.682 -0.186 0.707
vn -0.682 0.188 0.707
vn -0.682 0.188 0.707
vn -0.682 0.188 0.707
vn -0.682 0.188 0.707
vn -0.682 0.188 -0.707
vn -0.682 0.188 -0.707
vn -0.682 0.188 -0.707
vn -0.682 0.188 -0.707
vn 0.602 -0.371 -0.708
vn 0.602 -0.371 -0.708
vn 0.602 -0.371 -0.708
vn 0.602 -0.371 -0.708
vn 0.602 -0.371 0.708
vn 0.602 -0.371 0.708
vn 0.602 -0.371 0.708
vn 0.602 -0.371 0.708
vn -0.601 0.373 0.707
vn -0.601 0.373 0.707
vn -0.601 0.373 0.707
vn -0.601 0.373 0.707
vn 0.601 0.373 0.707
vn 0.601 0.373 0.707
vn 0.601 0.373 0.707
vn 0.601 0.373 0.707
vn 0.428 -0.562 -0.708
vn 0.428 -0.562 -0.708
vn 0.428 -0.562 -0.708
vn 0.428 -0.562 -0.708
vn -0.601 0.373 -0.707
vn -0.601 0.373 -0.707
vn -0.601 0.373 -0.707
vn -0.601 0.373 -0.707
vn 0.416 0.54 -0.732
vn 0.416 0.54 -0.732
vn 0.416 0.54 -0.732
vn 0.416 0.54 -0.732
vn 0.416 0.54 -0.732
vn 0.416 0.54 -0.732
vn -0.227 0.974 0
vn -0.227 0.974 0
vn -0.227 0.974 0
vn -0.227 0.974 0
vn 0.325 -0.628 -0.707
vn 0.325 -0.628 -0.707
vn 0.325 -0.628 -0.707
vn 0.325 -0.628 -0.707
vn 0.325 -0.628 -0.707
vn 0.325 -0.628 -0.707
vn 0.325 -0.628 -0.707
vn 0.325 -0.628 -0.707
vn -0.324 0.629 0.707
vn -0.324 0.629 0.707
vn -0.324 0.629 0.707
vn -0.324 0.629 0.707
vn 0.324 0.629 0.707
vn 0.324 0.629 0.707
vn 0.324 0.629 0.707
vn 0.324 0.629 0.707
vn 0.16 -0.689 -0.707
vn 0.16 -0.689 -0.707
vn 0.16 -0.689 -0.707
vn 0.16 -0.689 -0.707
vn -0.16 0.689 0.707
vn -0.16 0.689 0.707
vn -0.16 0.689 0.707
vn -0.16 0.689 0.707
vn -0.16 0.689 -0.707
vn -0.16 0.689 -0.707
vn -0.16 0.689 -0.707
vn -0.16 0.689 -0.707
vn 0.002 -0.707 -0.707
vn 0.002 -0.707 -0.707
vn 0.002 -0.707 -0.707
vn 0.002 -0.707 -0.707
vn 0.002 -0.707 0.707
vn 0.002 -0.707 0.707
vn 0.002 -0.707 0.707
vn 0.002 -0.707 0.707
vn -0.002 0.707 0.707
vn -0.002 0.707 0.707
vn -0.002 0.707 0.707
vn -0.002 0.707 0.707
vn -0.002 0.707 -0.707
vn -0.002 0.707 -0.707
vn -0.002 0.707 -0.707
vn -0.002 0.707 -0.707
vn 0 -0.707 -0.707
vn 0 -0.707 -0.707
vn 0 0.707 -0.707
vn 0 0.707 -0.707
vn 0 0.707 -0.707
vn 0 0.707 -0.707
vn 0 0.673 0.74
vn 0 0.673 0.74
vn 0 0.673 0.74
vn 0 0.673 0.74
vn 0 0.673 -0.74
vn 0 0.673 -0.74
vn 0 0.673 -0.74
vn 0 0.673 -0.74
vn 0 -0.707 -0.707
vn 0 -0.707 -0.707
vn 0 -0.673 0.74
vn 0 -0.673 0.74
vn 0 -0.673 0.74
vn 0 -0.673 0.74
vn -0.707 0 -0.707
vn -0.707 0 -0.707
vn -0.707 0 -0.707
vn -0.707 0 -0.707
vn -0.707 -0.707 0
vn -0.707 -0.707 0
vn 0 -0.707 0.707
vn 0 -0.707 0.707
vn 0.707 0 0.707
vn 0.707 0 0.707
vn 0.707 0 0.707
vn 0.707 0 0.707
vn 0 0 -1
vn 0 0 -1
vn 0 0 -1
vn 0 0 -1
vn 0 0 -1
vn 0 0 -1
vn 0 0 -1
vn 0 0 -1
vn 0 0 -1
vn 0 0 -1
vn 0 0 -1
vn 0 0 -1
vn 0 0 -1
vn 0 0 -1
vn 0 0.707 -0.707
vn 0 0.707 -0.707
vn 0 0.707 -0.707
vn 0 0.707 -0.707
vn 0 0.668 -0.744
vn 0 0.668 -0.744
vn 0 0.668 -0.744
vn 0 0.668 -0.744
vn -0.636 -0.002 -0.772
vn -0.636 -0.002 -0.772
vn -0.636 -0.002 -0.772
vn -0.636 -0.002 -0.772
vn 0.614 -0.003 0.79
vn 0.614 -0.003 0.79
vn 0.614 -0.003 0.79
vn 0.614 -0.003 0.79
vn -0.614 -0.003 0.79
vn -0.614 -0.003 0.79
vn -0.614 -0.003 0.79
vn -0.614 -0.003 0.79
vn 0 0.707 0.707
vn 0 0.707 0.707
vn 0 0.707 0.707
vn 0 0.707 0.707
vn 0 -0.707 -0.707
vn 0 -0.707 -0.707
vn 0 -0.707 -0.707
vn 0 -0.707 -0.707
vn 0 0.667 -0.745
vn 0 0.667 -0.745
vn 0 0.667 -0.745
vn 0 0.667 -0.745
vn 0 0.667 0.745
vn 0 0.667 0.745
vn 0 0.667 0.745
vn 0 0.667 0.745
vn 0.642 -0.002 -0.767
vn 0.642 -0.002 -0.767
vn 0.642 -0.002 -0.767
vn 0.642 -0.002 -0.767
vn 0 0.673 0.74
vn 0 0.673 0.74
vn 0 0.673 0.74
vn 0 0.673 0.74
vn -0.642 -0.002 0.767
vn -0.642 -0.002 0.767
vn -0.642 -0.002 0.767
vn -0.642 -0.002 0.767
vn 0.707 0 -0.707
vn 0.707 0 -0.707
vn 0.707 0 -0.707
vn 0.707 0 -0.707
vn -0.636 0.001 0.771
vn -0.636 0.001 0.771
vn -0.636 0.001 0.771
vn -0.636 0.001 0.771
vn -0.636 0.001 -0.771
vn -0.636 0.001 -0.771
vn -0.636 0.001 -0.771
vn -0.636 0.001 -0.771
vn 0.636 0.001 0.771
vn 0.636 0.001 0.771
vn 0.636 0.001 0.771
vn 0.636 0.001 0.771
vn 0 0 1
vn 0 0 1
vn 0 0 1
vn 0 0 1
vn 0 0 -1
vn 0 0 -1
vn 0 0 -1
vn 0 0 -1
vn 0 0 -1
vn 0 0 -1
vn 0 0 -1
vn 0 0 -1
vn 0 0 -1
vn 0 0 -1
vn 0 0 -1
vn 0 0 -1
vn 0 0 -1
vn 0 0 -1
vn 0 0 -1
vn 0 0 -1
vn 0 0.707 -0.707
vn 0 0.707 -0.707
vn 0 0 1
vn 0 0 1
vn 0 0 1
vn 0 0 1
vn -0.707 0 0.707
vn -0.707 0 0.707
vn -0.707 0 0.707
vn -0.707 0 0.707
vn 0 0 1
vn 0 0 1
vn 0 0 1
vn 0 0 1
vn 0 0.707 0.707
vn 0 0.707 0.707
vn 0 0 1
vn 0 0 1
vn 0 0 1
vn 0 0 1
vn -0.707 0 0.707
vn -0.707 0 0.707
vn -0.707 0 0.707
vn -0.707 0 0.707
vn 0 0 1
vn 0 0 1
vn 0 0 1
vn 0 0 1
vn 0 0 1
vn 0 0 1
vn 0 0 1
vn 0 0 1
vn 0 0 1
vn 0 0 1
vn 0 0 1
vn 0 0 1
vn 0 0 1
vn 0 0 1
vn 0 0.707 0.707
vn 0 0.707 0.707
vn 0 0.707 0.707
vn 0 0.707 0.707
vn 0 -0.707 0.707
vn 0 -0.707 0.707
vn 0 -0.707 0.707
vn 0 -0.707 0.707
vn -0.707 0 -0.707
vn -0.707 0 -0.707
vn -0.707 0 -0.707
vn -0.707 0 -0.707
vn -0.916 0.402 0
vn -0.916 0.402 0
vn -0.916 0.402 0
vn -0.916 0.402 0
vn -0.479 0.52 0.707
vn -0.479 0.52 0.707
vn -0.479 0.52 0.707
vn -0.479 0.52 0.707
vn -0.363 0.932 0
vn -0.363 0.932 0
vn -0.363 0.932 0
vn -0.363 0.932 0
vn -0.508 0.56 -0.654
vn -0.508 0.56 -0.654
vn -0.508 0.56 -0.654
vn -0.508 0.56 -0.654
vn 0.479 0.52 0.707
vn 0.479 0.52 0.707
vn 0.479 0.52 0.707
vn 0.479 0.52 0.707
vn 0.363 0.932 0
vn 0.363 0.932 0
vn 0.363 0.932 0
vn 0.363 0.932 0
vn -0.937 -0.35 0
vn -0.937 -0.35 0
vn -0.937 -0.35 0
vn -0.937 -0.35 0
vn -0.534 -0.464 0.707
vn -0.534 -0.464 0.707
vn -0.534 -0.464 0.707
vn -0.534 -0.464 0.707
vn 0.916 0.402 0
vn 0.916 0.402 0
vn 0.916 0.402 0
vn 0.916 0.402 0
vn 0 0.707 -0.707
vn 0 0.707 -0.707
vn 0 0.707 -0.707
vn 0 0.707 -0.707
vn 0.707 0 -0.707
vn 0.707 0 -0.707
vn 0.707 0 -0.707
vn 0.707 0 -0.707
vn 0.509 0.561 -0.653
vn 0.509 0.561 -0.653
vn 0.509 0.561 -0.653
vn 0.509 0.561 -0.653
vn 0 -0.707 -0.707
vn 0 -0.707 -0.707
vn 0 -0.707 -0.707
vn 0 -0.707 -0.707
vn 0.921 0.389 0
vn 0.921 0.389 0
vn 0.921 0.389 0
vn 0.921 0.389 0
vn 0.524 0.549 -0.651
vn 0.524 0.549 -0.651
vn 0.524 0.549 -0.651
vn 0.524 0.549 -0.651
vn -0.707 0 -0.707
vn -0.707 0 -0.707
vn -0.707 0 -0.707
vn -0.707 0 -0.707
vn 0.376 0.926 0
vn 0.376 0.926 0
vn 0.376 0.926 0
vn 0.376 0.926 0
vn 0.525 0.549 0.65
vn 0.525 0.549 0.65
vn 0.525 0.549 0.65
vn 0.525 0.549 0.65
vn 0.415 -0.91 0
vn 0.415 -0.91 0
vn 0.415 -0.91 0
vn 0.415 -0.91 0
vn 0.534 -0.464 0.707
vn 0.534 -0.464 0.707
vn 0.534 -0.464 0.707
vn 0.534 -0.464 0.707
vn -0.524 0.549 0.651
vn -0.524 0.549 0.651
vn -0.524 0.549 0.651
vn -0.524 0.549 0.651
vn -0.921 0.389 0
vn -0.921 0.389 0
vn -0.921 0.389 0
vn -0.921 0.389 0
vn 0 0.707 -0.707
vn 0 0.707 -0.707
vn 0 0.707 -0.707
vn 0 0.707 -0.707
vn -0.525 0.549 -0.65
vn -0.525 0.549 -0.65
vn -0.525 0.549 -0.65
vn -0.525 0.549 -0.65
vn -0.534 -0.464 -0.707
vn -0.534 -0.464 -0.707
vn -0.534 -0.464 -0.707
vn -0.534 -0.464 -0.707
vn 0 0.707 -0.707
vn 0 0.707 -0.707
vn 0 0.707 -0.707
vn 0 0.707 -0.707
vn 0.574 -0.512 -0.64
vn 0.574 -0.512 -0.64
vn 0.574 -0.512 -0.64
vn 0.574 -0.512 -0.64
vn 0.707 0 -0.707
vn 0.707 0 -0.707
vn 0.707 0 -0.707
vn 0.707 0 -0.707
vn 0.937 -0.35 0
vn 0.937 -0.35 0
vn 0.937 -0.35 0
vn 0.937 -0.35 0
vn 0 -0.707 -0.707
vn 0 -0.707 -0.707
vn 0 -0.707 -0.707
vn 0 -0.707 -0.707
vn -0.376 0.926 0
vn -0.376 0.926 0
vn -0.376 0.926 0
vn -0.376 0.926 0
vn -0.707 0 -0.707
vn -0.707 0 -0.707
vn -0.707 0 -0.707
vn -0.707 0 -0.707
vn 0.707 0 -0.707
vn 0.707 0 -0.707
vn 0.707 0 -0.707
vn 0.707 0 -0.707
vn -0.415 -0.91 0
vn -0.415 -0.91 0
vn -0.415 -0.91 0
vn -0.415 -0.91 0
vn 0 -0.707 -0.707
vn 0 -0.707 -0.707
vn 0 -0.707 -0.707
vn 0 -0.707 -0.707
vn -0.707 0 -0.707
vn -0.707 0 -0.707
vn -0.707 0 -0.707
vn -0.707 0 -0.707
vn 0 -0.707 -0.707
vn 0 -0.707 -0.707
vn 0 -0.707 -0.707
vn 0 -0.707 -0.707
vn 0.707 0 -0.707
vn 0.707 0 -0.707
vn 0.707 0 -0.707
vn 0.707 0 -0.707
vn 0 0.707 -0.707
vn 0 0.707 -0.707
vn 0 0.707 -0.707
vn 0 0.707 -0.707
vn 0 -0.707 -0.707
vn 0 -0.707 -0.707
vn 0 -0.707 -0.707
vn 0 -0.707 -0.707
vn -0.707 -0.707 0
vn -0.707 -0.707 0
vn -0.707 -0.707 0
vn -0.707 -0.707 0
vn 0 -0.707 0.707
vn 0 -0.707 0.707
vn 0 -0.707 0.707
vn 0 -0.707 0.707
vn 0.707 -0.707 0
vn 0.707 -0.707 0
vn 0.707 -0.707 0
vn 0.707 -0.707 0
vn 0 -0.707 -0.707
vn 0 -0.707 -0.707
vn 0 -0.707 -0.707
vn 0 -0.707 -0.707
vn -0.707 -0.707 0
vn -0.707 -0.707 0
vn -0.707 -0.707 0
vn -0.707 -0.707 0
vn 0 -0.707 0.707
vn 0 -0.707 0.707
vn 0 -0.707 0.707
vn 0 -0.707 0.707
vn 0.707 -0.707 0
vn 0.707 -0.707 0
vn 0.707 -0.707 0
vn 0.707 -0.707 0
vn -0.707 0 -0.707
vn -0.707 0 -0.707
vn -0.707 0 -0.707
vn -0.707 0 -0.707
vn -0.707 0.707 0
vn -0.707 0.707 0
vn -0.707 0.707 0
vn -0.707 0.707 0
vn -0.707 0 0.707
vn -0.707 0 0.707
vn -0.707 0 0.707
vn -0.707 0 0.707
vn -0.707 -0.707 0
vn -0.707 -0.707 0
vn -0.707 -0.707 0
vn -0.707 -0.707 0
vn -0.707 0 -0.707
vn -0.707 0 -0.707
vn -0.707 0 -0.707
vn -0.707 0 -0.707
vn -0.707 0.707 0
vn -0.707 0.707 0
vn -0.707 0.707 0
vn -0.707 0.707 0
vn -0.707 0 0.707
vn -0.707 0 0.707
vn -0.707 0 0.707
vn -0.707 0 0.707
vn -0.707 -0.707 0
vn -0.707 -0.707 0
vn -0.707 -0.707 0
vn -0.707 -0.707 0
vn 0.707 0.707 0
vn 0.707 0.707 0
vn 0.707 0.707 0
vn 0.707 0.707 0
vn 0 0.707 0.707
vn 0 0.707 0.707
vn 0 0.707 0.707
vn 0 0.707 0.707
vn -0.707 0.707 0
vn -0.707 0.707 0
vn -0.707 0.707 0
vn -0.707 0.707 0
vn 0 0.707 -0.707
vn 0 0.707 -0.707
vn 0 0.707 -0.707
vn 0 0.707 -0.707
vn 0.707 0.707 0
vn 0.707 0.707 0
vn 0.707 0.707 0
vn 0.707 0.707 0
vn 0 0.707 0.707
vn 0 0.707 0.707
vn 0 0.707 0.707
vn 0 0.707 0.707
vn -0.707 0.707 0
vn -0.707 0.707 0
vn -0.707 0.707 0
vn -0.707 0.707 0
vn 0 0.707 -0.707
vn 0 0.707 -0.707
vn 0 0.707 -0.707
vn 0 0.707 -0.707
vn 0.707 0.707 0
vn 0.707 0.707 0
vn 0.707 0.707 0
vn 0.707 0.707 0
vn 0 0.707 0.707
vn 0 0.707 0.707
vn 0 0.707 0.707
vn 0 0.707 0.707
vn -0.707 0.707 0
vn -0.707 0.707 0
vn -0.707 0.707 0
vn -0.707 0.707 0
vn 0 0.707 -0.707
vn 0 0.707 -0.707
vn 0 0.707 -0.707
vn 0 0.707 -0.707
vn 0.707 0 0.707
vn 0.707 0 0.707
vn 0.707 0 0.707
vn 0.707 0 0.707
vn 0.707 0.707 0
vn 0.707 0.707 0
vn 0.707 0.707 0
vn 0.707 0.707 0
vn 0.707 0 -0.707
vn 0.707 0 -0.707
vn 0.707 0 -0.707
vn 0.707 0 -0.707
vn 0.707 -0.707 0
vn 0.707 -0.707 0
vn 0.707 -0.707 0
vn 0.707 -0.707 0
vn 0.707 -0.707 0
vn 0.707 -0.707 0
vn 0.707 -0.707 0
vn 0.707 -0.707 0
vn 0 -0.707 -0.707
vn 0 -0.707 -0.707
vn 0 -0.707 -0.707
vn 0 -0.707 -0.707
vn -0.707 -0.707 0
vn -0.707 -0.707 0
vn -0.707 -0.707 0
vn -0.707 -0.707 0
vn 0 -0.707 0.707
vn 0 -0.707 0.707
vn 0 -0.707 0.707
vn 0 -0.707 0.707
vn -0.707 0 -0.707
vn -0.707 0 -0.707
vn -0.707 0 -0.707
vn -0.707 0 -0.707
vn -0.707 0.707 0
vn -0.707 0.707 0
vn -0.707 0.707 0
vn -0.707 0.707 0
vn -0.707 0 0.707
vn -0.707 0 0.707
vn -0.707 0 0.707
vn -0.707 0 0.707
vn -0.707 -0.707 0
vn -0.707 -0.707 0
vn -0.707 -0.707 0
vn -0.707 -0.707 0
vn -0.707 0 0.707
vn -0.707 0 0.707
vn -0.707 0 0.707
vn -0.707 0 0.707
vn -0.707 -0.707 0
vn -0.707 -0.707 0
vn -0.707 -0.707 0
vn -0.707 -0.707 0
vn -0.707 0 -0.707
vn -0.707 0 -0.707
vn -0.707 0 -0.707
vn -0.707 0 -0.707
vn -0.707 0.707 0
vn -0.707 0.707 0
vn -0.707 0.707 0
vn -0.707 0.707 0
vn 0.707 0.707 0
vn 0.707 0.707 0
vn 0.707 0.707 0
vn 0.707 0.707 0
vn 0 0.707 0.707
vn 0 0.707 0.707
vn 0 0.707 0.707
vn 0 0.707 0.707
vn -0.707 0.707 0
vn -0.707 0.707 0
vn -0.707 0.707 0
vn -0.707 0.707 0
vn 0 0.707 -0.707
vn 0 0.707 -0.707
vn 0 0.707 -0.707
vn 0 0.707 -0.707
vn -0.707 -0.707 0
vn -0.707 -0.707 0
vn 0 0 -1
vn 0 0 -1
vn 0 0 -1
vn 0 0 -1
vn -1 0 0
vn -1 0 0
vn -0.707 0 0.707
vn -0.707 0 0.707
vn -0.707 0 0.707
vn -0.707 0 0.707
vn 0.707 -0.707 0
vn 0.707 -0.707 0
vn 0.707 0.707 0
vn 0.707 0.707 0
vn 0 -0.707 0.707
vn 0 -0.707 0.707
vn 0 -0.707 0.707
vn 0 -0.707 0.707
vn 0.707 0.707 0
vn 0.707 0.707 0
vn 0.707 -0.707 0
vn 0.707 -0.707 0
vn -0.707 0.707 0
vn -0.707 0.707 0
vn 0.707 -0.707 0
vn 0.707 -0.707 0
vn 0.707 -0.707 0
vn 0.707 -0.707 0
vn 0 -0.707 -0.707
vn 0 -0.707 -0.707
vn 0 -0.707 -0.707
vn 0 -0.707 -0.707
vn 0.707 0.707 0
vn 0.707 0.707 0
vn -0.707 0.707 0
vn -0.707 0.707 0
vn -0.707 0.707 0
vn -0.707 0.707 0
vn -0.707 -0.707 0
vn -0.707 -0.707 0
vn -0.707 0.707 0
vn -0.707 0.707 0
vn 0 -0.707 0.707
vn 0 -0.707 0.707
vn 0.707 0 -0.707
vn 0.707 0 -0.707
vn 0.707 0 -0.707
vn 0.707 0 -0.707
vn -0.707 -0.707 0
vn -0.707 -0.707 0
vn -0.707 -0.707 0
vn -0.707 -0.707 0
vn 0 0 -1
vn 0 0 -1
vn 0 0 -1
vn 0 0 -1
vn 0 0 -1
vn 0 0 -1
vn 0 0 -1
vn 0 0 -1
vn 0 0 -1
vn 0 0 -1
vn 0 0 -1
vn 0 0 -1
vn 0 0 -1
vn 0 0 -1
vn 0 0.707 0.707
vn 0 0.707 0.707
vn 0 0.707 0.707
vn 0 0.707 0.707
vn 0 0 -1
vn 0 0 -1
vn 0 0 -1
vn 0 0 -1
vn 0 0 -1
vn 0 0 -1
vn 0 0 -1
vn 0 0 -1
vn 0 0 -1
vn 0 0 -1
vn 0 0 -1
vn 0 0 -1
vn 0 0 -1
vn 0 0 -1
vn 0.707 -0.039 0.707
vn 0.707 -0.039 0.707
vn 0.707 -0.039 0.707
vn 0.707 -0.039 0.707
vn 0.821 -0.045 0.57
vn 0.821 -0.045 0.57
vn 0.821 -0.045 0.57
vn 0.821 -0.045 0.57
vn 0.821 -0.045 0.57
vn 0.821 -0.045 0.57
vn -0.707 0.04 -0.706
vn -0.707 0.04 -0.706
vn -0.707 0.04 -0.706
vn -0.707 0.04 -0.706
vn -0.707 0.04 -0.706
vn -0.707 0.04 -0.706
vn -0.707 0.04 -0.706
vn -0.707 0.04 -0.706
vn -0.325 -0.628 0.707
vn -0.325 -0.628 0.707
vn -0.325 -0.628 0.707
vn -0.325 -0.628 0.707
vn -0.682 -0.186 0.707
vn -0.682 -0.186 0.707
vn -0.682 -0.186 0.707
vn -0.682 -0.186 0.707
vn 0.682 0.188 0.707
vn 0.682 0.188 0.707
vn 0.682 0.188 0.707
vn 0.682 0.188 0.707
vn 0.324 0.629 -0.707
vn 0.324 0.629 -0.707
vn 0.324 0.629 -0.707
vn 0.324 0.629 -0.707
vn 0.16 0.689 -0.707
vn 0.16 0.689 -0.707
vn 0.16 0.689 -0.707
vn 0.16 0.689 -0.707
vn 0.003 1 0
vn 0.003 1 0
vn 0.003 1 0
vn 0.003 1 0
vn 0.602 -0.371 0.708
vn 0.602 -0.371 0.708
vn 0.602 -0.371 0.708
vn 0.602 -0.371 0.708
vn -0.602 -0.371 0.708
vn -0.602 -0.371 0.708
vn -0.602 -0.371 0.708
vn -0.602 -0.371 0.708
vn 0.601 0.373 -0.707
vn 0.601 0.373 -0.707
vn 0.601 0.373 -0.707
vn 0.601 0.373 -0.707
vn 0.601 0.373 0.707
vn 0.601 0.373 0.707
vn 0.601 0.373 0.707
vn 0.601 0.373 0.707
vn -0.412 -0.541 0.733
vn -0.412 -0.541 0.733
vn -0.412 -0.541 0.733
vn -0.412 -0.541 0.733
vn -0.412 -0.541 0.733
vn -0.412 -0.541 0.733
vn -0.412 -0.541 0.733
vn -0.412 -0.541 0.733
vn -0.412 -0.541 0.733
vn -0.412 -0.541 0.733
vn -0.412 -0.541 0.733
vn -0.412 -0.541 0.733
vn 0.416 0.54 -0.732
vn 0.416 0.54 -0.732
vn 0.416 0.54 -0.732
vn 0.416 0.54 -0.732
vn 0.416 0.54 -0.732
vn 0.416 0.54 -0.732
vn 0.416 0.54 0.732
vn 0.416 0.54 0.732
vn 0.416 0.54 0.732
vn 0.416 0.54 0.732
vn 0.416 0.54 0.732
vn 0.416 0.54 0.732
vn -0.325 -0.628 -0.707
vn -0.325 -0.628 -0.707
vn -0.325 -0.628 -0.707
vn -0.325 -0.628 -0.707
vn -0.325 -0.628 0.707
vn -0.325 -0.628 0.707
vn -0.325 -0.628 0.707
vn -0.325 -0.628 0.707
vn 0.324 0.629 0.707
vn 0.324 0.629 0.707
vn 0.324 0.629 0.707
vn 0.324 0.629 0.707
vn 0.16 -0.689 0.707
vn 0.16 -0.689 0.707
vn 0.16 -0.689 0.707
vn 0.16 -0.689 0.707
vn -0.16 -0.689 0.707
vn -0.16 -0.689 0.707
vn -0.16 -0.689 0.707
vn -0.16 -0.689 0.707
vn 0.003 -1 0
vn 0.003 -1 0
vn 0.003 -1 0
vn 0.003 -1 0
vn -0.682 -0.186 0.707
vn -0.682 -0.186 0.707
vn -0.682 -0.186 0.707
vn -0.682 -0.186 0.707
vn -0.002 -0.707 0.707
vn -0.002 -0.707 0.707
vn -0.002 -0.707 0.707
vn -0.002 -0.707 0.707
vn -0.002 -0.707 -0.707
vn -0.002 -0.707 -0.707
vn -0.002 -0.707 -0.707
vn -0.002 -0.707 -0.707
vn -0.002 -0.707 0.707
vn -0.002 -0.707 0.707
vn -0.002 -0.707 0.707
vn -0.002 -0.707 0.707
vn 0.002 0.707 0.707
vn 0.002 0.707 0.707
vn 0.002 0.707 0.707
vn 0.002 0.707 0.707
vn -0.707 0.04 -0.706
vn -0.707 0.04 -0.706
vn -0.707 0.04 -0.706
vn -0.707 0.04 -0.706
vn 0.707 -0.039 0.707
vn 0.707 -0.039 0.707
vn 0.707 -0.039 0.707
vn 0.707 -0.039 0.707
vn 0.707 0.04 -0.706
vn 0.707 0.04 -0.706
vn 0.707 0.04 -0.706
vn 0.707 0.04 -0.706
vn 0.707 0.04 0.706
vn 0.707 0.04 0.706
vn 0.707 0.04 0.706
vn 0.707 0.04 0.706
vn 0.682 -0.186 0.707
vn 0.682 -0.186 0.707
vn 0.682 -0.186 0.707
vn 0.682 -0.186 0.707
vn 0.16 0.689 0.707
vn 0.16 0.689 0.707
vn 0.16 0.689 0.707
vn 0.16 0.689 0.707
vn -0.324 0.629 -0.707
vn -0.324 0.629 -0.707
vn -0.324 0.629 -0.707
vn -0.324 0.629 -0.707
vn -0.682 0.188 0.707
vn -0.682 0.188 0.707
vn -0.682 0.188 0.707
vn -0.682 0.188 0.707
vn 0.16 0.689 0.707
vn 0.16 0.689 0.707
vn 0.16 0.689 0.707
vn 0.16 0.689 0.707
vn 0.572 -0.352 -0.741
vn 0.572 -0.352 -0.741
vn 0.572 -0.352 -0.741
vn 0.572 -0.352 -0.741
vn 0.572 -0.352 -0.741
vn 0.572 -0.352 -0.741
vn 0.602 -0.371 -0.708
vn 0.602 -0.371 -0.708
vn 0.602 -0.371 -0.708
vn 0.602 -0.371 -0.708
vn 0.601 0.373 -0.707
vn 0.601 0.373 -0.707
vn 0.601 0.373 -0.707
vn 0.601 0.373 -0.707
vn 0.601 0.373 0.707
vn 0.601 0.373 0.707
vn 0.601 0.373 0.707
vn 0.601 0.373 0.707
vn -0.428 -0.562 -0.708
vn -0.428 -0.562 -0.708
vn -0.428 -0.562 -0.708
vn -0.428 -0.562 -0.708
vn -0.428 -0.562 -0.708
vn -0.428 -0.562 -0.708
vn -0.428 -0.562 -0.708
vn -0.428 -0.562 -0.708
vn -0.416 0.54 0.732
vn -0.416 0.54 0.732
vn -0.416 0.54 0.732
vn -0.416 0.54 0.732
vn -0.416 0.54 0.732
vn -0.416 0.54 0.732
vn 0.416 0.54 0.732
vn 0.416 0.54 0.732
vn 0.416 0.54 0.732
vn 0.416 0.54 0.732
vn 0.416 0.54 0.732
vn 0.416 0.54 0.732
vn -0.325 -0.628 -0.707
vn -0.325 -0.628 -0.707
vn -0.325 -0.628 -0.707
vn -0.325 -0.628 -0.707
vn -0.325 -0.628 0.707
vn -0.325 -0.628 0.707
vn -0.325 -0.628 0.707
vn -0.325 -0.628 0.707
vn 0.682 0.188 -0.707
vn 0.682 0.188 -0.707
vn 0.682 0.188 -0.707
vn 0.682 0.188 -0.707
vn 0.324 0.629 0.707
vn 0.324 0.629 0.707
vn 0.324 0.629 0.707
vn 0.324 0.629 0.707
vn -0.16 -0.689 -0.707
vn -0.16 -0.689 -0.707
vn -0.16 -0.689 -0.707
vn -0.16 -0.689 -0.707
vn -0.16 -0.689 0.707
vn -0.16 -0.689 0.707
vn -0.16 -0.689 0.707
vn -0.16 -0.689 0.707
vn 0.16 0.689 -0.707
vn 0.16 0.689 -0.707
vn 0.16 0.689 -0.707
vn 0.16 0.689 -0.707
vn 0.16 0.689 -0.707
vn 0.16 0.689 -0.707
vn 0.16 0.689 -0.707
vn 0.16 0.689 -0.707
vn 0.002 -0.707 0.707
vn 0.002 -0.707 0.707
vn 0.002 -0.707 0.707
vn 0.002 -0.707 0.707
vn 0.002 -0.707 -0.707
vn 0.002 -0.707 -0.707
vn 0.002 -0.707 -0.707
vn 0.002 -0.707 -0.707
vn 0.002 0.707 0.707
vn 0.002 0.707 0.707
vn 0.002 0.707 0.707
vn 0.002 0.707 0.707
vn 0.002 0.707 -0.707
vn 0.002 0.707 -0.707
vn 0.002 0.707 -0.707
vn 0.002 0.707 -0.707
vn 0 0.668 0.744
vn 0 0.668 0.744
vn 0 0.668 0.744
vn 0 0.668 0.744
vn -0.707 -0.707 0
vn -0.707 -0.707 0
vn 0.85 0.527 0
vn 0.85 0.527 0
vn 0.85 0.527 0
vn 0.85 0.527 0
vn 0 0.667 -0.745
vn 0 0.667 -0.745
vn 0 0.667 -0.745
vn 0 0.667 -0.745
vn 0 0.667 0.745
vn 0 0.667 0.745
vn 0 0.667 0.745
vn 0 0.667 0.745
vn 1 0 0
vn 1 0 0
vn 1 0 0
vn 1 0 0
vn 0 1 0
vn 0 1 0
vn 0 1 0
vn 0 1 0
vn -0.707 0.707 0
vn -0.707 0.707 0
vn -0.707 0.707 0
vn -0.707 0.707 0
vn 0.707 -0.707 0
vn 0.707 -0.707 0
vn 0 -0.707 -0.707
vn 0 -0.707 -0.707
vn 0 -0.707 -0.707
vn 0 -0.707 -0.707
vn -0.707 0 -0.707
vn -0.707 0 -0.707
vn -0.707 0 -0.707
vn -0.707 0 -0.707
vn 0 -0.707 0.707
vn 0 -0.707 0.707
vn 0 0.707 0.707
vn 0 0.707 0.707
vn 0 0.707 0.707
vn 0 0.707 0.707
vn 0 0.668 0.744
vn 0 0.668 0.744
vn 0 0.668 0.744
vn 0 0.668 0.744
vn -0.636 -0.002 0.772
vn -0.636 -0.002 0.772
vn -0.636 -0.002 0.772
vn -0.636 -0.002 0.772
vn -0.707 0 -0.707
vn -0.707 0 -0.707
vn -0.707 0 -0.707
vn -0.707 0 -0.707
vn -0.614 -0.003 -0.79
vn -0.614 -0.003 -0.79
vn -0.614 -0.003 -0.79
vn -0.614 -0.003 -0.79
vn -0.614 -0.003 -0.79
vn -0.614 -0.003 -0.79
vn -0.614 -0.003 -0.79
vn -0.614 -0.003 -0.79
vn -0.707 0.707 0
vn -0.707 0.707 0
vn 0 -0.707 0.707
vn 0 -0.707 0.707
vn 0 -0.707 0.707
vn 0 -0.707 0.707
vn 0.964 0.266 0
vn 0.964 0.266 0
vn 0.964 0.266 0
vn 0.964 0.266 0
vn 0 0.667 -0.745
vn 0 0.667 -0.745
vn 0 0.667 -0.745
vn 0 0.667 -0.745
vn 0.642 -0.002 0.767
vn 0.642 -0.002 0.767
vn 0.642 -0.002 0.767
vn 0.642 -0.002 0.767
vn 0.642 -0.002 0.767
vn 0.642 -0.002 0.767
vn 0.642 -0.002 0.767
vn 0.642 -0.002 0.767
vn -0.707 0 0.707
vn -0.707 0 0.707
vn -0.707 0 0.707
vn -0.707 0 0.707
vn -0.707 -0.707 0
vn -0.707 -0.707 0
vn -0.636 0.001 -0.771
vn -0.636 0.001 -0.771
vn -0.636 0.001 -0.771
vn -0.636 0.001 -0.771
vn -0.636 0.001 0.771
vn -0.636 0.001 0.771
vn -0.636 0.001 0.771
vn -0.636 0.001 0.771
vn -0.636 0.001 -0.771
vn -0.636 0.001 -0.771
vn -0.636 0.001 -0.771
vn -0.636 0.001 -0.771
vn -0.707 0 -0.707
vn -0.707 0 -0.707
vn -0.707 0 -0.707
vn -0.707 0 -0.707
vn 0 0 1
vn 0 0 1
vn 0 0 1
vn 0 0 1
vn 0.707 0 0.707
vn 0.707 0 0.707
vn 0.707 0 0.707
vn 0.707 0 0.707
vn 0 -0.707 -0.707
vn 0 -0.707 -0.707
vn 0 0.707 -0.707
vn 0 0.707 -0.707
vn 0 0.707 -0.707
vn 0 0.707 -0.707
vn -0.707 0 0.707
vn -0.707 0 0.707
vn -0.707 0 0.707
vn -0.707 0 0.707
vn 0 0.707 -0.707
vn 0 0.707 -0.707
vn 0 0.707 -0.707
vn 0 0.707 -0.707
vn 0.707 0 -0.707
vn 0.707 0 -0.707
vn 0.707 0 -0.707
vn 0.707 0 -0.707
vn 0.916 0.402 0
vn 0.916 0.402 0
vn 0.916 0.402 0
vn 0.916 0.402 0
vn 0.479 0.52 0.707
vn 0.479 0.52 0.707
vn 0.479 0.52 0.707
vn 0.479 0.52 0.707
vn 0.363 0.932 0
vn 0.363 0.932 0
vn 0.363 0.932 0
vn 0.363 0.932 0
vn 0.508 0.56 -0.654
vn 0.508 0.56 -0.654
vn 0.508 0.56 -0.654
vn 0.508 0.56 -0.654
vn -0.479 0.52 0.707
vn -0.479 0.52 0.707
vn -0.479 0.52 0.707
vn -0.479 0.52 0.707
vn -0.363 0.932 0
vn -0.363 0.932 0
vn -0.363 0.932 0
vn -0.363 0.932 0
vn 0.937 -0.35 0
vn 0.937 -0.35 0
vn 0.937 -0.35 0
vn 0.937 -0.35 0
vn 0.534 -0.464 0.707
vn 0.534 -0.464 0.707
vn 0.534 -0.464 0.707
vn 0.534 -0.464 0.707
vn -0.916 0.402 0
vn -0.916 0.402 0
vn -0.916 0.402 0
vn -0.916 0.402 0
vn 0 0.707 -0.707
vn 0 0.707 -0.707
vn 0 0.707 -0.707
vn 0 0.707 -0.707
vn -0.707 0 -0.707
vn -0.707 0 -0.707
vn -0.707 0 -0.707
vn -0.707 0 -0.707
vn -0.51 0.564 -0.649
vn -0.51 0.564 -0.649
vn -0.51 0.564 -0.649
vn -0.51 0.564 -0.649
vn 0 -0.707 -0.707
vn 0 -0.707 -0.707
vn 0 -0.707 -0.707
vn 0 -0.707 -0.707
vn -0.921 0.389 0
vn -0.921 0.389 0
vn -0.921 0.389 0
vn -0.921 0.389 0
vn -0.526 0.553 -0.646
vn -0.526 0.553 -0.646
vn -0.526 0.553 -0.646
vn -0.526 0.553 -0.646
vn 0.707 0 -0.707
vn 0.707 0 -0.707
vn 0.707 0 -0.707
vn 0.707 0 -0.707
vn -0.376 0.926 0
vn -0.376 0.926 0
vn -0.376 0.926 0
vn -0.376 0.926 0
vn -0.527 0.554 0.645
vn -0.527 0.554 0.645
vn -0.527 0.554 0.645
vn -0.527 0.554 0.645
vn -0.415 -0.91 0
vn -0.415 -0.91 0
vn -0.415 -0.91 0
vn -0.415 -0.91 0
vn -0.534 -0.464 0.707
vn -0.534 -0.464 0.707
vn -0.534 -0.464 0.707
vn -0.534 -0.464 0.707
vn 0.524 0.549 0.651
vn 0.524 0.549 0.651
vn 0.524 0.549 0.651
vn 0.524 0.549 0.651
vn 0.921 0.389 0
vn 0.921 0.389 0
vn 0.921 0.389 0
vn 0.921 0.389 0
vn 0 0.707 -0.707
vn 0 0.707 -0.707
vn 0 0.707 -0.707
vn 0 0.707 -0.707
vn 0.525 0.549 -0.65
vn 0.525 0.549 -0.65
vn 0.525 0.549 -0.65
vn 0.525 0.549 -0.65
vn 0.534 -0.464 -0.707
vn 0.534 -0.464 -0.707
vn 0.534 -0.464 -0.707
vn 0.534 -0.464 -0.707
vn 0 0.707 -0.707
vn 0 0.707 -0.707
vn 0 0.707 -0.707
vn 0 0.707 -0.707
vn -0.577 -0.518 -0.631
vn -0.577 -0.518 -0.631
vn -0.577 -0.518 -0.631
vn -0.577 -0.518 -0.631
vn -0.707 0 -0.707
vn -0.707 0 -0.707
vn -0.707 0 -0.707
vn -0.707 0 -0.707
vn -0.937 -0.35 0
vn -0.937 -0.35 0
vn -0.937 -0.35 0
vn -0.937 -0.35 0
vn 0 -0.707 -0.707
vn 0 -0.707 -0.707
vn 0 -0.707 -0.707
vn 0 -0.707 -0.707
vn 0.376 0.926 0
vn 0.376 0.926 0
vn 0.376 0.926 0
vn 0.376 0.926 0
vn 0.707 0 -0.707
vn 0.707 0 -0.707
vn 0.707 0 -0.707
vn 0.707 0 -0.707
vn -0.707 0 -0.707
vn -0.707 0 -0.707
vn -0.707 0 -0.707
vn -0.707 0 -0.707
vn 0.415 -0.91 0
vn 0.415 -0.91 0
vn 0.415 -0.91 0
vn 0.415 -0.91 0
vn 0 -0.707 -0.707
vn 0 -0.707 -0.707
vn 0 -0.707 -0.707
vn 0 -0.707 -0.707
vn 0.707 0 -0.707
vn 0.707 0 -0.707
vn 0.707 0 -0.707
vn 0.707 0 -0.707
vn 0 -0.707 -0.707
vn 0 -0.707 -0.707
vn 0 -0.707 -0.707
vn 0 -0.707 -0.707
vn -0.707 0 -0.707
vn -0.707 0 -0.707
vn -0.707 0 -0.707
vn -0.707 0 -0.707
vn 0 0.707 -0.707
vn 0 0.707 -0.707
vn 0 0.707 -0.707
vn 0 0.707 -0.707
vn 0 -0.707 -0.707
vn 0 -0.707 -0.707
vn 0 -0.707 -0.707
vn 0 -0.707 -0.707
vn 0.707 -0.707 0
vn 0.707 -0.707 0
vn 0.707 -0.707 0
vn 0.707 -0.707 0
vn 0 -0.707 0.707
vn 0 -0.707 0.707
vn 0 -0.707 0.707
vn 0 -0.707 0.707
vn -0.707 -0.707 0
vn -0.707 -0.707 0
vn -0.707 -0.707 0
vn -0.707 -0.707 0
vn 0 -0.707 -0.707
vn 0 -0.707 -0.707
vn 0 -0.707 -0.707
vn 0 -0.707 -0.707
vn 0.707 -0.707 0
vn 0.707 -0.707 0
vn 0.707 -0.707 0
vn 0.707 -0.707 0
vn 0 -0.707 0.707
vn 0 -0.707 0.707
vn 0 -0.707 0.707
vn 0 -0.707 0.707
vn -0.707 -0.707 0
vn -0.707 -0.707 0
vn -0.707 -0.707 0
vn -0.707 -0.707 0
vn 0.707 0 -0.707
vn 0.707 0 -0.707
vn 0.707 0 -0.707
vn 0.707 0 -0.707
vn 0.707 0.707 0
vn 0.707 0.707 0
vn 0.707 0.707 0
vn 0.707 0.707 0
vn 0.707 0 0.707
vn 0.707 0 0.707
vn 0.707 0 0.707
vn 0.707 0 0.707
vn 0.707 -0.707 0
vn 0.707 -0.707 0
vn 0.707 -0.707 0
vn 0.707 -0.707 0
vn 0.707 0 -0.707
vn 0.707 0 -0.707
vn 0.707 0 -0.707
vn 0.707 0 -0.707
vn 0.707 0.707 0
vn 0.707 0.707 0
vn 0.707 0.707 0
vn 0.707 0.707 0
vn 0.707 0 0.707
vn 0.707 0 0.707
vn 0.707 0 0.707
vn 0.707 0 0.707
vn 0.707 -0.707 0
vn 0.707 -0.707 0
vn 0.707 -0.707 0
vn 0.707 -0.707 0
vn -0.707 0.707 0
vn -0.707 0.707 0
vn -0.707 0.707 0
vn -0.707 0.707 0
vn 0 0.707 0.707
vn 0 0.707 0.707
vn 0 0.707 0.707
vn 0 0.707 0.707
vn 0.707 0.707 0
vn 0.707 0.707 0
vn 0.707 0.707 0
vn 0.707 0.707 0
vn 0 0.707 -0.707
vn 0 0.707 -0.707
vn 0 0.707 -0.707
vn 0 0.707 -0.707
vn -0.707 0.707 0
vn -0.707 0.707 0
vn -0.707 0.707 0
vn -0.707 0.707 0
vn 0 0.707 0.707
vn 0 0.707 0.707
vn 0 0.707 0.707
vn 0 0.707 0.707
vn 0.707 0.707 0
vn 0.707 0.707 0
vn 0.707 0.707 0
vn 0.707 0.707 0
vn 0 0.707 -0.707
vn 0 0.707 -0.707
vn 0 0.707 -0.707
vn 0 0.707 -0.707
vn -0.707 0.707 0
vn -0.707 0.707 0
vn -0.707 0.707 0
vn -0.707 0.707 0
vn 0 0.707 0.707
vn 0 0.707 0.707
vn 0 0.707 0.707
vn 0 0.707 0.707
vn 0.707 0.707 0
vn 0.707 0.707 0
vn 0.707 0.707 0
vn 0.707 0.707 0
vn 0 0.707 -0.707
vn 0 0.707 -0.707
vn 0 0.707 -0.707
vn 0 0.707 -0.707
vn -0.707 0 0.707
vn -0.707 0 0.707
vn -0.707 0 0.707
vn -0.707 0 0.707
vn -0.707 0.707 0
vn -0.707 0.707 0
vn -0.707 0.707 0
vn -0.707 0.707 0
vn -0.707 0 -0.707
vn -0.707 0 -0.707
vn -0.707 0 -0.707
vn -0.707 0 -0.707
vn -0.707 -0.707 0
vn -0.707 -0.707 0
vn -0.707 -0.707 0
vn -0.707 -0.707 0
vn -0.707 -0.707 0
vn -0.707 -0.707 0
vn -0.707 -0.707 0
vn -0.707 -0.707 0
vn 0 -0.707 -0.707
vn 0 -0.707 -0.707
vn 0 -0.707 -0.707
vn 0 -0.707 -0.707
vn 0.707 -0.707 0
vn 0.707 -0.707 0
vn 0.707 -0.707 0
vn 0.707 -0.707 0
vn 0 -0.707 0.707
vn 0 -0.707 0.707
vn 0 -0.707 0.707
vn 0 -0.707 0.707
vn 0.707 0 -0.707
vn 0.707 0 -0.707
vn 0.707 0 -0.707
vn 0.707 0 -0.707
vn 0.707 0.707 0
vn 0.707 0.707 0
vn 0.707 0.707 0
vn 0.707 0.707 0
vn 0.707 0 0.707
vn 0.707 0 0.707
vn 0.707 0 0.707
vn 0.707 0 0.707
vn 0.707 -0.707 0
vn 0.707 -0.707 0
vn 0.707 -0.707 0
vn 0.707 -0.707 0
vn 0.707 0 0.707
vn 0.707 0 0.707
vn 0.707 0 0.707
vn 0.707 0 0.707
vn 0.707 -0.707 0
vn 0.707 -0.707 0
vn 0.707 -0.707 0
vn 0.707 -0.707 0
vn 0.707 0 -0.707
vn 0.707 0 -0.707
vn 0.707 0 -0.707
vn 0.707 0 -0.707
vn 0.707 0.707 0
vn 0.707 0.707 0
vn 0.707 0.707 0
vn 0.707 0.707 0
vn -0.707 0.707 0
vn -0.707 0.707 0
vn -0.707 0.707 0
vn -0.707 0.707 0
vn 0 0.707 0.707
vn 0 0.707 0.707
vn 0 0.707 0.707
vn 0 0.707 0.707
vn 0.707 0.707 0
vn 0.707 0.707 0
vn 0.707 0.707 0
vn 0.707 0.707 0
vn 0 0.707 -0.707
vn 0 0.707 -0.707
vn 0 0.707 -0.707
vn 0 0.707 -0.707
vn 0 0.707 -0.707
vn 0 0.707 -0.707
vn 0 0.707 -0.707
vn 0 0.707 -0.707
vn 0 0 1
vn 0 0 1
vn 0 0 1
vn 0 0 1
vn 0 0 1
vn 0 0 1
vn 0 0 1
vn 0 0 1
vn 0 0 1
vn 0 0 1
vn 0 0 1
vn 0 0 1
vn 0 0 1
vn 0 0 1
vn 0.707 -0.707 0
vn 0.707 -0.707 0
vn -0.707 -0.707 0
vn -0.707 -0.707 0
vn -0.707 0.707 0
vn -0.707 0.707 0
vn 1 0 0
vn 1 0 0
vn 1 0 0
vn 1 0 0
vn -0.707 0 -0.707
vn -0.707 0 -0.707
vn -0.707 0 -0.707
vn -0.707 0 -0.707
vn 0 -0.707 0.707
vn 0 -0.707 0.707
vn 0 -0.707 0.707
vn 0 -0.707 0.707
vn 0 0.707 0.707
vn 0 0.707 0.707
vn 0 0.707 0.707
vn 0 0.707 0.707
vn -0.707 -0.707 0
vn -0.707 -0.707 0
vn 0.707 0.707 0
vn 0.707 0.707 0
vn -1 0 0
vn -1 0 0
vn -1 0 0
vn -1 0 0
vn 0.707 0.707 0
vn 0.707 0.707 0
vn -0.707 -0.707 0
vn -0.707 -0.707 0
vn -0.707 0 -0.707
vn -0.707 0 -0.707
vn -0.707 0 -0.707
vn -0.707 0 -0.707
vn -0.707 -0.039 -0.707
vn -0.707 -0.039 -0.707
vn -0.707 -0.039 -0.707
vn -0.707 -0.039 -0.707
vn 0.707 -0.039 -0.707
vn 0.707 -0.039 -0.707
vn 0.707 -0.039 -0.707
vn 0.707 -0.039 -0.707
vn -0.707 0.04 0.706
vn -0.707 0.04 0.706
vn -0.707 0.04 0.706
vn -0.707 0.04 0.706
vn 0.999 -0.055 0
vn 0.999 -0.055 0
vn 0.999 -0.055 0
vn 0.999 -0.055 0
vn -0.682 -0.186 0.707
vn -0.682 -0.186 0.707
vn -0.682 -0.186 0.707
vn -0.682 -0.186 0.707
vn 0.682 -0.186 -0.707
vn 0.682 -0.186 -0.707
vn 0.682 -0.186 -0.707
vn 0.682 -0.186 -0.707
vn -0.682 0.188 -0.707
vn -0.682 0.188 -0.707
vn -0.682 0.188 -0.707
vn -0.682 0.188 -0.707
vn -0.682 0.188 0.707
vn -0.682 0.188 0.707
vn -0.682 0.188 0.707
vn -0.682 0.188 0.707
vn -0.602 -0.371 0.708
vn -0.602 -0.371 0.708
vn -0.602 -0.371 0.708
vn -0.602 -0.371 0.708
vn 0.602 -0.371 -0.708
vn 0.602 -0.371 -0.708
vn 0.602 -0.371 -0.708
vn 0.602 -0.371 -0.708
vn -0.601 0.373 0.707
vn -0.601 0.373 0.707
vn -0.601 0.373 0.707
vn -0.601 0.373 0.707
vn -0.601 0.373 0.707
vn -0.601 0.373 0.707
vn -0.601 0.373 0.707
vn -0.601 0.373 0.707
vn 0.412 -0.541 0.733
vn 0.412 -0.541 0.733
vn 0.412 -0.541 0.733
vn 0.412 -0.541 0.733
vn 0.412 -0.541 0.733
vn 0.412 -0.541 0.733
vn 0.611 0.792 0
vn 0.611 0.792 0
vn 0.611 0.792 0
vn 0.611 0.792 0
vn 0.611 0.792 0
vn 0.611 0.792 0
vn 0.611 0.792 0
vn 0.611 0.792 0
vn -0.416 0.54 0.732
vn -0.416 0.54 0.732
vn -0.416 0.54 0.732
vn -0.416 0.54 0.732
vn -0.416 0.54 0.732
vn -0.416 0.54 0.732
vn -0.416 0.54 -0.732
vn -0.416 0.54 -0.732
vn -0.416 0.54 -0.732
vn -0.416 0.54 -0.732
vn -0.416 0.54 -0.732
vn -0.416 0.54 -0.732
vn 0.325 -0.628 0.707
vn 0.325 -0.628 0.707
vn 0.325 -0.628 0.707
vn 0.325 -0.628 0.707
vn 0.325 -0.628 -0.707
vn 0.325 -0.628 -0.707
vn 0.325 -0.628 -0.707
vn 0.325 -0.628 -0.707
vn -0.324 0.629 -0.707
vn -0.324 0.629 -0.707
vn -0.324 0.629 -0.707
vn -0.324 0.629 -0.707
vn 0.324 0.629 0.707
vn 0.324 0.629 0.707
vn 0.324 0.629 0.707
vn 0.324 0.629 0.707
vn 0.16 -0.689 -0.707
vn 0.16 -0.689 -0.707
vn 0.16 -0.689 -0.707
vn 0.16 -0.689 -0.707
vn 0.16 -0.689 0.707
vn 0.16 -0.689 0.707
vn 0.16 -0.689 0.707
vn 0.16 -0.689 0.707
vn -0.16 0.689 -0.707
vn -0.16 0.689 -0.707
vn -0.16 0.689 -0.707
vn -0.16 0.689 -0.707
vn 0.16 0.689 0.707
vn 0.16 0.689 0.707
vn 0.16 0.689 0.707
vn 0.16 0.689 0.707
vn -0.002 -0.707 -0.707
vn -0.002 -0.707 -0.707
vn -0.002 -0.707 -0.707
vn -0.002 -0.707 -0.707
vn 0.002 -0.707 -0.707
vn 0.002 -0.707 -0.707
vn 0.002 -0.707 -0.707
vn 0.002 -0.707 -0.707
vn 0.002 0.707 -0.707
vn 0.002 0.707 -0.707
vn 0.002 0.707 -0.707
vn 0.002 0.707 -0.707
vn -0.002 0.707 0.707
vn -0.002 0.707 0.707
vn -0.002 0.707 0.707
vn -0.002 0.707 0.707
vn -0.707 -0.039 0.707
vn -0.707 -0.039 0.707
vn -0.707 -0.039 0.707
vn -0.707 -0.039 0.707
vn 0.707 -0.039 -0.707
vn 0.707 -0.039 -0.707
vn 0.707 -0.039 -0.707
vn 0.707 -0.039 -0.707
vn -0.707 0.04 0.706
vn -0.707 0.04 0.706
vn -0.707 0.04 0.706
vn -0.707 0.04 0.706
vn -0.707 0.04 0.706
vn -0.707 0.04 0.706
vn -0.707 0.04 0.706
vn -0.707 0.04 0.706
vn 0.682 -0.186 -0.707
vn 0.682 -0.186 -0.707
vn 0.682 -0.186 -0.707
vn 0.682 -0.186 -0.707
vn -0.682 -0.186 -0.707
vn -0.682 -0.186 -0.707
vn -0.682 -0.186 -0.707
vn -0.682 -0.186 -0.707
vn -0.682 0.188 -0.707
vn -0.682 0.188 -0.707
vn -0.682 0.188 -0.707
vn -0.682 0.188 -0.707
vn 0.682 0.188 -0.707
vn 0.682 0.188 -0.707
vn 0.682 0.188 -0.707
vn 0.682 0.188 -0.707
vn -0.602 -0.371 0.708
vn -0.602 -0.371 0.708
vn -0.602 -0.371 0.708
vn -0.602 -0.371 0.708
vn 0.572 -0.352 0.741
vn 0.572 -0.352 0.741
vn 0.572 -0.352 0.741
vn 0.572 -0.352 0.741
vn 0.572 -0.352 0.741
vn 0.572 -0.352 0.741
vn -0.601 0.373 -0.707
vn -0.601 0.373 -0.707
vn -0.601 0.373 -0.707
vn -0.601 0.373 -0.707
vn -0.601 0.373 0.707
vn -0.601 0.373 0.707
vn -0.601 0.373 0.707
vn -0.601 0.373 0.707
vn 0.428 -0.562 0.708
vn 0.428 -0.562 0.708
vn 0.428 -0.562 0.708
vn 0.428 -0.562 0.708
vn -0.428 -0.562 0.708
vn -0.428 -0.562 0.708
vn -0.428 -0.562 0.708
vn -0.428 -0.562 0.708
vn -0.416 0.54 -0.732
vn -0.416 0.54 -0.732
vn -0.416 0.54 -0.732
vn -0.416 0.54 -0.732
vn -0.416 0.54 -0.732
vn -0.416 0.54 -0.732
vn -0.416 0.54 0.732
vn -0.416 0.54 0.732
vn -0.416 0.54 0.732
vn -0.416 0.54 0.732
vn -0.416 0.54 0.732
vn -0.416 0.54 0.732
vn -0.682 -0.186 -0.707
vn -0.682 -0.186 -0.707
vn -0.682 -0.186 -0.707
vn -0.682 -0.186 -0.707
vn 0.325 -0.628 0.707
vn 0.325 -0.628 0.707
vn 0.325 -0.628 0.707
vn 0.325 -0.628 0.707
vn 0.324 0.629 -0.707
vn 0.324 0.629 -0.707
vn 0.324 0.629 -0.707
vn 0.324 0.629 -0.707
vn -0.324 0.629 0.707
vn -0.324 0.629 0.707
vn -0.324 0.629 0.707
vn -0.324 0.629 0.707
vn 0.16 -0.689 0.707
vn 0.16 -0.689 0.707
vn 0.16 -0.689 0.707
vn 0.16 -0.689 0.707
vn 0.16 -0.689 0.707
vn 0.16 -0.689 0.707
vn 0.16 -0.689 0.707
vn 0.16 -0.689 0.707
vn 0.16 0.689 0.707
vn 0.16 0.689 0.707
vn 0.16 0.689 0.707
vn 0.16 0.689 0.707
vn 0.003 -1 0
vn 0.003 -1 0
vn 0.003 -1 0
vn 0.003 -1 0
vn -0.002 -0.707 -0.707
vn -0.002 -0.707 -0.707
vn -0.002 -0.707 -0.707
vn -0.002 -0.707 -0.707
vn 0.002 -0.707 0.707
vn 0.002 -0.707 0.707
vn 0.002 -0.707 0.707
vn 0.002 -0.707 0.707
vn 0.002 0.707 0.707
vn 0.002 0.707 0.707
vn 0.002 0.707 0.707
vn 0.002 0.707 0.707
vn -0.002 0.707 0.707
vn -0.002 0.707 0.707
vn -0.002 0.707 0.707
vn -0.002 0.707 0.707
vn 0 -0.673 -0.74
vn 0 -0.673 -0.74
vn 0 -0.673 -0.74
vn 0 -0.673 -0.74
vn 0 -1 0
vn 0 -1 0
vn 0 0.673 -0.74
vn 0 0.673 -0.74
vn 0 0.673 -0.74
vn 0 0.673 -0.74
vn 0 0.707 0.707
vn 0 0.707 0.707
vn 0 0.707 0.707
vn 0 0.707 0.707
vn 0 -0.707 0.707
vn 0 -0.707 0.707
vn 0.636 -0.002 0.772
vn 0.636 -0.002 0.772
vn 0.636 -0.002 0.772
vn 0.636 -0.002 0.772
vn 0.707 0 -0.707
vn 0.707 0 -0.707
vn 0.707 0 -0.707
vn 0.707 0 -0.707
vn 0.614 -0.003 -0.79
vn 0.614 -0.003 -0.79
vn 0.614 -0.003 -0.79
vn 0.614 -0.003 -0.79
vn 0 0 -1
vn 0 0 -1
vn 0 0 -1
vn 0 0 -1
vn 0 0.673 0.74
vn 0 0.673 0.74
vn 0 0.673 0.74
vn 0 0.673 0.74
vn 0 0.667 -0.745
vn 0 0.667 -0.745
vn 0 0.667 -0.745
vn 0 0.667 -0.745
vn 0 0.667 0.745
vn 0 0.667 0.745
vn 0 0.667 0.745
vn 0 0.667 0.745
vn -0.642 -0.002 0.767
vn -0.642 -0.002 0.767
vn -0.642 -0.002 0.767
vn -0.642 -0.002 0.767
vn 0.642 -0.002 -0.767
vn 0.642 -0.002 -0.767
vn 0.642 -0.002 -0.767
vn 0.642 -0.002 -0.767
vn 0 0.707 -0.707
vn 0 0.707 -0.707
vn 0.707 0 0.707
vn 0.707 0 0.707
vn 0.707 0 0.707
vn 0.707 0 0.707
vn -0.707 0.707 0
vn -0.707 0.707 0
vn 0.707 0 -0.707
vn 0.707 0 -0.707
vn 0.707 0 -0.707
vn 0.707 0 -0.707
vn 0.636 0.001 -0.771
vn 0.636 0.001 -0.771
vn 0.636 0.001 -0.771
vn 0.636 0.001 -0.771
vn 0.636 0.001 -0.771
vn 0.636 0.001 -0.771
vn 0.636 0.001 -0.771
vn 0.636 0.001 -0.771
vn 0.636 0.001 -0.771
vn 0.636 0.001 -0.771
vn 0.636 0.001 -0.771
vn 0.636 0.001 -0.771
vn 0 0 1
vn 0 0 1
vn 0 0 1
vn 0 0 1
vn 0 0 1
vn 0 0 1
vn 0 0 1
vn 0 0 1
vn 0 0 1
vn 0 0 1
vn 0 0 1
vn 0 0 1
vn 0 0 1
vn 0 0 1
vn 0.707 -0.707 0
vn 0.707 -0.707 0
vn 0 0.707 0.707
vn 0 0.707 0.707
vn -0.707 0 0.707
vn -0.707 0 0.707
vn -0.707 0 0.707
vn -0.707 0 0.707
vn 0 0.707 -0.707
vn 0 0.707 -0.707
vn 0.707 -0.707 0
vn 0.707 -0.707 0
vn 0 -0.707 -0.707
vn 0 -0.707 -0.707
vn 0 -0.707 -0.707
vn 0 -0.707 -0.707
f 25/25/25 26/26/26 27/27/27
f 27/27/27 28/28/28 25/25/25
f 29/29/29 30/30/30 31/31/31
f 31/31/31 32/32/32 29/29/29
f 33/33/33 34/34/34 35/35/35
f 35/35/35 36/36/36 33/33/33
f 37/37/37 38/38/38 39/39/39
f 39/39/39 40/40/40 37/37/37
f 41/41/41 42/42/42 43/43/43
f 43/43/43 44/44/44 41/41/41
f 45/45/45 46/46/46 47/47/47
f 47/47/47 48/48/48 45/45/45
f 49/49/49 50/50/50 51/51/51
f 51/51/51 52/52/52 49/49/49
f 53/53/53 54/54/54 55/55/55
f 55/55/55 56/56/56 53/53/53
f 57/57/57 58/58/58 59/59/59
f 59/59/59 60/60/60 57/57/57
f 61/61/61 62/62/62 63/63/63
f 63/63/63 64/64/64 61/61/61
f 65/65/65 66/66/66 67/67/67
f 67/67/67 68/68/68 65/65/65
f 69/69/69 70/70/70 71/71/71
f 71/71/71 72/72/72 69/69/69
f 73/73/73 74/74/74 75/75/75
f 75/75/75 76/76/76 73/73/73
f 77/77/77 78/78/78 79/79/79
f 79/79/79 80/80/80 77/77/77
f 81/81/81 82/82/82 83/83/83
f 83/83/83 84/84/84 81/81/81
f 85/85/85 86/86/86 87/87/87
f 87/87/87 88/88/88 85/85/85
f 89/89/89 90/90/90 91/91/91
f 91/91/91 92/92/92 89/89/89
f 93/93/93 94/94/94 95/95/95
f 95/95/95 96/96/96 93/93/93
f 97/97/97 98/98/98 99/99/99
f 99/99/99 100/100/100 97/97/97
f 101/101/101 102/102/102 103/103/103
f 103/103/103 104/104/104 101/101/101
f 105/105/105 106/106/106 107/107/107
f 107/107/107 108/108/108 105/105/105
f 109/109/109 110/110/110 111/111/111
f 111/111/111 112/112/112 109/109/109
f 113/113/113 114/114/114 115/115/115
f 115/115/115 116/116/116 113/113/113
f 117/117/117 118/118/118 119/119/119
f 119/119/119 120/120/120 117/117/117
f 121/121/121 122/122/122 123/123/123
f 124/124/124 125/125/125 126/126/126
f 124/124/124 126/126/126 127/127/127
f 124/124/124 127/127/127 128/128/128
f 128/128/128 129/129/129 130/130/130
f 128/128/128 130/130/130 131/131/131
f 128/128/128 131/131/131 132/132/132
f 132/132/132 133/133/133 134/134/134
f 132/132/132 134/134/134 135/135/135
f 132/132/132 135/135/135 136/136/136
f 136/136/136 121/121/121 123/123/123
f 136/136/136 123/123/123 124/124/124
f 136/136/136 124/124/124 128/128/128
f 128/128/128 132/132/132 136/136/136
f 137/137/137 138/138/138 139/139/139
f 139/139/139 140/140/140 137/137/137
f 141/141/141 142/142/142 143/143/143
f 143/143/143 144/144/144 141/141/141
f 145/145/145 146/146/146 147/147/147
f 147/147/147 148/148/148 145/145/145
f 149/149/149 150/150/150 151/151/151
f 151/151/151 152/152/152 149/149/149
f 153/153/153 154/154/154 155/155/155
f 153/153/153 155/155/155 156/156/156
f 153/153/153 156/156/156 157/157/157
f 153/153/153 157/157/157 158/158/158
f 153/153/153 158/158/158 159/159/159
f 159/159/159 160/160/160 153/153/153
f 161/161/161 162/162/162 163/163/163
f 163/163/163 164/164/164 161/161/161
f 165/165/165 166/166/166 167/167/167
f 165/165/165 167/167/167 168/168/168
f 165/165/165 168/168/168 169/169/169
f 165/165/165 169/169/169 170/170/170
f 165/165/165 170/170/170 171/171/171
f 171/171/171 172/172/172 165/165/165
f 173/173/173 174/174/174 175/175/175
f 173/173/173 175/175/175 176/176/176
f 173/173/173 176/176/176 177/177/177
f 173/173/173 177/177/177 178/178/178
f 173/173/173 178/178/178 179/179/179
f 179/179/179 180/180/180 173/173/173
f 181/181/181 182/182/182 183/183/183
f 181/181/181 183/183/183 184/184/184
f 181/181/181 184/184/184 185/185/185
f 181/181/181 185/185/185 186/186/186
f 181/181/181 186/186/186 187/187/187
f 187/187/187 188/188/188 181/181/181
f 189/189/189 190/190/190 191/191/191
f 191/191/191 192/192/192 189/189/189
f 193/193/193 194/194/194 195/195/195
f 195/195/195 196/196/196 193/193/193
f 197/197/197 198/198/198 199/199/199
f 199/199/199 200/200/200 197/197/197
f 201/201/201 202/202/202 203/203/203
f 203/203/203 204/204/204 201/201/201
f 205/205/205 206/206/206 207/207/207
f 205/205/205 207/207/207 208/208/208
f 208/208/208 209/209/209 210/210/210
f 208/208/208 210/210/210 211/211/211
f 212/212/212 213/213/213 214/214/214
f 212/212/212 214/214/214 215/215/215
f 212/212/212 215/215/215 216/216/216
f 212/212/212 216/216/216 217/217/217
f 217/217/217 205/205/205 208/208/208
f 217/217/217 208/208/208 211/211/211
f 217/217/217 211/211/211 218/218/218
f 217/217/217 218/218/218 219/219/219
f 217/217/217 219/219/219 220/220/220
f 220/220/220 212/212/212 217/217/217
f 221/221/221 222/222/222 223/223/223
f 223/223/223 224/224/224 221/221/221
f 225/225/225 226/226/226 227/227/227
f 227/227/227 228/228/228 225/225/225
f 229/229/229 230/230/230 231/231/231
f 231/231/231 232/232/232 229/229/229
f 233/233/233 234/234/234 235/235/235
f 235/235/235 236/236/236 233/233/233
f 237/237/237 238/238/238 239/239/239
f 239/239/239 240/240/240 237/237/237
f 241/241/241 242/242/242 243/243/243
f 243/243/243 244/244/244 241/241/241
f 245/245/245 246/246/246 247/247/247
f 247/247/247 248/248/248 245/245/245
f 249/249/249 250/250/250 251/251/251
f 251/251/251 252/252/252 249/249/249
f 253/253/253 254/254/254 255/255/255
f 255/255/255 256/256/256 253/253/253
f 257/257/257 258/258/258 259/259/259
f 257/257/257 259/259/259 260/260/260
f 257/257/257 260/260/260 261/261/261
f 257/257/257 261/261/261 262/262/262
f 257/257/257 262/262/262 263/263/263
f 263/263/263 264/264/264 257/257/257
f 265/265/265 266/266/266 267/267/267
f 267/267/267 268/268/268 265/265/265
f 269/269/269 270/270/270 271/271/271
f 271/271/271 272/272/272 269/269/269
f 273/273/273 274/274/274 275/275/275
f 275/275/275 276/276/276 273/273/273
f 277/277/277 278/278/278 279/279/279
f 279/279/279 280/280/280 277/277/277
f 281/281/281 282/282/282 283/283/283
f 283/283/283 284/284/284 281/281/281
f 285/285/285 286/286/286 287/287/287
f 287/287/287 288/288/288 285/285/285
f 289/289/289 290/290/290 291/291/291
f 291/291/291 292/292/292 289/289/289
f 293/293/293 294/294/294 295/295/295
f 293/293/293 295/295/295 296/296/296
f 293/293/293 296/296/296 297/297/297
f 293/293/293 297/297/297 298/298/298
f 298/298/298 299/299/299 300/300/300
f 298/298/298 300/300/300 301/301/301
f 301/301/301 302/302/302 303/303/303
f 301/301/301 303/303/303 304/304/304
f 301/301/301 304/304/304 305/305/305
f 301/301/301 305/305/305 306/306/306
f 307/307/307 293/293/293 298/298/298
f 298/298/298 301/301/301 306/306/306
f 298/298/298 306/306/306 308/308/308
f 308/308/308 307/307/307 298/298/298
f 309/309/309 310/310/310 311/311/311
f 311/311/311 312/312/312 309/309/309
f 313/313/313 314/314/314 315/315/315
f 313/313/313 315/315/315 316/316/316
f 316/316/316 317/317/317 318/318/318
f 316/316/316 318/318/318 319/319/319
f 316/316/316 319/319/319 320/320/320
f 316/316/316 320/320/320 321/321/321
f 316/316/316 321/321/321 322/322/322
f 316/316/316 322/322/322 323/323/323
f 324/324/324 325/325/325 326/326/326
f 324/324/324 326/326/326 327/327/327
f 324/324/324 327/327/327 313/313/313
f 313/313/313 316/316/316 323/323/323
f 313/313/313 323/323/323 328/328/328
f 328/328/328 324/324/324 313/313/313
f 329/329/329 330/330/330 331/331/331
f 331/331/331 332/332/332 329/329/329
f 333/333/333 334/334/334 335/335/335
f 335/335/335 336/336/336 333/333/333
f 337/337/337 338/338/338 339/339/339
f 339/339/339 340/340/340 337/337/337
f 341/341/341 342/342/342 343/343/343
f 343/343/343 344/344/344 341/341/341
f 345/345/345 346/346/346 347/347/347
f 347/347/347 348/348/348 345/345/345
f 349/349/349 350/350/350 351/351/351
f 351/351/351 352/352/352 349/349/349
f 353/353/353 354/354/354 355/355/355
f 355/355/355 356/356/356 353/353/353
f 357/357/357 358/358/358 359/359/359
f 359/359/359 360/360/360 357/357/357
f 361/361/361 362/362/362 363/363/363
f 363/363/363 364/364/364 361/361/361
f 365/365/365 366/366/366 367/367/367
f 367/367/367 368/368/368 365/365/365
f 369/369/369 370/370/370 371/371/371
f 371/371/371 372/372/372 369/369/369
f 373/373/373 374/374/374 375/375/375
f 375/375/375 376/376/376 373/373/373
f 377/377/377 378/378/378 379/379/379
f 379/379/379 380/380/380 377/377/377
f 381/381/381 382/382/382 383/383/383
f 383/383/383 384/384/384 381/381/381
f 385/385/385 386/386/386 387/387/387
f 387/387/387 388/388/388 385/385/385
f 389/389/389 390/390/390 391/391/391
f 391/391/391 392/392/392 389/389/389
f 393/393/393 394/394/394 395/395/395
f 395/395/395 396/396/396 393/393/393
f 397/397/397 398/398/398 399/399/399
f 399/399/399 400/400/400 397/397/397
f 401/401/401 402/402/402 403/403/403
f 403/403/403 404/404/404 401/401/401
f 405/405/405 406/406/406 407/407/407
f 407/407/407 408/408/408 405/405/405
f 409/409/409 410/410/410 411/411/411
f 411/411/411 412/412/412 409/409/409
f 413/413/413 414/414/414 415/415/415
f 415/415/415 416/416/416 413/413/413
f 417/417/417 418/418/418 419/419/419
f 419/419/419 420/420/420 417/417/417
f 421/421/421 422/422/422 423/423/423
f 421/421/421 423/423/423 424/424/424
f 421/421/421 424/424/424 425/425/425
f 421/421/421 425/425/425 426/426/426
f 421/421/421 426/426/426 427/427/427
f 421/421/421 427/427/427 428/428/428
f 429/429/429 430/430/430 431/431/431
f 429/429/429 431/431/431 432/432/432
f 429/429/429 432/432/432 433/433/433
f 429/429/429 433/433/433 434/434/434
f 434/434/434 435/435/435 421/421/421
f 434/434/434 421/421/421 428/428/428
f 434/434/434 428/428/428 436/436/436
f 436/436/436 429/429/429 434/434/434
f 437/437/437 438/438/438 439/439/439
f 437/437/437 439/439/439 440/440/440
f 437/437/437 440/440/440 441/441/441
f 437/437/437 441/441/441 442/442/442
f 442/442/442 443/443/443 444/444/444
f 442/442/442 444/444/444 445/445/445
f 445/445/445 446/446/446 447/447/447
f 445/445/445 447/447/447 448/448/448
f 445/445/445 448/448/448 449/449/449
f 445/445/445 449/449/449 450/450/450
f 451/451/451 437/437/437 442/442/442
f 442/442/442 445/445/445 450/450/450
f 442/442/442 450/450/450 452/452/452
f 451/451/451 442/442/442 452/452/452
f 453/453/453 454/454/454 455/455/455
f 455/455/455 456/456/456 453/453/453
f 457/457/457 458/458/458 459/459/459
f 459/459/459 460/460/460 457/457/457
f 461/461/461 462/462/462 463/463/463
f 463/463/463 464/464/464 461/461/461
f 465/465/465 466/466/466 467/467/467
f 467/467/467 468/468/468 465/465/465
f 469/469/469 470/470/470 471/471/471
f 471/471/471 472/472/472 469/469/469
f 473/473/473 474/474/474 475/475/475
f 475/475/475 476/476/476 473/473/473
f 477/477/477 478/478/478 479/479/479
f 479/479/479 480/480/480 477/477/477
f 481/481/481 482/482/482 483/483/483
f 483/483/483 484/484/484 481/481/481
f 485/485/485 486/486/486 487/487/487
f 487/487/487 488/488/488 485/485/485
f 489/489/489 490/490/490 491/491/491
f 491/491/491 492/492/492 489/489/489
f 493/493/493 494/494/494 495/495/495
f 495/495/495 496/496/496 493/493/493
f 497/497/497 498/498/498 499/499/499
f 499/499/499 500/500/500 497/497/497
f 501/501/501 502/502/502 503/503/503
f 503/503/503 504/504/504 501/501/501
f 505/505/505 506/506/506 507/507/507
f 507/507/507 508/508/508 505/505/505
f 509/509/509 510/510/510 511/511/511
f 511/511/511 512/512/512 509/509/509
f 513/513/513 514/514/514 515/515/515
f 515/515/515 516/516/516 513/513/513
f 517/517/517 518/518/518 519/519/519
f 519/519/519 520/520/520 517/517/517
f 521/521/521 522/522/522 523/523/523
f 523/523/523 524/524/524 521/521/521
f 358/358/358 357/357/357 525/525/525
f 525/525/525 526/526/526 358/358/358
f 527/527/527 528/528/528 529/529/529
f 527/527/527 529/529/529 530/530/530
f 527/527/527 530/530/530 531/531/531
f 532/532/532 533/533/533 534/534/534
f 532/532/532 534/534/534 535/535/535
f 532/532/532 535/535/535 527/527/527
f 536/536/536 532/532/532 527/527/527
f 537/537/537 538/538/538 539/539/539
f 539/539/539 540/540/540 537/537/537
f 541/541/541 542/542/542 543/543/543
f 543/543/543 544/544/544 541/541/541
f 545/545/545 546/546/546 547/547/547
f 547/547/547 548/548/548 545/545/545
f 549/549/549 550/550/550 551/551/551
f 551/551/551 552/552/552 549/549/549
f 553/553/553 554/554/554 555/555/555
f 555/555/555 556/556/556 553/553/553
f 557/557/557 531/531/531 530/530/530
f 557/557/557 530/530/530 558/558/558
f 557/557/557 558/558/558 559/559/559
f 560/560/560 561/561/561 562/562/562
f 560/560/560 562/562/562 563/563/563
f 560/560/560 563/563/563 557/557/557
f 560/560/560 557/557/557 559/559/559
f 559/559/559 564/564/564 560/560/560
f 565/565/565 566/566/566 567/567/567
f 567/567/567 568/568/568 565/565/565
f 569/569/569 570/570/570 571/571/571
f 571/571/571 572/572/572 569/569/569
f 573/573/573 574/574/574 575/575/575
f 575/575/575 576/576/576 573/573/573
f 577/577/577 578/578/578 579/579/579
f 579/579/579 580/580/580 577/577/577
f 581/581/581 582/582/582 583/583/583
f 583/583/583 584/584/584 581/581/581
f 362/362/362 361/361/361 585/585/585
f 585/585/585 586/586/586 362/362/362
f 230/230/230 229/229/229 587/587/587
f 587/587/587 588/588/588 230/230/230
f 589/589/589 590/590/590 591/591/591
f 591/591/591 592/592/592 589/589/589
f 593/593/593 594/594/594 595/595/595
f 595/595/595 596/596/596 593/593/593
f 597/597/597 598/598/598 599/599/599
f 599/599/599 600/600/600 597/597/597
f 601/601/601 602/602/602 376/376/376
f 376/376/376 375/375/375 601/601/601
f 603/603/603 604/604/604 605/605/605
f 605/605/605 606/606/606 603/603/603
f 607/607/607 608/608/608 609/609/609
f 609/609/609 610/610/610 607/607/607
f 611/611/611 612/612/612 613/613/613
f 613/613/613 614/614/614 611/611/611
f 615/615/615 616/616/616 617/617/617
f 617/617/617 618/618/618 615/615/615
f 619/619/619 620/620/620 621/621/621
f 621/621/621 622/622/622 619/619/619
f 623/623/623 624/624/624 625/625/625
f 625/625/625 626/626/626 623/623/623
f 627/627/627 628/628/628 629/629/629
f 629/629/629 630/630/630 627/627/627
f 582/582/582 581/581/581 631/631/631
f 631/631/631 632/632/632 582/582/582
f 633/633/633 634/634/634 635/635/635
f 633/633/633 635/635/635 636/636/636
f 633/633/633 636/636/636 637/637/637
f 637/637/637 638/638/638 639/639/639
f 637/637/637 639/639/639 640/640/640
f 637/637/637 640/640/640 641/641/641
f 641/641/641 642/642/642 643/643/643
f 641/641/641 643/643/643 644/644/644
f 641/641/641 644/644/644 645/645/645
f 645/645/645 646/646/646 647/647/647
f 645/645/645 647/647/647 648/648/648
f 645/645/645 648/648/648 633/633/633
f 645/645/645 633/633/633 637/637/637
f 637/637/637 641/641/641 645/645/645
f 649/649/649 650/650/650 651/651/651
f 651/651/651 652/652/652 649/649/649
f 653/653/653 654/654/654 655/655/655
f 655/655/655 656/656/656 653/653/653
f 657/657/657 658/658/658 659/659/659
f 659/659/659 660/660/660 657/657/657
f 661/661/661 662/662/662 663/663/663
f 663/663/663 664/664/664 661/661/661
f 665/665/665 666/666/666 667/667/667
f 667/667/667 668/668/668 665/665/665
f 669/669/669 670/670/670 671/671/671
f 671/671/671 672/672/672 669/669/669
f 673/673/673 674/674/674 675/675/675
f 675/675/675 676/676/676 673/673/673
f 677/677/677 678/678/678 679/679/679
f 677/677/677 679/679/679 680/680/680
f 677/677/677 680/680/680 681/681/681
f 682/682/682 683/683/683 684/684/684
f 682/682/682 684/684/684 685/685/685
f 682/682/682 685/685/685 677/677/677
f 682/682/682 677/677/677 681/681/681
f 681/681/681 686/686/686 682/682/682
f 687/687/687 688/688/688 689/689/689
f 689/689/689 690/690/690 687/687/687
f 691/691/691 692/692/692 693/693/693
f 693/693/693 694/694/694 691/691/691
f 695/695/695 696/696/696 697/697/697
f 695/695/695 697/697/697 698/698/698
f 695/695/695 698/698/698 699/699/699
f 695/695/695 699/699/699 700/700/700
f 700/700/700 701/701/701 702/702/702
f 700/700/700 702/702/702 703/703/703
f 703/703/703 704/704/704 705/705/705
f 703/703/703 705/705/705 706/706/706
f 703/703/703 706/706/706 707/707/707
f 703/703/703 707/707/707 708/708/708
f 709/709/709 695/695/695 700/700/700
f 700/700/700 703/703/703 708/708/708
f 700/700/700 708/708/708 710/710/710
f 700/700/700 710/710/710 709/709/709
f 711/711/711 712/712/712 713/713/713
f 713/713/713 714/714/714 711/711/711
f 715/715/715 716/716/716 717/717/717
f 715/715/715 717/717/717 718/718/718
f 715/715/715 718/718/718 719/719/719
f 715/715/715 719/719/719 720/720/720
f 715/715/715 720/720/720 721/721/721
f 721/721/721 722/722/722 715/715/715
f 723/723/723 724/724/724 725/725/725
f 725/725/725 726/726/726 723/723/723
f 727/727/727 728/728/728 729/729/729
f 729/729/729 730/730/730 727/727/727
f 731/731/731 732/732/732 733/733/733
f 733/733/733 734/734/734 731/731/731
f 735/735/735 736/736/736 737/737/737
f 737/737/737 738/738/738 735/735/735
f 739/739/739 740/740/740 741/741/741
f 741/741/741 742/742/742 739/739/739
f 743/743/743 744/744/744 745/745/745
f 745/745/745 746/746/746 743/743/743
f 747/747/747 748/748/748 749/749/749
f 749/749/749 750/750/750 747/747/747
f 751/751/751 752/752/752 753/753/753
f 751/751/751 753/753/753 754/754/754
f 751/751/751 754/754/754 697/697/697
f 697/697/697 696/696/696 755/755/755
f 697/697/697 755/755/755 756/756/756
f 757/757/757 758/758/758 759/759/759
f 757/757/757 759/759/759 760/760/760
f 757/757/757 760/760/760 761/761/761
f 757/757/757 761/761/761 751/751/751
f 751/751/751 697/697/697 756/756/756
f 751/751/751 756/756/756 762/762/762
f 751/751/751 762/762/762 763/763/763
f 751/751/751 763/763/763 764/764/764
f 764/764/764 757/757/757 751/751/751
f 765/765/765 766/766/766 767/767/767
f 765/765/765 767/767/767 768/768/768
f 765/765/765 768/768/768 769/769/769
f 765/765/765 769/769/769 770/770/770
f 765/765/765 770/770/770 771/771/771
f 771/771/771 772/772/772 765/765/765
f 773/773/773 774/774/774 775/775/775
f 775/775/775 776/776/776 773/773/773
f 777/777/777 778/778/778 779/779/779
f 779/779/779 780/780/780 777/777/777
f 781/781/781 782/782/782 783/783/783
f 783/783/783 784/784/784 781/781/781
f 785/785/785 786/786/786 787/787/787
f 787/787/787 788/788/788 785/785/785
f 789/789/789 790/790/790 791/791/791
f 791/791/791 792/792/792 789/789/789
f 793/793/793 794/794/794 795/795/795
f 793/793/793 795/795/795 796/796/796
f 793/793/793 796/796/796 797/797/797
f 793/793/793 797/797/797 798/798/798
f 793/793/793 798/798/798 799/799/799
f 799/799/799 800/800/800 793/793/793
f 801/801/801 802/802/802 803/803/803
f 803/803/803 804/804/804 801/801/801
f 805/805/805 806/806/806 807/807/807
f 807/807/807 808/808/808 805/805/805
f 809/809/809 810/810/810 811/811/811
f 811/811/811 812/812/812 809/809/809
f 813/813/813 814/814/814 815/815/815
f 815/815/815 816/816/816 813/813/813
f 817/817/817 818/818/818 819/819/819
f 819/819/819 820/820/820 817/817/817
f 821/821/821 822/822/822 823/823/823
f 823/823/823 824/824/824 821/821/821
f 825/825/825 826/826/826 827/827/827
f 825/825/825 827/827/827 828/828/828
f 825/825/825 828/828/828 829/829/829
f 825/825/825 829/829/829 830/830/830
f 825/825/825 830/830/830 831/831/831
f 831/831/831 832/832/832 825/825/825
f 833/833/833 834/834/834 835/835/835
f 833/833/833 835/835/835 836/836/836
f 833/833/833 836/836/836 837/837/837
f 833/833/833 837/837/837 838/838/838
f 833/833/833 838/838/838 839/839/839
f 839/839/839 840/840/840 833/833/833
f 841/841/841 842/842/842 843/843/843
f 843/843/843 844/844/844 841/841/841
f 845/845/845 846/846/846 847/847/847
f 847/847/847 848/848/848 845/845/845
f 849/849/849 850/850/850 851/851/851
f 849/849/849 851/851/851 852/852/852
f 852/852/852 853/853/853 854/854/854
f 852/852/852 854/854/854 295/295/295
f 295/295/295 294/294/294 855/855/855
f 295/295/295 855/855/855 856/856/856
f 857/857/857 858/858/858 859/859/859
f 857/857/857 859/859/859 849/849/849
f 852/852/852 295/295/295 856/856/856
f 852/852/852 856/856/856 860/860/860
f 852/852/852 860/860/860 861/861/861
f 852/852/852 861/861/861 862/862/862
f 862/862/862 857/857/857 849/849/849
f 852/852/852 862/862/862 849/849/849
f 863/863/863 864/864/864 865/865/865
f 865/865/865 866/866/866 863/863/863
f 867/867/867 868/868/868 869/869/869
f 869/869/869 870/870/870 867/867/867
f 871/871/871 872/872/872 873/873/873
f 873/873/873 874/874/874 871/871/871
f 102/102/102 101/101/101 875/875/875
f 875/875/875 876/876/876 102/102/102
f 877/877/877 878/878/878 879/879/879
f 879/879/879 880/880/880 877/877/877
f 881/881/881 882/882/882 883/883/883
f 883/883/883 884/884/884 881/881/881
f 885/885/885 886/886/886 887/887/887
f 885/885/885 887/887/887 888/888/888
f 885/885/885 888/888/888 889/889/889
f 885/885/885 889/889/889 890/890/890
f 885/885/885 890/890/890 891/891/891
f 891/891/891 892/892/892 885/885/885
f 893/893/893 894/894/894 895/895/895
f 895/895/895 896/896/896 893/893/893
f 897/897/897 898/898/898 335/335/335
f 335/335/335 334/334/334 897/897/897
f 899/899/899 900/900/900 901/901/901
f 899/899/899 901/901/901 902/902/902
f 899/899/899 902/902/902 903/903/903
f 899/899/899 903/903/903 904/904/904
f 899/899/899 904/904/904 905/905/905
f 905/905/905 906/906/906 899/899/899
f 907/907/907 908/908/908 909/909/909
f 909/909/909 910/910/910 907/907/907
f 911/911/911 912/912/912 913/913/913
f 913/913/913 914/914/914 911/911/911
f 915/915/915 916/916/916 917/917/917
f 917/917/917 918/918/918 915/915/915
f 919/919/919 920/920/920 356/356/356
f 356/356/356 355/355/355 919/919/919
f 921/921/921 922/922/922 923/923/923
f 921/921/921 923/923/923 924/924/924
f 921/921/921 924/924/924 925/925/925
f 921/921/921 925/925/925 926/926/926
f 921/921/921 926/926/926 927/927/927
f 927/927/927 928/928/928 921/921/921
f 929/929/929 930/930/930 931/931/931
f 931/931/931 932/932/932 929/929/929
f 598/598/598 597/597/597 933/933/933
f 933/933/933 934/934/934 598/598/598
f 935/935/935 936/936/936 937/937/937
f 937/937/937 938/938/938 935/935/935
f 939/939/939 940/940/940 941/941/941
f 941/941/941 942/942/942 939/939/939
f 943/943/943 944/944/944 945/945/945
f 945/945/945 946/946/946 943/943/943
f 947/947/947 948/948/948 949/949/949
f 949/949/949 950/950/950 947/947/947
f 951/951/951 952/952/952 953/953/953
f 953/953/953 954/954/954 951/951/951
f 955/955/955 956/956/956 957/957/957
f 957/957/957 958/958/958 955/955/955
f 959/959/959 960/960/960 961/961/961
f 961/961/961 962/962/962 959/959/959
f 963/963/963 964/964/964 965/965/965
f 965/965/965 966/966/966 963/963/963
f 967/967/967 968/968/968 969/969/969
f 969/969/969 970/970/970 967/967/967
f 971/971/971 972/972/972 973/973/973
f 973/973/973 974/974/974 971/971/971
f 975/975/975 976/976/976 618/618/618
f 618/618/618 617/617/617 975/975/975
f 977/977/977 978/978/978 979/979/979
f 979/979/979 980/980/980 977/977/977
f 981/981/981 982/982/982 983/983/983
f 983/983/983 984/984/984 981/981/981
f 985/985/985 986/986/986 484/484/484
f 484/484/484 483/483/483 985/985/985
f 987/987/987 988/988/988 989/989/989
f 989/989/989 990/990/990 987/987/987
f 991/991/991 992/992/992 993/993/993
f 993/993/993 994/994/994 991/991/991
f 995/995/995 996/996/996 997/997/997
f 997/997/997 998/998/998 995/995/995
f 999/999/999 1000/1000/1000 1001/1001/1001
f 1001/1001/1001 1002/1002/1002 999/999/999
f 1003/1003/1003 1004/1004/1004 1005/1005/1005
f 1005/1005/1005 1006/1006/1006 1003/1003/1003
f 1007/1007/1007 1008/1008/1008 456/456/456
f 456/456/456 455/455/455 1007/1007/1007
f 1009/1009/1009 1010/1010/1010 496/496/496
f 496/496/496 495/495/495 1009/1009/1009
f 1011/1011/1011 1012/1012/1012 1013/1013/1013
f 1011/1011/1011 1013/1013/1013 1014/1014/1014
f 1011/1011/1011 1014/1014/1014 1015/1015/1015
f 1011/1011/1011 1015/1015/1015 1016/1016/1016
f 1011/1011/1011 1016/1016/1016 1017/1017/1017
f 1017/1017/1017 1018/1018/1018 1011/1011/1011
f 1019/1019/1019 1020/1020/1020 1021/1021/1021
f 1021/1021/1021 1022/1022/1022 1019/1019/1019
f 1023/1023/1023 1024/1024/1024 1025/1025/1025
f 1025/1025/1025 1026/1026/1026 1023/1023/1023
f 1027/1027/1027 1028/1028/1028 1029/1029/1029
f 1027/1027/1027 1029/1029/1029 1030/1030/1030
f 1030/1030/1030 1031/1031/1031 1032/1032/1032
f 1033/1033/1033 1034/1034/1034 1035/1035/1035
f 1033/1033/1033 1035/1035/1035 1036/1036/1036
f 1033/1033/1033 1036/1036/1036 1027/1027/1027
f 1027/1027/1027 1030/1030/1030 1032/1032/1032
f 1027/1027/1027 1032/1032/1032 1033/1033/1033
f 98/98/98 97/97/97 1037/1037/1037
f 1037/1037/1037 1038/1038/1038 98/98/98
f 46/46/46 45/45/45 1039/1039/1039
f 1039/1039/1039 1040/1040/1040 46/46/46
f 1041/1041/1041 1042/1042/1042 1043/1043/1043
f 1043/1043/1043 1044/1044/1044 1041/1041/1041
f 1045/1045/1045 1046/1046/1046 1047/1047/1047
f 1047/1047/1047 1048/1048/1048 1045/1045/1045
f 1049/1049/1049 1050/1050/1050 1051/1051/1051
f 1051/1051/1051 1052/1052/1052 1049/1049/1049
f 502/502/502 501/501/501 1053/1053/1053
f 1053/1053/1053 1054/1054/1054 502/502/502
f 1055/1055/1055 1056/1056/1056 1057/1057/1057
f 1057/1057/1057 1058/1058/1058 1055/1055/1055
f 1059/1059/1059 1060/1060/1060 1061/1061/1061
f 1059/1059/1059 1061/1061/1061 1062/1062/1062
f 1059/1059/1059 1062/1062/1062 1063/1063/1063
f 1059/1059/1059 1063/1063/1063 1064/1064/1064
f 1059/1059/1059 1064/1064/1064 1065/1065/1065
f 1065/1065/1065 1066/1066/1066 1059/1059/1059
f 38/38/38 37/37/37 1067/1067/1067
f 1067/1067/1067 1068/1068/1068 38/38/38
f 996/996/996 995/995/995 1069/1069/1069
f 1069/1069/1069 1070/1070/1070 996/996/996
f 1071/1071/1071 1072/1072/1072 1073/1073/1073
f 1073/1073/1073 1074/1074/1074 1071/1071/1071
f 1075/1075/1075 1076/1076/1076 1077/1077/1077
f 1077/1077/1077 1078/1078/1078 1075/1075/1075
f 1079/1079/1079 1080/1080/1080 1081/1081/1081
f 1081/1081/1081 1082/1082/1082 1079/1079/1079
f 1083/1083/1083 1084/1084/1084 1085/1085/1085
f 1085/1085/1085 1086/1086/1086 1083/1083/1083
f 54/54/54 53/53/53 1087/1087/1087
f 1087/1087/1087 1088/1088/1088 54/54/54
f 474/474/474 473/473/473 1089/1089/1089
f 1089/1089/1089 1090/1090/1090 474/474/474
f 1084/1084/1084 1083/1083/1083 1091/1091/1091
f 1091/1091/1091 1092/1092/1092 1084/1084/1084
f 1093/1093/1093 1094/1094/1094 1095/1095/1095
f 1095/1095/1095 1096/1096/1096 1093/1093/1093
f 1097/1097/1097 1098/1098/1098 1099/1099/1099
f 1097/1097/1097 1099/1099/1099 1100/1100/1100
f 1097/1097/1097 1100/1100/1100 1101/1101/1101
f 1097/1097/1097 1101/1101/1101 1102/1102/1102
f 1097/1097/1097 1102/1102/1102 1103/1103/1103
f 1103/1103/1103 1104/1104/1104 1097/1097/1097
f 66/66/66 65/65/65 1105/1105/1105
f 1105/1105/1105 1106/1106/1106 66/66/66
f 82/82/82 81/81/81 1107/1107/1107
f 1107/1107/1107 1108/1108/1108 82/82/82
f 1109/1109/1109 1110/1110/1110 1111/1111/1111
f 1111/1111/1111 1112/1112/1112 1109/1109/1109
f 70/70/70 69/69/69 1113/1113/1113
f 1113/1113/1113 1114/1114/1114 70/70/70
f 1115/1115/1115 1116/1116/1116 1117/1117/1117
f 1117/1117/1117 1118/1118/1118 1115/1115/1115
f 1119/1119/1119 1120/1120/1120 1121/1121/1121
f 1121/1121/1121 1122/1122/1122 1119/1119/1119
f 1123/1123/1123 1124/1124/1124 1125/1125/1125
f 1125/1125/1125 1126/1126/1126 1123/1123/1123
f 1127/1127/1127 1128/1128/1128 1129/1129/1129
f 1127/1127/1127 1129/1129/1129 1130/1130/1130
f 1127/1127/1127 1130/1130/1130 1131/1131/1131
f 1127/1127/1127 1131/1131/1131 1132/1132/1132
f 1127/1127/1127 1132/1132/1132 1133/1133/1133
f 1133/1133/1133 1134/1134/1134 1127/1127/1127
f 1135/1135/1135 1136/1136/1136 1137/1137/1137
f 1137/1137/1137 1138/1138/1138 1135/1135/1135
f 1139/1139/1139 1140/1140/1140 1141/1141/1141
f 1141/1141/1141 1142/1142/1142 1139/1139/1139
f 1143/1143/1143 1144/1144/1144 1145/1145/1145
f 1143/1143/1143 1145/1145/1145 1146/1146/1146
f 1146/1146/1146 1147/1147/1147 1148/1148/1148
f 1149/1149/1149 1150/1150/1150 1151/1151/1151
f 1149/1149/1149 1151/1151/1151 1152/1152/1152
f 1149/1149/1149 1152/1152/1152 1143/1143/1143
f 1143/1143/1143 1146/1146/1146 1148/1148/1148
f 1143/1143/1143 1148/1148/1148 1149/1149/1149
f 1153/1153/1153 319/319/319 318/318/318
f 1153/1153/1153 318/318/318 1154/1154/1154
f 1153/1153/1153 1154/1154/1154 1155/1155/1155
f 1153/1153/1153 1155/1155/1155 1156/1156/1156
f 1156/1156/1156 1157/1157/1157 1158/1158/1158
f 1156/1156/1156 1158/1158/1158 1159/1159/1159
f 1159/1159/1159 1160/1160/1160 1161/1161/1161
f 1159/1159/1159 1161/1161/1161 1162/1162/1162
f 1159/1159/1159 1162/1162/1162 1163/1163/1163
f 1159/1159/1159 1163/1163/1163 1164/1164/1164
f 1165/1165/1165 1153/1153/1153 1156/1156/1156
f 1156/1156/1156 1159/1159/1159 1164/1164/1164
f 1156/1156/1156 1164/1164/1164 1166/1166/1166
f 1166/1166/1166 1165/1165/1165 1156/1156/1156
f 1167/1167/1167 1168/1168/1168 1169/1169/1169
f 1169/1169/1169 1170/1170/1170 1167/1167/1167
f 1171/1171/1171 1172/1172/1172 1173/1173/1173
f 1173/1173/1173 1174/1174/1174 1171/1171/1171
f 1175/1175/1175 1176/1176/1176 1177/1177/1177
f 1177/1177/1177 1178/1178/1178 1175/1175/1175
f 1179/1179/1179 1180/1180/1180 1181/1181/1181
f 1181/1181/1181 1182/1182/1182 1179/1179/1179
f 1183/1183/1183 1184/1184/1184 1185/1185/1185
f 1185/1185/1185 1186/1186/1186 1183/1183/1183
f 1187/1187/1187 1188/1188/1188 1189/1189/1189
f 1189/1189/1189 1190/1190/1190 1187/1187/1187
f 1191/1191/1191 1192/1192/1192 1193/1193/1193
f 1193/1193/1193 1194/1194/1194 1191/1191/1191
f 1195/1195/1195 1196/1196/1196 1197/1197/1197
f 1197/1197/1197 1198/1198/1198 1195/1195/1195
f 1199/1199/1199 1200/1200/1200 1201/1201/1201
f 1201/1201/1201 1202/1202/1202 1199/1199/1199
f 1203/1203/1203 1204/1204/1204 1205/1205/1205
f 1205/1205/1205 1206/1206/1206 1203/1203/1203
f 1207/1207/1207 1208/1208/1208 1209/1209/1209
f 1209/1209/1209 1210/1210/1210 1207/1207/1207
f 1211/1211/1211 1212/1212/1212 1213/1213/1213
f 1211/1211/1211 1213/1213/1213 1214/1214/1214
f 1211/1211/1211 1214/1214/1214 1215/1215/1215
f 1211/1211/1211 1215/1215/1215 1216/1216/1216
f 1211/1211/1211 1216/1216/1216 1217/1217/1217
f 1217/1217/1217 1218/1218/1218 1211/1211/1211
f 1219/1219/1219 1220/1220/1220 1221/1221/1221
f 1221/1221/1221 1222/1222/1222 1219/1219/1219
f 1223/1223/1223 1224/1224/1224 1225/1225/1225
f 1225/1225/1225 1226/1226/1226 1223/1223/1223
f 1227/1227/1227 1228/1228/1228 1229/1229/1229
f 1227/1227/1227 1229/1229/1229 1230/1230/1230
f 1227/1227/1227 1230/1230/1230 1231/1231/1231
f 1227/1227/1227 1231/1231/1231 1232/1232/1232
f 1227/1227/1227 1232/1232/1232 1233/1233/1233
f 1233/1233/1233 1234/1234/1234 1227/1227/1227
f 1235/1235/1235 1236/1236/1236 1237/1237/1237
f 1237/1237/1237 1238/1238/1238 1235/1235/1235
f 1239/1239/1239 1240/1240/1240 1241/1241/1241
f 1241/1241/1241 1242/1242/1242 1239/1239/1239
f 1243/1243/1243 1244/1244/1244 1245/1245/1245
f 1245/1245/1245 1246/1246/1246 1243/1243/1243
f 1247/1247/1247 1248/1248/1248 1249/1249/1249
f 1249/1249/1249 1250/1250/1250 1247/1247/1247
f 1251/1251/1251 1252/1252/1252 1253/1253/1253
f 1253/1253/1253 1254/1254/1254 1251/1251/1251
f 1255/1255/1255 1256/1256/1256 1257/1257/1257
f 1257/1257/1257 1258/1258/1258 1255/1255/1255
f 1259/1259/1259 1260/1260/1260 1261/1261/1261
f 1259/1259/1259 1261/1261/1261 1262/1262/1262
f 1259/1259/1259 1262/1262/1262 1263/1263/1263
f 1263/1263/1263 1264/1264/1264 1259/1259/1259
f 1265/1265/1265 1266/1266/1266 1267/1267/1267
f 1267/1267/1267 1268/1268/1268 1265/1265/1265
f 1269/1269/1269 1270/1270/1270 1271/1271/1271
f 1271/1271/1271 1272/1272/1272 1269/1269/1269
f 1273/1273/1273 1274/1274/1274 1275/1275/1275
f 1275/1275/1275 1276/1276/1276 1273/1273/1273
f 1277/1277/1277 1278/1278/1278 1279/1279/1279
f 1279/1279/1279 1280/1280/1280 1277/1277/1277
f 1281/1281/1281 1282/1282/1282 1283/1283/1283
f 1283/1283/1283 1284/1284/1284 1281/1281/1281
f 1285/1285/1285 1286/1286/1286 1287/1287/1287
f 1285/1285/1285 1287/1287/1287 1288/1288/1288
f 1285/1285/1285 1288/1288/1288 1289/1289/1289
f 1285/1285/1285 1289/1289/1289 1290/1290/1290
f 1285/1285/1285 1290/1290/1290 1291/1291/1291
f 1291/1291/1291 1292/1292/1292 1285/1285/1285
f 1293/1293/1293 1294/1294/1294 1295/1295/1295
f 1295/1295/1295 1296/1296/1296 1293/1293/1293
f 1297/1297/1297 1298/1298/1298 1299/1299/1299
f 1299/1299/1299 1300/1300/1300 1297/1297/1297
f 1301/1301/1301 1302/1302/1302 1303/1303/1303
f 1303/1303/1303 1304/1304/1304 1301/1301/1301
f 1305/1305/1305 1306/1306/1306 1307/1307/1307
f 1307/1307/1307 1308/1308/1308 1305/1305/1305
f 1309/1309/1309 1310/1310/1310 1311/1311/1311
f 1311/1311/1311 1312/1312/1312 1309/1309/1309
f 1313/1313/1313 1314/1314/1314 1315/1315/1315
f 1315/1315/1315 1316/1316/1316 1313/1313/1313
f 1317/1317/1317 1318/1318/1318 1319/1319/1319
f 1319/1319/1319 1320/1320/1320 1317/1317/1317
f 1321/1321/1321 1322/1322/1322 1323/1323/1323
f 1321/1321/1321 1323/1323/1323 1324/1324/1324
f 1321/1321/1321 1324/1324/1324 1325/1325/1325
f 1325/1325/1325 1326/1326/1326 1321/1321/1321
f 1327/1327/1327 1328/1328/1328 1329/1329/1329
f 1329/1329/1329 1330/1330/1330 1327/1327/1327
f 1331/1331/1331 1332/1332/1332 1333/1333/1333
f 1333/1333/1333 1334/1334/1334 1331/1331/1331
f 1116/1116/1116 1115/1115/1115 1335/1335/1335
f 1335/1335/1335 1336/1336/1336 1116/1116/1116
f 1337/1337/1337 1338/1338/1338 1339/1339/1339
f 1339/1339/1339 1340/1340/1340 1337/1337/1337
f 1341/1341/1341 1342/1342/1342 1343/1343/1343
f 1343/1343/1343 1344/1344/1344 1341/1341/1341
f 1345/1345/1345 1346/1346/1346 1347/1347/1347
f 1347/1347/1347 1348/1348/1348 1345/1345/1345
f 1349/1349/1349 1350/1350/1350 1351/1351/1351
f 1351/1351/1351 1352/1352/1352 1349/1349/1349
f 1353/1353/1353 1354/1354/1354 1355/1355/1355
f 1355/1355/1355 1356/1356/1356 1353/1353/1353
f 1357/1357/1357 1358/1358/1358 1359/1359/1359
f 1359/1359/1359 1360/1360/1360 1357/1357/1357
f 1361/1361/1361 1362/1362/1362 1363/1363/1363
f 1363/1363/1363 1364/1364/1364 1361/1361/1361
f 1365/1365/1365 1366/1366/1366 1367/1367/1367
f 1365/1365/1365 1367/1367/1367 1368/1368/1368
f 1365/1365/1365 1368/1368/1368 1369/1369/1369
f 1365/1365/1365 1369/1369/1369 1370/1370/1370
f 1365/1365/1365 1370/1370/1370 1371/1371/1371
f 1371/1371/1371 1372/1372/1372 1365/1365/1365
f 49/49/49 52/52/52 1373/1373/1373
f 1373/1373/1373 1374/1374/1374 49/49/49
f 1375/1375/1375 1376/1376/1376 1377/1377/1377
f 1377/1377/1377 1378/1378/1378 1375/1375/1375
f 1379/1379/1379 1380/1380/1380 1381/1381/1381
f 1381/1381/1381 1382/1382/1382 1379/1379/1379
f 1383/1383/1383 1384/1384/1384 1385/1385/1385
f 1385/1385/1385 1386/1386/1386 1383/1383/1383
f 1387/1387/1387 1388/1388/1388 1389/1389/1389
f 1389/1389/1389 1390/1390/1390 1387/1387/1387
f 1391/1391/1391 1392/1392/1392 679/679/679
f 1391/1391/1391 679/679/679 678/678/678
f 1393/1393/1393 1394/1394/1394 1395/1395/1395
f 1393/1393/1393 1395/1395/1395 1396/1396/1396
f 1393/1393/1393 1396/1396/1396 1397/1397/1397
f 1398/1398/1398 1393/1393/1393 1397/1397/1397
f 1399/1399/1399 1400/1400/1400 1401/1401/1401
f 1401/1401/1401 1402/1402/1402 1399/1399/1399
f 1403/1403/1403 1404/1404/1404 1405/1405/1405
f 1405/1405/1405 1406/1406/1406 1403/1403/1403
f 1407/1407/1407 1408/1408/1408 1409/1409/1409
f 1409/1409/1409 1410/1410/1410 1407/1407/1407
f 1411/1411/1411 1412/1412/1412 1413/1413/1413
f 1411/1411/1411 1413/1413/1413 1414/1414/1414
f 1411/1411/1411 1414/1414/1414 1415/1415/1415
f 1415/1415/1415 1416/1416/1416 1417/1417/1417
f 1415/1415/1415 1417/1417/1417 1418/1418/1418
f 1415/1415/1415 1418/1418/1418 1419/1419/1419
f 1419/1419/1419 1420/1420/1420 1421/1421/1421
f 1419/1419/1419 1421/1421/1421 1422/1422/1422
f 1419/1419/1419 1422/1422/1422 1423/1423/1423
f 1423/1423/1423 1424/1424/1424 1425/1425/1425
f 1423/1423/1423 1425/1425/1425 1426/1426/1426
f 1423/1423/1423 1426/1426/1426 1411/1411/1411
f 1423/1423/1423 1411/1411/1411 1415/1415/1415
f 1415/1415/1415 1419/1419/1419 1423/1423/1423
f 1427/1427/1427 1428/1428/1428 1429/1429/1429
f 1429/1429/1429 1430/1430/1430 1427/1427/1427
f 1431/1431/1431 1432/1432/1432 1433/1433/1433
f 1433/1433/1433 1434/1434/1434 1431/1431/1431
f 1435/1435/1435 1436/1436/1436 1437/1437/1437
f 1437/1437/1437 1438/1438/1438 1435/1435/1435
f 1439/1439/1439 1440/1440/1440 1441/1441/1441
f 1441/1441/1441 1442/1442/1442 1439/1439/1439
f 1443/1443/1443 1444/1444/1444 1445/1445/1445
f 1445/1445/1445 1446/1446/1446 1443/1443/1443
f 1447/1447/1447 1448/1448/1448 1449/1449/1449
f 1449/1449/1449 1450/1450/1450 1447/1447/1447
f 1451/1451/1451 1452/1452/1452 1453/1453/1453
f 1453/1453/1453 1454/1454/1454 1451/1451/1451
f 1455/1455/1455 1456/1456/1456 1457/1457/1457
f 1457/1457/1457 1458/1458/1458 1455/1455/1455
f 1459/1459/1459 1460/1460/1460 1461/1461/1461
f 1461/1461/1461 1462/1462/1462 1459/1459/1459
f 1463/1463/1463 1464/1464/1464 1465/1465/1465
f 1465/1465/1465 1466/1466/1466 1463/1463/1463
f 1467/1467/1467 1468/1468/1468 1469/1469/1469
f 1469/1469/1469 1470/1470/1470 1467/1467/1467
f 1471/1471/1471 1472/1472/1472 1473/1473/1473
f 1473/1473/1473 1474/1474/1474 1471/1471/1471
f 1475/1475/1475 1476/1476/1476 1477/1477/1477
f 1477/1477/1477 1478/1478/1478 1475/1475/1475
f 1479/1479/1479 1480/1480/1480 1481/1481/1481
f 1481/1481/1481 1482/1482/1482 1479/1479/1479
f 1483/1483/1483 1484/1484/1484 1485/1485/1485
f 1485/1485/1485 1486/1486/1486 1483/1483/1483
f 1487/1487/1487 1488/1488/1488 1489/1489/1489
f 1489/1489/1489 1490/1490/1490 1487/1487/1487
f 1491/1491/1491 1492/1492/1492 1493/1493/1493
f 1493/1493/1493 1494/1494/1494 1491/1491/1491
f 1495/1495/1495 1496/1496/1496 1497/1497/1497
f 1497/1497/1497 1498/1498/1498 1495/1495/1495
f 1499/1499/1499 1500/1500/1500 1501/1501/1501
f 1501/1501/1501 1502/1502/1502 1499/1499/1499
f 1503/1503/1503 1504/1504/1504 1505/1505/1505
f 1505/1505/1505 1506/1506/1506 1503/1503/1503
f 1507/1507/1507 1508/1508/1508 1509/1509/1509
f 1509/1509/1509 1510/1510/1510 1507/1507/1507
f 1511/1511/1511 1512/1512/1512 1513/1513/1513
f 1513/1513/1513 1514/1514/1514 1511/1511/1511
f 1515/1515/1515 1516/1516/1516 1517/1517/1517
f 1515/1515/1515 1517/1517/1517 1518/1518/1518
f 1515/1515/1515 1518/1518/1518 1519/1519/1519
f 1519/1519/1519 647/647/647 646/646/646
f 1519/1519/1519 646/646/646 1520/1520/1520
f 1519/1519/1519 1520/1520/1520 1521/1521/1521
f 1521/1521/1521 1522/1522/1522 1523/1523/1523
f 1521/1521/1521 1523/1523/1523 1524/1524/1524
f 1521/1521/1521 1524/1524/1524 1525/1525/1525
f 1525/1525/1525 1526/1526/1526 1527/1527/1527
f 1525/1525/1525 1527/1527/1527 1528/1528/1528
f 1525/1525/1525 1528/1528/1528 1515/1515/1515
f 1525/1525/1525 1515/1515/1515 1519/1519/1519
f 1519/1519/1519 1521/1521/1521 1525/1525/1525
f 1529/1529/1529 1530/1530/1530 1531/1531/1531
f 1531/1531/1531 1532/1532/1532 1529/1529/1529
f 1533/1533/1533 1534/1534/1534 1535/1535/1535
f 1535/1535/1535 1536/1536/1536 1533/1533/1533
f 1537/1537/1537 1538/1538/1538 1539/1539/1539
f 1539/1539/1539 1540/1540/1540 1537/1537/1537
f 1541/1541/1541 1542/1542/1542 1543/1543/1543
f 1543/1543/1543 1544/1544/1544 1541/1541/1541
f 1545/1545/1545 1546/1546/1546 1547/1547/1547
f 1547/1547/1547 1548/1548/1548 1545/1545/1545
f 1004/1004/1004 1003/1003/1003 1549/1549/1549
f 1549/1549/1549 1550/1550/1550 1004/1004/1004
f 570/570/570 569/569/569 1551/1551/1551
f 1551/1551/1551 1552/1552/1552 570/570/570
f 1553/1553/1553 1554/1554/1554 1555/1555/1555
f 1555/1555/1555 1556/1556/1556 1553/1553/1553
f 1557/1557/1557 1558/1558/1558 1559/1559/1559
f 1557/1557/1557 1559/1559/1559 1560/1560/1560
f 1557/1557/1557 1560/1560/1560 1561/1561/1561
f 1557/1557/1557 1561/1561/1561 1562/1562/1562
f 1557/1557/1557 1562/1562/1562 1563/1563/1563
f 1563/1563/1563 1564/1564/1564 1557/1557/1557
f 930/930/930 929/929/929 1565/1565/1565
f 1565/1565/1565 1566/1566/1566 930/930/930
f 1567/1567/1567 1568/1568/1568 1569/1569/1569
f 1569/1569/1569 1570/1570/1570 1567/1567/1567
f 1571/1571/1571 1572/1572/1572 1573/1573/1573
f 1571/1571/1571 1573/1573/1573 1574/1574/1574
f 1571/1571/1571 1574/1574/1574 1575/1575/1575
f 1571/1571/1571 1575/1575/1575 1576/1576/1576
f 1571/1571/1571 1576/1576/1576 1577/1577/1577
f 1577/1577/1577 1578/1578/1578 1571/1571/1571
f 624/624/624 623/623/623 1579/1579/1579
f 1579/1579/1579 1580/1580/1580 624/624/624
f 594/594/594 593/593/593 1581/1581/1581
f 1581/1581/1581 1582/1582/1582 594/594/594
f 1583/1583/1583 1584/1584/1584 1585/1585/1585
f 1585/1585/1585 1586/1586/1586 1583/1583/1583
f 608/608/608 607/607/607 1587/1587/1587
f 1587/1587/1587 1588/1588/1588 608/608/608
f 612/612/612 611/611/611 1589/1589/1589
f 1589/1589/1589 1590/1590/1590 612/612/612
f 1591/1591/1591 1592/1592/1592 1593/1593/1593
f 1593/1593/1593 1594/1594/1594 1591/1591/1591
f 1595/1595/1595 1596/1596/1596 1597/1597/1597
f 1597/1597/1597 1598/1598/1598 1595/1595/1595
f 1599/1599/1599 1600/1600/1600 1601/1601/1601
f 1601/1601/1601 1602/1602/1602 1599/1599/1599
f 1603/1603/1603 1604/1604/1604 1364/1364/1364
f 1364/1364/1364 1363/1363/1363 1603/1603/1603
f 1605/1605/1605 1606/1606/1606 1607/1607/1607
f 1607/1607/1607 1608/1608/1608 1605/1605/1605
f 1609/1609/1609 1610/1610/1610 1611/1611/1611
f 1611/1611/1611 1612/1612/1612 1609/1609/1609
f 110/110/110 109/109/109 1613/1613/1613
f 1613/1613/1613 1614/1614/1614 110/110/110
f 1615/1615/1615 1616/1616/1616 1617/1617/1617
f 1617/1617/1617 1618/1618/1618 1615/1615/1615
f 1619/1619/1619 1620/1620/1620 1621/1621/1621
f 1621/1621/1621 1622/1622/1622 1619/1619/1619
f 1623/1623/1623 1624/1624/1624 1625/1625/1625
f 1623/1623/1623 1625/1625/1625 1626/1626/1626
f 1623/1623/1623 1626/1626/1626 1627/1627/1627
f 1623/1623/1623 1627/1627/1627 1628/1628/1628
f 1623/1623/1623 1628/1628/1628 1629/1629/1629
f 1629/1629/1629 1630/1630/1630 1623/1623/1623
f 666/666/666 665/665/665 1631/1631/1631
f 1631/1631/1631 1632/1632/1632 666/666/666
f 1584/1584/1584 1583/1583/1583 1633/1633/1633
f 1633/1633/1633 1634/1634/1634 1584/1584/1584
f 1635/1635/1635 1636/1636/1636 1637/1637/1637
f 1635/1635/1635 1637/1637/1637 1638/1638/1638
f 1635/1635/1635 1638/1638/1638 1639/1639/1639
f 1639/1639/1639 1640/1640/1640 1641/1641/1641
f 1639/1639/1639 1641/1641/1641 1642/1642/1642
f 1639/1639/1639 1642/1642/1642 1643/1643/1643
f 1643/1643/1643 1644/1644/1644 1645/1645/1645
f 1643/1643/1643 1645/1645/1645 1646/1646/1646
f 1643/1643/1643 1646/1646/1646 1647/1647/1647
f 1647/1647/1647 1648/1648/1648 1649/1649/1649
f 1647/1647/1647 1649/1649/1649 1650/1650/1650
f 1647/1647/1647 1650/1650/1650 1635/1635/1635
f 1647/1647/1647 1635/1635/1635 1639/1639/1639
f 1639/1639/1639 1643/1643/1643 1647/1647/1647
f 1651/1651/1651 945/945/945 944/944/944
f 944/944/944 1652/1652/1652 1651/1651/1651
f 1653/1653/1653 1654/1654/1654 516/516/516
f 516/516/516 515/515/515 1653/1653/1653
f 1655/1655/1655 1656/1656/1656 1657/1657/1657
f 1657/1657/1657 1658/1658/1658 1655/1655/1655
f 1659/1659/1659 1660/1660/1660 1661/1661/1661
f 1661/1661/1661 1662/1662/1662 1659/1659/1659
f 1663/1663/1663 1664/1664/1664 1665/1665/1665
f 1665/1665/1665 1666/1666/1666 1663/1663/1663
f 1667/1667/1667 1668/1668/1668 1669/1669/1669
f 1669/1669/1669 1670/1670/1670 1667/1667/1667
f 1671/1671/1671 1672/1672/1672 1673/1673/1673
f 1673/1673/1673 1674/1674/1674 1671/1671/1671
f 1675/1675/1675 1676/1676/1676 1677/1677/1677
f 1677/1677/1677 1678/1678/1678 1675/1675/1675
f 1679/1679/1679 1680/1680/1680 1681/1681/1681
f 1679/1679/1679 1681/1681/1681 1682/1682/1682
f 1679/1679/1679 1682/1682/1682 1683/1683/1683
f 1679/1679/1679 1683/1683/1683 1684/1684/1684
f 1679/1679/1679 1684/1684/1684 1685/1685/1685
f 1685/1685/1685 1686/1686/1686 1679/1679/1679
f 1687/1687/1687 1688/1688/1688 1689/1689/1689
f 1687/1687/1687 1689/1689/1689 1690/1690/1690
f 1687/1687/1687 1690/1690/1690 1691/1691/1691
f 1687/1687/1687 1691/1691/1691 1692/1692/1692
f 1687/1687/1687 1692/1692/1692 1693/1693/1693
f 1693/1693/1693 1694/1694/1694 1687/1687/1687
f 1695/1695/1695 1696/1696/1696 1697/1697/1697
f 1697/1697/1697 1698/1698/1698 1695/1695/1695
f 1699/1699/1699 1700/1700/1700 1701/1701/1701
f 1701/1701/1701 1702/1702/1702 1699/1699/1699
f 1703/1703/1703 1704/1704/1704 1705/1705/1705
f 1705/1705/1705 1706/1706/1706 1703/1703/1703
f 1707/1707/1707 1708/1708/1708 1709/1709/1709
f 1709/1709/1709 1710/1710/1710 1707/1707/1707
f 1711/1711/1711 1712/1712/1712 1713/1713/1713
f 1713/1713/1713 1714/1714/1714 1711/1711/1711
f 1715/1715/1715 1716/1716/1716 1717/1717/1717
f 1717/1717/1717 1718/1718/1718 1715/1715/1715
f 1719/1719/1719 1720/1720/1720 1721/1721/1721
f 1721/1721/1721 1722/1722/1722 1719/1719/1719
f 1723/1723/1723 1724/1724/1724 1725/1725/1725
f 1725/1725/1725 1726/1726/1726 1723/1723/1723
f 1727/1727/1727 1728/1728/1728 1729/1729/1729
f 1727/1727/1727 1729/1729/1729 1730/1730/1730
f 1727/1727/1727 1730/1730/1730 1731/1731/1731
f 1727/1727/1727 1731/1731/1731 1732/1732/1732
f 1727/1727/1727 1732/1732/1732 1733/1733/1733
f 1733/1733/1733 1734/1734/1734 1727/1727/1727
f 1735/1735/1735 1736/1736/1736 1737/1737/1737
f 1735/1735/1735 1737/1737/1737 1738/1738/1738
f 1738/1738/1738 1739/1739/1739 1740/1740/1740
f 1738/1738/1738 1740/1740/1740 1741/1741/1741
f 1741/1741/1741 1742/1742/1742 439/439/439
f 1741/1741/1741 439/439/439 438/438/438
f 1741/1741/1741 438/438/438 1743/1743/1743
f 1741/1741/1741 1743/1743/1743 1744/1744/1744
f 1741/1741/1741 1744/1744/1744 1745/1745/1745
f 1741/1741/1741 1745/1745/1745 1746/1746/1746
f 1747/1747/1747 1735/1735/1735 1738/1738/1738
f 1738/1738/1738 1741/1741/1741 1746/1746/1746
f 1738/1738/1738 1746/1746/1746 1748/1748/1748
f 1738/1738/1738 1748/1748/1748 1747/1747/1747
f 1749/1749/1749 1750/1750/1750 1751/1751/1751
f 1751/1751/1751 1752/1752/1752 1749/1749/1749
f 1753/1753/1753 1754/1754/1754 1755/1755/1755
f 1755/1755/1755 1756/1756/1756 1753/1753/1753
f 1757/1757/1757 1758/1758/1758 1759/1759/1759
f 1759/1759/1759 1760/1760/1760 1757/1757/1757
f 1761/1761/1761 1147/1147/1147 1146/1146/1146
f 1761/1761/1761 1146/1146/1146 1762/1762/1762
f 1762/1762/1762 1763/1763/1763 1764/1764/1764
f 1765/1765/1765 1766/1766/1766 1767/1767/1767
f 1765/1765/1765 1767/1767/1767 1768/1768/1768
f 1765/1765/1765 1768/1768/1768 1761/1761/1761
f 1761/1761/1761 1762/1762/1762 1764/1764/1764
f 1761/1761/1761 1764/1764/1764 1765/1765/1765
f 1769/1769/1769 1770/1770/1770 1771/1771/1771
f 1771/1771/1771 1772/1772/1772 1769/1769/1769
f 1773/1773/1773 1774/1774/1774 1775/1775/1775
f 1775/1775/1775 1776/1776/1776 1773/1773/1773
f 1777/1777/1777 1778/1778/1778 1779/1779/1779
f 1779/1779/1779 1780/1780/1780 1777/1777/1777
f 1781/1781/1781 1782/1782/1782 1783/1783/1783
f 1783/1783/1783 1784/1784/1784 1781/1781/1781
f 1785/1785/1785 1786/1786/1786 1787/1787/1787
f 1785/1785/1785 1787/1787/1787 1788/1788/1788
f 1785/1785/1785 1788/1788/1788 1789/1789/1789
f 1785/1785/1785 1789/1789/1789 1790/1790/1790
f 1785/1785/1785 1790/1790/1790 1791/1791/1791
f 1791/1791/1791 1792/1792/1792 1785/1785/1785
f 1793/1793/1793 1794/1794/1794 1795/1795/1795
f 1795/1795/1795 1796/1796/1796 1793/1793/1793
f 1797/1797/1797 1798/1798/1798 1799/1799/1799
f 1799/1799/1799 1800/1800/1800 1797/1797/1797
f 1801/1801/1801 1802/1802/1802 1803/1803/1803
f 1803/1803/1803 1804/1804/1804 1801/1801/1801
f 1805/1805/1805 1806/1806/1806 1807/1807/1807
f 1807/1807/1807 1808/1808/1808 1805/1805/1805
f 1809/1809/1809 1810/1810/1810 1811/1811/1811
f 1811/1811/1811 1812/1812/1812 1809/1809/1809
f 1813/1813/1813 1814/1814/1814 1815/1815/1815
f 1815/1815/1815 1816/1816/1816 1813/1813/1813
f 1817/1817/1817 1818/1818/1818 1819/1819/1819
f 1819/1819/1819 1820/1820/1820 1817/1817/1817
f 1821/1821/1821 1822/1822/1822 1823/1823/1823
f 1821/1821/1821 1823/1823/1823 1824/1824/1824
f 1821/1821/1821 1824/1824/1824 1825/1825/1825
f 1821/1821/1821 1825/1825/1825 1826/1826/1826
f 1826/1826/1826 1827/1827/1827 1828/1828/1828
f 1826/1826/1826 1828/1828/1828 1829/1829/1829
f 1829/1829/1829 1830/1830/1830 1831/1831/1831
f 1829/1829/1829 1831/1831/1831 1832/1832/1832
f 1829/1829/1829 1832/1832/1832 1833/1833/1833
f 1829/1829/1829 1833/1833/1833 1834/1834/1834
f 1835/1835/1835 1821/1821/1821 1826/1826/1826
f 1826/1826/1826 1829/1829/1829 1834/1834/1834
f 1826/1826/1826 1834/1834/1834 1836/1836/1836
f 1826/1826/1826 1836/1836/1836 1835/1835/1835
f 1837/1837/1837 1838/1838/1838 1839/1839/1839
f 1837/1837/1837 1839/1839/1839 1840/1840/1840
f 1837/1837/1837 1840/1840/1840 1841/1841/1841
f 1837/1837/1837 1841/1841/1841 1842/1842/1842
f 1837/1837/1837 1842/1842/1842 1843/1843/1843
f 1843/1843/1843 1844/1844/1844 1837/1837/1837
f 1845/1845/1845 1846/1846/1846 1847/1847/1847
f 1847/1847/1847 1848/1848/1848 1845/1845/1845
f 1849/1849/1849 1850/1850/1850 1340/1340/1340
f 1340/1340/1340 1339/1339/1339 1849/1849/1849
f 1851/1851/1851 1852/1852/1852 1382/1382/1382
f 1382/1382/1382 1381/1381/1381 1851/1851/1851
f 1853/1853/1853 1854/1854/1854 1855/1855/1855
f 1853/1853/1853 1855/1855/1855 1029/1029/1029
f 1853/1853/1853 1029/1029/1029 1028/1028/1028
f 1853/1853/1853 1028/1028/1028 1856/1856/1856
f 1853/1853/1853 1856/1856/1856 1857/1857/1857
f 1857/1857/1857 1858/1858/1858 1859/1859/1859
f 1857/1857/1857 1859/1859/1859 1860/1860/1860
f 1860/1860/1860 1853/1853/1853 1857/1857/1857
f 1861/1861/1861 1862/1862/1862 1863/1863/1863
f 1861/1861/1861 1863/1863/1863 1864/1864/1864
f 1861/1861/1861 1864/1864/1864 1865/1865/1865
f 1861/1861/1861 1865/1865/1865 1866/1866/1866
f 1861/1861/1861 1866/1866/1866 1867/1867/1867
f 1867/1867/1867 1868/1868/1868 1861/1861/1861
f 1869/1869/1869 1870/1870/1870 1871/1871/1871
f 1871/1871/1871 1872/1872/1872 1869/1869/1869
f 1873/1873/1873 1874/1874/1874 1875/1875/1875
f 1875/1875/1875 1876/1876/1876 1873/1873/1873
f 1877/1877/1877 1878/1878/1878 1879/1879/1879
f 1877/1877/1877 1879/1879/1879 1880/1880/1880
f 1877/1877/1877 1880/1880/1880 1881/1881/1881
f 1877/1877/1877 1881/1881/1881 1882/1882/1882
f 1877/1877/1877 1882/1882/1882 1883/1883/1883
f 1883/1883/1883 1884/1884/1884 1877/1877/1877
f 1885/1885/1885 1886/1886/1886 1887/1887/1887
f 1885/1885/1885 1887/1887/1887 1888/1888/1888
f 1885/1885/1885 1888/1888/1888 1889/1889/1889
f 1885/1885/1885 1889/1889/1889 1890/1890/1890
f 1885/1885/1885 1890/1890/1890 1891/1891/1891
f 1891/1891/1891 1892/1892/1892 1885/1885/1885
f 1893/1893/1893 1894/1894/1894 1895/1895/1895
f 1895/1895/1895 1896/1896/1896 1893/1893/1893
f 1897/1897/1897 1898/1898/1898 1899/1899/1899
f 1899/1899/1899 1900/1900/1900 1897/1897/1897
f 1901/1901/1901 1902/1902/1902 1903/1903/1903
f 1903/1903/1903 1904/1904/1904 1901/1901/1901
f 1905/1905/1905 1906/1906/1906 1907/1907/1907
f 1907/1907/1907 1908/1908/1908 1905/1905/1905
f 1606/1606/1606 1605/1605/1605 1909/1909/1909
f 1909/1909/1909 1910/1910/1910 1606/1606/1606
f 1911/1911/1911 1912/1912/1912 1913/1913/1913
f 1913/1913/1913 1914/1914/1914 1911/1911/1911
f 1915/1915/1915 1916/1916/1916 1917/1917/1917
f 1917/1917/1917 1918/1918/1918 1915/1915/1915
f 1919/1919/1919 1920/1920/1920 1921/1921/1921
f 1921/1921/1921 1922/1922/1922 1919/1919/1919
f 1923/1923/1923 1924/1924/1924 1925/1925/1925
f 1925/1925/1925 1926/1926/1926 1923/1923/1923
f 1927/1927/1927 1928/1928/1928 1929/1929/1929
f 1929/1929/1929 1930/1930/1930 1927/1927/1927
f 688/688/688 687/687/687 1931/1931/1931
f 1931/1931/1931 1932/1932/1932 688/688/688
f 1933/1933/1933 1934/1934/1934 1935/1935/1935
f 1935/1935/1935 1936/1936/1936 1933/1933/1933
f 1937/1937/1937 1938/1938/1938 1939/1939/1939
f 1939/1939/1939 1940/1940/1940 1937/1937/1937
f 1941/1941/1941 1942/1942/1942 1943/1943/1943
f 1943/1943/1943 1944/1944/1944 1941/1941/1941
f 1945/1945/1945 1946/1946/1946 1947/1947/1947
f 1947/1947/1947 1948/1948/1948 1945/1945/1945
f 1949/1949/1949 1950/1950/1950 1356/1356/1356
f 1356/1356/1356 1355/1355/1355 1949/1949/1949
f 1951/1951/1951 1952/1952/1952 1953/1953/1953
f 1953/1953/1953 1954/1954/1954 1951/1951/1951
f 1955/1955/1955 1956/1956/1956 1957/1957/1957
f 1957/1957/1957 1958/1958/1958 1955/1955/1955
f 1959/1959/1959 1960/1960/1960 1961/1961/1961
f 1961/1961/1961 1962/1962/1962 1959/1959/1959
f 1963/1963/1963 1964/1964/1964 1965/1965/1965
f 1965/1965/1965 1966/1966/1966 1963/1963/1963
f 1967/1967/1967 1968/1968/1968 1969/1969/1969
f 1969/1969/1969 1970/1970/1970 1967/1967/1967
f 1971/1971/1971 1972/1972/1972 1973/1973/1973
f 1973/1973/1973 1974/1974/1974 1971/1971/1971
f 1975/1975/1975 1976/1976/1976 1490/1490/1490
f 1490/1490/1490 1489/1489/1489 1975/1975/1975
f 1977/1977/1977 1978/1978/1978 1478/1478/1478
f 1478/1478/1478 1477/1477/1477 1977/1977/1977
f 1979/1979/1979 1980/1980/1980 1981/1981/1981
f 1979/1979/1979 1981/1981/1981 1982/1982/1982
f 1979/1979/1979 1982/1982/1982 1983/1983/1983
f 1979/1979/1979 1983/1983/1983 1984/1984/1984
f 1979/1979/1979 1984/1984/1984 1985/1985/1985
f 1985/1985/1985 1986/1986/1986 1979/1979/1979
f 1987/1987/1987 1988/1988/1988 1989/1989/1989
f 1989/1989/1989 1990/1990/1990 1987/1987/1987
f 1991/1991/1991 1992/1992/1992 1993/1993/1993
f 1993/1993/1993 1994/1994/1994 1991/1991/1991
f 1995/1995/1995 1996/1996/1996 1997/1997/1997
f 1997/1997/1997 1998/1998/1998 1995/1995/1995
f 1999/1999/1999 2000/2000/2000 2001/2001/2001
f 2002/2002/2002 2003/2003/2003 2004/2004/2004
f 2005/2005/2005 2006/2006/2006 2007/2007/2007
f 2008/2008/2008 2009/2009/2009 2010/2010/2010
f 2011/2011/2011 2012/2012/2012 2013/2013/2013
f 2014/2014/2014 2015/2015/2015 2016/2016/2016
f 2017/2017/2017 2018/2018/2018 2019/2019/2019
f 2020/2020/2020 2021/2021/2021 2022/2022/2022
f 2023/2023/2023 2024/2024/2024 2025/2025/2025
f 2026/2026/2026 2027/2027/2027 2028/2028/2028
f 2029/2029/2029 2030/2030/2030 2031/2031/2031
f 2032/2032/2032 2033/2033/2033 2034/2034/2034
f 2035/2035/2035 2036/2036/2036 2037/2037/2037
f 2038/2038/2038 2039/2039/2039 2040/2040/2040
f 2041/2041/2041 2042/2042/2042 2043/2043/2043
f 2044/2044/2044 2045/2045/2045 2046/2046/2046
f 2047/2047/2047 2048/2048/2048 2049/2049/2049
f 2050/2050/2050 2051/2051/2051 2052/2052/2052
f 2053/2053/2053 2054/2054/2054 2055/2055/2055
f 2056/2056/2056 2057/2057/2057 2058/2058/2058
f 2059/2059/2059 2060/2060/2060 2061/2061/2061
f 2062/2062/2062 2063/2063/2063 2064/2064/2064
f 2065/2065/2065 2066/2066/2066 2067/2067/2067
f 2068/2068/2068 2069/2069/2069 2070/2070/2070
f 2071/2071/2071 2072/2072/2072 2073/2073/2073
f 2074/2074/2074 2075/2075/2075 2076/2076/2076
f 2077/2077/2077 2078/2078/2078 2079/2079/2079
f 2080/2080/2080 2081/2081/2081 2082/2082/2082
f 2083/2083/2083 2084/2084/2084 2085/2085/2085
f 2086/2086/2086 2087/2087/2087 2088/2088/2088
f 2089/2089/2089 2090/2090/2090 2091/2091/2091
f 2092/2092/2092 2093/2093/2093 2094/2094/2094
f 2095/2095/2095 2096/2096/2096 2097/2097/2097
f 2098/2098/2098 2099/2099/2099 2100/2100/2100
f 2101/2101/2101 2102/2102/2102 2103/2103/2103
f 2104/2104/2104 2105/2105/2105 2106/2106/2106
f 2107/2107/2107 2108/2108/2108 2109/2109/2109
f 2110/2110/2110 2111/2111/2111 2112/2112/2112
f 2113/2113/2113 2114/2114/2114 2115/2115/2115
f 2116/2116/2116 2117/2117/2117 2118/2118/2118
f 2119/2119/2119 2120/2120/2120 2121/2121/2121
f 2122/2122/2122 2123/2123/2123 2124/2124/2124
f 2125/2125/2125 2126/2126/2126 2127/2127/2127
f 2128/2128/2128 2129/2129/2129 2130/2130/2130
f 2131/2131/2131 2132/2132/2132 2133/2133/2133
f 2134/2134/2134 2135/2135/2135 2136/2136/2136
f 2137/2137/2137 2138/2138/2138 2139/2139/2139
f 2140/2140/2140 2141/2141/2141 2142/2142/2142
f 2143/2143/2143 2144/2144/2144 2145/2145/2145
f 2146/2146/2146 2147/2147/2147 2148/2148/2148
f 2149/2149/2149 2150/2150/2150 2151/2151/2151
f 2152/2152/2152 2153/2153/2153 2154/2154/2154
f 2155/2155/2155 2156/2156/2156 2157/2157/2157
f 2158/2158/2158 2159/2159/2159 2160/2160/2160
f 2161/2161/2161 2162/2162/2162 2163/2163/2163
f 2164/2164/2164 2165/2165/2165 2166/2166/2166
f 2167/2167/2167 2168/2168/2168 2169/2169/2169
f 2170/2170/2170 2171/2171/2171 2172/2172/2172
f 2173/2173/2173 2174/2174/2174 2175/2175/2175
f 2176/2176/2176 2177/2177/2177 2178/2178/2178
f 2179/2179/2179 2180/2180/2180 2181/2181/2181
f 2182/2182/2182 2183/2183/2183 2184/2184/2184
f 2185/2185/2185 2186/2186/2186 2187/2187/2187
f 2188/2188/2188 2189/2189/2189 2190/2190/2190
f 2191/2191/2191 2192/2192/2192 2193/2193/2193
f 2194/2194/2194 2195/2195/2195 2196/2196/2196
f 2197/2197/2197 2198/2198/2198 2199/2199/2199
f 2200/2200/2200 2201/2201/2201 2202/2202/2202
f 2203/2203/2203 2204/2204/2204 2205/2205/2205
f 2206/2206/2206 2207/2207/2207 2208/2208/2208
f 2209/2209/2209 2210/2210/2210 2211/2211/2211
f 2212/2212/2212 2213/2213/2213 2214/2214/2214
f 2215/2215/2215 2216/2216/2216 2217/2217/2217
f 2218/2218/2218 2219/2219/2219 2220/2220/2220
f 2221/2221/2221 2222/2222/2222 2223/2223/2223
f 2224/2224/2224 2225/2225/2225 2226/2226/2226
f 2227/2227/2227 2228/2228/2228 2229/2229/2229
f 2230/2230/2230 2231/2231/2231 2232/2232/2232
f 2233/2233/2233 2234/2234/2234 2235/2235/2235
f 2236/2236/2236 2237/2237/2237 2238/2238/2238
f 2239/2239/2239 2240/2240/2240 2241/2241/2241
f 2242/2242/2242 2243/2243/2243 2244/2244/2244
f 2245/2245/2245 2246/2246/2246 2247/2247/2247
f 2248/2248/2248 2249/2249/2249 2250/2250/2250
f 2251/2251/2251 2252/2252/2252 2253/2253/2253
f 2254/2254/2254 2255/2255/2255 2256/2256/2256
f 2257/2257/2257 2258/2258/2258 2259/2259/2259
f 2260/2260/2260 2261/2261/2261 2262/2262/2262
f 2263/2263/2263 2264/2264/2264 2265/2265/2265
f 2266/2266/2266 2267/2267/2267 2268/2268/2268
f 2269/2269/2269 2270/2270/2270 2271/2271/2271
f 2272/2272/2272 2273/2273/2273 2274/2274/2274
f 2275/2275/2275 2276/2276/2276 2277/2277/2277
f 2278/2278/2278 2279/2279/2279 2280/2280/2280
f 2281/2281/2281 2282/2282/2282 2283/2283/2283
f 2284/2284/2284 2285/2285/2285 2286/2286/2286
f 2287/2287/2287 2288/2288/2288 2289/2289/2289
f 2290/2290/2290 2291/2291/2291 2292/2292/2292
f 2293/2293/2293 2294/2294/2294 2295/2295/2295
f 2296/2296/2296 2297/2297/2297 2298/2298/2298
f 2299/2299/2299 2300/2300/2300 2301/2301/2301
f 2302/2302/2302 2303/2303/2303 2304/2304/2304
f 2305/2305/2305 2306/2306/2306 2307/2307/2307
f 2308/2308/2308 2309/2309/2309 2310/2310/2310
f 2311/2311/2311 2312/2312/2312 2313/2313/2313
f 2314/2314/2314 2315/2315/2315 2316/2316/2316
f 2317/2317/2317 2318/2318/2318 2319/2319/2319
f 2320/2320/2320 2321/2321/2321 2322/2322/2322
f 2323/2323/2323 2324/2324/2324 2325/2325/2325
f 2326/2326/2326 2327/2327/2327 2328/2328/2328
f 2329/2329/2329 2330/2330/2330 2331/2331/2331
f 2332/2332/2332 2333/2333/2333 2334/2334/2334
f 2335/2335/2335 2336/2336/2336 2337/2337/2337
f 2338/2338/2338 2339/2339/2339 2340/2340/2340
f 2341/2341/2341 2342/2342/2342 2343/2343/2343
f 2344/2344/2344 2345/2345/2345 2346/2346/2346
f 2347/2347/2347 2348/2348/2348 2349/2349/2349
f 2350/2350/2350 2351/2351/2351 2352/2352/2352
f 2353/2353/2353 2354/2354/2354 2355/2355/2355
f 2356/2356/2356 2357/2357/2357 2358/2358/2358
f 2359/2359/2359 2360/2360/2360 2361/2361/2361
f 2362/2362/2362 2363/2363/2363 2364/2364/2364
f 2365/2365/2365 2366/2366/2366 2367/2367/2367
f 2368/2368/2368 2369/2369/2369 2370/2370/2370
f 2371/2371/2371 2372/2372/2372 2373/2373/2373
f 2374/2374/2374 2375/2375/2375 2376/2376/2376
f 2377/2377/2377 2378/2378/2378 2379/2379/2379
f 2380/2380/2380 2381/2381/2381 2382/2382/2382
f 2383/2383/2383 2384/2384/2384 2385/2385/2385
f 2386/2386/2386 2387/2387/2387 2388/2388/2388
f 2389/2389/2389 2390/2390/2390 2391/2391/2391
f 2392/2392/2392 2393/2393/2393 2394/2394/2394
f 2395/2395/2395 2396/2396/2396 2397/2397/2397
f 2398/2398/2398 2399/2399/2399 2400/2400/2400
f 2401/2401/2401 2402/2402/2402 2403/2403/2403
f 2404/2404/2404 2405/2405/2405 2406/2406/2406
f 2407/2407/2407 2408/2408/2408 2409/2409/2409
f 2410/2410/2410 2411/2411/2411 2412/2412/2412
f 2413/2413/2413 2414/2414/2414 2415/2415/2415
f 2416/2416/2416 2417/2417/2417 2418/2418/2418
f 2419/2419/2419 2420/2420/2420 2421/2421/2421
f 2422/2422/2422 2423/2423/2423 2424/2424/2424
f 2425/2425/2425 2426/2426/2426 2427/2427/2427
f 2428/2428/2428 2429/2429/2429 2430/2430/2430
f 2431/2431/2431 2432/2432/2432 2433/2433/2433
f 2434/2434/2434 2435/2435/2435 2436/2436/2436
f 2437/2437/2437 2438/2438/2438 2439/2439/2439
f 2440/2440/2440 2441/2441/2441 2442/2442/2442
f 2443/2443/2443 2444/2444/2444 2445/2445/2445
f 2446/2446/2446 2447/2447/2447 2448/2448/2448
f 2449/2449/2449 2450/2450/2450 2451/2451/2451
f 2452/2452/2452 2453/2453/2453 2454/2454/2454
f 2455/2455/2455 2456/2456/2456 2457/2457/2457
f 2458/2458/2458 2459/2459/2459 2460/2460/2460
f 2461/2461/2461 2462/2462/2462 2463/2463/2463
f 2464/2464/2464 2465/2465/2465 2466/2466/2466
f 2467/2467/2467 2468/2468/2468 2469/2469/2469
f 2470/2470/2470 2471/2471/2471 2472/2472/2472
f 2473/2473/2473 2474/2474/2474 2475/2475/2475
f 2476/2476/2476 2477/2477/2477 2478/2478/2478
f 2479/2479/2479 2480/2480/2480 2481/2481/2481
f 2482/2482/2482 2483/2483/2483 2484/2484/2484
f 2485/2485/2485 2486/2486/2486 2487/2487/2487
f 2488/2488/2488 2489/2489/2489 2490/2490/2490
f 2491/2491/2491 2492/2492/2492 2493/2493/2493
f 2494/2494/2494 2495/2495/2495 2496/2496/2496
f 2497/2497/2497 2498/2498/2498 2499/2499/2499
f 2500/2500/2500 2501/2501/2501 2502/2502/2502
f 2503/2503/2503 2504/2504/2504 2505/2505/2505
f 2506/2506/2506 2507/2507/2507 2508/2508/2508
f 2509/2509/2509 2510/2510/2510 2511/2511/2511
f 2512/2512/2512 2513/2513/2513 2514/2514/2514
f 2515/2515/2515 2516/2516/2516 2517/2517/2517
f 2518/2518/2518 2519/2519/2519 2520/2520/2520
f 2521/2521/2521 2522/2522/2522 2523/2523/2523
f 2524/2524/2524 2525/2525/2525 2526/2526/2526
f 2527/2527/2527 2528/2528/2528 2529/2529/2529
f 2530/2530/2530 2531/2531/2531 2532/2532/2532
f 2533/2533/2533 2534/2534/2534 2535/2535/2535
f 2536/2536/2536 2537/2537/2537 2538/2538/2538
f 2539/2539/2539 2540/2540/2540 2541/2541/2541
f 2542/2542/2542 2543/2543/2543 2544/2544/2544
f 2545/2545/2545 2546/2546/2546 2547/2547/2547
f 2548/2548/2548 2549/2549/2549 2550/2550/2550
f 2551/2551/2551 2552/2552/2552 2553/2553/2553
f 2554/2554/2554 2555/2555/2555 2556/2556/2556
f 2557/2557/2557 2558/2558/2558 2559/2559/2559
f 2560/2560/2560 2561/2561/2561 2562/2562/2562
f 2563/2563/2563 2564/2564/2564 2565/2565/2565
f 2566/2566/2566 2567/2567/2567 2568/2568/2568
f 2569/2569/2569 2570/2570/2570 2571/2571/2571
f 2572/2572/2572 2573/2573/2573 2574/2574/2574
f 2575/2575/2575 2576/2576/2576 2577/2577/2577
f 2578/2578/2578 2579/2579/2579 2580/2580/2580
f 2581/2581/2581 2582/2582/2582 2583/2583/2583
f 2584/2584/2584 2585/2585/2585 2586/2586/2586
f 2587/2587/2587 2588/2588/2588 2589/2589/2589
f 2590/2590/2590 2591/2591/2591 2592/2592/2592
f 2593/2593/2593 2594/2594/2594 2595/2595/2595
f 2596/2596/2596 2597/2597/2597 2598/2598/2598
f 2599/2599/2599 2600/2600/2600 2601/2601/2601
f 2602/2602/2602 2603/2603/2603 2604/2604/2604
f 2605/2605/2605 2606/2606/2606 2607/2607/2607
f 2608/2608/2608 2609/2609/2609 2610/2610/2610
f 2611/2611/2611 2612/2612/2612 2613/2613/2613
f 2614/2614/2614 2615/2615/2615 2616/2616/2616
f 2617/2617/2617 2618/2618/2618 2619/2619/2619
f 2620/2620/2620 2621/2621/2621 2622/2622/2622
f 2623/2623/2623 2624/2624/2624 2625/2625/2625
f 2626/2626/2626 2627/2627/2627 2628/2628/2628
f 2629/2629/2629 2630/2630/2630 2631/2631/2631
f 2632/2632/2632 2633/2633/2633 2634/2634/2634
f 2635/2635/2635 2636/2636/2636 2637/2637/2637
f 2638/2638/2638 2639/2639/2639 2640/2640/2640
f 2641/2641/2641 2642/2642/2642 2643/2643/2643
f 2644/2644/2644 2645/2645/2645 2646/2646/2646
f 2647/2647/2647 2648/2648/2648 2649/2649/2649
f 2650/2650/2650 2651/2651/2651 2652/2652/2652
f 2653/2653/2653 2654/2654/2654 2655/2655/2655
f 2656/2656/2656 2657/2657/2657 2658/2658/2658
f 2659/2659/2659 2660/2660/2660 2661/2661/2661
f 2662/2662/2662 2663/2663/2663 2664/2664/2664
f 2665/2665/2665 2666/2666/2666 2667/2667/2667
f 2668/2668/2668 2669/2669/2669 2670/2670/2670
f 2671/2671/2671 2672/2672/2672 2673/2673/2673
f 2674/2674/2674 2675/2675/2675 2676/2676/2676
f 2677/2677/2677 2678/2678/2678 2679/2679/2679
f 2680/2680/2680 2681/2681/2681 2682/2682/2682
f 2683/2683/2683 2684/2684/2684 2685/2685/2685
f 2686/2686/2686 2687/2687/2687 2688/2688/2688
f 2689/2689/2689 2690/2690/2690 2691/2691/2691
f 2692/2692/2692 2693/2693/2693 2694/2694/2694
f 2695/2695/2695 2696/2696/2696 2697/2697/2697
f 2698/2698/2698 2699/2699/2699 2700/2700/2700
f 2701/2701/2701 2702/2702/2702 2703/2703/2703
f 2704/2704/2704 2705/2705/2705 2706/2706/2706
f 2707/2707/2707 2708/2708/2708 2709/2709/2709
f 2710/2710/2710 2711/2711/2711 2712/2712/2712
f 2713/2713/2713 2714/2714/2714 2715/2715/2715
f 2716/2716/2716 2717/2717/2717 2718/2718/2718
f 2719/2719/2719 2720/2720/2720 2721/2721/2721
f 2722/2722/2722 2723/2723/2723 2724/2724/2724
f 2725/2725/2725 2726/2726/2726 2727/2727/2727
f 2728/2728/2728 2729/2729/2729 2730/2730/2730
f 2731/2731/2731 2732/2732/2732 2733/2733/2733
f 2734/2734/2734 2735/2735/2735 2736/2736/2736
f 2737/2737/2737 2738/2738/2738 2739/2739/2739
f 2740/2740/2740 2741/2741/2741 2742/2742/2742
f 2743/2743/2743 2744/2744/2744 2745/2745/2745
f 2746/2746/2746 2747/2747/2747 2748/2748/2748
f 2749/2749/2749 2750/2750/2750 2751/2751/2751
f 2752/2752/2752 2753/2753/2753 2754/2754/2754
f 2755/2755/2755 2756/2756/2756 2757/2757/2757
f 2758/2758/2758 2759/2759/2759 2760/2760/2760
f 2761/2761/2761 2762/2762/2762 2763/2763/2763
f 2764/2764/2764 2765/2765/2765 2766/2766/2766
f 2767/2767/2767 2768/2768/2768 2769/2769/2769
f 2770/2770/2770 2771/2771/2771 2772/2772/2772
f 2773/2773/2773 2774/2774/2774 2775/2775/2775
f 2776/2776/2776 2777/2777/2777 2778/2778/2778
f 2779/2779/2779 2780/2780/2780 2781/2781/2781
f 2782/2782/2782 2783/2783/2783 2784/2784/2784
f 2785/2785/2785 2786/2786/2786 2787/2787/2787
f 2788/2788/2788 2789/2789/2789 2790/2790/2790
f 2791/2791/2791 2792/2792/2792 2793/2793/2793
f 2794/2794/2794 2795/2795/2795 2796/2796/2796
f 2797/2797/2797 2798/2798/2798 2799/2799/2799
f 2800/2800/2800 2801/2801/2801 2802/2802/2802
f 2803/2803/2803 2804/2804/2804 2805/2805/2805
f 2806/2806/2806 2807/2807/2807 2808/2808/2808
f 2809/2809/2809 2810/2810/2810 2811/2811/2811
f 2812/2812/2812 2813/2813/2813 2814/2814/2814
f 2815/2815/2815 2816/2816/2816 2817/2817/2817
f 2818/2818/2818 2819/2819/2819 2820/2820/2820
f 2821/2821/2821 2822/2822/2822 2823/2823/2823
f 2824/2824/2824 2825/2825/2825 2826/2826/2826
f 2827/2827/2827 2828/2828/2828 2829/2829/2829
f 2830/2830/2830 2831/2831/2831 2832/2832/2832
f 2833/2833/2833 2834/2834/2834 2835/2835/2835
f 2836/2836/2836 2837/2837/2837 2838/2838/2838
f 2839/2839/2839 2840/2840/2840 2841/2841/2841
f 2842/2842/2842 2843/2843/2843 2844/2844/2844
f 2845/2845/2845 2846/2846/2846 2847/2847/2847
f 2848/2848/2848 2849/2849/2849 2850/2850/2850
f 2851/2851/2851 2852/2852/2852 2853/2853/2853
f 2854/2854/2854 2855/2855/2855 2856/2856/2856
f 2857/2857/2857 2858/2858/2858 2859/2859/2859
f 2860/2860/2860 2861/2861/2861 2862/2862/2862
f 2863/2863/2863 2864/2864/2864 2865/2865/2865
f 2866/2866/2866 2867/2867/2867 2868/2868/2868
f 2869/2869/2869 2870/2870/2870 2871/2871/2871
f 2872/2872/2872 2873/2873/2873 2874/2874/2874
f 2875/2875/2875 2876/2876/2876 2877/2877/2877
f 2878/2878/2878 2879/2879/2879 2880/2880/2880
f 2881/2881/2881 2882/2882/2882 2883/2883/2883
f 2884/2884/2884 2885/2885/2885 2886/2886/2886
f 2887/2887/2887 2888/2888/2888 2889/2889/2889
f 2890/2890/2890 2891/2891/2891 2892/2892/2892
f 2893/2893/2893 2894/2894/2894 2895/2895/2895
f 2896/2896/2896 2897/2897/2897 2898/2898/2898
f 2899/2899/2899 2900/2900/2900 2901/2901/2901
f 2902/2902/2902 2903/2903/2903 2904/2904/2904
f 2905/2905/2905 2906/2906/2906 2907/2907/2907
f 2908/2908/2908 2909/2909/2909 2910/2910/2910
f 2911/2911/2911 2912/2912/2912 2913/2913/2913
f 2914/2914/2914 2915/2915/2915 2916/2916/2916
f 2917/2917/2917 2918/2918/2918 2919/2919/2919
f 2920/2920/2920 2921/2921/2921 2922/2922/2922
f 2923/2923/2923 2924/2924/2924 2925/2925/2925
f 2926/2926/2926 2927/2927/2927 2928/2928/2928
f 2929/2929/2929 2930/2930/2930 2931/2931/2931
f 2932/2932/2932 2933/2933/2933 2934/2934/2934
f 2935/2935/2935 2936/2936/2936 2937/2937/2937
f 2938/2938/2938 2939/2939/2939 2940/2940/2940
f 2941/2941/2941 2942/2942/2942 2943/2943/2943
f 2944/2944/2944 2945/2945/2945 2946/2946/2946
f 2947/2947/2947 2948/2948/2948 2949/2949/2949
f 2950/2950/2950 2951/2951/2951 2952/2952/2952
f 2953/2953/2953 2954/2954/2954 2955/2955/2955
f 2956/2956/2956 2957/2957/2957 2958/2958/2958
f 2959/2959/2959 2960/2960/2960 2961/2961/2961
f 2962/2962/2962 2963/2963/2963 2964/2964/2964
f 2965/2965/2965 2966/2966/2966 2967/2967/2967
f 2968/2968/2968 2969/2969/2969 2970/2970/2970
f 2971/2971/2971 2972/2972/2972 2973/2973/2973
f 2974/2974/2974 2975/2975/2975 2976/2976/2976
f 2977/2977/2977 2978/2978/2978 2979/2979/2979
f 2980/2980/2980 2981/2981/2981 2982/2982/2982
f 2983/2983/2983 2984/2984/2984 2985/2985/2985
f 2986/2986/2986 2987/2987/2987 2988/2988/2988
f 2989/2989/2989 2990/2990/2990 2991/2991/2991
f 2992/2992/2992 2993/2993/2993 2994/2994/2994
f 2995/2995/2995 2996/2996/2996 2997/2997/2997
f 2998/2998/2998 2999/2999/2999 3000/3000/3000
f 3001/3001/3001 3002/3002/3002 3003/3003/3003
f 3004/3004/3004 3005/3005/3005 3006/3006/3006
f 3007/3007/3007 3008/3008/3008 3009/3009/3009
f 3010/3010/3010 3011/3011/3011 3012/3012/3012
f 3013/3013/3013 3014/3014/3014 3015/3015/3015
f 3016/3016/3016 3017/3017/3017 3018/3018/3018
f 3019/3019/3019 3020/3020/3020 3021/3021/3021
f 3022/3022/3022 3023/3023/3023 3024/3024/3024
f 3025/3025/3025 3026/3026/3026 3027/3027/3027
f 3028/3028/3028 3029/3029/3029 3030/3030/3030
f 3031/3031/3031 3032/3032/3032 3033/3033/3033
f 3034/3034/3034 3035/3035/3035 3036/3036/3036
f 3037/3037/3037 3038/3038/3038 3039/3039/3039
f 3040/3040/3040 3041/3041/3041 3042/3042/3042
f 3043/3043/3043 3044/3044/3044 3045/3045/3045
f 3046/3046/3046 3047/3047/3047 3048/3048/3048
f 3049/3049/3049 3050/3050/3050 3051/3051/3051
f 3052/3052/3052 3053/3053/3053 3054/3054/3054
f 3055/3055/3055 3056/3056/3056 3057/3057/3057
f 3057/3057/3057 3058/3058/3058 3055/3055/3055
f 3059/3059/3059 3060/3060/3060 3061/3061/3061
f 3061/3061/3061 3062/3062/3062 3059/3059/3059
f 3063/3063/3063 3064/3064/3064 3065/3065/3065
f 3065/3065/3065 3066/3066/3066 3063/3063/3063
f 3067/3067/3067 3068/3068/3068 3069/3069/3069
f 3069/3069/3069 3070/3070/3070 3067/3067/3067
f 3071/3071/3071 3072/3072/3072 3073/3073/3073
f 3073/3073/3073 3074/3074/3074 3071/3071/3071
f 3075/3075/3075 3076/3076/3076 3077/3077/3077
f 3077/3077/3077 3078/3078/3078 3075/3075/3075
f 3079/3079/3079 3080/3080/3080 3081/3081/3081
f 3081/3081/3081 3082/3082/3082 3079/3079/3079
f 3083/3083/3083 3084/3084/3084 3085/3085/3085
f 3085/3085/3085 3086/3086/3086 3083/3083/3083
f 3087/3087/3087 3088/3088/3088 3089/3089/3089
f 3089/3089/3089 3090/3090/3090 3087/3087/3087
f 3091/3091/3091 3092/3092/3092 3093/3093/3093
f 3093/3093/3093 3094/3094/3094 3091/3091/3091
f 3095/3095/3095 3096/3096/3096 3097/3097/3097
f 3097/3097/3097 3098/3098/3098 3095/3095/3095
f 3099/3099/3099 3100/3100/3100 3101/3101/3101
f 3101/3101/3101 3102/3102/3102 3099/3099/3099
f 3103/3103/3103 3104/3104/3104 3105/3105/3105
f 3105/3105/3105 3106/3106/3106 3103/3103/3103
f 3107/3107/3107 3108/3108/3108 3109/3109/3109
f 3109/3109/3109 3110/3110/3110 3107/3107/3107
f 3111/3111/3111 3112/3112/3112 3113/3113/3113
f 3113/3113/3113 3114/3114/3114 3111/3111/3111
f 3115/3115/3115 3116/3116/3116 3117/3117/3117
f 3117/3117/3117 3118/3118/3118 3115/3115/3115
f 3119/3119/3119 3120/3120/3120 3121/3121/3121
f 3121/3121/3121 3122/3122/3122 3119/3119/3119
f 3123/3123/3123 3124/3124/3124 3125/3125/3125
f 3125/3125/3125 3126/3126/3126 3123/3123/3123
f 3127/3127/3127 3128/3128/3128 3129/3129/3129
f 3129/3129/3129 3130/3130/3130 3127/3127/3127
f 3131/3131/3131 3132/3132/3132 3133/3133/3133
f 3133/3133/3133 3134/3134/3134 3131/3131/3131
f 3135/3135/3135 3136/3136/3136 3137/3137/3137
f 3137/3137/3137 3138/3138/3138 3135/3135/3135
f 3139/3139/3139 3140/3140/3140 3141/3141/3141
f 3141/3141/3141 3142/3142/3142 3139/3139/3139
f 3143/3143/3143 3144/3144/3144 3145/3145/3145
f 3145/3145/3145 3146/3146/3146 3143/3143/3143
f 3147/3147/3147 3148/3148/3148 3149/3149/3149
f 3149/3149/3149 3150/3150/3150 3147/3147/3147
f 3151/3151/3151 3152/3152/3152 3153/3153/3153
f 3153/3153/3153 3154/3154/3154 3151/3151/3151
f 3155/3155/3155 3156/3156/3156 3157/3157/3157
f 3157/3157/3157 3158/3158/3158 3155/3155/3155
f 3159/3159/3159 3160/3160/3160 3161/3161/3161
f 3161/3161/3161 3162/3162/3162 3159/3159/3159
f 3163/3163/3163 3164/3164/3164 3165/3165/3165
f 3165/3165/3165 3166/3166/3166 3163/3163/3163
f 3167/3167/3167 3168/3168/3168 3169/3169/3169
f 3169/3169/3169 3170/3170/3170 3167/3167/3167
f 3171/3171/3171 3172/3172/3172 3173/3173/3173
f 3173/3173/3173 3174/3174/3174 3171/3171/3171
f 3175/3175/3175 3176/3176/3176 3177/3177/3177
f 3177/3177/3177 3178/3178/3178 3175/3175/3175
f 3179/3179/3179 3180/3180/3180 3181/3181/3181
f 3181/3181/3181 3182/3182/3182 3179/3179/3179
f 3183/3183/3183 3184/3184/3184 3185/3185/3185
f 3185/3185/3185 3186/3186/3186 3183/3183/3183
f 3187/3187/3187 3188/3188/3188 3189/3189/3189
f 3189/3189/3189 3190/3190/3190 3187/3187/3187
f 3191/3191/3191 3192/3192/3192 3193/3193/3193
f 3193/3193/3193 3194/3194/3194 3191/3191/3191
f 3195/3195/3195 3196/3196/3196 3197/3197/3197
f 3197/3197/3197 3198/3198/3198 3195/3195/3195
f 3199/3199/3199 3200/3200/3200 3201/3201/3201
f 3201/3201/3201 3202/3202/3202 3199/3199/3199
f 3203/3203/3203 3204/3204/3204 3205/3205/3205
f 3205/3205/3205 3206/3206/3206 3203/3203/3203
f 3207/3207/3207 3208/3208/3208 3209/3209/3209
f 3209/3209/3209 3210/3210/3210 3207/3207/3207
f 3211/3211/3211 3212/3212/3212 3213/3213/3213
f 3213/3213/3213 3214/3214/3214 3211/3211/3211
f 3215/3215/3215 3216/3216/3216 3217/3217/3217
f 3217/3217/3217 3218/3218/3218 3215/3215/3215
f 3219/3219/3219 3220/3220/3220 3221/3221/3221
f 3221/3221/3221 3222/3222/3222 3219/3219/3219
f 3223/3223/3223 3224/3224/3224 3225/3225/3225
f 3225/3225/3225 3226/3226/3226 3223/3223/3223
f 3227/3227/3227 3228/3228/3228 3229/3229/3229
f 3229/3229/3229 3230/3230/3230 3227/3227/3227
f 3231/3231/3231 3232/3232/3232 3233/3233/3233
f 3233/3233/3233 3234/3234/3234 3231/3231/3231
f 3235/3235/3235 3236/3236/3236 3237/3237/3237
f 3237/3237/3237 3238/3238/3238 3235/3235/3235
f 3239/3239/3239 3240/3240/3240 3241/3241/3241
f 3241/3241/3241 3242/3242/3242 3239/3239/3239
f 3243/3243/3243 3244/3244/3244 3245/3245/3245
f 3245/3245/3245 3246/3246/3246 3243/3243/3243
f 3247/3247/3247 3248/3248/3248 3249/3249/3249
f 3249/3249/3249 3250/3250/3250 3247/3247/3247
f 3251/3251/3251 3252/3252/3252 3253/3253/3253
f 3253/3253/3253 3254/3254/3254 3251/3251/3251
f 3255/3255/3255 3256/3256/3256 3257/3257/3257
f 3257/3257/3257 3258/3258/3258 3255/3255/3255
f 3259/3259/3259 3260/3260/3260 3261/3261/3261
f 3261/3261/3261 3262/3262/3262 3259/3259/3259
f 3263/3263/3263 3264/3264/3264 3265/3265/3265
f 3265/3265/3265 3266/3266/3266 3263/3263/3263
f 3267/3267/3267 3268/3268/3268 3269/3269/3269
f 3269/3269/3269 3270/3270/3270 3267/3267/3267
f 3271/3271/3271 3272/3272/3272 3273/3273/3273
f 3273/3273/3273 3274/3274/3274 3271/3271/3271
f 3275/3275/3275 3276/3276/3276 3277/3277/3277
f 3277/3277/3277 3278/3278/3278 3275/3275/3275
f 3279/3279/3279 3280/3280/3280 3281/3281/3281
f 3281/3281/3281 3282/3282/3282 3279/3279/3279
f 3283/3283/3283 3284/3284/3284 3285/3285/3285
f 3285/3285/3285 3286/3286/3286 3283/3283/3283
f 3287/3287/3287 3288/3288/3288 3289/3289/3289
f 3289/3289/3289 3290/3290/3290 3287/3287/3287
f 3291/3291/3291 3292/3292/3292 3293/3293/3293
f 3293/3293/3293 3294/3294/3294 3291/3291/3291
f 3295/3295/3295 3296/3296/3296 3297/3297/3297
f 3297/3297/3297 3298/3298/3298 3295/3295/3295
f 3299/3299/3299 3300/3300/3300 3301/3301/3301
f 3301/3301/3301 3302/3302/3302 3299/3299/3299
f 3303/3303/3303 3304/3304/3304 3305/3305/3305
f 3305/3305/3305 3306/3306/3306 3303/3303/3303
f 3307/3307/3307 3308/3308/3308 3309/3309/3309
f 3309/3309/3309 3310/3310/3310 3307/3307/3307
f 3311/3311/3311 3312/3312/3312 3313/3313/3313
f 3313/3313/3313 3314/3314/3314 3311/3311/3311
f 3315/3315/3315 3316/3316/3316 3317/3317/3317
f 3317/3317/3317 3318/3318/3318 3315/3315/3315
f 3319/3319/3319 3320/3320/3320 3321/3321/3321
f 3321/3321/3321 3322/3322/3322 3319/3319/3319
f 3323/3323/3323 3324/3324/3324 3325/3325/3325
f 3325/3325/3325 3326/3326/3326 3323/3323/3323
f 3327/3327/3327 3328/3328/3328 3329/3329/3329
f 3329/3329/3329 3330/3330/3330 3327/3327/3327
f 3331/3331/3331 3332/3332/3332 3333/3333/3333
f 3333/3333/3333 3334/3334/3334 3331/3331/3331
f 3335/3335/3335 3336/3336/3336 3337/3337/3337
f 3337/3337/3337 3338/3338/3338 3335/3335/3335
f 3339/3339/3339 3340/3340/3340 3341/3341/3341
f 3341/3341/3341 3342/3342/3342 3339/3339/3339
f 3343/3343/3343 3344/3344/3344 3345/3345/3345
f 3345/3345/3345 3346/3346/3346 3343/3343/3343
f 3347/3347/3347 3348/3348/3348 3349/3349/3349
f 3349/3349/3349 3350/3350/3350 3347/3347/3347
f 3351/3351/3351 3352/3352/3352 3353/3353/3353
f 3353/3353/3353 3354/3354/3354 3351/3351/3351
f 3355/3355/3355 3356/3356/3356 3357/3357/3357
f 3357/3357/3357 3358/3358/3358 3355/3355/3355
f 3359/3359/3359 3360/3360/3360 3361/3361/3361
f 3361/3361/3361 3362/3362/3362 3359/3359/3359
f 3363/3363/3363 3364/3364/3364 3365/3365/3365
f 3365/3365/3365 3366/3366/3366 3363/3363/3363
f 3367/3367/3367 3368/3368/3368 3369/3369/3369
f 3369/3369/3369 3370/3370/3370 3367/3367/3367
f 3371/3371/3371 3372/3372/3372 3373/3373/3373
f 3373/3373/3373 3374/3374/3374 3371/3371/3371
f 3375/3375/3375 3376/3376/3376 3377/3377/3377
f 3377/3377/3377 3378/3378/3378 3375/3375/3375
f 3379/3379/3379 3380/3380/3380 3381/3381/3381
f 3381/3381/3381 3382/3382/3382 3379/3379/3379
f 3383/3383/3383 3384/3384/3384 3385/3385/3385
f 3385/3385/3385 3386/3386/3386 3383/3383/3383
f 3387/3387/3387 3388/3388/3388 3389/3389/3389
f 3389/3389/3389 3390/3390/3390 3387/3387/3387
f 3391/3391/3391 3392/3392/3392 3393/3393/3393
f 3393/3393/3393 3394/3394/3394 3391/3391/3391
f 3395/3395/3395 3396/3396/3396 3397/3397/3397
f 3397/3397/3397 3398/3398/3398 3395/3395/3395
f 3399/3399/3399 3400/3400/3400 3401/3401/3401
f 3401/3401/3401 3402/3402/3402 3399/3399/3399
f 3403/3403/3403 3404/3404/3404 3405/3405/3405
f 3405/3405/3405 3406/3406/3406 3403/3403/3403
f 3407/3407/3407 3408/3408/3408 3409/3409/3409
f 3409/3409/3409 3410/3410/3410 3407/3407/3407
f 498/498/498 497/497/497 3411/3411/3411
f 3411/3411/3411 3412/3412/3412 498/498/498
f 3413/3413/3413 3414/3414/3414 340/340/340
f 340/340/340 339/339/339 3413/3413/3413
f 3415/3415/3415 3416/3416/3416 3417/3417/3417
f 3417/3417/3417 3418/3418/3418 3415/3415/3415
f 3419/3419/3419 3420/3420/3420 3421/3421/3421
f 3421/3421/3421 3422/3422/3422 3419/3419/3419
f 3423/3423/3423 3424/3424/3424 3425/3425/3425
f 3425/3425/3425 3426/3426/3426 3423/3423/3423
f 3427/3427/3427 3428/3428/3428 3429/3429/3429
f 3429/3429/3429 3430/3430/3430 3427/3427/3427
f 3431/3431/3431 3432/3432/3432 3433/3433/3433
f 3433/3433/3433 3434/3434/3434 3431/3431/3431
f 3435/3435/3435 3436/3436/3436 918/918/918
f 918/918/918 917/917/917 3435/3435/3435
f 3437/3437/3437 3438/3438/3438 3439/3439/3439
f 3439/3439/3439 3440/3440/3440 3437/3437/3437
f 3441/3441/3441 3442/3442/3442 3443/3443/3443
f 3443/3443/3443 3444/3444/3444 3441/3441/3441
f 3445/3445/3445 3446/3446/3446 3447/3447/3447
f 3447/3447/3447 3448/3448/3448 3445/3445/3445
f 3449/3449/3449 3450/3450/3450 3451/3451/3451
f 3451/3451/3451 3452/3452/3452 3453/3453/3453
f 3451/3451/3451 3453/3453/3453 3454/3454/3454
f 3451/3451/3451 3454/3454/3454 3449/3449/3449
f 3455/3455/3455 3456/3456/3456 3457/3457/3457
f 3457/3457/3457 3458/3458/3458 3459/3459/3459
f 3457/3457/3457 3459/3459/3459 3460/3460/3460
f 3457/3457/3457 3460/3460/3460 3455/3455/3455
f 3461/3461/3461 3462/3462/3462 3463/3463/3463
f 3463/3463/3463 3464/3464/3464 3461/3461/3461
f 3465/3465/3465 3466/3466/3466 3467/3467/3467
f 3467/3467/3467 3468/3468/3468 3465/3465/3465
f 3469/3469/3469 3470/3470/3470 3471/3471/3471
f 3471/3471/3471 3472/3472/3472 3469/3469/3469
f 3473/3473/3473 3474/3474/3474 3475/3475/3475
f 3475/3475/3475 3476/3476/3476 3473/3473/3473
f 3477/3477/3477 3478/3478/3478 3479/3479/3479
f 3479/3479/3479 3480/3480/3480 3477/3477/3477
f 3481/3481/3481 3482/3482/3482 3483/3483/3483
f 3483/3483/3483 3484/3484/3484 3481/3481/3481
f 3485/3485/3485 3486/3486/3486 3487/3487/3487
f 3487/3487/3487 3488/3488/3488 3485/3485/3485
f 3489/3489/3489 3490/3490/3490 3491/3491/3491
f 3491/3491/3491 3492/3492/3492 3489/3489/3489
f 3493/3493/3493 3494/3494/3494 3495/3495/3495
f 3495/3495/3495 3496/3496/3496 3493/3493/3493
f 3497/3497/3497 3498/3498/3498 3499/3499/3499
f 3499/3499/3499 3500/3500/3500 3497/3497/3497
f 3501/3501/3501 3502/3502/3502 3503/3503/3503
f 3501/3501/3501 3503/3503/3503 3504/3504/3504
f 3501/3501/3501 3504/3504/3504 3505/3505/3505
f 3505/3505/3505 3506/3506/3506 3501/3501/3501
f 3507/3507/3507 3508/3508/3508 3509/3509/3509
f 3507/3507/3507 3509/3509/3509 3510/3510/3510
f 3507/3507/3507 3510/3510/3510 3511/3511/3511
f 3511/3511/3511 3512/3512/3512 3507/3507/3507
f 3513/3513/3513 3514/3514/3514 3515/3515/3515
f 3513/3513/3513 3515/3515/3515 3516/3516/3516
f 3513/3513/3513 3516/3516/3516 3517/3517/3517
f 3517/3517/3517 3518/3518/3518 3513/3513/3513
f 3519/3519/3519 3520/3520/3520 3521/3521/3521
f 3519/3519/3519 3521/3521/3521 3522/3522/3522
f 3519/3519/3519 3522/3522/3522 3523/3523/3523
f 3523/3523/3523 3524/3524/3524 3519/3519/3519
f 3525/3525/3525 3526/3526/3526 3527/3527/3527
f 3527/3527/3527 3528/3528/3528 3525/3525/3525
f 3529/3529/3529 3530/3530/3530 3531/3531/3531
f 3531/3531/3531 3532/3532/3532 3529/3529/3529
f 3533/3533/3533 3534/3534/3534 3535/3535/3535
f 3535/3535/3535 3536/3536/3536 3533/3533/3533
f 3537/3537/3537 3538/3538/3538 3539/3539/3539
f 3539/3539/3539 3540/3540/3540 3537/3537/3537
f 3541/3541/3541 3542/3542/3542 3543/3543/3543
f 3543/3543/3543 3544/3544/3544 3541/3541/3541
f 3545/3545/3545 3546/3546/3546 3547/3547/3547
f 3547/3547/3547 3548/3548/3548 3545/3545/3545
f 3549/3549/3549 3550/3550/3550 3551/3551/3551
f 3551/3551/3551 3552/3552/3552 3549/3549/3549
f 3553/3553/3553 3554/3554/3554 3555/3555/3555
f 3555/3555/3555 3556/3556/3556 3553/3553/3553
f 3557/3557/3557 3558/3558/3558 3559/3559/3559
f 3559/3559/3559 3560/3560/3560 3557/3557/3557
f 3561/3561/3561 3562/3562/3562 3563/3563/3563
f 3563/3563/3563 3564/3564/3564 3561/3561/3561
f 3565/3565/3565 3566/3566/3566 3567/3567/3567
f 3567/3567/3567 3568/3568/3568 3565/3565/3565
f 3569/3569/3569 3570/3570/3570 3571/3571/3571
f 3571/3571/3571 3572/3572/3572 3569/3569/3569
f 3573/3573/3573 3574/3574/3574 3575/3575/3575
f 3575/3575/3575 3576/3576/3576 3573/3573/3573
f 3577/3577/3577 3578/3578/3578 3579/3579/3579
f 3579/3579/3579 3580/3580/3580 3577/3577/3577
f 3581/3581/3581 3582/3582/3582 3583/3583/3583
f 3583/3583/3583 3584/3584/3584 3581/3581/3581
f 3585/3585/3585 3586/3586/3586 3587/3587/3587
f 3587/3587/3587 3588/3588/3588 3585/3585/3585
f 3589/3589/3589 3590/3590/3590 3591/3591/3591
f 3591/3591/3591 3592/3592/3592 3589/3589/3589
f 3593/3593/3593 3594/3594/3594 3595/3595/3595
f 3595/3595/3595 3596/3596/3596 3593/3593/3593
f 3597/3597/3597 3598/3598/3598 3599/3599/3599
f 3597/3597/3597 3599/3599/3599 3600/3600/3600
f 3597/3597/3597 3600/3600/3600 3601/3601/3601
f 3601/3601/3601 3602/3602/3602 3597/3597/3597
f 3603/3603/3603 3604/3604/3604 3605/3605/3605
f 3603/3603/3603 3605/3605/3605 3606/3606/3606
f 3603/3603/3603 3606/3606/3606 3607/3607/3607
f 3607/3607/3607 3608/3608/3608 3603/3603/3603
f 3609/3609/3609 3610/3610/3610 3611/3611/3611
f 3611/3611/3611 3612/3612/3612 3609/3609/3609
f 3613/3613/3613 3614/3614/3614 3615/3615/3615
f 3615/3615/3615 3616/3616/3616 3613/3613/3613
f 3617/3617/3617 3618/3618/3618 3619/3619/3619
f 3619/3619/3619 3620/3620/3620 3617/3617/3617
f 3621/3621/3621 3622/3622/3622 3623/3623/3623
f 3623/3623/3623 3624/3624/3624 3621/3621/3621
f 3625/3625/3625 3626/3626/3626 3627/3627/3627
f 3625/3625/3625 3627/3627/3627 3628/3628/3628
f 3625/3625/3625 3628/3628/3628 3629/3629/3629
f 3629/3629/3629 3630/3630/3630 3625/3625/3625
f 3631/3631/3631 3632/3632/3632 3633/3633/3633
f 3631/3631/3631 3633/3633/3633 3634/3634/3634
f 3631/3631/3631 3634/3634/3634 3635/3635/3635
f 3635/3635/3635 3636/3636/3636 3631/3631/3631
f 3637/3637/3637 3638/3638/3638 3639/3639/3639
f 3639/3639/3639 3640/3640/3640 3637/3637/3637
f 3641/3641/3641 3642/3642/3642 3643/3643/3643
f 3643/3643/3643 3644/3644/3644 3641/3641/3641
f 3645/3645/3645 3646/3646/3646 3647/3647/3647
f 3647/3647/3647 3648/3648/3648 3645/3645/3645
f 3649/3649/3649 3650/3650/3650 3651/3651/3651
f 3651/3651/3651 3652/3652/3652 3649/3649/3649
f 3653/3653/3653 3654/3654/3654 3655/3655/3655
f 3655/3655/3655 3656/3656/3656 3653/3653/3653
f 3657/3657/3657 3658/3658/3658 3659/3659/3659
f 3659/3659/3659 3660/3660/3660 3657/3657/3657
f 3661/3661/3661 3662/3662/3662 3663/3663/3663
f 3663/3663/3663 3664/3664/3664 3661/3661/3661
f 3665/3665/3665 3666/3666/3666 3667/3667/3667
f 3667/3667/3667 3668/3668/3668 3665/3665/3665
f 3669/3669/3669 3670/3670/3670 3671/3671/3671
f 3671/3671/3671 3672/3672/3672 3669/3669/3669
f 3673/3673/3673 3674/3674/3674 3675/3675/3675
f 3675/3675/3675 3676/3676/3676 3673/3673/3673
f 3677/3677/3677 3678/3678/3678 3679/3679/3679
f 3679/3679/3679 3680/3680/3680 3677/3677/3677
f 3681/3681/3681 3682/3682/3682 3683/3683/3683
f 3683/3683/3683 3684/3684/3684 3681/3681/3681
f 3685/3685/3685 3686/3686/3686 3687/3687/3687
f 3687/3687/3687 3688/3688/3688 3685/3685/3685
f 3689/3689/3689 209/209/209 208/208/208
f 3689/3689/3689 208/208/208 3690/3690/3690
f 3689/3689/3689 3690/3690/3690 3691/3691/3691
f 3689/3689/3689 3691/3691/3691 3692/3692/3692
f 3692/3692/3692 3693/3693/3693 3694/3694/3694
f 3692/3692/3692 3694/3694/3694 3695/3695/3695
f 3695/3695/3695 3696/3696/3696 3697/3697/3697
f 3695/3695/3695 3697/3697/3697 3698/3698/3698
f 3695/3695/3695 3698/3698/3698 3699/3699/3699
f 3695/3695/3695 3699/3699/3699 3700/3700/3700
f 3701/3701/3701 3689/3689/3689 3692/3692/3692
f 3692/3692/3692 3695/3695/3695 3700/3700/3700
f 3692/3692/3692 3700/3700/3700 3702/3702/3702
f 3702/3702/3702 3701/3701/3701 3692/3692/3692
f 3703/3703/3703 3704/3704/3704 3705/3705/3705
f 3705/3705/3705 3706/3706/3706 3703/3703/3703
f 3707/3707/3707 3708/3708/3708 3709/3709/3709
f 3709/3709/3709 3710/3710/3710 3707/3707/3707
f 3711/3711/3711 3712/3712/3712 3713/3713/3713
f 3713/3713/3713 3714/3714/3714 3711/3711/3711
f 3715/3715/3715 3716/3716/3716 3717/3717/3717
f 3717/3717/3717 3718/3718/3718 3715/3715/3715
f 3719/3719/3719 3720/3720/3720 3721/3721/3721
f 3721/3721/3721 3722/3722/3722 3719/3719/3719
f 3723/3723/3723 3724/3724/3724 1486/1486/1486
f 1486/1486/1486 1485/1485/1485 3723/3723/3723
f 3725/3725/3725 3726/3726/3726 3727/3727/3727
f 3727/3727/3727 3728/3728/3728 3725/3725/3725
f 3729/3729/3729 3730/3730/3730 3731/3731/3731
f 3731/3731/3731 3732/3732/3732 3729/3729/3729
f 3733/3733/3733 3734/3734/3734 652/652/652
f 652/652/652 651/651/651 3733/3733/3733
f 3735/3735/3735 3736/3736/3736 1482/1482/1482
f 1482/1482/1482 1481/1481/1481 3735/3735/3735
f 3737/3737/3737 3738/3738/3738 3739/3739/3739
f 3739/3739/3739 3740/3740/3740 3737/3737/3737
f 3741/3741/3741 3742/3742/3742 3743/3743/3743
f 3743/3743/3743 3744/3744/3744 3741/3741/3741
f 3745/3745/3745 3746/3746/3746 3747/3747/3747
f 3747/3747/3747 3748/3748/3748 3745/3745/3745
f 3749/3749/3749 3750/3750/3750 3751/3751/3751
f 3751/3751/3751 3752/3752/3752 3749/3749/3749
f 3753/3753/3753 3754/3754/3754 3755/3755/3755
f 3755/3755/3755 3756/3756/3756 3753/3753/3753
f 3757/3757/3757 3758/3758/3758 3759/3759/3759
f 3759/3759/3759 3760/3760/3760 3757/3757/3757
f 3761/3761/3761 3762/3762/3762 3763/3763/3763
f 3763/3763/3763 3764/3764/3764 3761/3761/3761
f 3765/3765/3765 3766/3766/3766 3767/3767/3767
f 3767/3767/3767 3768/3768/3768 3765/3765/3765
f 3769/3769/3769 3770/3770/3770 520/520/520
f 520/520/520 519/519/519 3769/3769/3769
f 3771/3771/3771 3772/3772/3772 3773/3773/3773
f 3773/3773/3773 3774/3774/3774 3771/3771/3771
f 3775/3775/3775 3776/3776/3776 3777/3777/3777
f 3777/3777/3777 3778/3778/3778 3775/3775/3775
f 3779/3779/3779 3780/3780/3780 3781/3781/3781
f 3781/3781/3781 3782/3782/3782 3779/3779/3779
f 3783/3783/3783 3784/3784/3784 3785/3785/3785
f 3785/3785/3785 3786/3786/3786 3783/3783/3783
f 3787/3787/3787 3788/3788/3788 3789/3789/3789
f 3789/3789/3789 3790/3790/3790 3787/3787/3787
f 3791/3791/3791 3792/3792/3792 3793/3793/3793
f 3793/3793/3793 3794/3794/3794 3791/3791/3791
f 3795/3795/3795 3796/3796/3796 3797/3797/3797
f 3797/3797/3797 3798/3798/3798 3795/3795/3795
f 670/670/670 669/669/669 3799/3799/3799
f 3799/3799/3799 3800/3800/3800 670/670/670
f 3801/3801/3801 3802/3802/3802 3803/3803/3803
f 3803/3803/3803 3804/3804/3804 3801/3801/3801
f 3805/3805/3805 3806/3806/3806 3807/3807/3807
f 3807/3807/3807 3808/3808/3808 3805/3805/3805
f 3809/3809/3809 3810/3810/3810 3811/3811/3811
f 3811/3811/3811 3812/3812/3812 3809/3809/3809
f 3813/3813/3813 3814/3814/3814 3815/3815/3815
f 3815/3815/3815 3816/3816/3816 3813/3813/3813
f 3817/3817/3817 3818/3818/3818 3819/3819/3819
f 3819/3819/3819 3820/3820/3820 3817/3817/3817
f 3821/3821/3821 3822/3822/3822 3823/3823/3823
f 3823/3823/3823 3824/3824/3824 3821/3821/3821
f 3825/3825/3825 3826/3826/3826 3827/3827/3827
f 3827/3827/3827 3828/3828/3828 3825/3825/3825
f 3829/3829/3829 3830/3830/3830 3831/3831/3831
f 3831/3831/3831 3832/3832/3832 3829/3829/3829
f 3833/3833/3833 3834/3834/3834 3835/3835/3835
f 3835/3835/3835 3836/3836/3836 3833/3833/3833
f 3837/3837/3837 3838/3838/3838 3839/3839/3839
f 3839/3839/3839 3840/3840/3840 3837/3837/3837
f 3841/3841/3841 3842/3842/3842 3843/3843/3843
f 3843/3843/3843 3844/3844/3844 3841/3841/3841
f 3845/3845/3845 3846/3846/3846 3847/3847/3847
f 3847/3847/3847 3848/3848/3848 3845/3845/3845
f 3849/3849/3849 3850/3850/3850 3851/3851/3851
f 3851/3851/3851 3852/3852/3852 3849/3849/3849
f 3853/3853/3853 3854/3854/3854 3855/3855/3855
f 3855/3855/3855 3856/3856/3856 3853/3853/3853
f 3857/3857/3857 3858/3858/3858 3859/3859/3859
f 3859/3859/3859 3860/3860/3860 3857/3857/3857
f 3861/3861/3861 3862/3862/3862 3863/3863/3863
f 3863/3863/3863 3864/3864/3864 3861/3861/3861
f 3865/3865/3865 3866/3866/3866 3867/3867/3867
f 3867/3867/3867 3868/3868/3868 3865/3865/3865
f 3869/3869/3869 3870/3870/3870 3871/3871/3871
f 3871/3871/3871 3872/3872/3872 3869/3869/3869
f 3873/3873/3873 3874/3874/3874 3875/3875/3875
f 3875/3875/3875 3876/3876/3876 3873/3873/3873
f 3877/3877/3877 3878/3878/3878 3879/3879/3879
f 3879/3879/3879 3880/3880/3880 3877/3877/3877
f 3881/3881/3881 3882/3882/3882 3883/3883/3883
f 3883/3883/3883 3884/3884/3884 3881/3881/3881
f 3885/3885/3885 3886/3886/3886 3887/3887/3887
f 3887/3887/3887 3888/3888/3888 3885/3885/3885
f 3889/3889/3889 3890/3890/3890 3891/3891/3891
f 3891/3891/3891 3892/3892/3892 3889/3889/3889
f 3893/3893/3893 3894/3894/3894 3895/3895/3895
f 3895/3895/3895 3896/3896/3896 3893/3893/3893
f 3897/3897/3897 3898/3898/3898 3899/3899/3899
f 3899/3899/3899 3900/3900/3900 3897/3897/3897
f 3901/3901/3901 3902/3902/3902 3903/3903/3903
f 3903/3903/3903 3904/3904/3904 3901/3901/3901
f 3905/3905/3905 3906/3906/3906 3907/3907/3907
f 3907/3907/3907 3908/3908/3908 3905/3905/3905
f 3909/3909/3909 3910/3910/3910 3911/3911/3911
f 3911/3911/3911 3912/3912/3912 3909/3909/3909
f 3913/3913/3913 3914/3914/3914 3915/3915/3915
f 3915/3915/3915 3916/3916/3916 3913/3913/3913
f 3917/3917/3917 3918/3918/3918 3919/3919/3919
f 3919/3919/3919 3920/3920/3920 3917/3917/3917
f 3921/3921/3921 3922/3922/3922 3923/3923/3923
f 3923/3923/3923 3924/3924/3924 3921/3921/3921
f 3925/3925/3925 3926/3926/3926 3927/3927/3927
f 3927/3927/3927 3928/3928/3928 3925/3925/3925
f 3929/3929/3929 3930/3930/3930 3931/3931/3931
f 3931/3931/3931 3932/3932/3932 3929/3929/3929
f 3933/3933/3933 3934/3934/3934 3935/3935/3935
f 3935/3935/3935 3936/3936/3936 3933/3933/3933
f 3937/3937/3937 3938/3938/3938 3939/3939/3939
f 3939/3939/3939 3940/3940/3940 3937/3937/3937
f 3941/3941/3941 3942/3942/3942 3943/3943/3943
f 3943/3943/3943 3944/3944/3944 3941/3941/3941
f 3945/3945/3945 3946/3946/3946 3947/3947/3947
f 3947/3947/3947 3948/3948/3948 3945/3945/3945
f 3949/3949/3949 3950/3950/3950 3951/3951/3951
f 3951/3951/3951 3952/3952/3952 3949/3949/3949
f 3953/3953/3953 3954/3954/3954 3955/3955/3955
f 3955/3955/3955 3956/3956/3956 3953/3953/3953
f 3957/3957/3957 3958/3958/3958 3959/3959/3959
f 3959/3959/3959 3960/3960/3960 3957/3957/3957
f 3961/3961/3961 3962/3962/3962 3963/3963/3963
f 3963/3963/3963 3964/3964/3964 3961/3961/3961
f 3965/3965/3965 3966/3966/3966 3967/3967/3967
f 3967/3967/3967 3968/3968/3968 3965/3965/3965
f 3969/3969/3969 3970/3970/3970 3971/3971/3971
f 3971/3971/3971 3972/3972/3972 3969/3969/3969
f 3973/3973/3973 3974/3974/3974 3975/3975/3975
f 3975/3975/3975 3976/3976/3976 3973/3973/3973
f 3977/3977/3977 3978/3978/3978 3979/3979/3979
f 3979/3979/3979 3980/3980/3980 3977/3977/3977
f 3981/3981/3981 3982/3982/3982 3983/3983/3983
f 3983/3983/3983 3984/3984/3984 3981/3981/3981
f 3985/3985/3985 3986/3986/3986 3987/3987/3987
f 3987/3987/3987 3988/3988/3988 3985/3985/3985
f 3989/3989/3989 3990/3990/3990 3991/3991/3991
f 3991/3991/3991 3992/3992/3992 3989/3989/3989
f 3993/3993/3993 3994/3994/3994 3995/3995/3995
f 3995/3995/3995 3996/3996/3996 3993/3993/3993
f 3997/3997/3997 3998/3998/3998 3999/3999/3999
f 3999/3999/3999 4000/4000/4000 3997/3997/3997
f 4001/4001/4001 4002/4002/4002 4003/4003/4003
f 4003/4003/4003 4004/4004/4004 4001/4001/4001
f 4005/4005/4005 4006/4006/4006 4007/4007/4007
f 4007/4007/4007 4008/4008/4008 4005/4005/4005
f 4009/4009/4009 4010/4010/4010 4011/4011/4011
f 4011/4011/4011 4012/4012/4012 4009/4009/4009
f 4013/4013/4013 4014/4014/4014 4015/4015/4015
f 4015/4015/4015 4016/4016/4016 4013/4013/4013
f 4017/4017/4017 4018/4018/4018 4019/4019/4019
f 4019/4019/4019 4020/4020/4020 4017/4017/4017
f 4021/4021/4021 4022/4022/4022 4023/4023/4023
f 4023/4023/4023 4024/4024/4024 4021/4021/4021
f 4025/4025/4025 4026/4026/4026 4027/4027/4027
f 4027/4027/4027 4028/4028/4028 4025/4025/4025
f 4029/4029/4029 4030/4030/4030 4031/4031/4031
f 4031/4031/4031 4032/4032/4032 4029/4029/4029
f 4033/4033/4033 4034/4034/4034 4035/4035/4035
f 4035/4035/4035 4036/4036/4036 4033/4033/4033
f 4037/4037/4037 4038/4038/4038 4039/4039/4039
f 4039/4039/4039 4040/4040/4040 4037/4037/4037
f 4041/4041/4041 4042/4042/4042 4043/4043/4043
f 4043/4043/4043 4044/4044/4044 4041/4041/4041
f 4045/4045/4045 4046/4046/4046 4047/4047/4047
f 4047/4047/4047 4048/4048/4048 4045/4045/4045
f 4049/4049/4049 4050/4050/4050 4051/4051/4051
f 4051/4051/4051 4052/4052/4052 4049/4049/4049
f 4053/4053/4053 4054/4054/4054 4055/4055/4055
f 4055/4055/4055 4056/4056/4056 4053/4053/4053
f 4057/4057/4057 4058/4058/4058 4059/4059/4059
f 4059/4059/4059 4060/4060/4060 4057/4057/4057
f 4061/4061/4061 4062/4062/4062 4063/4063/4063
f 4063/4063/4063 4064/4064/4064 4061/4061/4061
f 4065/4065/4065 4066/4066/4066 4067/4067/4067
f 4067/4067/4067 4068/4068/4068 4065/4065/4065
f 4069/4069/4069 4070/4070/4070 4071/4071/4071
f 4071/4071/4071 4072/4072/4072 4069/4069/4069
f 4073/4073/4073 4074/4074/4074 4075/4075/4075
f 4075/4075/4075 4076/4076/4076 4073/4073/4073
f 4077/4077/4077 4078/4078/4078 4079/4079/4079
f 4079/4079/4079 4080/4080/4080 4077/4077/4077
f 4081/4081/4081 4082/4082/4082 4083/4083/4083
f 4083/4083/4083 4084/4084/4084 4081/4081/4081
f 4085/4085/4085 4086/4086/4086 4087/4087/4087
f 4087/4087/4087 4088/4088/4088 4085/4085/4085
f 4089/4089/4089 4090/4090/4090 4091/4091/4091
f 4091/4091/4091 4092/4092/4092 4089/4089/4089
f 4093/4093/4093 4094/4094/4094 4095/4095/4095
f 4095/4095/4095 4096/4096/4096 4093/4093/4093
f 4097/4097/4097 4098/4098/4098 4099/4099/4099
f 4099/4099/4099 4100/4100/4100 4097/4097/4097
f 4101/4101/4101 4102/4102/4102 4103/4103/4103
f 4103/4103/4103 4104/4104/4104 4101/4101/4101
f 4105/4105/4105 4106/4106/4106 4107/4107/4107
f 4107/4107/4107 4108/4108/4108 4105/4105/4105
f 4109/4109/4109 4110/4110/4110 4111/4111/4111
f 4111/4111/4111 4112/4112/4112 4109/4109/4109
f 4113/4113/4113 4114/4114/4114 4115/4115/4115
f 4115/4115/4115 4116/4116/4116 4113/4113/4113
f 4117/4117/4117 4118/4118/4118 4119/4119/4119
f 4119/4119/4119 4120/4120/4120 4117/4117/4117
f 4121/4121/4121 4122/4122/4122 4123/4123/4123
f 4123/4123/4123 4124/4124/4124 4121/4121/4121
f 4125/4125/4125 4126/4126/4126 4127/4127/4127
f 4127/4127/4127 4128/4128/4128 4125/4125/4125
f 4129/4129/4129 4130/4130/4130 4131/4131/4131
f 4131/4131/4131 4132/4132/4132 4129/4129/4129
f 4133/4133/4133 4134/4134/4134 4135/4135/4135
f 4135/4135/4135 4136/4136/4136 4133/4133/4133
f 4137/4137/4137 4138/4138/4138 4139/4139/4139
f 4139/4139/4139 4140/4140/4140 4137/4137/4137
f 4141/4141/4141 4142/4142/4142 4143/4143/4143
f 4143/4143/4143 4144/4144/4144 4141/4141/4141
f 4145/4145/4145 4146/4146/4146 4147/4147/4147
f 4147/4147/4147 4148/4148/4148 4145/4145/4145
f 4149/4149/4149 4150/4150/4150 4151/4151/4151
f 4151/4151/4151 4152/4152/4152 4149/4149/4149
f 4153/4153/4153 4154/4154/4154 4155/4155/4155
f 4155/4155/4155 4156/4156/4156 4153/4153/4153
f 4157/4157/4157 4158/4158/4158 4159/4159/4159
f 4159/4159/4159 4160/4160/4160 4157/4157/4157
f 4161/4161/4161 4162/4162/4162 4163/4163/4163
f 4163/4163/4163 4164/4164/4164 4161/4161/4161
f 4165/4165/4165 4166/4166/4166 4167/4167/4167
f 4167/4167/4167 4168/4168/4168 4165/4165/4165
f 4169/4169/4169 4170/4170/4170 4171/4171/4171
f 4171/4171/4171 4172/4172/4172 4169/4169/4169
f 4173/4173/4173 4174/4174/4174 4175/4175/4175
f 4175/4175/4175 4176/4176/4176 4173/4173/4173
f 4177/4177/4177 4178/4178/4178 4179/4179/4179
f 4179/4179/4179 4180/4180/4180 4177/4177/4177
f 4181/4181/4181 4182/4182/4182 4183/4183/4183
f 4183/4183/4183 4184/4184/4184 4181/4181/4181
f 4185/4185/4185 4186/4186/4186 4187/4187/4187
f 4187/4187/4187 4188/4188/4188 4185/4185/4185
f 4189/4189/4189 4190/4190/4190 4191/4191/4191
f 4191/4191/4191 4192/4192/4192 4189/4189/4189
f 4193/4193/4193 4194/4194/4194 4195/4195/4195
f 4195/4195/4195 4196/4196/4196 4193/4193/4193
f 4197/4197/4197 4198/4198/4198 4199/4199/4199
f 4199/4199/4199 4200/4200/4200 4197/4197/4197
f 4201/4201/4201 4202/4202/4202 4203/4203/4203
f 4203/4203/4203 4204/4204/4204 4201/4201/4201
f 3772/3772/3772 3771/3771/3771 4205/4205/4205
f 4205/4205/4205 4206/4206/4206 3772/3772/3772
f 4207/4207/4207 4208/4208/4208 4209/4209/4209
f 4209/4209/4209 4210/4210/4210 4207/4207/4207
f 4211/4211/4211 4212/4212/4212 4213/4213/4213
f 4213/4213/4213 4214/4214/4214 4211/4211/4211
f 894/894/894 893/893/893 4215/4215/4215
f 4215/4215/4215 4216/4216/4216 894/894/894
f 4217/4217/4217 4218/4218/4218 4219/4219/4219
f 4219/4219/4219 4220/4220/4220 4217/4217/4217
f 4221/4221/4221 4222/4222/4222 4223/4223/4223
f 4223/4223/4223 4224/4224/4224 4221/4221/4221
f 4225/4225/4225 4226/4226/4226 4227/4227/4227
f 4227/4227/4227 4228/4228/4228 4225/4225/4225
f 4229/4229/4229 4230/4230/4230 4231/4231/4231
f 4231/4231/4231 4232/4232/4232 4229/4229/4229
f 4233/4233/4233 4234/4234/4234 4235/4235/4235
f 4235/4235/4235 4236/4236/4236 4233/4233/4233
f 4237/4237/4237 4238/4238/4238 4239/4239/4239
f 4239/4239/4239 4240/4240/4240 4237/4237/4237
f 4241/4241/4241 4242/4242/4242 4243/4243/4243
f 4243/4243/4243 4244/4244/4244 4245/4245/4245
f 4243/4243/4243 4245/4245/4245 4246/4246/4246
f 4243/4243/4243 4246/4246/4246 4241/4241/4241
f 4247/4247/4247 4248/4248/4248 4249/4249/4249
f 4249/4249/4249 4250/4250/4250 4247/4247/4247
f 4251/4251/4251 4252/4252/4252 4253/4253/4253
f 4253/4253/4253 4254/4254/4254 4251/4251/4251
f 4255/4255/4255 4256/4256/4256 4257/4257/4257
f 4257/4257/4257 4258/4258/4258 4255/4255/4255
f 4259/4259/4259 4260/4260/4260 4261/4261/4261
f 4261/4261/4261 4262/4262/4262 4259/4259/4259
f 4263/4263/4263 4264/4264/4264 4265/4265/4265
f 4265/4265/4265 4266/4266/4266 4263/4263/4263
f 4267/4267/4267 4268/4268/4268 4269/4269/4269
f 4269/4269/4269 4270/4270/4270 4267/4267/4267
f 4271/4271/4271 4272/4272/4272 4273/4273/4273
f 4273/4273/4273 4274/4274/4274 4271/4271/4271
f 4275/4275/4275 4276/4276/4276 4277/4277/4277
f 4277/4277/4277 4278/4278/4278 4275/4275/4275
f 4279/4279/4279 4280/4280/4280 4281/4281/4281
f 4281/4281/4281 4282/4282/4282 4279/4279/4279
f 4283/4283/4283 4284/4284/4284 4285/4285/4285
f 4285/4285/4285 4286/4286/4286 4283/4283/4283
f 4287/4287/4287 4288/4288/4288 4289/4289/4289
f 4287/4287/4287 4289/4289/4289 4290/4290/4290
f 4287/4287/4287 4290/4290/4290 4291/4291/4291
f 4291/4291/4291 4292/4292/4292 4287/4287/4287
f 4293/4293/4293 4294/4294/4294 4295/4295/4295
f 4293/4293/4293 4295/4295/4295 4296/4296/4296
f 4293/4293/4293 4296/4296/4296 4297/4297/4297
f 4297/4297/4297 4298/4298/4298 4293/4293/4293
f 4299/4299/4299 4300/4300/4300 4301/4301/4301
f 4299/4299/4299 4301/4301/4301 4302/4302/4302
f 4299/4299/4299 4302/4302/4302 4303/4303/4303
f 4303/4303/4303 4304/4304/4304 4299/4299/4299
f 4305/4305/4305 4306/4306/4306 4307/4307/4307
f 4305/4305/4305 4307/4307/4307 4308/4308/4308
f 4305/4305/4305 4308/4308/4308 4309/4309/4309
f 4309/4309/4309 4310/4310/4310 4305/4305/4305
f 4311/4311/4311 4312/4312/4312 4313/4313/4313
f 4313/4313/4313 4314/4314/4314 4311/4311/4311
f 4315/4315/4315 4316/4316/4316 4317/4317/4317
f 4317/4317/4317 4318/4318/4318 4315/4315/4315
f 4319/4319/4319 4320/4320/4320 4321/4321/4321
f 4321/4321/4321 4322/4322/4322 4319/4319/4319
f 4323/4323/4323 4324/4324/4324 4325/4325/4325
f 4325/4325/4325 4326/4326/4326 4323/4323/4323
f 4327/4327/4327 4328/4328/4328 4329/4329/4329
f 4329/4329/4329 4330/4330/4330 4327/4327/4327
f 4331/4331/4331 4332/4332/4332 4333/4333/4333
f 4333/4333/4333 4334/4334/4334 4331/4331/4331
f 4335/4335/4335 4336/4336/4336 4337/4337/4337
f 4337/4337/4337 4338/4338/4338 4335/4335/4335
f 4339/4339/4339 4340/4340/4340 4341/4341/4341
f 4341/4341/4341 4342/4342/4342 4339/4339/4339
f 4343/4343/4343 4344/4344/4344 4345/4345/4345
f 4345/4345/4345 4346/4346/4346 4343/4343/4343
f 4347/4347/4347 4348/4348/4348 4349/4349/4349
f 4349/4349/4349 4350/4350/4350 4347/4347/4347
f 4351/4351/4351 4352/4352/4352 4353/4353/4353
f 4353/4353/4353 4354/4354/4354 4351/4351/4351
f 4355/4355/4355 4356/4356/4356 4357/4357/4357
f 4357/4357/4357 4358/4358/4358 4355/4355/4355
f 4359/4359/4359 4360/4360/4360 4361/4361/4361
f 4361/4361/4361 4362/4362/4362 4359/4359/4359
f 4363/4363/4363 4364/4364/4364 4365/4365/4365
f 4365/4365/4365 4366/4366/4366 4363/4363/4363
f 4367/4367/4367 4368/4368/4368 4369/4369/4369
f 4369/4369/4369 4370/4370/4370 4367/4367/4367
f 4371/4371/4371 4372/4372/4372 4373/4373/4373
f 4373/4373/4373 4374/4374/4374 4371/4371/4371
f 4375/4375/4375 4376/4376/4376 4377/4377/4377
f 4377/4377/4377 4378/4378/4378 4375/4375/4375
f 4379/4379/4379 4380/4380/4380 4381/4381/4381
f 4381/4381/4381 4382/4382/4382 4379/4379/4379
f 4383/4383/4383 4384/4384/4384 4385/4385/4385
f 4385/4385/4385 4386/4386/4386 4383/4383/4383
f 4387/4387/4387 4388/4388/4388 4389/4389/4389
f 4389/4389/4389 4390/4390/4390 4387/4387/4387
f 4391/4391/4391 4392/4392/4392 4393/4393/4393
f 4393/4393/4393 4394/4394/4394 4391/4391/4391
f 4395/4395/4395 4396/4396/4396 4397/4397/4397
f 4397/4397/4397 4398/4398/4398 4395/4395/4395
f 4399/4399/4399 4400/4400/4400 4401/4401/4401
f 4401/4401/4401 4402/4402/4402 4399/4399/4399
f 4403/4403/4403 4404/4404/4404 4405/4405/4405
f 4405/4405/4405 4406/4406/4406 4403/4403/4403
f 4407/4407/4407 4408/4408/4408 4409/4409/4409
f 4409/4409/4409 4410/4410/4410 4407/4407/4407
f 4411/4411/4411 4412/4412/4412 4413/4413/4413
f 4413/4413/4413 4414/4414/4414 4411/4411/4411
f 4415/4415/4415 4416/4416/4416 4417/4417/4417
f 4415/4415/4415 4417/4417/4417 4418/4418/4418
f 4415/4415/4415 4418/4418/4418 4419/4419/4419
f 4419/4419/4419 4420/4420/4420 4415/4415/4415
f 4421/4421/4421 4422/4422/4422 4423/4423/4423
f 4423/4423/4423 4424/4424/4424 4421/4421/4421
f 4425/4425/4425 4426/4426/4426 4427/4427/4427
f 4427/4427/4427 4428/4428/4428 4425/4425/4425
f 4429/4429/4429 4430/4430/4430 4431/4431/4431
f 4431/4431/4431 4432/4432/4432 4429/4429/4429
f 4433/4433/4433 4434/4434/4434 4435/4435/4435
f 4435/4435/4435 4436/4436/4436 4433/4433/4433
f 4437/4437/4437 4438/4438/4438 4439/4439/4439
f 4439/4439/4439 4440/4440/4440 4437/4437/4437
f 4441/4441/4441 4442/4442/4442 4443/4443/4443
f 4443/4443/4443 4444/4444/4444 4441/4441/4441
f 4445/4445/4445 4446/4446/4446 4447/4447/4447
f 4447/4447/4447 4448/4448/4448 4445/4445/4445
f 4449/4449/4449 4450/4450/4450 4451/4451/4451
f 4451/4451/4451 4452/4452/4452 4449/4449/4449
f 4453/4453/4453 4454/4454/4454 4455/4455/4455
f 4455/4455/4455 4456/4456/4456 4453/4453/4453
f 4457/4457/4457 4458/4458/4458 4459/4459/4459
f 4459/4459/4459 4460/4460/4460 4457/4457/4457
f 4461/4461/4461 4462/4462/4462 4463/4463/4463
f 4463/4463/4463 4464/4464/4464 4461/4461/4461
f 4465/4465/4465 4466/4466/4466 4467/4467/4467
f 4467/4467/4467 4468/4468/4468 4465/4465/4465
f 660/660/660 4469/4469/4469 4470/4470/4470
f 4470/4470/4470 657/657/657 660/660/660
f 4471/4471/4471 4472/4472/4472 4473/4473/4473
f 4473/4473/4473 4474/4474/4474 4471/4471/4471
f 4475/4475/4475 4476/4476/4476 4477/4477/4477
f 4477/4477/4477 4478/4478/4478 4475/4475/4475
f 4479/4479/4479 4480/4480/4480 4481/4481/4481
f 4481/4481/4481 4482/4482/4482 4479/4479/4479
f 4483/4483/4483 4484/4484/4484 3722/3722/3722
f 3722/3722/3722 3721/3721/3721 4483/4483/4483
f 4485/4485/4485 4486/4486/4486 4487/4487/4487
f 4487/4487/4487 4488/4488/4488 4485/4485/4485
f 4489/4489/4489 4490/4490/4490 4491/4491/4491
f 4491/4491/4491 4492/4492/4492 4489/4489/4489
f 1344/1344/1344 4493/4493/4493 4494/4494/4494
f 4494/4494/4494 1341/1341/1341 1344/1344/1344
f 3752/3752/3752 4495/4495/4495 4496/4496/4496
f 4496/4496/4496 3749/3749/3749 3752/3752/3752
f 4497/4497/4497 4498/4498/4498 4499/4499/4499
f 4499/4499/4499 4500/4500/4500 4497/4497/4497
f 4501/4501/4501 4502/4502/4502 4503/4503/4503
f 4501/4501/4501 4503/4503/4503 4504/4504/4504
f 4501/4501/4501 4504/4504/4504 4505/4505/4505
f 4505/4505/4505 1413/1413/1413 1412/1412/1412
f 4505/4505/4505 1412/1412/1412 4506/4506/4506
f 4505/4505/4505 4506/4506/4506 4507/4507/4507
f 4507/4507/4507 4508/4508/4508 4509/4509/4509
f 4507/4507/4507 4509/4509/4509 4510/4510/4510
f 4507/4507/4507 4510/4510/4510 4511/4511/4511
f 4511/4511/4511 4512/4512/4512 4513/4513/4513
f 4511/4511/4511 4513/4513/4513 4514/4514/4514
f 4511/4511/4511 4514/4514/4514 4501/4501/4501
f 4511/4511/4511 4501/4501/4501 4505/4505/4505
f 4505/4505/4505 4507/4507/4507 4511/4511/4511
f 4515/4515/4515 4516/4516/4516 4517/4517/4517
f 4517/4517/4517 4518/4518/4518 4515/4515/4515
f 4519/4519/4519 4520/4520/4520 4521/4521/4521
f 4521/4521/4521 4522/4522/4522 4519/4519/4519
f 4523/4523/4523 4524/4524/4524 4525/4525/4525
f 4525/4525/4525 4526/4526/4526 4523/4523/4523
f 4527/4527/4527 4528/4528/4528 4529/4529/4529
f 4529/4529/4529 4530/4530/4530 4527/4527/4527
f 4531/4531/4531 4532/4532/4532 4533/4533/4533
f 4533/4533/4533 4534/4534/4534 4531/4531/4531
f 4535/4535/4535 4536/4536/4536 4537/4537/4537
f 4537/4537/4537 4538/4538/4538 4535/4535/4535
f 4539/4539/4539 4540/4540/4540 4541/4541/4541
f 4541/4541/4541 4542/4542/4542 4539/4539/4539
f 4543/4543/4543 4544/4544/4544 4545/4545/4545
f 4545/4545/4545 4546/4546/4546 4543/4543/4543
f 4547/4547/4547 4548/4548/4548 4549/4549/4549
f 4549/4549/4549 4550/4550/4550 4547/4547/4547
f 4551/4551/4551 4552/4552/4552 4553/4553/4553
f 4553/4553/4553 4554/4554/4554 4551/4551/4551
f 4555/4555/4555 4556/4556/4556 4557/4557/4557
f 4557/4557/4557 4558/4558/4558 4555/4555/4555
f 4559/4559/4559 4560/4560/4560 4561/4561/4561
f 4561/4561/4561 4562/4562/4562 4559/4559/4559
f 4563/4563/4563 4564/4564/4564 4565/4565/4565
f 4565/4565/4565 4566/4566/4566 4563/4563/4563
f 4567/4567/4567 4568/4568/4568 4569/4569/4569
f 4569/4569/4569 4570/4570/4570 4567/4567/4567
f 4571/4571/4571 4572/4572/4572 4573/4573/4573
f 4573/4573/4573 4574/4574/4574 4571/4571/4571
f 4575/4575/4575 4576/4576/4576 4577/4577/4577
f 4577/4577/4577 4578/4578/4578 4575/4575/4575
f 4579/4579/4579 4580/4580/4580 4581/4581/4581
f 4581/4581/4581 4582/4582/4582 4579/4579/4579
f 4583/4583/4583 4584/4584/4584 4585/4585/4585
f 4583/4583/4583 4585/4585/4585 4586/4586/4586
f 4583/4583/4583 4586/4586/4586 4587/4587/4587
f 4583/4583/4583 4587/4587/4587 4588/4588/4588
f 4588/4588/4588 4589/4589/4589 4590/4590/4590
f 4588/4588/4588 4590/4590/4590 4591/4591/4591
f 4591/4591/4591 4592/4592/4592 4593/4593/4593
f 4591/4591/4591 4593/4593/4593 4594/4594/4594
f 4591/4591/4591 4594/4594/4594 4595/4595/4595
f 4591/4591/4591 4595/4595/4595 4596/4596/4596
f 4597/4597/4597 4583/4583/4583 4588/4588/4588
f 4588/4588/4588 4591/4591/4591 4596/4596/4596
f 4588/4588/4588 4596/4596/4596 4598/4598/4598
f 4588/4588/4588 4598/4598/4598 4597/4597/4597
f 4599/4599/4599 4600/4600/4600 4474/4474/4474
f 4474/4474/4474 4473/4473/4473 4599/4599/4599
f 4601/4601/4601 4602/4602/4602 4603/4603/4603
f 4603/4603/4603 4604/4604/4604 4601/4601/4601
f 4605/4605/4605 4606/4606/4606 4607/4607/4607
f 4607/4607/4607 4608/4608/4608 4605/4605/4605
f 4609/4609/4609 4610/4610/4610 4611/4611/4611
f 4611/4611/4611 4612/4612/4612 4609/4609/4609
f 4613/4613/4613 4614/4614/4614 3828/3828/3828
f 3828/3828/3828 3827/3827/3827 4613/4613/4613
f 4615/4615/4615 4616/4616/4616 4617/4617/4617
f 4617/4617/4617 4618/4618/4618 4615/4615/4615
f 4619/4619/4619 4620/4620/4620 4621/4621/4621
f 4621/4621/4621 4622/4622/4622 4619/4619/4619
f 4623/4623/4623 4624/4624/4624 4625/4625/4625
f 4623/4623/4623 4625/4625/4625 4626/4626/4626
f 4623/4623/4623 4626/4626/4626 4627/4627/4627
f 4627/4627/4627 1649/1649/1649 1648/1648/1648
f 4627/4627/4627 1648/1648/1648 4628/4628/4628
f 4627/4627/4627 4628/4628/4628 4629/4629/4629
f 4629/4629/4629 4630/4630/4630 4631/4631/4631
f 4629/4629/4629 4631/4631/4631 4632/4632/4632
f 4629/4629/4629 4632/4632/4632 4633/4633/4633
f 4633/4633/4633 4634/4634/4634 4635/4635/4635
f 4633/4633/4633 4635/4635/4635 4636/4636/4636
f 4633/4633/4633 4636/4636/4636 4623/4623/4623
f 4633/4633/4633 4623/4623/4623 4627/4627/4627
f 4627/4627/4627 4629/4629/4629 4633/4633/4633
f 4637/4637/4637 4638/4638/4638 4639/4639/4639
f 4639/4639/4639 4640/4640/4640 4637/4637/4637
f 4641/4641/4641 4642/4642/4642 4643/4643/4643
f 4643/4643/4643 4644/4644/4644 4641/4641/4641
f 4645/4645/4645 4646/4646/4646 4647/4647/4647
f 4647/4647/4647 4648/4648/4648 4645/4645/4645
f 4649/4649/4649 4650/4650/4650 4651/4651/4651
f 4651/4651/4651 4652/4652/4652 4649/4649/4649
f 4653/4653/4653 4654/4654/4654 4655/4655/4655
f 4655/4655/4655 4656/4656/4656 4653/4653/4653
f 4657/4657/4657 4658/4658/4658 4659/4659/4659
f 4659/4659/4659 4660/4660/4660 4657/4657/4657
f 4661/4661/4661 4662/4662/4662 4663/4663/4663
f 4663/4663/4663 4664/4664/4664 4661/4661/4661
f 4665/4665/4665 4666/4666/4666 4667/4667/4667
f 4667/4667/4667 4668/4668/4668 4665/4665/4665
f 4669/4669/4669 4670/4670/4670 4671/4671/4671
f 4671/4671/4671 4672/4672/4672 4669/4669/4669
f 4673/4673/4673 4674/4674/4674 4675/4675/4675
f 4675/4675/4675 4676/4676/4676 4673/4673/4673
f 4677/4677/4677 4678/4678/4678 4679/4679/4679
f 4679/4679/4679 4680/4680/4680 4677/4677/4677
f 4681/4681/4681 4682/4682/4682 4683/4683/4683
f 4683/4683/4683 4684/4684/4684 4681/4681/4681
f 4685/4685/4685 4686/4686/4686 4687/4687/4687
f 4687/4687/4687 4688/4688/4688 4685/4685/4685
f 4689/4689/4689 4690/4690/4690 4691/4691/4691
f 4691/4691/4691 4692/4692/4692 4689/4689/4689
f 4693/4693/4693 4694/4694/4694 4695/4695/4695
f 4695/4695/4695 4696/4696/4696 4693/4693/4693
f 4697/4697/4697 4698/4698/4698 4699/4699/4699
f 4699/4699/4699 4700/4700/4700 4697/4697/4697
f 4701/4701/4701 4702/4702/4702 4703/4703/4703
f 4703/4703/4703 4704/4704/4704 4701/4701/4701
f 4705/4705/4705 4706/4706/4706 4707/4707/4707
f 4707/4707/4707 4708/4708/4708 4705/4705/4705
f 4709/4709/4709 4710/4710/4710 4711/4711/4711
f 4711/4711/4711 4712/4712/4712 4709/4709/4709
f 4713/4713/4713 4714/4714/4714 4715/4715/4715
f 4715/4715/4715 4716/4716/4716 4713/4713/4713
f 4717/4717/4717 4718/4718/4718 4719/4719/4719
f 4719/4719/4719 4720/4720/4720 4717/4717/4717
f 4721/4721/4721 4722/4722/4722 4723/4723/4723
f 4723/4723/4723 4724/4724/4724 4721/4721/4721
f 4725/4725/4725 4726/4726/4726 4727/4727/4727
f 4727/4727/4727 4728/4728/4728 4725/4725/4725
f 4729/4729/4729 4730/4730/4730 4731/4731/4731
f 4731/4731/4731 4732/4732/4732 4729/4729/4729
f 4733/4733/4733 4734/4734/4734 4735/4735/4735
f 4735/4735/4735 4736/4736/4736 4733/4733/4733
f 4737/4737/4737 4738/4738/4738 4739/4739/4739
f 4739/4739/4739 4740/4740/4740 4737/4737/4737
f 4741/4741/4741 4742/4742/4742 4743/4743/4743
f 4743/4743/4743 4744/4744/4744 4741/4741/4741
f 4745/4745/4745 4746/4746/4746 4747/4747/4747
f 4747/4747/4747 4748/4748/4748 4745/4745/4745
f 4749/4749/4749 4750/4750/4750 4751/4751/4751
f 4751/4751/4751 4752/4752/4752 4749/4749/4749
f 4753/4753/4753 4754/4754/4754 4755/4755/4755
f 4755/4755/4755 4756/4756/4756 4753/4753/4753
f 4757/4757/4757 4758/4758/4758 4759/4759/4759
f 4759/4759/4759 4760/4760/4760 4757/4757/4757
f 4761/4761/4761 4762/4762/4762 4763/4763/4763
f 4763/4763/4763 4764/4764/4764 4761/4761/4761
f 4765/4765/4765 4766/4766/4766 4767/4767/4767
f 4767/4767/4767 4768/4768/4768 4765/4765/4765
f 4769/4769/4769 4770/4770/4770 4771/4771/4771
f 4771/4771/4771 4772/4772/4772 4769/4769/4769
f 4773/4773/4773 4774/4774/4774 4775/4775/4775
f 4775/4775/4775 4776/4776/4776 4773/4773/4773
f 4777/4777/4777 4778/4778/4778 4779/4779/4779
f 4779/4779/4779 4780/4780/4780 4777/4777/4777
f 4781/4781/4781 4782/4782/4782 4783/4783/4783
f 4783/4783/4783 4784/4784/4784 4781/4781/4781
f 4785/4785/4785 4786/4786/4786 4787/4787/4787
f 4787/4787/4787 4788/4788/4788 4785/4785/4785
f 4789/4789/4789 4790/4790/4790 4791/4791/4791
f 4791/4791/4791 4792/4792/4792 4789/4789/4789
f 4793/4793/4793 4794/4794/4794 4795/4795/4795
f 4795/4795/4795 4796/4796/4796 4793/4793/4793
f 4797/4797/4797 4798/4798/4798 4799/4799/4799
f 4799/4799/4799 4800/4800/4800 4797/4797/4797
f 4801/4801/4801 4802/4802/4802 4803/4803/4803
f 4803/4803/4803 4804/4804/4804 4801/4801/4801
f 4805/4805/4805 4806/4806/4806 4807/4807/4807
f 4807/4807/4807 4808/4808/4808 4805/4805/4805
f 4809/4809/4809 4810/4810/4810 4811/4811/4811
f 4811/4811/4811 4812/4812/4812 4809/4809/4809
f 4813/4813/4813 4814/4814/4814 4815/4815/4815
f 4815/4815/4815 4816/4816/4816 4813/4813/4813
f 4817/4817/4817 4818/4818/4818 4819/4819/4819
f 4819/4819/4819 4820/4820/4820 4817/4817/4817
f 4821/4821/4821 4822/4822/4822 4823/4823/4823
f 4823/4823/4823 4824/4824/4824 4821/4821/4821
f 4825/4825/4825 4826/4826/4826 4827/4827/4827
f 4827/4827/4827 4828/4828/4828 4825/4825/4825
f 4829/4829/4829 4830/4830/4830 4831/4831/4831
f 4831/4831/4831 4832/4832/4832 4829/4829/4829
f 4833/4833/4833 4834/4834/4834 4835/4835/4835
f 4835/4835/4835 4836/4836/4836 4833/4833/4833
f 4837/4837/4837 4838/4838/4838 4839/4839/4839
f 4839/4839/4839 4840/4840/4840 4837/4837/4837
f 4841/4841/4841 4842/4842/4842 4843/4843/4843
f 4843/4843/4843 4844/4844/4844 4841/4841/4841
f 4845/4845/4845 4846/4846/4846 4847/4847/4847
f 4847/4847/4847 4848/4848/4848 4845/4845/4845
f 4849/4849/4849 4850/4850/4850 4851/4851/4851
f 4851/4851/4851 4852/4852/4852 4849/4849/4849
f 4853/4853/4853 4854/4854/4854 4855/4855/4855
f 4855/4855/4855 4856/4856/4856 4853/4853/4853
f 4857/4857/4857 4858/4858/4858 4859/4859/4859
f 4859/4859/4859 4860/4860/4860 4857/4857/4857
f 4861/4861/4861 4862/4862/4862 4863/4863/4863
f 4863/4863/4863 4864/4864/4864 4861/4861/4861
f 4865/4865/4865 4866/4866/4866 4867/4867/4867
f 4867/4867/4867 4868/4868/4868 4865/4865/4865
f 4869/4869/4869 4870/4870/4870 4871/4871/4871
f 4871/4871/4871 4872/4872/4872 4869/4869/4869
f 4873/4873/4873 4874/4874/4874 4875/4875/4875
f 4875/4875/4875 4876/4876/4876 4873/4873/4873
f 4877/4877/4877 4878/4878/4878 4879/4879/4879
f 4879/4879/4879 4880/4880/4880 4877/4877/4877
f 4881/4881/4881 4882/4882/4882 4883/4883/4883
f 4883/4883/4883 4884/4884/4884 4881/4881/4881
f 4885/4885/4885 4886/4886/4886 4887/4887/4887
f 4887/4887/4887 4888/4888/4888 4885/4885/4885
f 4889/4889/4889 4890/4890/4890 4891/4891/4891
f 4891/4891/4891 4892/4892/4892 4889/4889/4889
f 4893/4893/4893 4894/4894/4894 4895/4895/4895
f 4895/4895/4895 4896/4896/4896 4893/4893/4893
f 4897/4897/4897 4898/4898/4898 4899/4899/4899
f 4899/4899/4899 4900/4900/4900 4897/4897/4897
f 4901/4901/4901 4902/4902/4902 4903/4903/4903
f 4903/4903/4903 4904/4904/4904 4901/4901/4901
f 4905/4905/4905 4906/4906/4906 4907/4907/4907
f 4907/4907/4907 4908/4908/4908 4905/4905/4905
f 4909/4909/4909 4910/4910/4910 4911/4911/4911
f 4911/4911/4911 4912/4912/4912 4909/4909/4909
f 4913/4913/4913 4914/4914/4914 4915/4915/4915
f 4915/4915/4915 4916/4916/4916 4913/4913/4913
f 4917/4917/4917 4918/4918/4918 4919/4919/4919
f 4919/4919/4919 4920/4920/4920 4917/4917/4917
f 4921/4921/4921 4922/4922/4922 4923/4923/4923
f 4923/4923/4923 4924/4924/4924 4921/4921/4921
f 4925/4925/4925 4926/4926/4926 4927/4927/4927
f 4927/4927/4927 4928/4928/4928 4925/4925/4925
f 4929/4929/4929 4930/4930/4930 4931/4931/4931
f 4931/4931/4931 4932/4932/4932 4929/4929/4929
f 4933/4933/4933 4934/4934/4934 4935/4935/4935
f 4935/4935/4935 4936/4936/4936 4933/4933/4933
f 4937/4937/4937 4938/4938/4938 4939/4939/4939
f 4939/4939/4939 4940/4940/4940 4937/4937/4937
f 4941/4941/4941 4942/4942/4942 4943/4943/4943
f 4943/4943/4943 4944/4944/4944 4941/4941/4941
f 4945/4945/4945 4946/4946/4946 4947/4947/4947
f 4947/4947/4947 4948/4948/4948 4945/4945/4945
f 4949/4949/4949 4950/4950/4950 4951/4951/4951
f 4951/4951/4951 4952/4952/4952 4949/4949/4949
f 4953/4953/4953 4954/4954/4954 4955/4955/4955
f 4955/4955/4955 4956/4956/4956 4953/4953/4953
f 4957/4957/4957 4958/4958/4958 4959/4959/4959
f 4959/4959/4959 4960/4960/4960 4957/4957/4957
f 4961/4961/4961 4962/4962/4962 4963/4963/4963
f 4963/4963/4963 4964/4964/4964 4961/4961/4961
f 4965/4965/4965 4966/4966/4966 4967/4967/4967
f 4967/4967/4967 4968/4968/4968 4965/4965/4965
f 4969/4969/4969 4970/4970/4970 4971/4971/4971
f 4971/4971/4971 4972/4972/4972 4969/4969/4969
f 4973/4973/4973 4974/4974/4974 4975/4975/4975
f 4975/4975/4975 4976/4976/4976 4973/4973/4973
f 4977/4977/4977 4978/4978/4978 4979/4979/4979
f 4979/4979/4979 4980/4980/4980 4977/4977/4977
f 4981/4981/4981 4982/4982/4982 4983/4983/4983
f 4983/4983/4983 4984/4984/4984 4981/4981/4981
f 4985/4985/4985 4986/4986/4986 4987/4987/4987
f 4987/4987/4987 4988/4988/4988 4985/4985/4985
f 4989/4989/4989 4990/4990/4990 4991/4991/4991
f 4991/4991/4991 4992/4992/4992 4989/4989/4989
f 4993/4993/4993 4994/4994/4994 4995/4995/4995
f 4995/4995/4995 4996/4996/4996 4993/4993/4993
f 4997/4997/4997 3409/3409/3409 3408/3408/3408
f 3408/3408/3408 4998/4998/4998 4997/4997/4997
f 4999/4999/4999 5000/5000/5000 5001/5001/5001
f 5001/5001/5001 5002/5002/5002 4999/4999/4999
f 1168/1168/1168 1167/1167/1167 5003/5003/5003
f 5003/5003/5003 5004/5004/5004 1168/1168/1168
f 5005/5005/5005 5006/5006/5006 5007/5007/5007
f 5007/5007/5007 5008/5008/5008 5005/5005/5005
f 5009/5009/5009 4223/4223/4223 4222/4222/4222
f 4222/4222/4222 5010/5010/5010 5009/5009/5009
f 3744/3744/3744 5011/5011/5011 5012/5012/5012
f 5012/5012/5012 3741/3741/3741 3744/3744/3744
f 5013/5013/5013 5014/5014/5014 5015/5015/5015
f 5015/5015/5015 5016/5016/5016 5013/5013/5013
f 3432/3432/3432 3431/3431/3431 5017/5017/5017
f 5017/5017/5017 5018/5018/5018 3432/3432/3432
f 90/90/90 89/89/89 5019/5019/5019
f 5019/5019/5019 5020/5020/5020 90/90/90
f 1188/1188/1188 1187/1187/1187 5021/5021/5021
f 5021/5021/5021 5022/5022/5022 1188/1188/1188
f 5023/5023/5023 5024/5024/5024 5025/5025/5025
f 5025/5025/5025 5026/5026/5026 5023/5023/5023
f 5027/5027/5027 5028/5028/5028 5029/5029/5029
f 5029/5029/5029 5030/5030/5030 5027/5027/5027
f 3438/3438/3438 3437/3437/3437 5031/5031/5031
f 5031/5031/5031 5032/5032/5032 3438/3438/3438
f 5033/5033/5033 5034/5034/5034 5035/5035/5035
f 5035/5035/5035 5036/5036/5036 5033/5033/5033
f 5037/5037/5037 3443/3443/3443 3442/3442/3442
f 3442/3442/3442 5038/5038/5038 5037/5037/5037
f 3796/3796/3796 3795/3795/3795 5039/5039/5039
f 5039/5039/5039 5040/5040/5040 3796/3796/3796
f 1506/1506/1506 5041/5041/5041 5042/5042/5042
f 5042/5042/5042 1503/1503/1503 1506/1506/1506
f 5043/5043/5043 5044/5044/5044 5045/5045/5045
f 5045/5045/5045 5046/5046/5046 5043/5043/5043
f 5047/5047/5047 5048/5048/5048 5049/5049/5049
f 5049/5049/5049 5050/5050/5050 5047/5047/5047
f 5051/5051/5051 5052/5052/5052 5053/5053/5053
f 5051/5051/5051 5053/5053/5053 5054/5054/5054
f 5054/5054/5054 5055/5055/5055 5056/5056/5056
f 5054/5054/5054 5056/5056/5056 5057/5057/5057
f 5057/5057/5057 5058/5058/5058 1823/1823/1823
f 5057/5057/5057 1823/1823/1823 1822/1822/1822
f 5057/5057/5057 1822/1822/1822 5059/5059/5059
f 5057/5057/5057 5059/5059/5059 5060/5060/5060
f 5057/5057/5057 5060/5060/5060 5061/5061/5061
f 5057/5057/5057 5061/5061/5061 5062/5062/5062
f 5063/5063/5063 5051/5051/5051 5054/5054/5054
f 5054/5054/5054 5057/5057/5057 5062/5062/5062
f 5054/5054/5054 5062/5062/5062 5064/5064/5064
f 5054/5054/5054 5064/5064/5064 5063/5063/5063
f 5065/5065/5065 5066/5066/5066 5067/5067/5067
f 5067/5067/5067 5068/5068/5068 5065/5065/5065
f 5069/5069/5069 5070/5070/5070 4585/4585/4585
f 5069/5069/5069 4585/4585/4585 4584/4584/4584
f 5069/5069/5069 4584/4584/4584 5071/5071/5071
f 5069/5069/5069 5071/5071/5071 5072/5072/5072
f 5069/5069/5069 5072/5072/5072 5073/5073/5073
f 5069/5069/5069 5073/5073/5073 5074/5074/5074
f 5075/5075/5075 5076/5076/5076 5077/5077/5077
f 5075/5075/5075 5077/5077/5077 5078/5078/5078
f 5075/5075/5075 5078/5078/5078 5079/5079/5079
f 5075/5075/5075 5079/5079/5079 5080/5080/5080
f 5080/5080/5080 5081/5081/5081 5069/5069/5069
f 5080/5080/5080 5069/5069/5069 5074/5074/5074
f 5080/5080/5080 5074/5074/5074 5082/5082/5082
f 5082/5082/5082 5075/5075/5075 5080/5080/5080
f 5083/5083/5083 5084/5084/5084 5085/5085/5085
f 5085/5085/5085 5086/5086/5086 5083/5083/5083
f 5087/5087/5087 5088/5088/5088 5089/5089/5089
f 5089/5089/5089 5090/5090/5090 5091/5091/5091
f 5089/5089/5089 5091/5091/5091 5092/5092/5092
f 5089/5089/5089 5092/5092/5092 5087/5087/5087
f 5093/5093/5093 5094/5094/5094 5095/5095/5095
f 5095/5095/5095 5096/5096/5096 5093/5093/5093
f 5097/5097/5097 5098/5098/5098 5099/5099/5099
f 5099/5099/5099 5100/5100/5100 5097/5097/5097
f 5101/5101/5101 5102/5102/5102 5103/5103/5103
f 5103/5103/5103 5104/5104/5104 5101/5101/5101
f 5105/5105/5105 5106/5106/5106 5107/5107/5107
f 5107/5107/5107 5108/5108/5108 5105/5105/5105
f 5109/5109/5109 5110/5110/5110 5111/5111/5111
f 5111/5111/5111 5112/5112/5112 5109/5109/5109
f 5113/5113/5113 5114/5114/5114 5115/5115/5115
f 5115/5115/5115 5116/5116/5116 5113/5113/5113
f 5117/5117/5117 5118/5118/5118 5119/5119/5119
f 5119/5119/5119 5120/5120/5120 5117/5117/5117
f 5121/5121/5121 5122/5122/5122 5123/5123/5123
f 5123/5123/5123 5124/5124/5124 5121/5121/5121
f 5125/5125/5125 5126/5126/5126 5127/5127/5127
f 5127/5127/5127 5128/5128/5128 5125/5125/5125
f 5129/5129/5129 5130/5130/5130 5131/5131/5131
f 5131/5131/5131 5132/5132/5132 5129/5129/5129
f 5133/5133/5133 5134/5134/5134 5135/5135/5135
f 5135/5135/5135 5136/5136/5136 5133/5133/5133
f 5137/5137/5137 5138/5138/5138 5139/5139/5139
f 5139/5139/5139 5140/5140/5140 5137/5137/5137
f 5141/5141/5141 5142/5142/5142 5143/5143/5143
f 5141/5141/5141 5143/5143/5143 5144/5144/5144
f 5141/5141/5141 5144/5144/5144 5145/5145/5145
f 5145/5145/5145 5146/5146/5146 5141/5141/5141
f 5147/5147/5147 5148/5148/5148 5149/5149/5149
f 5147/5147/5147 5149/5149/5149 5150/5150/5150
f 5147/5147/5147 5150/5150/5150 5151/5151/5151
f 5151/5151/5151 5152/5152/5152 5147/5147/5147
f 5153/5153/5153 5154/5154/5154 5155/5155/5155
f 5153/5153/5153 5155/5155/5155 5156/5156/5156
f 5153/5153/5153 5156/5156/5156 5157/5157/5157
f 5157/5157/5157 5158/5158/5158 5153/5153/5153
f 5159/5159/5159 5160/5160/5160 5161/5161/5161
f 5159/5159/5159 5161/5161/5161 5162/5162/5162
f 5159/5159/5159 5162/5162/5162 5163/5163/5163
f 5163/5163/5163 5164/5164/5164 5159/5159/5159
f 5165/5165/5165 5166/5166/5166 5167/5167/5167
f 5167/5167/5167 5168/5168/5168 5165/5165/5165
f 5169/5169/5169 5170/5170/5170 5171/5171/5171
f 5171/5171/5171 5172/5172/5172 5169/5169/5169
f 5173/5173/5173 5174/5174/5174 5175/5175/5175
f 5175/5175/5175 5176/5176/5176 5173/5173/5173
f 5177/5177/5177 5178/5178/5178 5179/5179/5179
f 5179/5179/5179 5180/5180/5180 5177/5177/5177
f 5181/5181/5181 5182/5182/5182 5183/5183/5183
f 5183/5183/5183 5184/5184/5184 5181/5181/5181
f 5185/5185/5185 5186/5186/5186 5187/5187/5187
f 5187/5187/5187 5188/5188/5188 5185/5185/5185
f 5189/5189/5189 5190/5190/5190 5191/5191/5191
f 5191/5191/5191 5192/5192/5192 5189/5189/5189
f 5193/5193/5193 5194/5194/5194 5195/5195/5195
f 5195/5195/5195 5196/5196/5196 5193/5193/5193
f 5197/5197/5197 5198/5198/5198 5199/5199/5199
f 5199/5199/5199 5200/5200/5200 5197/5197/5197
f 5201/5201/5201 5202/5202/5202 5203/5203/5203
f 5203/5203/5203 5204/5204/5204 5201/5201/5201
f 5205/5205/5205 5206/5206/5206 5207/5207/5207
f 5207/5207/5207 5208/5208/5208 5205/5205/5205
f 5209/5209/5209 5210/5210/5210 5211/5211/5211
f 5211/5211/5211 5212/5212/5212 5209/5209/5209
f 5213/5213/5213 5214/5214/5214 5215/5215/5215
f 5215/5215/5215 5216/5216/5216 5213/5213/5213
f 5217/5217/5217 5218/5218/5218 5219/5219/5219
f 5219/5219/5219 5220/5220/5220 5217/5217/5217
f 5221/5221/5221 5222/5222/5222 5223/5223/5223
f 5223/5223/5223 5224/5224/5224 5221/5221/5221
f 5225/5225/5225 5226/5226/5226 5227/5227/5227
f 5227/5227/5227 5228/5228/5228 5225/5225/5225
f 5229/5229/5229 5230/5230/5230 5231/5231/5231
f 5231/5231/5231 5232/5232/5232 5229/5229/5229
f 5233/5233/5233 5234/5234/5234 5235/5235/5235
f 5235/5235/5235 5236/5236/5236 5233/5233/5233
f 5237/5237/5237 5238/5238/5238 5239/5239/5239
f 5239/5239/5239 5240/5240/5240 5237/5237/5237
f 5241/5241/5241 5242/5242/5242 5243/5243/5243
f 5243/5243/5243 5244/5244/5244 5241/5241/5241
f 5245/5245/5245 5246/5246/5246 5247/5247/5247
f 5245/5245/5245 5247/5247/5247 5248/5248/5248
f 5245/5245/5245 5248/5248/5248 5249/5249/5249
f 5249/5249/5249 5250/5250/5250 5245/5245/5245
f 5251/5251/5251 5252/5252/5252 5253/5253/5253
f 5253/5253/5253 5254/5254/5254 5251/5251/5251
f 5255/5255/5255 5256/5256/5256 5257/5257/5257
f 5257/5257/5257 5258/5258/5258 5255/5255/5255
f 5259/5259/5259 5260/5260/5260 5261/5261/5261
f 5261/5261/5261 5262/5262/5262 5259/5259/5259
f 5263/5263/5263 5264/5264/5264 5265/5265/5265
f 5265/5265/5265 5266/5266/5266 5263/5263/5263
f 5267/5267/5267 5268/5268/5268 5269/5269/5269
f 5269/5269/5269 5270/5270/5270 5267/5267/5267
f 5271/5271/5271 5272/5272/5272 5273/5273/5273
f 5271/5271/5271 5273/5273/5273 5274/5274/5274
f 5271/5271/5271 5274/5274/5274 5275/5275/5275
f 5275/5275/5275 5276/5276/5276 5271/5271/5271
f 5277/5277/5277 5278/5278/5278 5279/5279/5279
f 5277/5277/5277 5279/5279/5279 5280/5280/5280
f 5277/5277/5277 5280/5280/5280 5281/5281/5281
f 5281/5281/5281 5282/5282/5282 5277/5277/5277
f 5283/5283/5283 5284/5284/5284 5285/5285/5285
f 5285/5285/5285 5286/5286/5286 5283/5283/5283
f 5287/5287/5287 5288/5288/5288 5289/5289/5289
f 5289/5289/5289 5290/5290/5290 5287/5287/5287
f 5291/5291/5291 5292/5292/5292 5293/5293/5293
f 5293/5293/5293 5294/5294/5294 5291/5291/5291
f 5295/5295/5295 5296/5296/5296 5297/5297/5297
f 5297/5297/5297 5298/5298/5298 5295/5295/5295
f 5299/5299/5299 5300/5300/5300 5301/5301/5301
f 5301/5301/5301 5302/5302/5302 5299/5299/5299
f 5303/5303/5303 5304/5304/5304 5305/5305/5305
f 5305/5305/5305 5306/5306/5306 5303/5303/5303
f 5307/5307/5307 5308/5308/5308 5309/5309/5309
f 5309/5309/5309 5310/5310/5310 5307/5307/5307
f 5311/5311/5311 5312/5312/5312 5313/5313/5313
f 5313/5313/5313 5314/5314/5314 5311/5311/5311
f 5315/5315/5315 5316/5316/5316 5317/5317/5317
f 5317/5317/5317 5318/5318/5318 5315/5315/5315
f 5319/5319/5319 5320/5320/5320 5321/5321/5321
f 5321/5321/5321 5322/5322/5322 5319/5319/5319
f 5323/5323/5323 5324/5324/5324 5325/5325/5325
f 5325/5325/5325 5326/5326/5326 5323/5323/5323
f 5327/5327/5327 5328/5328/5328 5329/5329/5329
f 5329/5329/5329 5330/5330/5330 5327/5327/5327
f 5331/5331/5331 5332/5332/5332 5333/5333/5333
f 5333/5333/5333 5334/5334/5334 5331/5331/5331
f 418/418/418 417/417/417 5335/5335/5335
f 5335/5335/5335 5336/5336/5336 418/418/418
f 5337/5337/5337 5338/5338/5338 5339/5339/5339
f 5339/5339/5339 5340/5340/5340 5337/5337/5337
f 5341/5341/5341 5342/5342/5342 5343/5343/5343
f 5343/5343/5343 5344/5344/5344 5341/5341/5341
f 5345/5345/5345 5346/5346/5346 5347/5347/5347
f 5347/5347/5347 5348/5348/5348 5345/5345/5345
f 5349/5349/5349 5350/5350/5350 5351/5351/5351
f 5351/5351/5351 5352/5352/5352 5349/5349/5349
f 5353/5353/5353 5354/5354/5354 5355/5355/5355
f 5355/5355/5355 5356/5356/5356 5353/5353/5353
f 3737/3737/3737 3740/3740/3740 5357/5357/5357
f 5357/5357/5357 5358/5358/5358 3737/3737/3737
f 5034/5034/5034 5033/5033/5033 5359/5359/5359
f 5359/5359/5359 5360/5360/5360 5034/5034/5034
f 3419/3419/3419 3422/3422/3422 5361/5361/5361
f 5361/5361/5361 5362/5362/5362 3419/3419/3419
f 5363/5363/5363 5364/5364/5364 5365/5365/5365
f 5365/5365/5365 5366/5366/5366 5363/5363/5363
f 5367/5367/5367 5368/5368/5368 5369/5369/5369
f 5369/5369/5369 5370/5370/5370 5367/5367/5367
f 5371/5371/5371 36/36/36 35/35/35
f 35/35/35 5372/5372/5372 5371/5371/5371
f 5373/5373/5373 5374/5374/5374 5375/5375/5375
f 5375/5375/5375 5376/5376/5376 5373/5373/5373
f 5377/5377/5377 5378/5378/5378 5379/5379/5379
f 5379/5379/5379 5380/5380/5380 5377/5377/5377
f 5381/5381/5381 5382/5382/5382 5383/5383/5383
f 5383/5383/5383 5384/5384/5384 5381/5381/5381
f 5385/5385/5385 5386/5386/5386 5387/5387/5387
f 5387/5387/5387 5388/5388/5388 5385/5385/5385
f 5389/5389/5389 5390/5390/5390 5391/5391/5391
f 5391/5391/5391 5392/5392/5392 5389/5389/5389
f 5393/5393/5393 5394/5394/5394 5395/5395/5395
f 5395/5395/5395 5396/5396/5396 5393/5393/5393
f 4238/4238/4238 4237/4237/4237 5397/5397/5397
f 5397/5397/5397 5398/5398/5398 4238/4238/4238
f 5399/5399/5399 5400/5400/5400 5401/5401/5401
f 5401/5401/5401 5402/5402/5402 5399/5399/5399
f 5403/5403/5403 5404/5404/5404 5405/5405/5405
f 5405/5405/5405 5406/5406/5406 5403/5403/5403
f 5407/5407/5407 5408/5408/5408 5409/5409/5409
f 5409/5409/5409 5410/5410/5410 5407/5407/5407
f 5411/5411/5411 5412/5412/5412 5413/5413/5413
f 5413/5413/5413 5414/5414/5414 5411/5411/5411
f 5415/5415/5415 5416/5416/5416 5417/5417/5417
f 5417/5417/5417 5418/5418/5418 5415/5415/5415
f 5419/5419/5419 5420/5420/5420 5421/5421/5421
f 5421/5421/5421 5422/5422/5422 5419/5419/5419
f 5423/5423/5423 3425/3425/3425 3424/3424/3424
f 3424/3424/3424 5424/5424/5424 5423/5423/5423
f 5425/5425/5425 5426/5426/5426 5427/5427/5427
f 5427/5427/5427 5428/5428/5428 5425/5425/5425
f 5429/5429/5429 5430/5430/5430 5431/5431/5431
f 5431/5431/5431 5432/5432/5432 5429/5429/5429
f 5433/5433/5433 5434/5434/5434 5435/5435/5435
f 5435/5435/5435 5436/5436/5436 5433/5433/5433
f 5437/5437/5437 5438/5438/5438 5439/5439/5439
f 5439/5439/5439 5440/5440/5440 5437/5437/5437
f 5441/5441/5441 5442/5442/5442 5443/5443/5443
f 5443/5443/5443 5444/5444/5444 5441/5441/5441
f 5445/5445/5445 5446/5446/5446 5447/5447/5447
f 5447/5447/5447 5448/5448/5448 5445/5445/5445
f 3418/3418/3418 5449/5449/5449 5450/5450/5450
f 5450/5450/5450 3415/3415/3415 3418/3418/3418
f 5451/5451/5451 5452/5452/5452 5453/5453/5453
f 5453/5453/5453 5454/5454/5454 5451/5451/5451
f 5455/5455/5455 5456/5456/5456 5457/5457/5457
f 5457/5457/5457 5458/5458/5458 5455/5455/5455
f 5459/5459/5459 5460/5460/5460 5461/5461/5461
f 5461/5461/5461 5462/5462/5462 5459/5459/5459
f 5463/5463/5463 5464/5464/5464 5465/5465/5465
f 5465/5465/5465 5466/5466/5466 5463/5463/5463
f 5467/5467/5467 5468/5468/5468 5469/5469/5469
f 5469/5469/5469 5470/5470/5470 5467/5467/5467
f 5471/5471/5471 5472/5472/5472 5473/5473/5473
f 5473/5473/5473 5474/5474/5474 5471/5471/5471
f 5475/5475/5475 5476/5476/5476 5477/5477/5477
f 5477/5477/5477 5478/5478/5478 5475/5475/5475
f 5479/5479/5479 5480/5480/5480 5481/5481/5481
f 5481/5481/5481 5482/5482/5482 5479/5479/5479
f 5483/5483/5483 5484/5484/5484 5485/5485/5485
f 5485/5485/5485 5486/5486/5486 5483/5483/5483
f 5487/5487/5487 5488/5488/5488 5489/5489/5489
f 5489/5489/5489 5490/5490/5490 5487/5487/5487
f 5491/5491/5491 5492/5492/5492 5493/5493/5493
f 5493/5493/5493 5494/5494/5494 5491/5491/5491
f 5495/5495/5495 5496/5496/5496 5497/5497/5497
f 5497/5497/5497 5498/5498/5498 5495/5495/5495
f 5499/5499/5499 5500/5500/5500 5501/5501/5501
f 5501/5501/5501 5502/5502/5502 5499/5499/5499
f 5503/5503/5503 5504/5504/5504 5505/5505/5505
f 5505/5505/5505 5506/5506/5506 5503/5503/5503
f 5507/5507/5507 5508/5508/5508 5509/5509/5509
f 5509/5509/5509 5510/5510/5510 5507/5507/5507
f 5511/5511/5511 5512/5512/5512 5513/5513/5513
f 5513/5513/5513 5514/5514/5514 5511/5511/5511
f 5515/5515/5515 5516/5516/5516 5517/5517/5517
f 5517/5517/5517 5518/5518/5518 5515/5515/5515
f 5519/5519/5519 5520/5520/5520 5521/5521/5521
f 5521/5521/5521 5522/5522/5522 5519/5519/5519
f 5523/5523/5523 5524/5524/5524 5525/5525/5525
f 5525/5525/5525 5526/5526/5526 5523/5523/5523
f 5527/5527/5527 5528/5528/5528 5529/5529/5529
f 5529/5529/5529 5530/5530/5530 5527/5527/5527
f 5531/5531/5531 5532/5532/5532 5533/5533/5533
f 5533/5533/5533 5534/5534/5534 5531/5531/5531
f 5535/5535/5535 5536/5536/5536 5537/5537/5537
f 5537/5537/5537 5538/5538/5538 5535/5535/5535
f 5539/5539/5539 5540/5540/5540 5541/5541/5541
f 5541/5541/5541 5542/5542/5542 5539/5539/5539
f 5543/5543/5543 5544/5544/5544 5545/5545/5545
f 5545/5545/5545 5546/5546/5546 5543/5543/5543
f 5547/5547/5547 5548/5548/5548 5549/5549/5549
f 5549/5549/5549 5550/5550/5550 5547/5547/5547
f 5551/5551/5551 5552/5552/5552 5553/5553/5553
f 5553/5553/5553 5554/5554/5554 5551/5551/5551
f 5555/5555/5555 5556/5556/5556 5557/5557/5557
f 5557/5557/5557 5558/5558/5558 5555/5555/5555
f 5559/5559/5559 5560/5560/5560 5561/5561/5561
f 5561/5561/5561 5562/5562/5562 5559/5559/5559
f 5563/5563/5563 5564/5564/5564 5565/5565/5565
f 5565/5565/5565 5566/5566/5566 5563/5563/5563
f 5567/5567/5567 5568/5568/5568 5569/5569/5569
f 5569/5569/5569 5570/5570/5570 5567/5567/5567
f 5571/5571/5571 5572/5572/5572 5573/5573/5573
f 5573/5573/5573 5574/5574/5574 5571/5571/5571
f 5575/5575/5575 5576/5576/5576 5577/5577/5577
f 5577/5577/5577 5578/5578/5578 5575/5575/5575
f 5579/5579/5579 5580/5580/5580 5581/5581/5581
f 5581/5581/5581 5582/5582/5582 5579/5579/5579
f 5583/5583/5583 5584/5584/5584 5585/5585/5585
f 5585/5585/5585 5586/5586/5586 5583/5583/5583
f 5587/5587/5587 5588/5588/5588 5589/5589/5589
f 5589/5589/5589 5590/5590/5590 5587/5587/5587
f 5591/5591/5591 5592/5592/5592 5593/5593/5593
f 5593/5593/5593 5594/5594/5594 5591/5591/5591
f 5595/5595/5595 5596/5596/5596 5597/5597/5597
f 5597/5597/5597 5598/5598/5598 5595/5595/5595
f 5599/5599/5599 5600/5600/5600 5601/5601/5601
f 5601/5601/5601 5602/5602/5602 5599/5599/5599
f 5603/5603/5603 5604/5604/5604 5605/5605/5605
f 5605/5605/5605 5606/5606/5606 5603/5603/5603
f 5607/5607/5607 5608/5608/5608 5609/5609/5609
f 5609/5609/5609 5610/5610/5610 5607/5607/5607
f 5611/5611/5611 5612/5612/5612 5613/5613/5613
f 5613/5613/5613 5614/5614/5614 5611/5611/5611
f 5615/5615/5615 5616/5616/5616 5617/5617/5617
f 5617/5617/5617 5618/5618/5618 5615/5615/5615
f 5619/5619/5619 5620/5620/5620 5621/5621/5621
f 5621/5621/5621 5622/5622/5622 5619/5619/5619
f 5623/5623/5623 5624/5624/5624 5625/5625/5625
f 5625/5625/5625 5626/5626/5626 5623/5623/5623
f 5627/5627/5627 5628/5628/5628 5629/5629/5629
f 5629/5629/5629 5630/5630/5630 5627/5627/5627
f 5631/5631/5631 5632/5632/5632 5633/5633/5633
f 5633/5633/5633 5634/5634/5634 5631/5631/5631
f 5635/5635/5635 5636/5636/5636 5637/5637/5637
f 5637/5637/5637 5638/5638/5638 5635/5635/5635
f 5639/5639/5639 5640/5640/5640 5641/5641/5641
f 5641/5641/5641 5642/5642/5642 5639/5639/5639
f 5643/5643/5643 5644/5644/5644 5645/5645/5645
f 5645/5645/5645 5646/5646/5646 5643/5643/5643
f 5647/5647/5647 5648/5648/5648 5649/5649/5649
f 5649/5649/5649 5650/5650/5650 5647/5647/5647
f 5651/5651/5651 5652/5652/5652 5653/5653/5653
f 5653/5653/5653 5654/5654/5654 5651/5651/5651
f 5655/5655/5655 5656/5656/5656 5657/5657/5657
f 5657/5657/5657 5658/5658/5658 5655/5655/5655
f 5659/5659/5659 5660/5660/5660 5661/5661/5661
f 5661/5661/5661 5662/5662/5662 5659/5659/5659
f 5663/5663/5663 5664/5664/5664 5665/5665/5665
f 5665/5665/5665 5666/5666/5666 5663/5663/5663
f 5667/5667/5667 5668/5668/5668 5669/5669/5669
f 5669/5669/5669 5670/5670/5670 5667/5667/5667
f 5671/5671/5671 5672/5672/5672 5673/5673/5673
f 5673/5673/5673 5674/5674/5674 5671/5671/5671
f 5675/5675/5675 5676/5676/5676 5677/5677/5677
f 5677/5677/5677 5678/5678/5678 5675/5675/5675
f 5679/5679/5679 5680/5680/5680 5681/5681/5681
f 5681/5681/5681 5682/5682/5682 5679/5679/5679
f 5683/5683/5683 5684/5684/5684 5685/5685/5685
f 5685/5685/5685 5686/5686/5686 5683/5683/5683
f 5687/5687/5687 5688/5688/5688 5689/5689/5689
f 5689/5689/5689 5690/5690/5690 5687/5687/5687
f 5691/5691/5691 5692/5692/5692 5693/5693/5693
f 5693/5693/5693 5694/5694/5694 5691/5691/5691
f 5695/5695/5695 5696/5696/5696 5697/5697/5697
f 5697/5697/5697 5698/5698/5698 5695/5695/5695
f 5699/5699/5699 5700/5700/5700 5701/5701/5701
f 5701/5701/5701 5702/5702/5702 5699/5699/5699
f 5703/5703/5703 5704/5704/5704 5705/5705/5705
f 5705/5705/5705 5706/5706/5706 5703/5703/5703
f 5707/5707/5707 5708/5708/5708 5709/5709/5709
f 5709/5709/5709 5710/5710/5710 5707/5707/5707
f 5711/5711/5711 5712/5712/5712 5713/5713/5713
f 5713/5713/5713 5714/5714/5714 5711/5711/5711
f 5715/5715/5715 5716/5716/5716 5717/5717/5717
f 5717/5717/5717 5718/5718/5718 5715/5715/5715
f 5719/5719/5719 5720/5720/5720 5721/5721/5721
f 5721/5721/5721 5722/5722/5722 5719/5719/5719
f 5723/5723/5723 5724/5724/5724 5725/5725/5725
f 5725/5725/5725 5726/5726/5726 5723/5723/5723
f 5727/5727/5727 5728/5728/5728 5729/5729/5729
f 5729/5729/5729 5730/5730/5730 5727/5727/5727
f 5731/5731/5731 5732/5732/5732 5733/5733/5733
f 5733/5733/5733 5734/5734/5734 5731/5731/5731
f 5735/5735/5735 5736/5736/5736 5737/5737/5737
f 5737/5737/5737 5738/5738/5738 5735/5735/5735
f 5739/5739/5739 5740/5740/5740 5741/5741/5741
f 5741/5741/5741 5742/5742/5742 5739/5739/5739
f 5743/5743/5743 5744/5744/5744 5745/5745/5745
f 5745/5745/5745 5746/5746/5746 5743/5743/5743
f 5747/5747/5747 5748/5748/5748 5749/5749/5749
f 5749/5749/5749 5750/5750/5750 5747/5747/5747
f 5751/5751/5751 5752/5752/5752 5753/5753/5753
f 5753/5753/5753 5754/5754/5754 5751/5751/5751
f 5755/5755/5755 5756/5756/5756 5757/5757/5757
f 5757/5757/5757 5758/5758/5758 5755/5755/5755
f 5759/5759/5759 5760/5760/5760 5761/5761/5761
f 5761/5761/5761 5762/5762/5762 5759/5759/5759
f 5763/5763/5763 5764/5764/5764 5765/5765/5765
f 5765/5765/5765 5766/5766/5766 5763/5763/5763
f 5767/5767/5767 5768/5768/5768 5769/5769/5769
f 5769/5769/5769 5770/5770/5770 5767/5767/5767
f 5771/5771/5771 5772/5772/5772 5773/5773/5773
f 5773/5773/5773 5774/5774/5774 5771/5771/5771
f 5775/5775/5775 5776/5776/5776 5777/5777/5777
f 5777/5777/5777 5778/5778/5778 5775/5775/5775
f 5779/5779/5779 5780/5780/5780 5781/5781/5781
f 5781/5781/5781 5782/5782/5782 5779/5779/5779
f 5783/5783/5783 5784/5784/5784 5785/5785/5785
f 5785/5785/5785 5786/5786/5786 5783/5783/5783
f 5787/5787/5787 5788/5788/5788 5789/5789/5789
f 5789/5789/5789 5790/5790/5790 5787/5787/5787
f 5791/5791/5791 5792/5792/5792 5793/5793/5793
f 5793/5793/5793 5794/5794/5794 5791/5791/5791
f 5795/5795/5795 5796/5796/5796 5797/5797/5797
f 5797/5797/5797 5798/5798/5798 5795/5795/5795
f 5799/5799/5799 5800/5800/5800 5801/5801/5801
f 5801/5801/5801 5802/5802/5802 5799/5799/5799
f 5803/5803/5803 5804/5804/5804 5805/5805/5805
f 5805/5805/5805 5806/5806/5806 5803/5803/5803
f 5807/5807/5807 5808/5808/5808 5809/5809/5809
f 5809/5809/5809 5810/5810/5810 5807/5807/5807
f 5811/5811/5811 5812/5812/5812 5813/5813/5813
f 5813/5813/5813 5814/5814/5814 5811/5811/5811
f 5815/5815/5815 5816/5816/5816 5817/5817/5817
f 5817/5817/5817 5818/5818/5818 5815/5815/5815
f 5819/5819/5819 130/130/130 129/129/129
f 5819/5819/5819 129/129/129 5820/5820/5820
f 5819/5819/5819 5820/5820/5820 5821/5821/5821
f 5821/5821/5821 5822/5822/5822 5823/5823/5823
f 5821/5821/5821 5823/5823/5823 5824/5824/5824
f 5821/5821/5821 5824/5824/5824 5825/5825/5825
f 5825/5825/5825 5826/5826/5826 5827/5827/5827
f 5825/5825/5825 5827/5827/5827 5828/5828/5828
f 5825/5825/5825 5828/5828/5828 5829/5829/5829
f 5829/5829/5829 5830/5830/5830 5831/5831/5831
f 5829/5829/5829 5831/5831/5831 5832/5832/5832
f 5829/5829/5829 5832/5832/5832 5819/5819/5819
f 5829/5829/5829 5819/5819/5819 5821/5821/5821
f 5821/5821/5821 5825/5825/5825 5829/5829/5829
f 5833/5833/5833 4209/4209/4209 4208/4208/4208
f 4208/4208/4208 5834/5834/5834 5833/5833/5833
f 5835/5835/5835 107/107/107 106/106/106
f 106/106/106 5836/5836/5836 5835/5835/5835
f 4198/4198/4198 4197/4197/4197 5837/5837/5837
f 5837/5837/5837 5838/5838/5838 4198/4198/4198
f 5839/5839/5839 5840/5840/5840 5841/5841/5841
f 5841/5841/5841 5842/5842/5842 5839/5839/5839
f 5843/5843/5843 5844/5844/5844 5845/5845/5845
f 5845/5845/5845 5846/5846/5846 5843/5843/5843
f 5847/5847/5847 5848/5848/5848 5849/5849/5849
f 5849/5849/5849 5850/5850/5850 5847/5847/5847
f 5851/5851/5851 5852/5852/5852 5853/5853/5853
f 5853/5853/5853 5854/5854/5854 5851/5851/5851
f 810/810/810 809/809/809 5855/5855/5855
f 5855/5855/5855 5856/5856/5856 810/810/810
f 4234/4234/4234 4233/4233/4233 5857/5857/5857
f 5857/5857/5857 5858/5858/5858 4234/4234/4234
f 5859/5859/5859 5860/5860/5860 5861/5861/5861
f 5861/5861/5861 5862/5862/5862 5859/5859/5859
f 3833/3833/3833 5863/5863/5863 5864/5864/5864
f 5864/5864/5864 3834/3834/3834 3833/3833/3833
f 5048/5048/5048 5047/5047/5047 5865/5865/5865
f 5865/5865/5865 5866/5866/5866 5048/5048/5048
f 5867/5867/5867 5868/5868/5868 5869/5869/5869
f 5869/5869/5869 5870/5870/5870 5867/5867/5867
f 5871/5871/5871 5872/5872/5872 5873/5873/5873
f 5873/5873/5873 5874/5874/5874 5871/5871/5871
f 5875/5875/5875 5876/5876/5876 5877/5877/5877
f 5877/5877/5877 5878/5878/5878 5875/5875/5875
f 5879/5879/5879 5880/5880/5880 5881/5881/5881
f 5881/5881/5881 5882/5882/5882 5879/5879/5879
f 5883/5883/5883 5884/5884/5884 5885/5885/5885
f 5885/5885/5885 5886/5886/5886 5883/5883/5883
f 5887/5887/5887 5888/5888/5888 5889/5889/5889
f 5889/5889/5889 5890/5890/5890 5887/5887/5887
f 5891/5891/5891 5892/5892/5892 5893/5893/5893
f 5893/5893/5893 5894/5894/5894 5891/5891/5891
f 5895/5895/5895 5896/5896/5896 5897/5897/5897
f 5897/5897/5897 5898/5898/5898 5895/5895/5895
f 5899/5899/5899 5900/5900/5900 5901/5901/5901
f 5901/5901/5901 5902/5902/5902 5899/5899/5899
f 5903/5903/5903 5904/5904/5904 5905/5905/5905
f 5905/5905/5905 5906/5906/5906 5903/5903/5903
f 5907/5907/5907 5908/5908/5908 5909/5909/5909
f 5909/5909/5909 5910/5910/5910 5907/5907/5907
f 5911/5911/5911 5912/5912/5912 5913/5913/5913
f 5913/5913/5913 5914/5914/5914 5911/5911/5911
f 5915/5915/5915 5916/5916/5916 5917/5917/5917
f 5917/5917/5917 5918/5918/5918 5915/5915/5915
f 5919/5919/5919 5920/5920/5920 5921/5921/5921
f 5919/5919/5919 5921/5921/5921 5922/5922/5922
f 5919/5919/5919 5922/5922/5922 5923/5923/5923
f 5923/5923/5923 5924/5924/5924 5919/5919/5919
f 5925/5925/5925 5926/5926/5926 5927/5927/5927
f 5925/5925/5925 5927/5927/5927 5928/5928/5928
f 5925/5925/5925 5928/5928/5928 5929/5929/5929
f 5925/5925/5925 5929/5929/5929 5930/5930/5930
f 5925/5925/5925 5930/5930/5930 5931/5931/5931
f 5931/5931/5931 5932/5932/5932 5925/5925/5925
f 5933/5933/5933 5934/5934/5934 5935/5935/5935
f 5933/5933/5933 5935/5935/5935 5936/5936/5936
f 5933/5933/5933 5936/5936/5936 5937/5937/5937
f 5937/5937/5937 5938/5938/5938 5933/5933/5933
f 5939/5939/5939 5940/5940/5940 5941/5941/5941
f 5939/5939/5939 5941/5941/5941 5942/5942/5942
f 5939/5939/5939 5942/5942/5942 5943/5943/5943
f 5943/5943/5943 5944/5944/5944 5939/5939/5939
f 5945/5945/5945 5946/5946/5946 5947/5947/5947
f 5947/5947/5947 5948/5948/5948 5945/5945/5945
f 5949/5949/5949 5950/5950/5950 5951/5951/5951
f 5951/5951/5951 5952/5952/5952 5949/5949/5949
f 5953/5953/5953 5954/5954/5954 5955/5955/5955
f 5955/5955/5955 5956/5956/5956 5953/5953/5953
f 5957/5957/5957 5958/5958/5958 5959/5959/5959
f 5959/5959/5959 5960/5960/5960 5957/5957/5957
f 5961/5961/5961 5962/5962/5962 5963/5963/5963
f 5963/5963/5963 5964/5964/5964 5961/5961/5961
f 5965/5965/5965 5966/5966/5966 5967/5967/5967
f 5967/5967/5967 5968/5968/5968 5965/5965/5965
f 5969/5969/5969 5970/5970/5970 5971/5971/5971
f 5971/5971/5971 5972/5972/5972 5969/5969/5969
f 5973/5973/5973 5974/5974/5974 5975/5975/5975
f 5975/5975/5975 5976/5976/5976 5973/5973/5973
f 5977/5977/5977 5978/5978/5978 5979/5979/5979
f 5979/5979/5979 5980/5980/5980 5977/5977/5977
f 5981/5981/5981 5982/5982/5982 5983/5983/5983
f 5983/5983/5983 5984/5984/5984 5981/5981/5981
f 5985/5985/5985 5986/5986/5986 5987/5987/5987
f 5987/5987/5987 5988/5988/5988 5985/5985/5985
f 5989/5989/5989 5990/5990/5990 5991/5991/5991
f 5991/5991/5991 5992/5992/5992 5989/5989/5989
f 5993/5993/5993 5994/5994/5994 5995/5995/5995
f 5995/5995/5995 5996/5996/5996 5993/5993/5993
f 5997/5997/5997 5998/5998/5998 5999/5999/5999
f 5999/5999/5999 6000/6000/6000 5997/5997/5997
f 6001/6001/6001 6002/6002/6002 6003/6003/6003
f 6003/6003/6003 6004/6004/6004 6001/6001/6001
f 6005/6005/6005 6006/6006/6006 6007/6007/6007
f 6007/6007/6007 6008/6008/6008 6005/6005/6005
f 6009/6009/6009 6010/6010/6010 6011/6011/6011
f 6011/6011/6011 6012/6012/6012 6009/6009/6009
f 6013/6013/6013 6014/6014/6014 6015/6015/6015
f 6015/6015/6015 6016/6016/6016 6013/6013/6013
f 6017/6017/6017 6018/6018/6018 6019/6019/6019
f 6019/6019/6019 6020/6020/6020 6017/6017/6017
f 6021/6021/6021 6022/6022/6022 6023/6023/6023
f 6023/6023/6023 6024/6024/6024 6021/6021/6021
f 6025/6025/6025 6026/6026/6026 6027/6027/6027
f 6027/6027/6027 6028/6028/6028 6025/6025/6025
f 6029/6029/6029 6030/6030/6030 6031/6031/6031
f 6029/6029/6029 6031/6031/6031 6032/6032/6032
f 6029/6029/6029 6032/6032/6032 6033/6033/6033
f 6033/6033/6033 6034/6034/6034 6029/6029/6029
f 6035/6035/6035 6036/6036/6036 6037/6037/6037
f 6037/6037/6037 6038/6038/6038 6035/6035/6035
f 6039/6039/6039 6040/6040/6040 6041/6041/6041
f 6041/6041/6041 6042/6042/6042 6039/6039/6039
f 6043/6043/6043 6044/6044/6044 6045/6045/6045
f 6045/6045/6045 6046/6046/6046 6043/6043/6043
f 6047/6047/6047 6048/6048/6048 6049/6049/6049
f 6049/6049/6049 6050/6050/6050 6047/6047/6047
f 6051/6051/6051 6052/6052/6052 6053/6053/6053
f 6051/6051/6051 6053/6053/6053 6054/6054/6054
f 6051/6051/6051 6054/6054/6054 6055/6055/6055
f 6055/6055/6055 6056/6056/6056 6051/6051/6051
f 6057/6057/6057 6058/6058/6058 6059/6059/6059
f 6057/6057/6057 6059/6059/6059 6060/6060/6060
f 6057/6057/6057 6060/6060/6060 6061/6061/6061
f 6061/6061/6061 6062/6062/6062 6057/6057/6057
f 6063/6063/6063 6064/6064/6064 6065/6065/6065
f 6065/6065/6065 6066/6066/6066 6063/6063/6063
f 6067/6067/6067 6068/6068/6068 6069/6069/6069
f 6069/6069/6069 6070/6070/6070 6067/6067/6067
f 6071/6071/6071 6072/6072/6072 6073/6073/6073
f 6073/6073/6073 6074/6074/6074 6071/6071/6071
f 6075/6075/6075 6076/6076/6076 6077/6077/6077
f 6077/6077/6077 6078/6078/6078 6075/6075/6075
f 6079/6079/6079 6080/6080/6080 6081/6081/6081
f 6081/6081/6081 6082/6082/6082 6079/6079/6079
f 6083/6083/6083 6084/6084/6084 6085/6085/6085
f 6085/6085/6085 6086/6086/6086 6083/6083/6083
f 6087/6087/6087 6088/6088/6088 6089/6089/6089
f 6089/6089/6089 6090/6090/6090 6087/6087/6087
f 6091/6091/6091 6092/6092/6092 6093/6093/6093
f 6093/6093/6093 6094/6094/6094 6091/6091/6091
f 6095/6095/6095 6096/6096/6096 6097/6097/6097
f 6097/6097/6097 6098/6098/6098 6095/6095/6095
f 6099/6099/6099 6100/6100/6100 6101/6101/6101
f 6101/6101/6101 6102/6102/6102 6099/6099/6099
f 6103/6103/6103 6104/6104/6104 6105/6105/6105
f 6105/6105/6105 6106/6106/6106 6103/6103/6103
f 6107/6107/6107 6108/6108/6108 6109/6109/6109
f 6109/6109/6109 6110/6110/6110 6107/6107/6107
f 6111/6111/6111 6112/6112/6112 6113/6113/6113
f 6113/6113/6113 6114/6114/6114 6111/6111/6111
f 1310/1310/1310 1309/1309/1309 6115/6115/6115
f 6115/6115/6115 6116/6116/6116 1310/1310/1310
f 6117/6117/6117 6118/6118/6118 6119/6119/6119
f 6119/6119/6119 6120/6120/6120 6117/6117/6117
f 6121/6121/6121 6122/6122/6122 6123/6123/6123
f 6123/6123/6123 6124/6124/6124 6121/6121/6121
f 6125/6125/6125 6126/6126/6126 4228/4228/4228
f 4228/4228/4228 4227/4227/4227 6125/6125/6125
f 6127/6127/6127 6128/6128/6128 6129/6129/6129
f 6129/6129/6129 6130/6130/6130 6127/6127/6127
f 6131/6131/6131 6132/6132/6132 6133/6133/6133
f 6133/6133/6133 6134/6134/6134 6131/6131/6131
f 6135/6135/6135 6136/6136/6136 6137/6137/6137
f 6137/6137/6137 6138/6138/6138 6135/6135/6135
f 6139/6139/6139 6140/6140/6140 6141/6141/6141
f 6141/6141/6141 6142/6142/6142 6139/6139/6139
f 6143/6143/6143 6144/6144/6144 6145/6145/6145
f 6145/6145/6145 6146/6146/6146 6143/6143/6143
f 6147/6147/6147 6148/6148/6148 6149/6149/6149
f 6149/6149/6149 6150/6150/6150 6147/6147/6147
f 6151/6151/6151 6152/6152/6152 6153/6153/6153
f 6153/6153/6153 6154/6154/6154 6151/6151/6151
f 6155/6155/6155 6156/6156/6156 6157/6157/6157
f 6157/6157/6157 6158/6158/6158 6155/6155/6155
f 6159/6159/6159 6160/6160/6160 6161/6161/6161
f 6161/6161/6161 6162/6162/6162 6159/6159/6159
f 6163/6163/6163 6164/6164/6164 1142/1142/1142
f 1142/1142/1142 1141/1141/1141 6163/6163/6163
f 6165/6165/6165 6166/6166/6166 6167/6167/6167
f 6167/6167/6167 6168/6168/6168 6165/6165/6165
f 4202/4202/4202 4201/4201/4201 6169/6169/6169
f 6169/6169/6169 6170/6170/6170 4202/4202/4202
f 6171/6171/6171 6172/6172/6172 6173/6173/6173
f 6173/6173/6173 6174/6174/6174 6171/6171/6171
f 6175/6175/6175 6176/6176/6176 6177/6177/6177
f 6177/6177/6177 6178/6178/6178 6175/6175/6175
f 6179/6179/6179 6180/6180/6180 6181/6181/6181
f 6181/6181/6181 6182/6182/6182 6179/6179/6179
f 6183/6183/6183 6184/6184/6184 6185/6185/6185
f 6185/6185/6185 6186/6186/6186 6183/6183/6183
f 6187/6187/6187 424/424/424 423/423/423
f 6187/6187/6187 423/423/423 6188/6188/6188
f 6187/6187/6187 6188/6188/6188 6189/6189/6189
f 6187/6187/6187 6189/6189/6189 6190/6190/6190
f 6190/6190/6190 6191/6191/6191 6192/6192/6192
f 6190/6190/6190 6192/6192/6192 6193/6193/6193
f 6193/6193/6193 6194/6194/6194 6195/6195/6195
f 6193/6193/6193 6195/6195/6195 6196/6196/6196
f 6193/6193/6193 6196/6196/6196 6197/6197/6197
f 6193/6193/6193 6197/6197/6197 6198/6198/6198
f 6199/6199/6199 6187/6187/6187 6190/6190/6190
f 6190/6190/6190 6193/6193/6193 6198/6198/6198
f 6190/6190/6190 6198/6198/6198 6200/6200/6200
f 6199/6199/6199 6190/6190/6190 6200/6200/6200
f 6201/6201/6201 5025/5025/5025 5024/5024/5024
f 5024/5024/5024 6202/6202/6202 6201/6201/6201
f 6203/6203/6203 6204/6204/6204 5068/5068/5068
f 5068/5068/5068 5067/5067/5067 6203/6203/6203
f 6205/6205/6205 6206/6206/6206 6207/6207/6207
f 6207/6207/6207 6208/6208/6208 6205/6205/6205
f 6209/6209/6209 6210/6210/6210 5454/5454/5454
f 5454/5454/5454 5453/5453/5453 6209/6209/6209
f 3446/3446/3446 3445/3445/3445 6211/6211/6211
f 6211/6211/6211 6212/6212/6212 3446/3446/3446
f 6213/6213/6213 6214/6214/6214 6215/6215/6215
f 6215/6215/6215 6216/6216/6216 6213/6213/6213
o Cylinder.001_Cylinder.002
g Cylinder.001_Cylinder.002
usemtl wall
v -0.613228 0.263657 0.97529
v -0.613228 0.263657 -0.97529
v -0.624407 0.098537 -0.978918
v -0.624407 0.098537 0.978918
v -0.577343 0.380612 0.975645
v -0.577343 0.380612 -0.975645
v -0.613228 0.263657 -0.97529
v -0.613228 0.263657 0.97529
v 0.519531 0.48774 0.975653
v 0.519531 0.48774 -0.975653
v 0.441762 0.5816 -0.975661
v 0.441762 0.5816 0.975661
v -0.519531 0.48774 0.975653
v -0.519531 0.48774 -0.975653
v -0.577343 0.380612 -0.975645
v -0.577343 0.380612 0.975645
v 0.565817 0.25487 -0.931299
v 0.532988 0.362066 -0.931299
v 0.479676 0.460859 -0.931299
v 0.407931 0.547451 -0.931299
v 0.320509 0.618515 -0.931299
v 0.22077 0.671321 -0.931299
v 0.112547 0.703838 -0.931299
v 0 0.714818 -0.931299
v -0.112547 0.703838 -0.931299
v -0.22077 0.671321 -0.931299
v -0.320509 0.618515 -0.931299
v -0.407931 0.547451 -0.931299
v -0.479676 0.460859 -0.931299
v -0.532988 0.362066 -0.931299
v -0.565817 0.25487 -0.931299
v -0.576902 0.095238 -0.931299
v -0.2281 0.095238 -0.931299
v -0.2281 0.417405 -0.931299
v 0.2281 0.417405 -0.931299
v 0.2281 0.095238 -0.931299
v 0.576902 0.095238 -0.931299
v 0 0.764578 0.977253
v 0 0.764578 -0.977253
v -0.12184 0.750994 -0.975683
v -0.12184 0.750994 0.975683
v -0.112547 0.703838 0.931299
v -0.112547 0.703838 -0.931299
v 0 0.714818 -0.931299
v 0 0.714818 0.931299
v 0.613228 0.263657 -0.97529
v 0.624407 0.098537 -0.978918
v 0.2281 0.095238 -0.978918
v 0.2281 0.417405 -0.978918
v -0.2281 0.417405 -0.978918
v -0.2281 0.095238 -0.978918
v -0.624407 0.098537 -0.978918
v -0.613228 0.263657 -0.97529
v -0.577343 0.380612 -0.975645
v -0.519531 0.48774 -0.975653
v -0.441762 0.5816 -0.975661
v -0.347041 0.658596 -0.975671
v -0.239017 0.715787 -0.975678
v -0.12184 0.750994 -0.975683
v 0 0.764578 -0.977253
v 0.12184 0.750994 -0.975683
v 0.239017 0.715787 -0.975678
v 0.347041 0.658596 -0.975671
v 0.441762 0.5816 -0.975661
v 0.519531 0.48774 -0.975653
v 0.577343 0.380612 -0.975645
v 0.624407 0.098537 0.978918
v 0.624407 0.098537 -0.978918
v 0.613228 0.263657 -0.97529
v 0.613228 0.263657 0.97529
v 0.613228 0.263657 0.97529
v 0.613228 0.263657 -0.97529
v 0.577343 0.380612 -0.975645
v 0.577343 0.380612 0.975645
v -0.347041 0.658596 0.975671
v -0.347041 0.658596 -0.975671
v -0.441762 0.5816 -0.975661
v -0.441762 0.5816 0.975661
v 0.12184 0.750994 0.975683
v 0.12184 0.750994 -0.975683
v 0 0.764578 -0.977253
v 0 0.764578 0.977253
v -0.479676 0.460859 0.931299
v -0.479676 0.460859 -0.931299
v -0.407931 0.547451 -0.931299
v -0.407931 0.547451 0.931299
v 0.347041 0.658596 0.975671
v 0.347041 0.658596 -0.975671
v 0.239017 0.715787 -0.975678
v 0.239017 0.715787 0.975678
v -0.441762 0.5816 0.975661
v -0.441762 0.5816 -0.975661
v -0.519531 0.48774 -0.975653
v -0.519531 0.48774 0.975653
v -0.347041 0.658596 0.975671
v -0.239017 0.715787 0.975678
v -0.239017 0.715787 -0.975678
v -0.347041 0.658596 -0.975671
v 0.441762 0.5816 0.975661
v 0.441762 0.5816 -0.975661
v 0.347041 0.658596 -0.975671
v 0.347041 0.658596 0.975671
v 0.577343 0.380612 0.975645
v 0.577343 0.380612 -0.975645
v 0.519531 0.48774 -0.975653
v 0.519531 0.48774 0.975653
v 0.613228 0.263657 0.97529
v 0.577343 0.380612 0.975645
v 0.519531 0.48774 0.975653
v 0.441762 0.5816 0.975661
v 0.347041 0.658596 0.975671
v 0.239017 0.715787 0.975678
v 0.12184 0.750994 0.975683
v 0 0.764578 0.977253
v -0.12184 0.750994 0.975683
v -0.239017 0.715787 0.975678
v -0.347041 0.658596 0.975671
v -0.441762 0.5816 0.975661
v -0.519531 0.48774 0.975653
v -0.577343 0.380612 0.975645
v -0.613228 0.263657 0.97529
v -0.624407 0.098537 0.978918
v -0.2281 0.095238 0.978918
v -0.2281 0.417405 0.978918
v 0.2281 0.417405 0.978918
v 0.2281 0.095238 0.978918
v 0.624407 0.098537 0.978918
v 0.112547 0.703838 0.931299
v 0.112547 0.703838 -0.931299
v 0.22077 0.671321 -0.931299
v 0.22077 0.671321 0.931299
v -0.12184 0.750994 0.975683
v -0.12184 0.750994 -0.975683
v -0.239017 0.715787 -0.975678
v -0.239017 0.715787 0.975678
v 0.2281 0.417405 0.978918
v -0.2281 0.417405 0.978918
v -0.2281 0.417405 0.931299
v 0.2281 0.417405 0.931299
v -0.407931 0.547451 0.931299
v -0.407931 0.547451 -0.931299
v -0.320509 0.618515 -0.931299
v -0.320509 0.618515 0.931299
v 0.407931 0.547451 0.931299
v 0.407931 0.547451 -0.931299
v 0.479676 0.460859 -0.931299
v 0.479676 0.460859 0.931299
v 0.576902 0.095238 0.931299
v 0.565817 0.25487 0.931299
v 0.565817 0.25487 -0.931299
v 0.576902 0.095238 -0.931299
v -0.22077 0.671321 0.931299
v -0.22077 0.671321 -0.931299
v -0.112547 0.703838 -0.931299
v -0.112547 0.703838 0.931299
v 0.22077 0.671321 0.931299
v 0.22077 0.671321 -0.931299
v 0.320509 0.618515 -0.931299
v 0.320509 0.618515 0.931299
v 0.320509 0.618515 0.931299
v 0.320509 0.618515 -0.931299
v 0.407931 0.547451 -0.931299
v 0.407931 0.547451 0.931299
v 0.112547 0.703838 0.931299
v 0 0.714818 0.931299
v 0 0.714818 -0.931299
v 0.112547 0.703838 -0.931299
v -0.532988 0.362066 0.931299
v -0.565817 0.25487 0.931299
v -0.565817 0.25487 -0.931299
v -0.532988 0.362066 -0.931299
v -0.532988 0.362066 0.931299
v -0.532988 0.362066 -0.931299
v -0.479676 0.460859 -0.931299
v -0.479676 0.460859 0.931299
v -0.2281 0.417405 -0.978918
v 0.2281 0.417405 -0.978918
v 0.2281 0.417405 -0.931299
v -0.2281 0.417405 -0.931299
v -0.22077 0.671321 0.931299
v -0.320509 0.618515 0.931299
v -0.320509 0.618515 -0.931299
v -0.22077 0.671321 -0.931299
v 0.12184 0.750994 0.975683
v 0.239017 0.715787 0.975678
v 0.239017 0.715787 -0.975678
v 0.12184 0.750994 -0.975683
v 0.479676 0.460859 0.931299
v 0.479676 0.460859 -0.931299
v 0.532988 0.362066 -0.931299
v 0.532988 0.362066 0.931299
v 0.532988 0.362066 -0.931299
v 0.565817 0.25487 -0.931299
v 0.565817 0.25487 0.931299
v 0.532988 0.362066 0.931299
v -0.624407 0.098537 0.978918
v -0.624407 0.098537 -0.978918
v -0.2281 0.095238 -0.978918
v -0.2281 0.095238 -0.931299
v -0.576902 0.095238 -0.931299
v -0.576902 0.095238 0.931299
v -0.2281 0.095238 0.931299
v -0.2281 0.095238 0.978918
v -0.2281 0.417405 0.978918
v -0.2281 0.095238 0.978918
v -0.2281 0.095238 0.931299
v -0.2281 0.417405 0.931299
v 0.565817 0.25487 0.931299
v 0.576902 0.095238 0.931299
v 0.2281 0.095238 0.931299
v 0.2281 0.417405 0.931299
v -0.2281 0.417405 0.931299
v -0.2281 0.095238 0.931299
v -0.576902 0.095238 0.931299
v -0.565817 0.25487 0.931299
v -0.532988 0.362066 0.931299
v -0.479676 0.460859 0.931299
v -0.407931 0.547451 0.931299
v -0.320509 0.618515 0.931299
v -0.22077 0.671321 0.931299
v -0.112547 0.703838 0.931299
v 0 0.714818 0.931299
v 0.112547 0.703838 0.931299
v 0.22077 0.671321 0.931299
v 0.320509 0.618515 0.931299
v 0.407931 0.547451 0.931299
v 0.479676 0.460859 0.931299
v 0.532988 0.362066 0.931299
v 0.624407 0.098537 -0.978918
v 0.624407 0.098537 0.978918
v 0.2281 0.095238 0.978918
v 0.2281 0.095238 0.931299
v 0.576902 0.095238 0.931299
v 0.576902 0.095238 -0.931299
v 0.2281 0.095238 -0.931299
v 0.2281 0.095238 -0.978918
v 0.2281 0.095238 0.978918
v 0.2281 0.417405 0.978918
v 0.2281 0.417405 0.931299
v 0.2281 0.095238 0.931299
v -0.2281 0.095238 -0.978918
v -0.2281 0.417405 -0.978918
v -0.2281 0.417405 -0.931299
v -0.2281 0.095238 -0.931299
v -0.565817 0.25487 0.931299
v -0.576902 0.095238 0.931299
v -0.576902 0.095238 -0.931299
v -0.565817 0.25487 -0.931299
v 0.2281 0.417405 -0.978918
v 0.2281 0.095238 -0.978918
v 0.2281 0.095238 -0.931299
v 0.2281 0.417405 -0.931299
vt 0.5536 0.5005
vt 0.5536 0.9991
vt 0.5973 1
vt 0.5973 0.4996
vt 0.5227 0.5004
vt 0.5227 0.9992
vt 0.5536 0.9991
vt 0.5536 0.5005
vt 0.254 0.9996
vt 0.254 0.5008
vt 0.2291 0.5008
vt 0.2291 0.9996
vt 0.4944 0.5004
vt 0.4944 0.9992
vt 0.5227 0.9992
vt 0.5227 0.5004
vt 0.9578 0.2075
vt 0.9295 0.2159
vt 0.9034 0.2295
vt 0.8805 0.2478
vt 0.8617 0.2702
vt 0.8478 0.2957
vt 0.8392 0.3234
vt 0.8363 0.3521
vt 0.8392 0.3809
vt 0.8478 0.4085
vt 0.8617 0.434
vt 0.8805 0.4564
vt 0.9034 0.4747
vt 0.9295 0.4884
vt 0.9578 0.4967
vt 1 0.4996
vt 1 0.4104
vt 0.9149 0.4104
vt 0.9149 0.2938
vt 1 0.2938
vt 1 0.2047
vt 0.1052 1
vt 0.1052 0.5004
vt 0.0743 0.5008
vt 0.0743 0.9996
vt 0.3321 0.5239
vt 0.3321 1
vt 0.3618 1
vt 0.3618 0.5239
vt 0.3864 0.5211
vt 0.43 0.5239
vt 0.4309 0.4226
vt 0.3458 0.4226
vt 0.3458 0.306
vt 0.4309 0.306
vt 0.43 0.2047
vt 0.3864 0.2076
vt 0.3555 0.2167
vt 0.3272 0.2315
vt 0.3024 0.2514
vt 0.282 0.2756
vt 0.2669 0.3032
vt 0.2576 0.3332
vt 0.254 0.3643
vt 0.2576 0.3955
vt 0.2669 0.4254
vt 0.282 0.453
vt 0.3024 0.4772
vt 0.3272 0.4971
vt 0.3555 0.5119
vt 0.1047 0
vt 0.1047 0.5004
vt 0.1484 0.4995
vt 0.1484 0.0009
vt 0.1484 0.0009
vt 0.1484 0.4995
vt 0.1793 0.4996
vt 0.1793 0.0008
vt 0.0206 0.9996
vt 0.0206 0.5008
vt 0 0.5008
vt 0 0.9996
vt 0.1374 0.9996
vt 0.1374 0.5008
vt 0.1052 0.5004
vt 0.1052 1
vt 0.7397 1
vt 0.7397 0.5239
vt 0.7168 0.5239
vt 0.7168 1
vt 0.2006 0.9996
vt 0.2006 0.5008
vt 0.1696 0.5008
vt 0.1696 0.9996
vt 0.4696 0.5004
vt 0.4696 0.9992
vt 0.4944 0.9992
vt 0.4944 0.5004
vt 0.0206 0.9996
vt 0.0457 0.9996
vt 0.0457 0.5008
vt 0.0206 0.5008
vt 0.2291 0.9996
vt 0.2291 0.5008
vt 0.2006 0.5008
vt 0.2006 0.9996
vt 0.1793 0.0008
vt 0.1793 0.4996
vt 0.2076 0.4996
vt 0.2076 0.0008
vt 0.7296 0.2076
vt 0.6987 0.2167
vt 0.6704 0.2315
vt 0.6456 0.2514
vt 0.6253 0.2756
vt 0.6102 0.3032
vt 0.6008 0.3332
vt 0.5973 0.3643
vt 0.6008 0.3955
vt 0.6102 0.4254
vt 0.6253 0.453
vt 0.6456 0.4772
vt 0.6704 0.4971
vt 0.6987 0.5119
vt 0.7296 0.5211
vt 0.7733 0.5239
vt 0.7741 0.4226
vt 0.689 0.4226
vt 0.689 0.306
vt 0.7741 0.306
vt 0.7733 0.2047
vt 0.3916 0.5239
vt 0.3916 1
vt 0.4202 1
vt 0.4202 0.5239
vt 0.0743 0.9996
vt 0.0743 0.5008
vt 0.0457 0.5008
vt 0.0457 0.9996
vt 0.2327 0.5004
vt 0.2327 0.3838
vt 0.2202 0.3838
vt 0.2202 0.5004
vt 0.254 0.5239
vt 0.254 1
vt 0.2771 1
vt 0.2771 0.5239
vt 0.5973 0.5239
vt 0.5973 1
vt 0.6201 1
vt 0.6201 0.5239
vt 0.7168 0.5239
vt 0.6746 0.5239
vt 0.6746 1
vt 0.7168 1
vt 0.3035 0.5239
vt 0.3035 1
vt 0.3321 1
vt 0.3321 0.5239
vt 0.4202 0.5239
vt 0.4202 1
vt 0.4465 1
vt 0.4465 0.5239
vt 0.4465 0.5239
vt 0.4465 1
vt 0.4696 1
vt 0.4696 0.5239
vt 0.3916 0.5239
vt 0.3618 0.5239
vt 0.3618 1
vt 0.3916 1
vt 0.7658 1
vt 0.7941 1
vt 0.7941 0.5239
vt 0.7658 0.5239
vt 0.7658 1
vt 0.7658 0.5239
vt 0.7397 0.5239
vt 0.7397 1
vt 0.2076 0.3838
vt 0.2076 0.5004
vt 0.2202 0.5004
vt 0.2202 0.3838
vt 0.3035 0.5239
vt 0.2771 0.5239
vt 0.2771 1
vt 0.3035 1
vt 0.1374 0.9996
vt 0.1696 0.9996
vt 0.1696 0.5008
vt 0.1374 0.5008
vt 0.6201 0.5239
vt 0.6201 1
vt 0.6463 1
vt 0.6463 0.5239
vt 0.6463 1
vt 0.6746 1
vt 0.6746 0.5239
vt 0.6463 0.5239
vt 0.941 1
vt 0.941 0.4996
vt 0.8363 0.4996
vt 0.8363 0.5117
vt 0.9284 0.5117
vt 0.9284 0.9878
vt 0.8363 0.9878
vt 0.8363 1
vt 0.2453 0.5004
vt 0.2453 0.4181
vt 0.2327 0.4181
vt 0.2327 0.5004
vt 0.5551 0.4967
vt 0.5973 0.4996
vt 0.5973 0.4104
vt 0.5121 0.4104
vt 0.5121 0.2938
vt 0.5973 0.2938
vt 0.5973 0.2047
vt 0.5551 0.2075
vt 0.5267 0.2159
vt 0.5006 0.2295
vt 0.4778 0.2478
vt 0.459 0.2702
vt 0.445 0.2957
vt 0.4364 0.3234
vt 0.4335 0.3521
vt 0.4364 0.3809
vt 0.445 0.4085
vt 0.459 0.434
vt 0.4778 0.4564
vt 0.5006 0.4747
vt 0.5267 0.4884
vt 0.1047 0.5004
vt 0.1047 0
vt 0 0
vt 0 0.0122
vt 0.0922 0.0122
vt 0.0922 0.4883
vt 0 0.4883
vt 0 0.5004
vt 0.2327 0.3357
vt 0.2327 0.4181
vt 0.2453 0.4181
vt 0.2453 0.3357
vt 0.2202 0.3015
vt 0.2202 0.3838
vt 0.2327 0.3838
vt 0.2327 0.3015
vt 0.7941 1
vt 0.8363 1
vt 0.8363 0.5239
vt 0.7941 0.5239
vt 0.2202 0.3838
vt 0.2202 0.3015
vt 0.2076 0.3015
vt 0.2076 0.3838
vn -0.998 0.068 0
vn -0.998 0.068 0
vn -0.998 0.068 0
vn -0.998 0.068 0
vn -0.956 0.293 0
vn -0.956 0.293 0
vn -0.956 0.293 0
vn -0.956 0.293 0
vn 0.77 0.638 0
vn 0.77 0.638 0
vn 0.77 0.638 0
vn 0.77 0.638 0
vn -0.88 0.475 0
vn -0.88 0.475 0
vn -0.88 0.475 0
vn -0.88 0.475 0
vn 0 0 1
vn 0 0 1
vn 0 0 1
vn 0 0 1
vn 0 0 1
vn 0 0 1
vn 0 0 1
vn 0 0 1
vn 0 0 1
vn 0 0 1
vn 0 0 1
vn 0 0 1
vn 0 0 1
vn 0 0 1
vn 0 0 1
vn 0 0 1
vn 0 0 1
vn 0 0 1
vn 0 0 1
vn 0 0 1
vn 0 0 1
vn -0.111 0.994 0
vn -0.111 0.994 0
vn -0.111 0.994 0
vn -0.111 0.994 0
vn 0.097 -0.995 0
vn 0.097 -0.995 0
vn 0.097 -0.995 0
vn 0.097 -0.995 0
vn 0 0.007 -1
vn 0 0.007 -1
vn 0 0.007 -1
vn 0 0.007 -1
vn 0 0.007 -1
vn 0 0.007 -1
vn 0 0.007 -1
vn 0 0.007 -1
vn 0 0.007 -1
vn 0 0.007 -1
vn 0 0.007 -1
vn 0 0.007 -1
vn 0 0.007 -1
vn 0 0.007 -1
vn 0 0.007 -1
vn 0 0.007 -1
vn 0 0.007 -1
vn 0 0.007 -1
vn 0 0.007 -1
vn 0 0.007 -1
vn 0 0.007 -1
vn 0.998 0.068 0
vn 0.998 0.068 0
vn 0.998 0.068 0
vn 0.998 0.068 0
vn 0.956 0.293 0
vn 0.956 0.293 0
vn 0.956 0.293 0
vn 0.956 0.293 0
vn -0.631 0.776 0
vn -0.631 0.776 0
vn -0.631 0.776 0
vn -0.631 0.776 0
vn 0.111 0.994 0
vn 0.111 0.994 0
vn 0.111 0.994 0
vn 0.111 0.994 0
vn 0.77 -0.638 0
vn 0.77 -0.638 0
vn 0.77 -0.638 0
vn 0.77 -0.638 0
vn 0.468 0.884 0
vn 0.468 0.884 0
vn 0.468 0.884 0
vn 0.468 0.884 0
vn -0.77 0.638 0
vn -0.77 0.638 0
vn -0.77 0.638 0
vn -0.77 0.638 0
vn -0.468 0.884 0
vn -0.468 0.884 0
vn -0.468 0.884 0
vn -0.468 0.884 0
vn 0.631 0.776 0
vn 0.631 0.776 0
vn 0.631 0.776 0
vn 0.631 0.776 0
vn 0.88 0.475 0
vn 0.88 0.475 0
vn 0.88 0.475 0
vn 0.88 0.475 0
vn 0 0.007 1
vn 0 0.007 1
vn 0 0.007 1
vn 0 0.007 1
vn 0 0.007 1
vn 0 0.007 1
vn 0 0.007 1
vn 0 0.007 1
vn 0 0.007 1
vn 0 0.007 1
vn 0 0.007 1
vn 0 0.007 1
vn 0 0.007 1
vn 0 0.007 1
vn 0 0.007 1
vn 0 0.007 1
vn 0 0.007 1
vn 0 0.007 1
vn 0 0.007 1
vn 0 0.007 1
vn 0 0.007 1
vn -0.288 -0.958 0
vn -0.288 -0.958 0
vn -0.288 -0.958 0
vn -0.288 -0.958 0
vn -0.288 0.958 0
vn -0.288 0.958 0
vn -0.288 0.958 0
vn -0.288 0.958 0
vn 0 -1 0
vn 0 -1 0
vn 0 -1 0
vn 0 -1 0
vn 0.631 -0.776 0
vn 0.631 -0.776 0
vn 0.631 -0.776 0
vn 0.631 -0.776 0
vn -0.77 -0.638 0
vn -0.77 -0.638 0
vn -0.77 -0.638 0
vn -0.77 -0.638 0
vn -0.998 -0.069 0
vn -0.998 -0.069 0
vn -0.998 -0.069 0
vn -0.998 -0.069 0
vn 0.288 -0.958 0
vn 0.288 -0.958 0
vn 0.288 -0.958 0
vn 0.288 -0.958 0
vn -0.468 -0.884 0
vn -0.468 -0.884 0
vn -0.468 -0.884 0
vn -0.468 -0.884 0
vn -0.631 -0.776 0
vn -0.631 -0.776 0
vn -0.631 -0.776 0
vn -0.631 -0.776 0
vn -0.097 -0.995 0
vn -0.097 -0.995 0
vn -0.097 -0.995 0
vn -0.097 -0.995 0
vn 0.956 -0.293 0
vn 0.956 -0.293 0
vn 0.956 -0.293 0
vn 0.956 -0.293 0
vn 0.88 -0.475 0
vn 0.88 -0.475 0
vn 0.88 -0.475 0
vn 0.88 -0.475 0
vn 0 -1 0
vn 0 -1 0
vn 0 -1 0
vn 0 -1 0
vn 0.468 -0.884 0
vn 0.468 -0.884 0
vn 0.468 -0.884 0
vn 0.468 -0.884 0
vn 0.288 0.958 0
vn 0.288 0.958 0
vn 0.288 0.958 0
vn 0.288 0.958 0
vn -0.88 -0.475 0
vn -0.88 -0.475 0
vn -0.88 -0.475 0
vn -0.88 -0.475 0
vn -0.956 -0.293 0
vn -0.956 -0.293 0
vn -0.956 -0.293 0
vn -0.956 -0.293 0
vn -0.051 -0.999 0
vn -0.051 -0.999 0
vn -0.051 -0.999 0
vn -0.051 -0.999 0
vn -0.051 -0.999 0
vn -0.051 -0.999 0
vn -0.051 -0.999 0
vn -0.051 -0.999 0
vn 1 0 0
vn 1 0 0
vn 1 0 0
vn 1 0 0
vn 0 0 -1
vn 0 0 -1
vn 0 0 -1
vn 0 0 -1
vn 0 0 -1
vn 0 0 -1
vn 0 0 -1
vn 0 0 -1
vn 0 0 -1
vn 0 0 -1
vn 0 0 -1
vn 0 0 -1
vn 0 0 -1
vn 0 0 -1
vn 0 0 -1
vn 0 0 -1
vn 0 0 -1
vn 0 0 -1
vn 0 0 -1
vn 0 0 -1
vn 0 0 -1
vn 0.051 -0.999 0
vn 0.051 -0.999 0
vn 0.051 -0.999 0
vn 0.051 -0.999 0
vn 0.051 -0.999 0
vn 0.051 -0.999 0
vn 0.051 -0.999 0
vn 0.051 -0.999 0
vn -1 0 0
vn -1 0 0
vn -1 0 0
vn -1 0 0
vn 1 0 0
vn 1 0 0
vn 1 0 0
vn 1 0 0
vn 0.998 -0.069 0
vn 0.998 -0.069 0
vn 0.998 -0.069 0
vn 0.998 -0.069 0
vn -1 0 0
vn -1 0 0
vn -1 0 0
vn -1 0 0
f 6220/6220/6220 6217/6217/6217 6218/6218/6218
f 6218/6218/6218 6219/6219/6219 6220/6220/6220
f 6224/6224/6224 6221/6221/6221 6222/6222/6222
f 6222/6222/6222 6223/6223/6223 6224/6224/6224
f 6228/6228/6228 6225/6225/6225 6226/6226/6226
f 6226/6226/6226 6227/6227/6227 6228/6228/6228
f 6232/6232/6232 6229/6229/6229 6230/6230/6230
f 6230/6230/6230 6231/6231/6231 6232/6232/6232
f 6253/6253/6253 6233/6233/6233 6234/6234/6234
f 6253/6253/6253 6234/6234/6234 6235/6235/6235
f 6253/6253/6253 6235/6235/6235 6236/6236/6236
f 6253/6253/6253 6236/6236/6236 6237/6237/6237
f 6253/6253/6253 6237/6237/6237 6238/6238/6238
f 6253/6253/6253 6238/6238/6238 6239/6239/6239
f 6253/6253/6253 6239/6239/6239 6240/6240/6240
f 6240/6240/6240 6241/6241/6241 6242/6242/6242
f 6240/6240/6240 6242/6242/6242 6243/6243/6243
f 6240/6240/6240 6243/6243/6243 6244/6244/6244
f 6240/6240/6240 6244/6244/6244 6245/6245/6245
f 6240/6240/6240 6245/6245/6245 6246/6246/6246
f 6240/6240/6240 6246/6246/6246 6247/6247/6247
f 6240/6240/6240 6247/6247/6247 6248/6248/6248
f 6248/6248/6248 6249/6249/6249 6250/6250/6250
f 6251/6251/6251 6252/6252/6252 6253/6253/6253
f 6251/6251/6251 6253/6253/6253 6240/6240/6240
f 6240/6240/6240 6248/6248/6248 6250/6250/6250
f 6240/6240/6240 6250/6250/6250 6251/6251/6251
f 6257/6257/6257 6254/6254/6254 6255/6255/6255
f 6255/6255/6255 6256/6256/6256 6257/6257/6257
f 6261/6261/6261 6258/6258/6258 6259/6259/6259
f 6259/6259/6259 6260/6260/6260 6261/6261/6261
f 6282/6282/6282 6262/6262/6262 6263/6263/6263
f 6282/6282/6282 6263/6263/6263 6264/6264/6264
f 6282/6282/6282 6264/6264/6264 6265/6265/6265
f 6266/6266/6266 6267/6267/6267 6268/6268/6268
f 6266/6266/6266 6268/6268/6268 6269/6269/6269
f 6266/6266/6266 6269/6269/6269 6270/6270/6270
f 6266/6266/6266 6270/6270/6270 6271/6271/6271
f 6266/6266/6266 6271/6271/6271 6272/6272/6272
f 6266/6266/6266 6272/6272/6272 6273/6273/6273
f 6266/6266/6266 6273/6273/6273 6274/6274/6274
f 6266/6266/6266 6274/6274/6274 6275/6275/6275
f 6266/6266/6266 6275/6275/6275 6276/6276/6276
f 6266/6266/6266 6276/6276/6276 6277/6277/6277
f 6266/6266/6266 6277/6277/6277 6278/6278/6278
f 6266/6266/6266 6278/6278/6278 6279/6279/6279
f 6266/6266/6266 6279/6279/6279 6280/6280/6280
f 6266/6266/6266 6280/6280/6280 6281/6281/6281
f 6281/6281/6281 6282/6282/6282 6265/6265/6265
f 6265/6265/6265 6266/6266/6266 6281/6281/6281
f 6286/6286/6286 6283/6283/6283 6284/6284/6284
f 6284/6284/6284 6285/6285/6285 6286/6286/6286
f 6290/6290/6290 6287/6287/6287 6288/6288/6288
f 6288/6288/6288 6289/6289/6289 6290/6290/6290
f 6294/6294/6294 6291/6291/6291 6292/6292/6292
f 6292/6292/6292 6293/6293/6293 6294/6294/6294
f 6298/6298/6298 6295/6295/6295 6296/6296/6296
f 6296/6296/6296 6297/6297/6297 6298/6298/6298
f 6302/6302/6302 6299/6299/6299 6300/6300/6300
f 6300/6300/6300 6301/6301/6301 6302/6302/6302
f 6306/6306/6306 6303/6303/6303 6304/6304/6304
f 6304/6304/6304 6305/6305/6305 6306/6306/6306
f 6310/6310/6310 6307/6307/6307 6308/6308/6308
f 6308/6308/6308 6309/6309/6309 6310/6310/6310
f 6314/6314/6314 6311/6311/6311 6312/6312/6312
f 6312/6312/6312 6313/6313/6313 6314/6314/6314
f 6318/6318/6318 6315/6315/6315 6316/6316/6316
f 6316/6316/6316 6317/6317/6317 6318/6318/6318
f 6322/6322/6322 6319/6319/6319 6320/6320/6320
f 6320/6320/6320 6321/6321/6321 6322/6322/6322
f 6343/6343/6343 6323/6323/6323 6324/6324/6324
f 6343/6343/6343 6324/6324/6324 6325/6325/6325
f 6343/6343/6343 6325/6325/6325 6326/6326/6326
f 6343/6343/6343 6326/6326/6326 6327/6327/6327
f 6343/6343/6343 6327/6327/6327 6328/6328/6328
f 6343/6343/6343 6328/6328/6328 6329/6329/6329
f 6343/6343/6343 6329/6329/6329 6330/6330/6330
f 6343/6343/6343 6330/6330/6330 6331/6331/6331
f 6331/6331/6331 6332/6332/6332 6333/6333/6333
f 6331/6331/6331 6333/6333/6333 6334/6334/6334
f 6331/6331/6331 6334/6334/6334 6335/6335/6335
f 6331/6331/6331 6335/6335/6335 6336/6336/6336
f 6331/6331/6331 6336/6336/6336 6337/6337/6337
f 6331/6331/6331 6337/6337/6337 6338/6338/6338
f 6338/6338/6338 6339/6339/6339 6340/6340/6340
f 6341/6341/6341 6342/6342/6342 6343/6343/6343
f 6341/6341/6341 6343/6343/6343 6331/6331/6331
f 6331/6331/6331 6338/6338/6338 6340/6340/6340
f 6331/6331/6331 6340/6340/6340 6341/6341/6341
f 6347/6347/6347 6344/6344/6344 6345/6345/6345
f 6345/6345/6345 6346/6346/6346 6347/6347/6347
f 6351/6351/6351 6348/6348/6348 6349/6349/6349
f 6349/6349/6349 6350/6350/6350 6351/6351/6351
f 6355/6355/6355 6352/6352/6352 6353/6353/6353
f 6353/6353/6353 6354/6354/6354 6355/6355/6355
f 6359/6359/6359 6356/6356/6356 6357/6357/6357
f 6357/6357/6357 6358/6358/6358 6359/6359/6359
f 6363/6363/6363 6360/6360/6360 6361/6361/6361
f 6361/6361/6361 6362/6362/6362 6363/6363/6363
f 6367/6367/6367 6364/6364/6364 6365/6365/6365
f 6365/6365/6365 6366/6366/6366 6367/6367/6367
f 6371/6371/6371 6368/6368/6368 6369/6369/6369
f 6369/6369/6369 6370/6370/6370 6371/6371/6371
f 6375/6375/6375 6372/6372/6372 6373/6373/6373
f 6373/6373/6373 6374/6374/6374 6375/6375/6375
f 6379/6379/6379 6376/6376/6376 6377/6377/6377
f 6377/6377/6377 6378/6378/6378 6379/6379/6379
f 6383/6383/6383 6380/6380/6380 6381/6381/6381
f 6381/6381/6381 6382/6382/6382 6383/6383/6383
f 6387/6387/6387 6384/6384/6384 6385/6385/6385
f 6385/6385/6385 6386/6386/6386 6387/6387/6387
f 6391/6391/6391 6388/6388/6388 6389/6389/6389
f 6389/6389/6389 6390/6390/6390 6391/6391/6391
f 6395/6395/6395 6392/6392/6392 6393/6393/6393
f 6393/6393/6393 6394/6394/6394 6395/6395/6395
f 6399/6399/6399 6396/6396/6396 6397/6397/6397
f 6397/6397/6397 6398/6398/6398 6399/6399/6399
f 6403/6403/6403 6400/6400/6400 6401/6401/6401
f 6401/6401/6401 6402/6402/6402 6403/6403/6403
f 6407/6407/6407 6404/6404/6404 6405/6405/6405
f 6405/6405/6405 6406/6406/6406 6407/6407/6407
f 6411/6411/6411 6408/6408/6408 6409/6409/6409
f 6409/6409/6409 6410/6410/6410 6411/6411/6411
f 6413/6413/6413 6414/6414/6414 6415/6415/6415
f 6413/6413/6413 6415/6415/6415 6416/6416/6416
f 6413/6413/6413 6416/6416/6416 6417/6417/6417
f 6417/6417/6417 6418/6418/6418 6419/6419/6419
f 6417/6417/6417 6419/6419/6419 6412/6412/6412
f 6412/6412/6412 6413/6413/6413 6417/6417/6417
f 6423/6423/6423 6420/6420/6420 6421/6421/6421
f 6421/6421/6421 6422/6422/6422 6423/6423/6423
f 6444/6444/6444 6424/6424/6424 6425/6425/6425
f 6444/6444/6444 6425/6425/6425 6426/6426/6426
f 6444/6444/6444 6426/6426/6426 6427/6427/6427
f 6428/6428/6428 6429/6429/6429 6430/6430/6430
f 6428/6428/6428 6430/6430/6430 6431/6431/6431
f 6428/6428/6428 6431/6431/6431 6432/6432/6432
f 6428/6428/6428 6432/6432/6432 6433/6433/6433
f 6428/6428/6428 6433/6433/6433 6434/6434/6434
f 6428/6428/6428 6434/6434/6434 6435/6435/6435
f 6428/6428/6428 6435/6435/6435 6436/6436/6436
f 6428/6428/6428 6436/6436/6436 6437/6437/6437
f 6428/6428/6428 6437/6437/6437 6438/6438/6438
f 6428/6428/6428 6438/6438/6438 6439/6439/6439
f 6428/6428/6428 6439/6439/6439 6440/6440/6440
f 6428/6428/6428 6440/6440/6440 6441/6441/6441
f 6428/6428/6428 6441/6441/6441 6442/6442/6442
f 6428/6428/6428 6442/6442/6442 6443/6443/6443
f 6443/6443/6443 6444/6444/6444 6427/6427/6427
f 6427/6427/6427 6428/6428/6428 6443/6443/6443
f 6446/6446/6446 6447/6447/6447 6448/6448/6448
f 6446/6446/6446 6448/6448/6448 6449/6449/6449
f 6446/6446/6446 6449/6449/6449 6450/6450/6450
f 6450/6450/6450 6451/6451/6451 6452/6452/6452
f 6450/6450/6450 6452/6452/6452 6445/6445/6445
f 6445/6445/6445 6446/6446/6446 6450/6450/6450
f 6456/6456/6456 6453/6453/6453 6454/6454/6454
f 6454/6454/6454 6455/6455/6455 6456/6456/6456
f 6460/6460/6460 6457/6457/6457 6458/6458/6458
f 6458/6458/6458 6459/6459/6459 6460/6460/6460
f 6464/6464/6464 6461/6461/6461 6462/6462/6462
f 6462/6462/6462 6463/6463/6463 6464/6464/6464
f 6468/6468/6468 6465/6465/6465 6466/6466/6466
f 6466/6466/6466 6467/6467/6467 6468/6468/6468
